-- This file is auto-generated by clean_and_generate_sql.py
-- It contains all the INSERT statements to populate the IMDB database.

-- 4. Populate Roles Table
INSERT INTO Roles (RoleID, RoleName) VALUES (1, 'Director');
INSERT INTO Roles (RoleID, RoleName) VALUES (2, 'Star1');
INSERT INTO Roles (RoleID, RoleName) VALUES (3, 'Star2');
INSERT INTO Roles (RoleID, RoleName) VALUES (4, 'Star3');
INSERT INTO Roles (RoleID, RoleName) VALUES (5, 'Star4');

-- 3. Populate People Table
INSERT INTO People (PersonID, PersonName) VALUES (1, 'Aamir Bashir');
INSERT INTO People (PersonID, PersonName) VALUES (2, 'Aamir Khan');
INSERT INTO People (PersonID, PersonName) VALUES (3, 'Aaron Eckhart');
INSERT INTO People (PersonID, PersonName) VALUES (4, 'Aaron Sorkin');
INSERT INTO People (PersonID, PersonName) VALUES (5, 'Aaron Taylor-Johnson');
INSERT INTO People (PersonID, PersonName) VALUES (6, 'Abdel Ahmed Ghili');
INSERT INTO People (PersonID, PersonName) VALUES (7, 'Abdellatif Kechiche');
INSERT INTO People (PersonID, PersonName) VALUES (8, 'Abhay Deol');
INSERT INTO People (PersonID, PersonName) VALUES (9, 'Abhishek Chaubey');
INSERT INTO People (PersonID, PersonName) VALUES (10, 'Abhishek Kapoor');
INSERT INTO People (PersonID, PersonName) VALUES (11, 'Abigail Breslin');
INSERT INTO People (PersonID, PersonName) VALUES (12, 'Abraham Attah');
INSERT INTO People (PersonID, PersonName) VALUES (13, 'Adam Baldwin');
INSERT INTO People (PersonID, PersonName) VALUES (14, 'Adam Driver');
INSERT INTO People (PersonID, PersonName) VALUES (15, 'Adam Elliot');
INSERT INTO People (PersonID, PersonName) VALUES (16, 'Adam McKay');
INSERT INTO People (PersonID, PersonName) VALUES (17, 'Adel Bencherif');
INSERT INTO People (PersonID, PersonName) VALUES (18, 'Adesh Prasad');
INSERT INTO People (PersonID, PersonName) VALUES (19, 'Adil Hussain');
INSERT INTO People (PersonID, PersonName) VALUES (20, 'Aditya Chopra');
INSERT INTO People (PersonID, PersonName) VALUES (21, 'Aditya Dhar');
INSERT INTO People (PersonID, PersonName) VALUES (22, 'Adolphe Menjou');
INSERT INTO People (PersonID, PersonName) VALUES (23, 'Adrian Molina');
INSERT INTO People (PersonID, PersonName) VALUES (24, 'Adrien Brody');
INSERT INTO People (PersonID, PersonName) VALUES (25, 'Adèle Exarchopoulos');
INSERT INTO People (PersonID, PersonName) VALUES (26, 'Adèle Haenel');
INSERT INTO People (PersonID, PersonName) VALUES (27, 'Agnes Moorehead');
INSERT INTO People (PersonID, PersonName) VALUES (28, 'Ahmet Mümtaz Taylan');
INSERT INTO People (PersonID, PersonName) VALUES (29, 'Ahna Capri');
INSERT INTO People (PersonID, PersonName) VALUES (30, 'Ahney Her');
INSERT INTO People (PersonID, PersonName) VALUES (31, 'Aidan Gillen');
INSERT INTO People (PersonID, PersonName) VALUES (32, 'Aitana Sánchez-Gijón');
INSERT INTO People (PersonID, PersonName) VALUES (33, 'Ajay Devgn');
INSERT INTO People (PersonID, PersonName) VALUES (34, 'Ajay Naidu');
INSERT INTO People (PersonID, PersonName) VALUES (35, 'Akemi Yamaguchi');
INSERT INTO People (PersonID, PersonName) VALUES (36, 'Aki Maeda');
INSERT INTO People (PersonID, PersonName) VALUES (37, 'Akihiro Miwa');
INSERT INTO People (PersonID, PersonName) VALUES (38, 'Akio Ôtsuka');
INSERT INTO People (PersonID, PersonName) VALUES (39, 'Akira Ishihama');
INSERT INTO People (PersonID, PersonName) VALUES (40, 'Akira Kurosawa');
INSERT INTO People (PersonID, PersonName) VALUES (41, 'Akira Terao');
INSERT INTO People (PersonID, PersonName) VALUES (42, 'Akshay Kumar');
INSERT INTO People (PersonID, PersonName) VALUES (43, 'Akshaye Khanna');
INSERT INTO People (PersonID, PersonName) VALUES (44, 'Al Ernest Garcia');
INSERT INTO People (PersonID, PersonName) VALUES (45, 'Al Pacino');
INSERT INTO People (PersonID, PersonName) VALUES (46, 'Alain Delon');
INSERT INTO People (PersonID, PersonName) VALUES (47, 'Alain Resnais');
INSERT INTO People (PersonID, PersonName) VALUES (48, 'Alakina Mann');
INSERT INTO People (PersonID, PersonName) VALUES (49, 'Alan Alda');
INSERT INTO People (PersonID, PersonName) VALUES (50, 'Alan Arkin');
INSERT INTO People (PersonID, PersonName) VALUES (51, 'Alan Badel');
INSERT INTO People (PersonID, PersonName) VALUES (52, 'Alan J. Pakula');
INSERT INTO People (PersonID, PersonName) VALUES (53, 'Alan Mak');
INSERT INTO People (PersonID, PersonName) VALUES (54, 'Alan Parker');
INSERT INTO People (PersonID, PersonName) VALUES (55, 'Alan Randolph Scott');
INSERT INTO People (PersonID, PersonName) VALUES (56, 'Alan Rickman');
INSERT INTO People (PersonID, PersonName) VALUES (57, 'Alan Ruck');
INSERT INTO People (PersonID, PersonName) VALUES (58, 'Alan Tudyk');
INSERT INTO People (PersonID, PersonName) VALUES (59, 'Albert Brooks');
INSERT INTO People (PersonID, PersonName) VALUES (60, 'Albert Finney');
INSERT INTO People (PersonID, PersonName) VALUES (61, 'Albert Rémy');
INSERT INTO People (PersonID, PersonName) VALUES (62, 'Alberto Ammann');
INSERT INTO People (PersonID, PersonName) VALUES (63, 'Aldo Giuffrè');
INSERT INTO People (PersonID, PersonName) VALUES (64, 'Aldo Silvani');
INSERT INTO People (PersonID, PersonName) VALUES (65, 'Alec Baldwin');
INSERT INTO People (PersonID, PersonName) VALUES (66, 'Alec Cawthorne');
INSERT INTO People (PersonID, PersonName) VALUES (67, 'Alec Guinness');
INSERT INTO People (PersonID, PersonName) VALUES (68, 'Alec Secareanu');
INSERT INTO People (PersonID, PersonName) VALUES (69, 'Alejandro Amenábar');
INSERT INTO People (PersonID, PersonName) VALUES (70, 'Alejandro G. Iñárritu');
INSERT INTO People (PersonID, PersonName) VALUES (71, 'Alejandro Jodorowsky');
INSERT INTO People (PersonID, PersonName) VALUES (72, 'Aleksandr Antonov');
INSERT INTO People (PersonID, PersonName) VALUES (73, 'Aleksandr Kaydanovskiy');
INSERT INTO People (PersonID, PersonName) VALUES (74, 'Aleksey Kravchenko');
INSERT INTO People (PersonID, PersonName) VALUES (75, 'Aleksey Rozin');
INSERT INTO People (PersonID, PersonName) VALUES (76, 'Aleksey Serebryakov');
INSERT INTO People (PersonID, PersonName) VALUES (77, 'Alex Garland');
INSERT INTO People (PersonID, PersonName) VALUES (78, 'Alex Palmer');
INSERT INTO People (PersonID, PersonName) VALUES (79, 'Alex Proyas');
INSERT INTO People (PersonID, PersonName) VALUES (80, 'Alex Sharp');
INSERT INTO People (PersonID, PersonName) VALUES (81, 'Alexander Gould');
INSERT INTO People (PersonID, PersonName) VALUES (82, 'Alexander Granach');
INSERT INTO People (PersonID, PersonName) VALUES (83, 'Alexander Mackendrick');
INSERT INTO People (PersonID, PersonName) VALUES (84, 'Alexander Payne');
INSERT INTO People (PersonID, PersonName) VALUES (85, 'Alexandra Maria Lara');
INSERT INTO People (PersonID, PersonName) VALUES (86, 'Alexandre Rignault');
INSERT INTO People (PersonID, PersonName) VALUES (87, 'Alexandre Rodrigues');
INSERT INTO People (PersonID, PersonName) VALUES (88, 'Alexandre Tharaud');
INSERT INTO People (PersonID, PersonName) VALUES (89, 'Alexandru Potocean');
INSERT INTO People (PersonID, PersonName) VALUES (90, 'Alfonso Cuarón');
INSERT INTO People (PersonID, PersonName) VALUES (91, 'Alfonso Gomez-Rejon');
INSERT INTO People (PersonID, PersonName) VALUES (92, 'Alfred Abel');
INSERT INTO People (PersonID, PersonName) VALUES (93, 'Alfred Hitchcock');
INSERT INTO People (PersonID, PersonName) VALUES (94, 'Ali Mosaffa');
INSERT INTO People (PersonID, PersonName) VALUES (95, 'Alia Bhatt');
INSERT INTO People (PersonID, PersonName) VALUES (96, 'Alicia Vikander');
INSERT INTO People (PersonID, PersonName) VALUES (97, 'Alida Valli');
INSERT INTO People (PersonID, PersonName) VALUES (98, 'Alisa Freyndlikh');
INSERT INTO People (PersonID, PersonName) VALUES (99, 'Alison Crosbie');
INSERT INTO People (PersonID, PersonName) VALUES (100, 'Alison Doody');
INSERT INTO People (PersonID, PersonName) VALUES (101, 'Alison Whelan');
INSERT INTO People (PersonID, PersonName) VALUES (102, 'Allen Garfield');
INSERT INTO People (PersonID, PersonName) VALUES (103, 'Allen Leech');
INSERT INTO People (PersonID, PersonName) VALUES (104, 'Allison Williams');
INSERT INTO People (PersonID, PersonName) VALUES (105, 'Ally Sheedy');
INSERT INTO People (PersonID, PersonName) VALUES (106, 'Altan Erkekli');
INSERT INTO People (PersonID, PersonName) VALUES (107, 'America Ferrera');
INSERT INTO People (PersonID, PersonName) VALUES (108, 'Amir Farrokh Hashemian');
INSERT INTO People (PersonID, PersonName) VALUES (109, 'Amira Casar');
INSERT INTO People (PersonID, PersonName) VALUES (110, 'Amit Ravindernath Sharma');
INSERT INTO People (PersonID, PersonName) VALUES (111, 'Amit Sadh');
INSERT INTO People (PersonID, PersonName) VALUES (112, 'Amitabh Bachchan');
INSERT INTO People (PersonID, PersonName) VALUES (113, 'Amjad Khan');
INSERT INTO People (PersonID, PersonName) VALUES (114, 'Amole Gupte');
INSERT INTO People (PersonID, PersonName) VALUES (115, 'Amrish Puri');
INSERT INTO People (PersonID, PersonName) VALUES (116, 'Amrita Puri');
INSERT INTO People (PersonID, PersonName) VALUES (117, 'Amy Adams');
INSERT INTO People (PersonID, PersonName) VALUES (118, 'Amy Poehler');
INSERT INTO People (PersonID, PersonName) VALUES (119, 'Amy Ryan');
INSERT INTO People (PersonID, PersonName) VALUES (120, 'Amy Smart');
INSERT INTO People (PersonID, PersonName) VALUES (121, 'Ana López Mercado');
INSERT INTO People (PersonID, PersonName) VALUES (122, 'Ana Wagener');
INSERT INTO People (PersonID, PersonName) VALUES (123, 'Ana de Armas');
INSERT INTO People (PersonID, PersonName) VALUES (124, 'Anamaria Marinca');
INSERT INTO People (PersonID, PersonName) VALUES (125, 'Anand Gandhi');
INSERT INTO People (PersonID, PersonName) VALUES (126, 'Ananda George');
INSERT INTO People (PersonID, PersonName) VALUES (127, 'Anatoliy Solonitsyn');
INSERT INTO People (PersonID, PersonName) VALUES (128, 'Anders Thomas Jensen');
INSERT INTO People (PersonID, PersonName) VALUES (129, 'Andie MacDowell');
INSERT INTO People (PersonID, PersonName) VALUES (130, 'Andrea Eckert');
INSERT INTO People (PersonID, PersonName) VALUES (131, 'Andrea Riseborough');
INSERT INTO People (PersonID, PersonName) VALUES (132, 'Andrea Tariang');
INSERT INTO People (PersonID, PersonName) VALUES (133, 'Andreas Wilson');
INSERT INTO People (PersonID, PersonName) VALUES (134, 'Andrei Tarkovsky');
INSERT INTO People (PersonID, PersonName) VALUES (135, 'Andrew Adamson');
INSERT INTO People (PersonID, PersonName) VALUES (136, 'Andrew Adote');
INSERT INTO People (PersonID, PersonName) VALUES (137, 'Andrew Davis');
INSERT INTO People (PersonID, PersonName) VALUES (138, 'Andrew Garfield');
INSERT INTO People (PersonID, PersonName) VALUES (139, 'Andrew Kevin Walker');
INSERT INTO People (PersonID, PersonName) VALUES (140, 'Andrew Lau');
INSERT INTO People (PersonID, PersonName) VALUES (141, 'Andrew Marton');
INSERT INTO People (PersonID, PersonName) VALUES (142, 'Andrew Niccol');
INSERT INTO People (PersonID, PersonName) VALUES (143, 'Andrew Philpot');
INSERT INTO People (PersonID, PersonName) VALUES (144, 'Andrew Robinson');
INSERT INTO People (PersonID, PersonName) VALUES (145, 'Andrew Shim');
INSERT INTO People (PersonID, PersonName) VALUES (146, 'Andrew Stanton');
INSERT INTO People (PersonID, PersonName) VALUES (147, 'Andrey Zvyagintsev');
INSERT INTO People (PersonID, PersonName) VALUES (148, 'André Berley');
INSERT INTO People (PersonID, PersonName) VALUES (149, 'André Ramiro');
INSERT INTO People (PersonID, PersonName) VALUES (150, 'André S. Labarthe');
INSERT INTO People (PersonID, PersonName) VALUES (151, 'Andy Devine');
INSERT INTO People (PersonID, PersonName) VALUES (152, 'Andy Garcia');
INSERT INTO People (PersonID, PersonName) VALUES (153, 'Andy Lau');
INSERT INTO People (PersonID, PersonName) VALUES (154, 'Andy Serkis');
INSERT INTO People (PersonID, PersonName) VALUES (155, 'Aneesh Chaganty');
INSERT INTO People (PersonID, PersonName) VALUES (156, 'Ang Lee');
INSERT INTO People (PersonID, PersonName) VALUES (157, 'Angela Bassett');
INSERT INTO People (PersonID, PersonName) VALUES (158, 'Angela Lansbury');
INSERT INTO People (PersonID, PersonName) VALUES (159, 'Angelina Jolie');
INSERT INTO People (PersonID, PersonName) VALUES (160, 'Angie Dickinson');
INSERT INTO People (PersonID, PersonName) VALUES (161, 'Angus Macfadyen');
INSERT INTO People (PersonID, PersonName) VALUES (162, 'Anil Dhawan');
INSERT INTO People (PersonID, PersonName) VALUES (163, 'Aniruddha Roy Chowdhury');
INSERT INTO People (PersonID, PersonName) VALUES (164, 'Anita Ekberg');
INSERT INTO People (PersonID, PersonName) VALUES (165, 'Anjelica Huston');
INSERT INTO People (PersonID, PersonName) VALUES (166, 'Ann Dvorak');
INSERT INTO People (PersonID, PersonName) VALUES (167, 'Ann Owens');
INSERT INTO People (PersonID, PersonName) VALUES (168, 'Ann Reinking');
INSERT INTO People (PersonID, PersonName) VALUES (169, 'Anna Faris');
INSERT INTO People (PersonID, PersonName) VALUES (170, 'Anna Foglietta');
INSERT INTO People (PersonID, PersonName) VALUES (171, 'Anna Karina');
INSERT INTO People (PersonID, PersonName) VALUES (172, 'Anna Kendrick');
INSERT INTO People (PersonID, PersonName) VALUES (173, 'Anna Massey');
INSERT INTO People (PersonID, PersonName) VALUES (174, 'Annalise Basso');
INSERT INTO People (PersonID, PersonName) VALUES (175, 'Anne Bancroft');
INSERT INTO People (PersonID, PersonName) VALUES (176, 'Anne Baxter');
INSERT INTO People (PersonID, PersonName) VALUES (177, 'Anne Dorval');
INSERT INTO People (PersonID, PersonName) VALUES (178, 'Anne Hathaway');
INSERT INTO People (PersonID, PersonName) VALUES (179, 'Anne Le Ny');
INSERT INTO People (PersonID, PersonName) VALUES (180, 'Anne-Marie Duff');
INSERT INTO People (PersonID, PersonName) VALUES (181, 'Annette Bening');
INSERT INTO People (PersonID, PersonName) VALUES (182, 'Annie Corley');
INSERT INTO People (PersonID, PersonName) VALUES (183, 'Annie Potts');
INSERT INTO People (PersonID, PersonName) VALUES (184, 'Annika Wedderkopp');
INSERT INTO People (PersonID, PersonName) VALUES (185, 'Annu Kapoor');
INSERT INTO People (PersonID, PersonName) VALUES (186, 'Anouk Aimée');
INSERT INTO People (PersonID, PersonName) VALUES (187, 'Ansel Elgort');
INSERT INTO People (PersonID, PersonName) VALUES (188, 'Ansiba');
INSERT INTO People (PersonID, PersonName) VALUES (189, 'Anthony Chau-Sang Wong');
INSERT INTO People (PersonID, PersonName) VALUES (190, 'Anthony Edwards');
INSERT INTO People (PersonID, PersonName) VALUES (191, 'Anthony Gonzalez');
INSERT INTO People (PersonID, PersonName) VALUES (192, 'Anthony Harvey');
INSERT INTO People (PersonID, PersonName) VALUES (193, 'Anthony Hopkins');
INSERT INTO People (PersonID, PersonName) VALUES (194, 'Anthony Michael Hall');
INSERT INTO People (PersonID, PersonName) VALUES (195, 'Anthony Perkins');
INSERT INTO People (PersonID, PersonName) VALUES (196, 'Anthony Quinn');
INSERT INTO People (PersonID, PersonName) VALUES (197, 'Anthony Russo');
INSERT INTO People (PersonID, PersonName) VALUES (198, 'Antoine Fuqua');
INSERT INTO People (PersonID, PersonName) VALUES (199, 'Antoine Olivier Pilon');
INSERT INTO People (PersonID, PersonName) VALUES (200, 'Anton Corbijn');
INSERT INTO People (PersonID, PersonName) VALUES (201, 'Anton Walbrook');
INSERT INTO People (PersonID, PersonName) VALUES (202, 'Antonella Attili');
INSERT INTO People (PersonID, PersonName) VALUES (203, 'Antonia San Juan');
INSERT INTO People (PersonID, PersonName) VALUES (204, 'Antonio Banderas');
INSERT INTO People (PersonID, PersonName) VALUES (205, 'Antonio Resines');
INSERT INTO People (PersonID, PersonName) VALUES (206, 'Anupam Kher');
INSERT INTO People (PersonID, PersonName) VALUES (207, 'Anurag Basu');
INSERT INTO People (PersonID, PersonName) VALUES (208, 'Anurag Kashyap');
INSERT INTO People (PersonID, PersonName) VALUES (209, 'Anushka Sharma');
INSERT INTO People (PersonID, PersonName) VALUES (210, 'Anushka Shetty');
INSERT INTO People (PersonID, PersonName) VALUES (211, 'Aoi Miyazaki');
INSERT INTO People (PersonID, PersonName) VALUES (212, 'Aoi Yûki');
INSERT INTO People (PersonID, PersonName) VALUES (213, 'Aparna Balamurali');
INSERT INTO People (PersonID, PersonName) VALUES (214, 'Aras Bulut Iynemli');
INSERT INTO People (PersonID, PersonName) VALUES (215, 'Archana Jois');
INSERT INTO People (PersonID, PersonName) VALUES (216, 'Ariadna Gil');
INSERT INTO People (PersonID, PersonName) VALUES (217, 'Ariane Labed');
INSERT INTO People (PersonID, PersonName) VALUES (218, 'Arifin Putra');
INSERT INTO People (PersonID, PersonName) VALUES (219, 'Armando Brancia');
INSERT INTO People (PersonID, PersonName) VALUES (220, 'Armie Hammer');
INSERT INTO People (PersonID, PersonName) VALUES (221, 'Armin Mueller-Stahl');
INSERT INTO People (PersonID, PersonName) VALUES (222, 'Arno Frisch');
INSERT INTO People (PersonID, PersonName) VALUES (223, 'Arnold Lucy');
INSERT INTO People (PersonID, PersonName) VALUES (224, 'Arnold Schwarzenegger');
INSERT INTO People (PersonID, PersonName) VALUES (225, 'Arshad Warsi');
INSERT INTO People (PersonID, PersonName) VALUES (226, 'Art LaFleur');
INSERT INTO People (PersonID, PersonName) VALUES (227, 'Art Malik');
INSERT INTO People (PersonID, PersonName) VALUES (228, 'Art Parkinson');
INSERT INTO People (PersonID, PersonName) VALUES (229, 'Arthur O''Connell');
INSERT INTO People (PersonID, PersonName) VALUES (230, 'Arthur Penn');
INSERT INTO People (PersonID, PersonName) VALUES (231, 'Arthur Rosson');
INSERT INTO People (PersonID, PersonName) VALUES (232, 'Artyom Bogucharskiy');
INSERT INTO People (PersonID, PersonName) VALUES (233, 'Asa Butterfield');
INSERT INTO People (PersonID, PersonName) VALUES (234, 'Asaka Seto');
INSERT INTO People (PersonID, PersonName) VALUES (235, 'Asghar Farhadi');
INSERT INTO People (PersonID, PersonName) VALUES (236, 'Ash Brannon');
INSERT INTO People (PersonID, PersonName) VALUES (237, 'Asha Sharath');
INSERT INTO People (PersonID, PersonName) VALUES (238, 'Ashton Kutcher');
INSERT INTO People (PersonID, PersonName) VALUES (239, 'Ashutosh Gowariker');
INSERT INTO People (PersonID, PersonName) VALUES (240, 'Atsuko Tanaka');
INSERT INTO People (PersonID, PersonName) VALUES (241, 'Audrey Hepburn');
INSERT INTO People (PersonID, PersonName) VALUES (242, 'Audrey Tautou');
INSERT INTO People (PersonID, PersonName) VALUES (243, 'Auli''i Cravalho');
INSERT INTO People (PersonID, PersonName) VALUES (244, 'Aura Garrido');
INSERT INTO People (PersonID, PersonName) VALUES (245, 'Aurore Clément');
INSERT INTO People (PersonID, PersonName) VALUES (246, 'Aurélien Recoing');
INSERT INTO People (PersonID, PersonName) VALUES (247, 'Aya Okamoto');
INSERT INTO People (PersonID, PersonName) VALUES (248, 'Ayami Kakiuchi');
INSERT INTO People (PersonID, PersonName) VALUES (249, 'Ayano Shiraishi');
INSERT INTO People (PersonID, PersonName) VALUES (250, 'Ayberk Pekcan');
INSERT INTO People (PersonID, PersonName) VALUES (251, 'Ayesha Kapoor');
INSERT INTO People (PersonID, PersonName) VALUES (252, 'Ayushmann Khurrana');
INSERT INTO People (PersonID, PersonName) VALUES (253, 'Azhy Robertson');
INSERT INTO People (PersonID, PersonName) VALUES (254, 'BD Wong');
INSERT INTO People (PersonID, PersonName) VALUES (255, 'Babak Karimi');
INSERT INTO People (PersonID, PersonName) VALUES (256, 'Bae Doona');
INSERT INTO People (PersonID, PersonName) VALUES (257, 'Bahar Pars');
INSERT INTO People (PersonID, PersonName) VALUES (258, 'Bahare Seddiqi');
INSERT INTO People (PersonID, PersonName) VALUES (259, 'Bajram Severdzan');
INSERT INTO People (PersonID, PersonName) VALUES (260, 'Baki Davrak');
INSERT INTO People (PersonID, PersonName) VALUES (261, 'Barbara Bel Geddes');
INSERT INTO People (PersonID, PersonName) VALUES (262, 'Barbara Hershey');
INSERT INTO People (PersonID, PersonName) VALUES (263, 'Barbara Stanwyck');
INSERT INTO People (PersonID, PersonName) VALUES (264, 'Baris Bagci');
INSERT INTO People (PersonID, PersonName) VALUES (265, 'Barkhad Abdi');
INSERT INTO People (PersonID, PersonName) VALUES (266, 'Barkhad Abdirahman');
INSERT INTO People (PersonID, PersonName) VALUES (267, 'Barry Bostwick');
INSERT INTO People (PersonID, PersonName) VALUES (268, 'Barry Cook');
INSERT INTO People (PersonID, PersonName) VALUES (269, 'Barry Fitzgerald');
INSERT INTO People (PersonID, PersonName) VALUES (270, 'Barry Humphries');
INSERT INTO People (PersonID, PersonName) VALUES (271, 'Barry Keoghan');
INSERT INTO People (PersonID, PersonName) VALUES (272, 'Barry Levinson');
INSERT INTO People (PersonID, PersonName) VALUES (273, 'Barry Pepper');
INSERT INTO People (PersonID, PersonName) VALUES (274, 'Basil Rathbone');
INSERT INTO People (PersonID, PersonName) VALUES (275, 'Beau Billingslea');
INSERT INTO People (PersonID, PersonName) VALUES (276, 'Bee Vang');
INSERT INTO People (PersonID, PersonName) VALUES (277, 'Belén Rueda');
INSERT INTO People (PersonID, PersonName) VALUES (278, 'Ben Affleck');
INSERT INTO People (PersonID, PersonName) VALUES (279, 'Ben Burtt');
INSERT INTO People (PersonID, PersonName) VALUES (280, 'Ben Foster');
INSERT INTO People (PersonID, PersonName) VALUES (281, 'Ben Gazzara');
INSERT INTO People (PersonID, PersonName) VALUES (282, 'Ben Hardy');
INSERT INTO People (PersonID, PersonName) VALUES (283, 'Ben Johnson');
INSERT INTO People (PersonID, PersonName) VALUES (284, 'Ben Kingsley');
INSERT INTO People (PersonID, PersonName) VALUES (285, 'Ben Stiller');
INSERT INTO People (PersonID, PersonName) VALUES (286, 'Ben Whishaw');
INSERT INTO People (PersonID, PersonName) VALUES (287, 'Benedict Cumberbatch');
INSERT INTO People (PersonID, PersonName) VALUES (288, 'Bengt Ekerot');
INSERT INTO People (PersonID, PersonName) VALUES (289, 'Benicio Del Toro');
INSERT INTO People (PersonID, PersonName) VALUES (290, 'Benjamin Bratt');
INSERT INTO People (PersonID, PersonName) VALUES (291, 'Bennett Miller');
INSERT INTO People (PersonID, PersonName) VALUES (292, 'Benno Fürmann');
INSERT INTO People (PersonID, PersonName) VALUES (293, 'Benoît Régent');
INSERT INTO People (PersonID, PersonName) VALUES (294, 'Bernard-Pierre Donnadieu');
INSERT INTO People (PersonID, PersonName) VALUES (295, 'Bernardo Bertolucci');
INSERT INTO People (PersonID, PersonName) VALUES (296, 'Bernhard Wicki');
INSERT INTO People (PersonID, PersonName) VALUES (297, 'Bertil Guve');
INSERT INTO People (PersonID, PersonName) VALUES (298, 'Bette Davis');
INSERT INTO People (PersonID, PersonName) VALUES (299, 'Beverly D''Angelo');
INSERT INTO People (PersonID, PersonName) VALUES (300, 'Bibi Andersson');
INSERT INTO People (PersonID, PersonName) VALUES (301, 'Biff McGuire');
INSERT INTO People (PersonID, PersonName) VALUES (302, 'Bill Bernstein');
INSERT INTO People (PersonID, PersonName) VALUES (303, 'Bill Hader');
INSERT INTO People (PersonID, PersonName) VALUES (304, 'Bill McKinney');
INSERT INTO People (PersonID, PersonName) VALUES (305, 'Bill Murray');
INSERT INTO People (PersonID, PersonName) VALUES (306, 'Bill Nighy');
INSERT INTO People (PersonID, PersonName) VALUES (307, 'Bill Nunn');
INSERT INTO People (PersonID, PersonName) VALUES (308, 'Bill Paxton');
INSERT INTO People (PersonID, PersonName) VALUES (309, 'Bill Pullman');
INSERT INTO People (PersonID, PersonName) VALUES (310, 'Bill Sage');
INSERT INTO People (PersonID, PersonName) VALUES (311, 'Billy Bob Thornton');
INSERT INTO People (PersonID, PersonName) VALUES (312, 'Billy Connolly');
INSERT INTO People (PersonID, PersonName) VALUES (313, 'Billy Crudup');
INSERT INTO People (PersonID, PersonName) VALUES (314, 'Billy Crystal');
INSERT INTO People (PersonID, PersonName) VALUES (315, 'Billy Dee Williams');
INSERT INTO People (PersonID, PersonName) VALUES (316, 'Billy Wilder');
INSERT INTO People (PersonID, PersonName) VALUES (317, 'Billy Zane');
INSERT INTO People (PersonID, PersonName) VALUES (318, 'Birgitta Pettersson');
INSERT INTO People (PersonID, PersonName) VALUES (319, 'Birgitta Valberg');
INSERT INTO People (PersonID, PersonName) VALUES (320, 'Birol Ünel');
INSERT INTO People (PersonID, PersonName) VALUES (321, 'Björk');
INSERT INTO People (PersonID, PersonName) VALUES (322, 'Blake Edwards');
INSERT INTO People (PersonID, PersonName) VALUES (323, 'Bo Hopkins');
INSERT INTO People (PersonID, PersonName) VALUES (324, 'Boaz Yakin');
INSERT INTO People (PersonID, PersonName) VALUES (325, 'Bob Balaban');
INSERT INTO People (PersonID, PersonName) VALUES (326, 'Bob Clark');
INSERT INTO People (PersonID, PersonName) VALUES (327, 'Bob Fosse');
INSERT INTO People (PersonID, PersonName) VALUES (328, 'Bob Gale');
INSERT INTO People (PersonID, PersonName) VALUES (329, 'Bob Geldof');
INSERT INTO People (PersonID, PersonName) VALUES (330, 'Bob Gunton');
INSERT INTO People (PersonID, PersonName) VALUES (331, 'Bob Hoskins');
INSERT INTO People (PersonID, PersonName) VALUES (332, 'Bob Odenkirk');
INSERT INTO People (PersonID, PersonName) VALUES (333, 'Bob Persichetti');
INSERT INTO People (PersonID, PersonName) VALUES (334, 'Bob Peterson');
INSERT INTO People (PersonID, PersonName) VALUES (335, 'Bobby Cannavale');
INSERT INTO People (PersonID, PersonName) VALUES (336, 'Bodil Rosing');
INSERT INTO People (PersonID, PersonName) VALUES (337, 'Boluwatife Treasure Bankole');
INSERT INTO People (PersonID, PersonName) VALUES (338, 'Boman Irani');
INSERT INTO People (PersonID, PersonName) VALUES (339, 'Bong Joon Ho');
INSERT INTO People (PersonID, PersonName) VALUES (340, 'Bonnie Bedelia');
INSERT INTO People (PersonID, PersonName) VALUES (341, 'Bonnie Hunt');
INSERT INTO People (PersonID, PersonName) VALUES (342, 'Bora Todorovic');
INSERT INTO People (PersonID, PersonName) VALUES (343, 'Boris Karloff');
INSERT INTO People (PersonID, PersonName) VALUES (344, 'Boyd Holbrook');
INSERT INTO People (PersonID, PersonName) VALUES (345, 'Boyd Kirkland');
INSERT INTO People (PersonID, PersonName) VALUES (346, 'Brad Anderson');
INSERT INTO People (PersonID, PersonName) VALUES (347, 'Brad Bird');
INSERT INTO People (PersonID, PersonName) VALUES (348, 'Brad Davis');
INSERT INTO People (PersonID, PersonName) VALUES (349, 'Brad Dourif');
INSERT INTO People (PersonID, PersonName) VALUES (350, 'Brad Garrett');
INSERT INTO People (PersonID, PersonName) VALUES (351, 'Brad Pitt');
INSERT INTO People (PersonID, PersonName) VALUES (352, 'Bradley Cooper');
INSERT INTO People (PersonID, PersonName) VALUES (353, 'Bradley Whitford');
INSERT INTO People (PersonID, PersonName) VALUES (354, 'Brady Corbet');
INSERT INTO People (PersonID, PersonName) VALUES (355, 'Brahim Hadjadj');
INSERT INTO People (PersonID, PersonName) VALUES (356, 'Branka Katic');
INSERT INTO People (PersonID, PersonName) VALUES (357, 'Branko Djuric');
INSERT INTO People (PersonID, PersonName) VALUES (358, 'Brenda Blethyn');
INSERT INTO People (PersonID, PersonName) VALUES (359, 'Brenda Fricker');
INSERT INTO People (PersonID, PersonName) VALUES (360, 'Brendan Gleeson');
INSERT INTO People (PersonID, PersonName) VALUES (361, 'Bria Vinaite');
INSERT INTO People (PersonID, PersonName) VALUES (362, 'Brian Cox');
INSERT INTO People (PersonID, PersonName) VALUES (363, 'Brian De Palma');
INSERT INTO People (PersonID, PersonName) VALUES (364, 'Brian Dennehy');
INSERT INTO People (PersonID, PersonName) VALUES (365, 'Brian G. Hutton');
INSERT INTO People (PersonID, PersonName) VALUES (366, 'Brian Henson');
INSERT INTO People (PersonID, PersonName) VALUES (367, 'Brian Howe');
INSERT INTO People (PersonID, PersonName) VALUES (368, 'Brian O''Halloran');
INSERT INTO People (PersonID, PersonName) VALUES (369, 'Brian Tyler');
INSERT INTO People (PersonID, PersonName) VALUES (370, 'Bridget Moynahan');
INSERT INTO People (PersonID, PersonName) VALUES (371, 'Brie Larson');
INSERT INTO People (PersonID, PersonName) VALUES (372, 'Brigitte Helm');
INSERT INTO People (PersonID, PersonName) VALUES (373, 'Brigitte Lin');
INSERT INTO People (PersonID, PersonName) VALUES (374, 'Brooke Adams');
INSERT INTO People (PersonID, PersonName) VALUES (375, 'Brooklynn Prince');
INSERT INTO People (PersonID, PersonName) VALUES (376, 'Bruce Bennett');
INSERT INTO People (PersonID, PersonName) VALUES (377, 'Bruce Cabot');
INSERT INTO People (PersonID, PersonName) VALUES (378, 'Bruce Campbell');
INSERT INTO People (PersonID, PersonName) VALUES (379, 'Bruce Davison');
INSERT INTO People (PersonID, PersonName) VALUES (380, 'Bruce Dern');
INSERT INTO People (PersonID, PersonName) VALUES (381, 'Bruce Lee');
INSERT INTO People (PersonID, PersonName) VALUES (382, 'Bruce Reitherman');
INSERT INTO People (PersonID, PersonName) VALUES (383, 'Bruce Robinson');
INSERT INTO People (PersonID, PersonName) VALUES (384, 'Bruce Spence');
INSERT INTO People (PersonID, PersonName) VALUES (385, 'Bruce Willis');
INSERT INTO People (PersonID, PersonName) VALUES (386, 'Bruno Ganz');
INSERT INTO People (PersonID, PersonName) VALUES (387, 'Bruno Kirby');
INSERT INTO People (PersonID, PersonName) VALUES (388, 'Bruno Zanin');
INSERT INTO People (PersonID, PersonName) VALUES (389, 'Bryan Cranston');
INSERT INTO People (PersonID, PersonName) VALUES (390, 'Bryan Singer');
INSERT INTO People (PersonID, PersonName) VALUES (391, 'Bryce Dallas Howard');
INSERT INTO People (PersonID, PersonName) VALUES (392, 'Bud Cort');
INSERT INTO People (PersonID, PersonName) VALUES (393, 'Buddy Ebsen');
INSERT INTO People (PersonID, PersonName) VALUES (394, 'Bulle Ogier');
INSERT INTO People (PersonID, PersonName) VALUES (395, 'Bunshi Katsura Vi');
INSERT INTO People (PersonID, PersonName) VALUES (396, 'Burak Yigit');
INSERT INTO People (PersonID, PersonName) VALUES (397, 'Burl Ives');
INSERT INTO People (PersonID, PersonName) VALUES (398, 'Burt Lancaster');
INSERT INTO People (PersonID, PersonName) VALUES (399, 'Burt Reynolds');
INSERT INTO People (PersonID, PersonName) VALUES (400, 'Burt Young');
INSERT INTO People (PersonID, PersonName) VALUES (401, 'Buster Keaton');
INSERT INTO People (PersonID, PersonName) VALUES (402, 'Buzz Kilman');
INSERT INTO People (PersonID, PersonName) VALUES (403, 'Byron Barr');
INSERT INTO People (PersonID, PersonName) VALUES (404, 'Byron Howard');
INSERT INTO People (PersonID, PersonName) VALUES (405, 'Bárbara Lennie');
INSERT INTO People (PersonID, PersonName) VALUES (406, 'Bérénice Bejo');
INSERT INTO People (PersonID, PersonName) VALUES (407, 'Börje Ahlstedt');
INSERT INTO People (PersonID, PersonName) VALUES (408, 'Cab Calloway');
INSERT INTO People (PersonID, PersonName) VALUES (409, 'Caio Junqueira');
INSERT INTO People (PersonID, PersonName) VALUES (410, 'Caitriona Balfe');
INSERT INTO People (PersonID, PersonName) VALUES (411, 'Caleb Landry Jones');
INSERT INTO People (PersonID, PersonName) VALUES (412, 'Callan McAuliffe');
INSERT INTO People (PersonID, PersonName) VALUES (413, 'Cameron Crowe');
INSERT INTO People (PersonID, PersonName) VALUES (414, 'Cameron Diaz');
INSERT INTO People (PersonID, PersonName) VALUES (415, 'Can Ulkay');
INSERT INTO People (PersonID, PersonName) VALUES (416, 'Candela Peña');
INSERT INTO People (PersonID, PersonName) VALUES (417, 'Carey Mulligan');
INSERT INTO People (PersonID, PersonName) VALUES (418, 'Carice van Houten');
INSERT INTO People (PersonID, PersonName) VALUES (419, 'Carl Benton Reid');
INSERT INTO People (PersonID, PersonName) VALUES (420, 'Carl Miller');
INSERT INTO People (PersonID, PersonName) VALUES (421, 'Carl Möhner');
INSERT INTO People (PersonID, PersonName) VALUES (422, 'Carl Theodor Dreyer');
INSERT INTO People (PersonID, PersonName) VALUES (423, 'Carl Weathers');
INSERT INTO People (PersonID, PersonName) VALUES (424, 'Carla Gugino');
INSERT INTO People (PersonID, PersonName) VALUES (425, 'Carla Quevedo');
INSERT INTO People (PersonID, PersonName) VALUES (426, 'Carlo Buccirosso');
INSERT INTO People (PersonID, PersonName) VALUES (427, 'Carlo Verdone');
INSERT INTO People (PersonID, PersonName) VALUES (428, 'Carlos Martínez López');
INSERT INTO People (PersonID, PersonName) VALUES (429, 'Carlos Peralta');
INSERT INTO People (PersonID, PersonName) VALUES (430, 'Carol Kane');
INSERT INTO People (PersonID, PersonName) VALUES (431, 'Carol Reed');
INSERT INTO People (PersonID, PersonName) VALUES (432, 'Carole Lombard');
INSERT INTO People (PersonID, PersonName) VALUES (433, 'Caroline Goodall');
INSERT INTO People (PersonID, PersonName) VALUES (434, 'Carrie Fisher');
INSERT INTO People (PersonID, PersonName) VALUES (435, 'Carrie Henn');
INSERT INTO People (PersonID, PersonName) VALUES (436, 'Carrie-Anne Moss');
INSERT INTO People (PersonID, PersonName) VALUES (437, 'Carroll Baker');
INSERT INTO People (PersonID, PersonName) VALUES (438, 'Carroll O''Connor');
INSERT INTO People (PersonID, PersonName) VALUES (439, 'Cary Elwes');
INSERT INTO People (PersonID, PersonName) VALUES (440, 'Cary Grant');
INSERT INTO People (PersonID, PersonName) VALUES (441, 'Cary Joji Fukunaga');
INSERT INTO People (PersonID, PersonName) VALUES (442, 'Cary-Hiroyuki Tagawa');
INSERT INTO People (PersonID, PersonName) VALUES (443, 'Casey Affleck');
INSERT INTO People (PersonID, PersonName) VALUES (444, 'Cate Blanchett');
INSERT INTO People (PersonID, PersonName) VALUES (445, 'Catherine Deneuve');
INSERT INTO People (PersonID, PersonName) VALUES (446, 'Catherine Keener');
INSERT INTO People (PersonID, PersonName) VALUES (447, 'Catherine O''Hara');
INSERT INTO People (PersonID, PersonName) VALUES (448, 'Cathy Moriarty');
INSERT INTO People (PersonID, PersonName) VALUES (449, 'Cathy Rosier');
INSERT INTO People (PersonID, PersonName) VALUES (450, 'Catinca Untaru');
INSERT INTO People (PersonID, PersonName) VALUES (451, 'Cecil B. DeMille');
INSERT INTO People (PersonID, PersonName) VALUES (452, 'Cecil Parker');
INSERT INTO People (PersonID, PersonName) VALUES (453, 'Cecilia Roth');
INSERT INTO People (PersonID, PersonName) VALUES (454, 'Celeste Holm');
INSERT INTO People (PersonID, PersonName) VALUES (455, 'Celia Johnson');
INSERT INTO People (PersonID, PersonName) VALUES (456, 'Celile Toyon Uysal');
INSERT INTO People (PersonID, PersonName) VALUES (457, 'Cem Yilmaz');
INSERT INTO People (PersonID, PersonName) VALUES (458, 'Chan-wook Park');
INSERT INTO People (PersonID, PersonName) VALUES (459, 'Charles Bronson');
INSERT INTO People (PersonID, PersonName) VALUES (460, 'Charles Chaplin');
INSERT INTO People (PersonID, PersonName) VALUES (461, 'Charles Durning');
INSERT INTO People (PersonID, PersonName) VALUES (462, 'Charles Fleischer');
INSERT INTO People (PersonID, PersonName) VALUES (463, 'Charles Laughton');
INSERT INTO People (PersonID, PersonName) VALUES (464, 'Charles Martin Smith');
INSERT INTO People (PersonID, PersonName) VALUES (465, 'Charles Ruggles');
INSERT INTO People (PersonID, PersonName) VALUES (466, 'Charles Vanel');
INSERT INTO People (PersonID, PersonName) VALUES (467, 'Charles Vidor');
INSERT INTO People (PersonID, PersonName) VALUES (468, 'Charley Grapewin');
INSERT INTO People (PersonID, PersonName) VALUES (469, 'Charlie Cox');
INSERT INTO People (PersonID, PersonName) VALUES (470, 'Charlie Hunnam');
INSERT INTO People (PersonID, PersonName) VALUES (471, 'Charlie Kaufman');
INSERT INTO People (PersonID, PersonName) VALUES (472, 'Charlie Pye Jr.');
INSERT INTO People (PersonID, PersonName) VALUES (473, 'Charlie Sheen');
INSERT INTO People (PersonID, PersonName) VALUES (474, 'Charlie Yeung');
INSERT INTO People (PersonID, PersonName) VALUES (475, 'Charlize Theron');
INSERT INTO People (PersonID, PersonName) VALUES (476, 'Charlotte Rampling');
INSERT INTO People (PersonID, PersonName) VALUES (477, 'Charlton Heston');
INSERT INTO People (PersonID, PersonName) VALUES (478, 'Chase Ellison');
INSERT INTO People (PersonID, PersonName) VALUES (479, 'Chazz Palminteri');
INSERT INTO People (PersonID, PersonName) VALUES (480, 'Chen Chang');
INSERT INTO People (PersonID, PersonName) VALUES (481, 'Chete Lera');
INSERT INTO People (PersonID, PersonName) VALUES (482, 'Chiara Mastroianni');
INSERT INTO People (PersonID, PersonName) VALUES (483, 'Chico Marx');
INSERT INTO People (PersonID, PersonName) VALUES (484, 'Chief Dan George');
INSERT INTO People (PersonID, PersonName) VALUES (485, 'Chieko Baishô');
INSERT INTO People (PersonID, PersonName) VALUES (486, 'Chieko Higashiyama');
INSERT INTO People (PersonID, PersonName) VALUES (487, 'Chika Sakamoto');
INSERT INTO People (PersonID, PersonName) VALUES (488, 'Chishû Ryû');
INSERT INTO People (PersonID, PersonName) VALUES (489, 'Chiwetel Ejiofor');
INSERT INTO People (PersonID, PersonName) VALUES (490, 'Chloë Grace Moretz');
INSERT INTO People (PersonID, PersonName) VALUES (491, 'Cho Jin-woong');
INSERT INTO People (PersonID, PersonName) VALUES (492, 'Cho Yeo-jeong');
INSERT INTO People (PersonID, PersonName) VALUES (493, 'Choi Min-sik');
INSERT INTO People (PersonID, PersonName) VALUES (494, 'Choi Woo-sik');
INSERT INTO People (PersonID, PersonName) VALUES (495, 'Chris Columbus');
INSERT INTO People (PersonID, PersonName) VALUES (496, 'Chris Cooper');
INSERT INTO People (PersonID, PersonName) VALUES (497, 'Chris Elliott');
INSERT INTO People (PersonID, PersonName) VALUES (498, 'Chris Evans');
INSERT INTO People (PersonID, PersonName) VALUES (499, 'Chris Hemsworth');
INSERT INTO People (PersonID, PersonName) VALUES (500, 'Chris O''Donnell');
INSERT INTO People (PersonID, PersonName) VALUES (501, 'Chris Owen');
INSERT INTO People (PersonID, PersonName) VALUES (502, 'Chris Penn');
INSERT INTO People (PersonID, PersonName) VALUES (503, 'Chris Pine');
INSERT INTO People (PersonID, PersonName) VALUES (504, 'Chris Pratt');
INSERT INTO People (PersonID, PersonName) VALUES (505, 'Chris Renaud');
INSERT INTO People (PersonID, PersonName) VALUES (506, 'Chris Sanders');
INSERT INTO People (PersonID, PersonName) VALUES (507, 'Chris Sarandon');
INSERT INTO People (PersonID, PersonName) VALUES (508, 'Chris Williams');
INSERT INTO People (PersonID, PersonName) VALUES (509, 'Christian Bale');
INSERT INTO People (PersonID, PersonName) VALUES (510, 'Christian Berkel');
INSERT INTO People (PersonID, PersonName) VALUES (511, 'Christian Carion');
INSERT INTO People (PersonID, PersonName) VALUES (512, 'Christian Friedel');
INSERT INTO People (PersonID, PersonName) VALUES (513, 'Christian Slater');
INSERT INTO People (PersonID, PersonName) VALUES (514, 'Christina Hendricks');
INSERT INTO People (PersonID, PersonName) VALUES (515, 'Christine Hargreaves');
INSERT INTO People (PersonID, PersonName) VALUES (516, 'Christoph Waltz');
INSERT INTO People (PersonID, PersonName) VALUES (517, 'Christophe Barratier');
INSERT INTO People (PersonID, PersonName) VALUES (518, 'Christopher Adamson');
INSERT INTO People (PersonID, PersonName) VALUES (519, 'Christopher Carley');
INSERT INTO People (PersonID, PersonName) VALUES (520, 'Christopher Eccleston');
INSERT INTO People (PersonID, PersonName) VALUES (521, 'Christopher Guest');
INSERT INTO People (PersonID, PersonName) VALUES (522, 'Christopher Heyerdahl');
INSERT INTO People (PersonID, PersonName) VALUES (523, 'Christopher Lloyd');
INSERT INTO People (PersonID, PersonName) VALUES (524, 'Christopher McQuarrie');
INSERT INTO People (PersonID, PersonName) VALUES (525, 'Christopher Miller');
INSERT INTO People (PersonID, PersonName) VALUES (526, 'Christopher Mintz-Plasse');
INSERT INTO People (PersonID, PersonName) VALUES (527, 'Christopher Nolan');
INSERT INTO People (PersonID, PersonName) VALUES (528, 'Christopher Plummer');
INSERT INTO People (PersonID, PersonName) VALUES (529, 'Christopher Reeve');
INSERT INTO People (PersonID, PersonName) VALUES (530, 'Christopher Rivera');
INSERT INTO People (PersonID, PersonName) VALUES (531, 'Christopher Walken');
INSERT INTO People (PersonID, PersonName) VALUES (532, 'Chulpan Khamatova');
INSERT INTO People (PersonID, PersonName) VALUES (533, 'Ciarán Hinds');
INSERT INTO People (PersonID, PersonName) VALUES (534, 'Cillian Murphy');
INSERT INTO People (PersonID, PersonName) VALUES (535, 'Claire Bloom');
INSERT INTO People (PersonID, PersonName) VALUES (536, 'Claire Danes');
INSERT INTO People (PersonID, PersonName) VALUES (537, 'Claire Maurier');
INSERT INTO People (PersonID, PersonName) VALUES (538, 'Claire Rushbrook');
INSERT INTO People (PersonID, PersonName) VALUES (539, 'Claire Trevor');
INSERT INTO People (PersonID, PersonName) VALUES (540, 'Clark Gable');
INSERT INTO People (PersonID, PersonName) VALUES (541, 'Claude Rains');
INSERT INTO People (PersonID, PersonName) VALUES (542, 'Claudette Colbert');
INSERT INTO People (PersonID, PersonName) VALUES (543, 'Claudia Cardinale');
INSERT INTO People (PersonID, PersonName) VALUES (544, 'Cleavon Little');
INSERT INTO People (PersonID, PersonName) VALUES (545, 'Clifton Powell');
INSERT INTO People (PersonID, PersonName) VALUES (546, 'Clifton Webb');
INSERT INTO People (PersonID, PersonName) VALUES (547, 'Clint Eastwood');
INSERT INTO People (PersonID, PersonName) VALUES (548, 'Clive Owen');
INSERT INTO People (PersonID, PersonName) VALUES (549, 'Clyde Bruckman');
INSERT INTO People (PersonID, PersonName) VALUES (550, 'Coleen Gray');
INSERT INTO People (PersonID, PersonName) VALUES (551, 'Colin Clive');
INSERT INTO People (PersonID, PersonName) VALUES (552, 'Colin Farrell');
INSERT INTO People (PersonID, PersonName) VALUES (553, 'Colin Firth');
INSERT INTO People (PersonID, PersonName) VALUES (554, 'Colm Feore');
INSERT INTO People (PersonID, PersonName) VALUES (555, 'Connie Nielsen');
INSERT INTO People (PersonID, PersonName) VALUES (556, 'Conrad Veidt');
INSERT INTO People (PersonID, PersonName) VALUES (557, 'Corey Feldman');
INSERT INTO People (PersonID, PersonName) VALUES (558, 'Corey Hawkins');
INSERT INTO People (PersonID, PersonName) VALUES (559, 'Cori Gonzalez-Macuer');
INSERT INTO People (PersonID, PersonName) VALUES (560, 'Craig Bierko');
INSERT INTO People (PersonID, PersonName) VALUES (561, 'Craig Ferguson');
INSERT INTO People (PersonID, PersonName) VALUES (562, 'Craig Parkinson');
INSERT INTO People (PersonID, PersonName) VALUES (563, 'Craig T. Nelson');
INSERT INTO People (PersonID, PersonName) VALUES (564, 'Crispin Glover');
INSERT INTO People (PersonID, PersonName) VALUES (565, 'Cristian Mungiu');
INSERT INTO People (PersonID, PersonName) VALUES (566, 'Cuba Gooding Jr.');
INSERT INTO People (PersonID, PersonName) VALUES (567, 'Cuifen Cao');
INSERT INTO People (PersonID, PersonName) VALUES (568, 'Curt Bois');
INSERT INTO People (PersonID, PersonName) VALUES (569, 'Curtis Hanson');
INSERT INTO People (PersonID, PersonName) VALUES (570, 'Cy Endfield');
INSERT INTO People (PersonID, PersonName) VALUES (571, 'Cybill Shepherd');
INSERT INTO People (PersonID, PersonName) VALUES (572, 'Cyril Cusack');
INSERT INTO People (PersonID, PersonName) VALUES (573, 'Céline Sciamma');
INSERT INTO People (PersonID, PersonName) VALUES (574, 'Dafne Keen');
INSERT INTO People (PersonID, PersonName) VALUES (575, 'Daisuke Ryû');
INSERT INTO People (PersonID, PersonName) VALUES (576, 'Daisy Ridley');
INSERT INTO People (PersonID, PersonName) VALUES (577, 'Dakota Fanning');
INSERT INTO People (PersonID, PersonName) VALUES (578, 'Dakota Johnson');
INSERT INTO People (PersonID, PersonName) VALUES (579, 'Dalia Hernández');
INSERT INTO People (PersonID, PersonName) VALUES (580, 'Damian Chapa');
INSERT INTO People (PersonID, PersonName) VALUES (581, 'Damien Chazelle');
INSERT INTO People (PersonID, PersonName) VALUES (582, 'Damián Szifron');
INSERT INTO People (PersonID, PersonName) VALUES (583, 'Dan Aykroyd');
INSERT INTO People (PersonID, PersonName) VALUES (584, 'Dan Gilroy');
INSERT INTO People (PersonID, PersonName) VALUES (585, 'Dan Hedaya');
INSERT INTO People (PersonID, PersonName) VALUES (586, 'Dan Hicks');
INSERT INTO People (PersonID, PersonName) VALUES (587, 'Dan Riba');
INSERT INTO People (PersonID, PersonName) VALUES (588, 'Dana Andrews');
INSERT INTO People (PersonID, PersonName) VALUES (589, 'Dana Wynter');
INSERT INTO People (PersonID, PersonName) VALUES (590, 'Danai Gurira');
INSERT INTO People (PersonID, PersonName) VALUES (591, 'Daniel Boulanger');
INSERT INTO People (PersonID, PersonName) VALUES (592, 'Daniel Brühl');
INSERT INTO People (PersonID, PersonName) VALUES (593, 'Daniel Craig');
INSERT INTO People (PersonID, PersonName) VALUES (594, 'Daniel Day-Lewis');
INSERT INTO People (PersonID, PersonName) VALUES (595, 'Daniel Giménez Cacho');
INSERT INTO People (PersonID, PersonName) VALUES (596, 'Daniel Kaluuya');
INSERT INTO People (PersonID, PersonName) VALUES (597, 'Daniel Mays');
INSERT INTO People (PersonID, PersonName) VALUES (598, 'Daniel Monzón');
INSERT INTO People (PersonID, PersonName) VALUES (599, 'Daniel Prévost');
INSERT INTO People (PersonID, PersonName) VALUES (600, 'Daniel Radcliffe');
INSERT INTO People (PersonID, PersonName) VALUES (601, 'Daniel Richter');
INSERT INTO People (PersonID, PersonName) VALUES (602, 'Daniel Stern');
INSERT INTO People (PersonID, PersonName) VALUES (603, 'Danielle Proulx');
INSERT INTO People (PersonID, PersonName) VALUES (604, 'Danis Tanovic');
INSERT INTO People (PersonID, PersonName) VALUES (605, 'Danny Aiello');
INSERT INTO People (PersonID, PersonName) VALUES (606, 'Danny Boyle');
INSERT INTO People (PersonID, PersonName) VALUES (607, 'Danny Denzongpa');
INSERT INTO People (PersonID, PersonName) VALUES (608, 'Danny Elfman');
INSERT INTO People (PersonID, PersonName) VALUES (609, 'Danny Glover');
INSERT INTO People (PersonID, PersonName) VALUES (610, 'Danny Huston');
INSERT INTO People (PersonID, PersonName) VALUES (611, 'Danny Lee');
INSERT INTO People (PersonID, PersonName) VALUES (612, 'Danny Lloyd');
INSERT INTO People (PersonID, PersonName) VALUES (613, 'Dara Singh');
INSERT INTO People (PersonID, PersonName) VALUES (614, 'Darius Marder');
INSERT INTO People (PersonID, PersonName) VALUES (615, 'Darren Aronofsky');
INSERT INTO People (PersonID, PersonName) VALUES (616, 'Darren McGavin');
INSERT INTO People (PersonID, PersonName) VALUES (617, 'Darryl F. Zanuck');
INSERT INTO People (PersonID, PersonName) VALUES (618, 'Darsheel Safary');
INSERT INTO People (PersonID, PersonName) VALUES (619, 'Daryl Hannah');
INSERT INTO People (PersonID, PersonName) VALUES (620, 'Darío Grandinetti');
INSERT INTO People (PersonID, PersonName) VALUES (621, 'Dave Bautista');
INSERT INTO People (PersonID, PersonName) VALUES (622, 'Dave Goelz');
INSERT INTO People (PersonID, PersonName) VALUES (623, 'Dave Johns');
INSERT INTO People (PersonID, PersonName) VALUES (624, 'Daveigh Chase');
INSERT INTO People (PersonID, PersonName) VALUES (625, 'David Ayer');
INSERT INTO People (PersonID, PersonName) VALUES (626, 'David Carradine');
INSERT INTO People (PersonID, PersonName) VALUES (627, 'David Cronenberg');
INSERT INTO People (PersonID, PersonName) VALUES (628, 'David Della Rocco');
INSERT INTO People (PersonID, PersonName) VALUES (629, 'David Emge');
INSERT INTO People (PersonID, PersonName) VALUES (630, 'David Fincher');
INSERT INTO People (PersonID, PersonName) VALUES (631, 'David Hand');
INSERT INTO People (PersonID, PersonName) VALUES (632, 'David Hemmings');
INSERT INTO People (PersonID, PersonName) VALUES (633, 'David Herman');
INSERT INTO People (PersonID, PersonName) VALUES (634, 'David James');
INSERT INTO People (PersonID, PersonName) VALUES (635, 'David Lean');
INSERT INTO People (PersonID, PersonName) VALUES (636, 'David Lee Smith');
INSERT INTO People (PersonID, PersonName) VALUES (637, 'David Leitch');
INSERT INTO People (PersonID, PersonName) VALUES (638, 'David Lynch');
INSERT INTO People (PersonID, PersonName) VALUES (639, 'David Mackenzie');
INSERT INTO People (PersonID, PersonName) VALUES (640, 'David Mickey Evans');
INSERT INTO People (PersonID, PersonName) VALUES (641, 'David Morse');
INSERT INTO People (PersonID, PersonName) VALUES (642, 'David O. Russell');
INSERT INTO People (PersonID, PersonName) VALUES (643, 'David Rawle');
INSERT INTO People (PersonID, PersonName) VALUES (644, 'David Silverman');
INSERT INTO People (PersonID, PersonName) VALUES (645, 'David Thewlis');
INSERT INTO People (PersonID, PersonName) VALUES (646, 'David Tomlinson');
INSERT INTO People (PersonID, PersonName) VALUES (647, 'David Wenham');
INSERT INTO People (PersonID, PersonName) VALUES (648, 'David Yates');
INSERT INTO People (PersonID, PersonName) VALUES (649, 'David Zucker');
INSERT INTO People (PersonID, PersonName) VALUES (650, 'Davor Dujmovic');
INSERT INTO People (PersonID, PersonName) VALUES (651, 'DeForest Kelley');
INSERT INTO People (PersonID, PersonName) VALUES (652, 'Dean DeBlois');
INSERT INTO People (PersonID, PersonName) VALUES (653, 'Dean Martin');
INSERT INTO People (PersonID, PersonName) VALUES (654, 'Dean Stockwell');
INSERT INTO People (PersonID, PersonName) VALUES (655, 'Dean-Charles Chapman');
INSERT INTO People (PersonID, PersonName) VALUES (656, 'Debbie Reynolds');
INSERT INTO People (PersonID, PersonName) VALUES (657, 'Deborah Kara Unger');
INSERT INTO People (PersonID, PersonName) VALUES (658, 'Deborah Kerr');
INSERT INTO People (PersonID, PersonName) VALUES (659, 'Debra Messing');
INSERT INTO People (PersonID, PersonName) VALUES (660, 'Dee Wallace');
INSERT INTO People (PersonID, PersonName) VALUES (661, 'Del Negro');
INSERT INTO People (PersonID, PersonName) VALUES (662, 'Delphine Seyrig');
INSERT INTO People (PersonID, PersonName) VALUES (663, 'Delroy Lindo');
INSERT INTO People (PersonID, PersonName) VALUES (664, 'Demet Akbag');
INSERT INTO People (PersonID, PersonName) VALUES (665, 'Demi Moore');
INSERT INTO People (PersonID, PersonName) VALUES (666, 'Denholm Elliott');
INSERT INTO People (PersonID, PersonName) VALUES (667, 'Denis Villeneuve');
INSERT INTO People (PersonID, PersonName) VALUES (668, 'Deniz Baysal');
INSERT INTO People (PersonID, PersonName) VALUES (669, 'Deniz Gamze Ergüven');
INSERT INTO People (PersonID, PersonName) VALUES (670, 'Dennis Farina');
INSERT INTO People (PersonID, PersonName) VALUES (671, 'Dennis Gansel');
INSERT INTO People (PersonID, PersonName) VALUES (672, 'Dennis Hopper');
INSERT INTO People (PersonID, PersonName) VALUES (673, 'Dennis Price');
INSERT INTO People (PersonID, PersonName) VALUES (674, 'Dennis Quaid');
INSERT INTO People (PersonID, PersonName) VALUES (675, 'Denzel Washington');
INSERT INTO People (PersonID, PersonName) VALUES (676, 'Derek Jacobi');
INSERT INTO People (PersonID, PersonName) VALUES (677, 'Destin Daniel Cretton');
INSERT INTO People (PersonID, PersonName) VALUES (678, 'Dev Patel');
INSERT INTO People (PersonID, PersonName) VALUES (679, 'Dexter Fletcher');
INSERT INTO People (PersonID, PersonName) VALUES (680, 'Dharmendra');
INSERT INTO People (PersonID, PersonName) VALUES (681, 'Diahnne Abbott');
INSERT INTO People (PersonID, PersonName) VALUES (682, 'Diane Keaton');
INSERT INTO People (PersonID, PersonName) VALUES (683, 'Diane Kruger');
INSERT INTO People (PersonID, PersonName) VALUES (684, 'Diane Ladd');
INSERT INTO People (PersonID, PersonName) VALUES (685, 'Diane Venora');
INSERT INTO People (PersonID, PersonName) VALUES (686, 'Dianne Wiest');
INSERT INTO People (PersonID, PersonName) VALUES (687, 'Dibyendu Bhattacharya');
INSERT INTO People (PersonID, PersonName) VALUES (688, 'Dick Hogan');
INSERT INTO People (PersonID, PersonName) VALUES (689, 'Dick Van Dyke');
INSERT INTO People (PersonID, PersonName) VALUES (690, 'Dick York');
INSERT INTO People (PersonID, PersonName) VALUES (691, 'Diego Cortina Autrey');
INSERT INTO People (PersonID, PersonName) VALUES (692, 'Diego Luna');
INSERT INTO People (PersonID, PersonName) VALUES (693, 'Diego Starosta');
INSERT INTO People (PersonID, PersonName) VALUES (694, 'Diljit Dosanjh');
INSERT INTO People (PersonID, PersonName) VALUES (695, 'Disha Patani');
INSERT INTO People (PersonID, PersonName) VALUES (696, 'Dita Parlo');
INSERT INTO People (PersonID, PersonName) VALUES (697, 'Djimon Hounsou');
INSERT INTO People (PersonID, PersonName) VALUES (698, 'Doga Zeynep Doguslu');
INSERT INTO People (PersonID, PersonName) VALUES (699, 'Dolly Ahluwalia');
INSERT INTO People (PersonID, PersonName) VALUES (700, 'Dolores Moran');
INSERT INTO People (PersonID, PersonName) VALUES (701, 'Domhnall Gleeson');
INSERT INTO People (PersonID, PersonName) VALUES (702, 'Dominic West');
INSERT INTO People (PersonID, PersonName) VALUES (703, 'Dominique Blanchar');
INSERT INTO People (PersonID, PersonName) VALUES (704, 'Dominique McElligott');
INSERT INTO People (PersonID, PersonName) VALUES (705, 'Dominique Pinon');
INSERT INTO People (PersonID, PersonName) VALUES (706, 'Don Cheadle');
INSERT INTO People (PersonID, PersonName) VALUES (707, 'Don Gordon');
INSERT INTO People (PersonID, PersonName) VALUES (708, 'Don Hall');
INSERT INTO People (PersonID, PersonName) VALUES (709, 'Don Rickles');
INSERT INTO People (PersonID, PersonName) VALUES (710, 'Don Siegel');
INSERT INTO People (PersonID, PersonName) VALUES (711, 'Don Taylor');
INSERT INTO People (PersonID, PersonName) VALUES (712, 'Donald O''Connor');
INSERT INTO People (PersonID, PersonName) VALUES (713, 'Donald Pleasence');
INSERT INTO People (PersonID, PersonName) VALUES (714, 'Donald Sutherland');
INSERT INTO People (PersonID, PersonName) VALUES (715, 'Donatas Banionis');
INSERT INTO People (PersonID, PersonName) VALUES (716, 'Donna Murphy');
INSERT INTO People (PersonID, PersonName) VALUES (717, 'Donna Reed');
INSERT INTO People (PersonID, PersonName) VALUES (718, 'Donnie Yen');
INSERT INTO People (PersonID, PersonName) VALUES (719, 'Donny Alamsyah');
INSERT INTO People (PersonID, PersonName) VALUES (720, 'Dorian Gray');
INSERT INTO People (PersonID, PersonName) VALUES (721, 'Dorota Kobiela');
INSERT INTO People (PersonID, PersonName) VALUES (722, 'Dorothy Comingore');
INSERT INTO People (PersonID, PersonName) VALUES (723, 'Dorothy Duffy');
INSERT INTO People (PersonID, PersonName) VALUES (724, 'Dorsey Wright');
INSERT INTO People (PersonID, PersonName) VALUES (725, 'Doug Liman');
INSERT INTO People (PersonID, PersonName) VALUES (726, 'Doug McKeon');
INSERT INTO People (PersonID, PersonName) VALUES (727, 'Douglas Booth');
INSERT INTO People (PersonID, PersonName) VALUES (728, 'Drew Barrymore');
INSERT INTO People (PersonID, PersonName) VALUES (729, 'Duane Jones');
INSERT INTO People (PersonID, PersonName) VALUES (730, 'Duncan Jones');
INSERT INTO People (PersonID, PersonName) VALUES (731, 'Dustin Hoffman');
INSERT INTO People (PersonID, PersonName) VALUES (732, 'Dwight Yoakam');
INSERT INTO People (PersonID, PersonName) VALUES (733, 'Dylan Baker');
INSERT INTO People (PersonID, PersonName) VALUES (734, 'Ed Harris');
INSERT INTO People (PersonID, PersonName) VALUES (735, 'Ed Helms');
INSERT INTO People (PersonID, PersonName) VALUES (736, 'Ed Skrein');
INSERT INTO People (PersonID, PersonName) VALUES (737, 'Eddie Albert');
INSERT INTO People (PersonID, PersonName) VALUES (738, 'Eddie Murphy');
INSERT INTO People (PersonID, PersonName) VALUES (739, 'Eddie Redmayne');
INSERT INTO People (PersonID, PersonName) VALUES (740, 'Edgar Ramírez');
INSERT INTO People (PersonID, PersonName) VALUES (741, 'Edgar Wright');
INSERT INTO People (PersonID, PersonName) VALUES (742, 'Edmond O''Brien');
INSERT INTO People (PersonID, PersonName) VALUES (743, 'Edmund Goulding');
INSERT INTO People (PersonID, PersonName) VALUES (744, 'Edmund Gwenn');
INSERT INTO People (PersonID, PersonName) VALUES (745, 'Edna Purviance');
INSERT INTO People (PersonID, PersonName) VALUES (746, 'Edoardo Leo');
INSERT INTO People (PersonID, PersonName) VALUES (747, 'Eduard Abalov');
INSERT INTO People (PersonID, PersonName) VALUES (748, 'Eduardo Noriega');
INSERT INTO People (PersonID, PersonName) VALUES (749, 'Edward Arnold');
INSERT INTO People (PersonID, PersonName) VALUES (750, 'Edward Asner');
INSERT INTO People (PersonID, PersonName) VALUES (751, 'Edward Burns');
INSERT INTO People (PersonID, PersonName) VALUES (752, 'Edward Fox');
INSERT INTO People (PersonID, PersonName) VALUES (753, 'Edward Furlong');
INSERT INTO People (PersonID, PersonName) VALUES (754, 'Edward G. Robinson');
INSERT INTO People (PersonID, PersonName) VALUES (755, 'Edward James Olmos');
INSERT INTO People (PersonID, PersonName) VALUES (756, 'Edward Norton');
INSERT INTO People (PersonID, PersonName) VALUES (757, 'Edward Zwick');
INSERT INTO People (PersonID, PersonName) VALUES (758, 'Efrem Zimbalist Jr.');
INSERT INTO People (PersonID, PersonName) VALUES (759, 'Ege Tanman');
INSERT INTO People (PersonID, PersonName) VALUES (760, 'Eiji Okada');
INSERT INTO People (PersonID, PersonName) VALUES (761, 'Eijirô Tôno');
INSERT INTO People (PersonID, PersonName) VALUES (762, 'Eiko Masuyama');
INSERT INTO People (PersonID, PersonName) VALUES (763, 'Eileen Walsh');
INSERT INTO People (PersonID, PersonName) VALUES (764, 'Eiza González');
INSERT INTO People (PersonID, PersonName) VALUES (765, 'Eleanor Bron');
INSERT INTO People (PersonID, PersonName) VALUES (766, 'Eleanor David');
INSERT INTO People (PersonID, PersonName) VALUES (767, 'Eleanor Parker');
INSERT INTO People (PersonID, PersonName) VALUES (768, 'Elem Klimov');
INSERT INTO People (PersonID, PersonName) VALUES (769, 'Elena Altieri');
INSERT INTO People (PersonID, PersonName) VALUES (770, 'Elena Anaya');
INSERT INTO People (PersonID, PersonName) VALUES (771, 'Elena Lyadova');
INSERT INTO People (PersonID, PersonName) VALUES (772, 'Eli Marienthal');
INSERT INTO People (PersonID, PersonName) VALUES (773, 'Eli Roth');
INSERT INTO People (PersonID, PersonName) VALUES (774, 'Eli Wallach');
INSERT INTO People (PersonID, PersonName) VALUES (775, 'Elia Kazan');
INSERT INTO People (PersonID, PersonName) VALUES (776, 'Elijah Smith');
INSERT INTO People (PersonID, PersonName) VALUES (777, 'Elijah Wood');
INSERT INTO People (PersonID, PersonName) VALUES (778, 'Elisabeth Shue');
INSERT INTO People (PersonID, PersonName) VALUES (779, 'Elissa Knight');
INSERT INTO People (PersonID, PersonName) VALUES (780, 'Elit Iscan');
INSERT INTO People (PersonID, PersonName) VALUES (781, 'Eliza Scanlen');
INSERT INTO People (PersonID, PersonName) VALUES (782, 'Elizabeth Banks');
INSERT INTO People (PersonID, PersonName) VALUES (783, 'Elizabeth Berridge');
INSERT INTO People (PersonID, PersonName) VALUES (784, 'Elizabeth Berrington');
INSERT INTO People (PersonID, PersonName) VALUES (785, 'Elizabeth McGovern');
INSERT INTO People (PersonID, PersonName) VALUES (786, 'Elizabeth Taylor');
INSERT INTO People (PersonID, PersonName) VALUES (787, 'Ellar Coltrane');
INSERT INTO People (PersonID, PersonName) VALUES (788, 'Ellen Burstyn');
INSERT INTO People (PersonID, PersonName) VALUES (789, 'Ellen Crawford');
INSERT INTO People (PersonID, PersonName) VALUES (790, 'Ellen DeGeneres');
INSERT INTO People (PersonID, PersonName) VALUES (791, 'Ellen Widmann');
INSERT INTO People (PersonID, PersonName) VALUES (792, 'Elliot Page');
INSERT INTO People (PersonID, PersonName) VALUES (793, 'Elliott Gould');
INSERT INTO People (PersonID, PersonName) VALUES (794, 'Elmo Nüganen');
INSERT INTO People (PersonID, PersonName) VALUES (795, 'Elpidia Carrillo');
INSERT INTO People (PersonID, PersonName) VALUES (796, 'Elsa Lanchester');
INSERT INTO People (PersonID, PersonName) VALUES (797, 'Elya Baskin');
INSERT INTO People (PersonID, PersonName) VALUES (798, 'Emeric Pressburger');
INSERT INTO People (PersonID, PersonName) VALUES (799, 'Emi Shinohara');
INSERT INTO People (PersonID, PersonName) VALUES (800, 'Emile Hirsch');
INSERT INTO People (PersonID, PersonName) VALUES (801, 'Emilia Fox');
INSERT INTO People (PersonID, PersonName) VALUES (802, 'Emilio Echevarría');
INSERT INTO People (PersonID, PersonName) VALUES (803, 'Emilio Estevez');
INSERT INTO People (PersonID, PersonName) VALUES (804, 'Emily Blunt');
INSERT INTO People (PersonID, PersonName) VALUES (805, 'Emily Mortimer');
INSERT INTO People (PersonID, PersonName) VALUES (806, 'Emily Watson');
INSERT INTO People (PersonID, PersonName) VALUES (807, 'Emir Kusturica');
INSERT INTO People (PersonID, PersonName) VALUES (808, 'Emma Stone');
INSERT INTO People (PersonID, PersonName) VALUES (809, 'Emma Thompson');
INSERT INTO People (PersonID, PersonName) VALUES (810, 'Emma Watson');
INSERT INTO People (PersonID, PersonName) VALUES (811, 'Emmanuel Affadzi');
INSERT INTO People (PersonID, PersonName) VALUES (812, 'Emmanuelle Riva');
INSERT INTO People (PersonID, PersonName) VALUES (813, 'Emmanuelle Seigner');
INSERT INTO People (PersonID, PersonName) VALUES (814, 'Emmy Rossum');
INSERT INTO People (PersonID, PersonName) VALUES (815, 'Enrique Castillo');
INSERT INTO People (PersonID, PersonName) VALUES (816, 'Enrique Rambal');
INSERT INTO People (PersonID, PersonName) VALUES (817, 'Enzo Cannavale');
INSERT INTO People (PersonID, PersonName) VALUES (818, 'Enzo Staiola');
INSERT INTO People (PersonID, PersonName) VALUES (819, 'Enzo Tarascio');
INSERT INTO People (PersonID, PersonName) VALUES (820, 'Erdem Can');
INSERT INTO People (PersonID, PersonName) VALUES (821, 'Eric Bana');
INSERT INTO People (PersonID, PersonName) VALUES (822, 'Eric Baugin');
INSERT INTO People (PersonID, PersonName) VALUES (823, 'Eric Bress');
INSERT INTO People (PersonID, PersonName) VALUES (824, 'Eric Idle');
INSERT INTO People (PersonID, PersonName) VALUES (825, 'Eric Radomski');
INSERT INTO People (PersonID, PersonName) VALUES (826, 'Eric Schweig');
INSERT INTO People (PersonID, PersonName) VALUES (827, 'Eric Sykes');
INSERT INTO People (PersonID, PersonName) VALUES (828, 'Erich von Stroheim');
INSERT INTO People (PersonID, PersonName) VALUES (829, 'Ericson Core');
INSERT INTO People (PersonID, PersonName) VALUES (830, 'Ernest B. Schoedsack');
INSERT INTO People (PersonID, PersonName) VALUES (831, 'Ernest Borgnine');
INSERT INTO People (PersonID, PersonName) VALUES (832, 'Ernst Jacobi');
INSERT INTO People (PersonID, PersonName) VALUES (833, 'Ernst Lubitsch');
INSERT INTO People (PersonID, PersonName) VALUES (834, 'Errol Flynn');
INSERT INTO People (PersonID, PersonName) VALUES (835, 'Erwin Connelly');
INSERT INTO People (PersonID, PersonName) VALUES (836, 'Ethan Coen');
INSERT INTO People (PersonID, PersonName) VALUES (837, 'Ethan Hawke');
INSERT INTO People (PersonID, PersonName) VALUES (838, 'Eugene Silvain');
INSERT INTO People (PersonID, PersonName) VALUES (839, 'Eun-ju Lee');
INSERT INTO People (PersonID, PersonName) VALUES (840, 'Eva Green');
INSERT INTO People (PersonID, PersonName) VALUES (841, 'Eva Marie Saint');
INSERT INTO People (PersonID, PersonName) VALUES (842, 'Evan McGuire');
INSERT INTO People (PersonID, PersonName) VALUES (843, 'Evan Rachel Wood');
INSERT INTO People (PersonID, PersonName) VALUES (844, 'Evgeniy Zharikov');
INSERT INTO People (PersonID, PersonName) VALUES (845, 'Ewa Fröling');
INSERT INTO People (PersonID, PersonName) VALUES (846, 'Ewan McGregor');
INSERT INTO People (PersonID, PersonName) VALUES (847, 'Ewen Bremner');
INSERT INTO People (PersonID, PersonName) VALUES (848, 'Ezra Miller');
INSERT INTO People (PersonID, PersonName) VALUES (849, 'F. Gary Gray');
INSERT INTO People (PersonID, PersonName) VALUES (850, 'F. Murray Abraham');
INSERT INTO People (PersonID, PersonName) VALUES (851, 'F.W. Murnau');
INSERT INTO People (PersonID, PersonName) VALUES (852, 'Fabián Bielinsky');
INSERT INTO People (PersonID, PersonName) VALUES (853, 'Famke Janssen');
INSERT INTO People (PersonID, PersonName) VALUES (854, 'Farhan Akhtar');
INSERT INTO People (PersonID, PersonName) VALUES (855, 'Farida Jalal');
INSERT INTO People (PersonID, PersonName) VALUES (856, 'Farley Granger');
INSERT INTO People (PersonID, PersonName) VALUES (857, 'Fatih Akin');
INSERT INTO People (PersonID, PersonName) VALUES (858, 'Fatima Sana Shaikh');
INSERT INTO People (PersonID, PersonName) VALUES (859, 'Fay Wray');
INSERT INTO People (PersonID, PersonName) VALUES (860, 'Faye Dunaway');
INSERT INTO People (PersonID, PersonName) VALUES (861, 'Faye Wong');
INSERT INTO People (PersonID, PersonName) VALUES (862, 'Federico Fellini');
INSERT INTO People (PersonID, PersonName) VALUES (863, 'Fele Martínez');
INSERT INTO People (PersonID, PersonName) VALUES (864, 'Felicity Jones');
INSERT INTO People (PersonID, PersonName) VALUES (865, 'Felix Bressart');
INSERT INTO People (PersonID, PersonName) VALUES (866, 'Felix van Groeningen');
INSERT INTO People (PersonID, PersonName) VALUES (867, 'Fengyi Zhang');
INSERT INTO People (PersonID, PersonName) VALUES (868, 'Ferdia Walsh-Peelo');
INSERT INTO People (PersonID, PersonName) VALUES (869, 'Fernanda Montenegro');
INSERT INTO People (PersonID, PersonName) VALUES (870, 'Fernando Meirelles');
INSERT INTO People (PersonID, PersonName) VALUES (871, 'Fernando Rey');
INSERT INTO People (PersonID, PersonName) VALUES (872, 'Fikret Kuskan');
INSERT INTO People (PersonID, PersonName) VALUES (873, 'Filip Berg');
INSERT INTO People (PersonID, PersonName) VALUES (874, 'Filip Sovagovic');
INSERT INTO People (PersonID, PersonName) VALUES (875, 'Filipp Yankovskiy');
INSERT INTO People (PersonID, PersonName) VALUES (876, 'Fionn Whitehead');
INSERT INTO People (PersonID, PersonName) VALUES (877, 'Fionnula Flanagan');
INSERT INTO People (PersonID, PersonName) VALUES (878, 'Florence Lee');
INSERT INTO People (PersonID, PersonName) VALUES (879, 'Florence Pugh');
INSERT INTO People (PersonID, PersonName) VALUES (880, 'Florian Henckel von Donnersmarck');
INSERT INTO People (PersonID, PersonName) VALUES (881, 'Florian Lukas');
INSERT INTO People (PersonID, PersonName) VALUES (882, 'Florijan Ajdini');
INSERT INTO People (PersonID, PersonName) VALUES (883, 'Folco Lulli');
INSERT INTO People (PersonID, PersonName) VALUES (884, 'Ford Beebe Jr.');
INSERT INTO People (PersonID, PersonName) VALUES (885, 'Forest Whitaker');
INSERT INTO People (PersonID, PersonName) VALUES (886, 'Franca Marzi');
INSERT INTO People (PersonID, PersonName) VALUES (887, 'Frances Conroy');
INSERT INTO People (PersonID, PersonName) VALUES (888, 'Frances McDormand');
INSERT INTO People (PersonID, PersonName) VALUES (889, 'Frances Sternhagen');
INSERT INTO People (PersonID, PersonName) VALUES (890, 'Francine Racette');
INSERT INTO People (PersonID, PersonName) VALUES (891, 'Francis Capra');
INSERT INTO People (PersonID, PersonName) VALUES (892, 'Francis Ford Coppola');
INSERT INTO People (PersonID, PersonName) VALUES (893, 'Francis Huster');
INSERT INTO People (PersonID, PersonName) VALUES (894, 'Francis Lee');
INSERT INTO People (PersonID, PersonName) VALUES (895, 'Francis Veber');
INSERT INTO People (PersonID, PersonName) VALUES (896, 'Frank Adu');
INSERT INTO People (PersonID, PersonName) VALUES (897, 'Frank Capra');
INSERT INTO People (PersonID, PersonName) VALUES (898, 'Frank Darabont');
INSERT INTO People (PersonID, PersonName) VALUES (899, 'Frank Finlay');
INSERT INTO People (PersonID, PersonName) VALUES (900, 'Frank Giering');
INSERT INTO People (PersonID, PersonName) VALUES (901, 'Frank Langella');
INSERT INTO People (PersonID, PersonName) VALUES (902, 'Frank Lovejoy');
INSERT INTO People (PersonID, PersonName) VALUES (903, 'Frank Miller');
INSERT INTO People (PersonID, PersonName) VALUES (904, 'Frank Morgan');
INSERT INTO People (PersonID, PersonName) VALUES (905, 'Frank Overton');
INSERT INTO People (PersonID, PersonName) VALUES (906, 'Frank Oz');
INSERT INTO People (PersonID, PersonName) VALUES (907, 'Frank Paur');
INSERT INTO People (PersonID, PersonName) VALUES (908, 'Frank Sinatra');
INSERT INTO People (PersonID, PersonName) VALUES (909, 'Frank Vincent');
INSERT INTO People (PersonID, PersonName) VALUES (910, 'Franka Potente');
INSERT INTO People (PersonID, PersonName) VALUES (911, 'Franklin J. Schaffner');
INSERT INTO People (PersonID, PersonName) VALUES (912, 'Frantz Turner');
INSERT INTO People (PersonID, PersonName) VALUES (913, 'Franz Rogowski');
INSERT INTO People (PersonID, PersonName) VALUES (914, 'François Berléand');
INSERT INTO People (PersonID, PersonName) VALUES (915, 'François Cluzet');
INSERT INTO People (PersonID, PersonName) VALUES (916, 'François Périer');
INSERT INTO People (PersonID, PersonName) VALUES (917, 'François Truffaut');
INSERT INTO People (PersonID, PersonName) VALUES (918, 'Fred MacMurray');
INSERT INTO People (PersonID, PersonName) VALUES (919, 'Fred Willard');
INSERT INTO People (PersonID, PersonName) VALUES (920, 'Fred Zinnemann');
INSERT INTO People (PersonID, PersonName) VALUES (921, 'Frederic Forrest');
INSERT INTO People (PersonID, PersonName) VALUES (922, 'Frederick Lau');
INSERT INTO People (PersonID, PersonName) VALUES (923, 'Fredric March');
INSERT INTO People (PersonID, PersonName) VALUES (924, 'Freida Pinto');
INSERT INTO People (PersonID, PersonName) VALUES (925, 'Friedrich Feher');
INSERT INTO People (PersonID, PersonName) VALUES (926, 'Fritz Lang');
INSERT INTO People (PersonID, PersonName) VALUES (927, 'Frédérique Feder');
INSERT INTO People (PersonID, PersonName) VALUES (928, 'Gabriel Byrne');
INSERT INTO People (PersonID, PersonName) VALUES (929, 'Gabriele Ferzetti');
INSERT INTO People (PersonID, PersonName) VALUES (930, 'Gabriele Muccino');
INSERT INTO People (PersonID, PersonName) VALUES (931, 'Gabrielle Anwar');
INSERT INTO People (PersonID, PersonName) VALUES (932, 'Gael García Bernal');
INSERT INTO People (PersonID, PersonName) VALUES (933, 'Gajraj Rao');
INSERT INTO People (PersonID, PersonName) VALUES (934, 'Gareth Edwards');
INSERT INTO People (PersonID, PersonName) VALUES (935, 'Gareth Evans');
INSERT INTO People (PersonID, PersonName) VALUES (936, 'Garrett M. Brown');
INSERT INTO People (PersonID, PersonName) VALUES (937, 'Garth Davis');
INSERT INTO People (PersonID, PersonName) VALUES (938, 'Gary Busey');
INSERT INTO People (PersonID, PersonName) VALUES (939, 'Gary Cooper');
INSERT INTO People (PersonID, PersonName) VALUES (940, 'Gary Farmer');
INSERT INTO People (PersonID, PersonName) VALUES (941, 'Gary Lockwood');
INSERT INTO People (PersonID, PersonName) VALUES (942, 'Gary Oldman');
INSERT INTO People (PersonID, PersonName) VALUES (943, 'Gary Sinise');
INSERT INTO People (PersonID, PersonName) VALUES (944, 'Gary Stretch');
INSERT INTO People (PersonID, PersonName) VALUES (945, 'Gary Trousdale');
INSERT INTO People (PersonID, PersonName) VALUES (946, 'Gaspard Manesse');
INSERT INTO People (PersonID, PersonName) VALUES (947, 'Gaspard Ulliel');
INSERT INTO People (PersonID, PersonName) VALUES (948, 'Gastone Moschin');
INSERT INTO People (PersonID, PersonName) VALUES (949, 'Gastón Pauls');
INSERT INTO People (PersonID, PersonName) VALUES (950, 'Gattlin Griffith');
INSERT INTO People (PersonID, PersonName) VALUES (951, 'Gauri Shinde');
INSERT INTO People (PersonID, PersonName) VALUES (952, 'Gavin O''Connor');
INSERT INTO People (PersonID, PersonName) VALUES (953, 'Gayatri');
INSERT INTO People (PersonID, PersonName) VALUES (954, 'Gayatri Joshi');
INSERT INTO People (PersonID, PersonName) VALUES (955, 'Gaylen Ross');
INSERT INTO People (PersonID, PersonName) VALUES (956, 'Geert Van Rampelberg');
INSERT INTO People (PersonID, PersonName) VALUES (957, 'Gemma Jones');
INSERT INTO People (PersonID, PersonName) VALUES (958, 'Gena Rowlands');
INSERT INTO People (PersonID, PersonName) VALUES (959, 'Gene Bervoets');
INSERT INTO People (PersonID, PersonName) VALUES (960, 'Gene Hackman');
INSERT INTO People (PersonID, PersonName) VALUES (961, 'Gene Kelly');
INSERT INTO People (PersonID, PersonName) VALUES (962, 'Gene Lockhart');
INSERT INTO People (PersonID, PersonName) VALUES (963, 'Gene Saks');
INSERT INTO People (PersonID, PersonName) VALUES (964, 'Gene Tierney');
INSERT INTO People (PersonID, PersonName) VALUES (965, 'Gene Wilder');
INSERT INTO People (PersonID, PersonName) VALUES (966, 'Geneviève Page');
INSERT INTO People (PersonID, PersonName) VALUES (967, 'Geoffrey Arend');
INSERT INTO People (PersonID, PersonName) VALUES (968, 'Geoffrey Rush');
INSERT INTO People (PersonID, PersonName) VALUES (969, 'George A. Romero');
INSERT INTO People (PersonID, PersonName) VALUES (970, 'George C. Scott');
INSERT INTO People (PersonID, PersonName) VALUES (971, 'George Clooney');
INSERT INTO People (PersonID, PersonName) VALUES (972, 'George Cukor');
INSERT INTO People (PersonID, PersonName) VALUES (973, 'George Harrison');
INSERT INTO People (PersonID, PersonName) VALUES (974, 'George Kennedy');
INSERT INTO People (PersonID, PersonName) VALUES (975, 'George Lucas');
INSERT INTO People (PersonID, PersonName) VALUES (976, 'George MacKay');
INSERT INTO People (PersonID, PersonName) VALUES (977, 'George Macready');
INSERT INTO People (PersonID, PersonName) VALUES (978, 'George Miller');
INSERT INTO People (PersonID, PersonName) VALUES (979, 'George O''Brien');
INSERT INTO People (PersonID, PersonName) VALUES (980, 'George P. Cosmatos');
INSERT INTO People (PersonID, PersonName) VALUES (981, 'George Peppard');
INSERT INTO People (PersonID, PersonName) VALUES (982, 'George Raft');
INSERT INTO People (PersonID, PersonName) VALUES (983, 'George Roy Hill');
INSERT INTO People (PersonID, PersonName) VALUES (984, 'George Sanders');
INSERT INTO People (PersonID, PersonName) VALUES (985, 'George Seaton');
INSERT INTO People (PersonID, PersonName) VALUES (986, 'George Segal');
INSERT INTO People (PersonID, PersonName) VALUES (987, 'George Sluizer');
INSERT INTO People (PersonID, PersonName) VALUES (988, 'George Stevens');
INSERT INTO People (PersonID, PersonName) VALUES (989, 'Georges Adet');
INSERT INTO People (PersonID, PersonName) VALUES (990, 'Georges Franju');
INSERT INTO People (PersonID, PersonName) VALUES (991, 'Georges Siatidis');
INSERT INTO People (PersonID, PersonName) VALUES (992, 'Gerald R. Molen');
INSERT INTO People (PersonID, PersonName) VALUES (993, 'Geraldine Chaplin');
INSERT INTO People (PersonID, PersonName) VALUES (994, 'Gerard Butler');
INSERT INTO People (PersonID, PersonName) VALUES (995, 'Gerard Hendrick');
INSERT INTO People (PersonID, PersonName) VALUES (996, 'Gerardo Taracena');
INSERT INTO People (PersonID, PersonName) VALUES (997, 'Gerd Oswald');
INSERT INTO People (PersonID, PersonName) VALUES (998, 'Gerry Robert Byrne');
INSERT INTO People (PersonID, PersonName) VALUES (999, 'Gert Fröbe');
INSERT INTO People (PersonID, PersonName) VALUES (1000, 'Gian Maria Volontè');
INSERT INTO People (PersonID, PersonName) VALUES (1001, 'Gil Birmingham');
INSERT INTO People (PersonID, PersonName) VALUES (1002, 'Gillian Anderson');
INSERT INTO People (PersonID, PersonName) VALUES (1003, 'Gillo Pontecorvo');
INSERT INTO People (PersonID, PersonName) VALUES (1004, 'Gina Torres');
INSERT INTO People (PersonID, PersonName) VALUES (1005, 'Ginnifer Goodwin');
INSERT INTO People (PersonID, PersonName) VALUES (1006, 'Giorgi Nakashidze');
INSERT INTO People (PersonID, PersonName) VALUES (1007, 'Giorgio Cantarini');
INSERT INTO People (PersonID, PersonName) VALUES (1008, 'Giovanni Ribisi');
INSERT INTO People (PersonID, PersonName) VALUES (1009, 'Giulietta Masina');
INSERT INTO People (PersonID, PersonName) VALUES (1010, 'Giuseppe Battiston');
INSERT INTO People (PersonID, PersonName) VALUES (1011, 'Giuseppe Tornatore');
INSERT INTO People (PersonID, PersonName) VALUES (1012, 'Giustino Durano');
INSERT INTO People (PersonID, PersonName) VALUES (1013, 'Gladys George');
INSERT INTO People (PersonID, PersonName) VALUES (1014, 'Glen Cavender');
INSERT INTO People (PersonID, PersonName) VALUES (1015, 'Glen Hansard');
INSERT INTO People (PersonID, PersonName) VALUES (1016, 'Glenn Ford');
INSERT INTO People (PersonID, PersonName) VALUES (1017, 'Gloria Grahame');
INSERT INTO People (PersonID, PersonName) VALUES (1018, 'Gloria Stuart');
INSERT INTO People (PersonID, PersonName) VALUES (1019, 'Gloria Swanson');
INSERT INTO People (PersonID, PersonName) VALUES (1020, 'Glynis Johns');
INSERT INTO People (PersonID, PersonName) VALUES (1021, 'Godfrey Tearle');
INSERT INTO People (PersonID, PersonName) VALUES (1022, 'Golshifteh Farahani');
INSERT INTO People (PersonID, PersonName) VALUES (1023, 'Gong Li');
INSERT INTO People (PersonID, PersonName) VALUES (1024, 'Gore Verbinski');
INSERT INTO People (PersonID, PersonName) VALUES (1025, 'Gore Vidal');
INSERT INTO People (PersonID, PersonName) VALUES (1026, 'Gorô Naya');
INSERT INTO People (PersonID, PersonName) VALUES (1027, 'Goya Toledo');
INSERT INTO People (PersonID, PersonName) VALUES (1028, 'Grace Kelly');
INSERT INTO People (PersonID, PersonName) VALUES (1029, 'Graciela Tenenbaum');
INSERT INTO People (PersonID, PersonName) VALUES (1030, 'Gracy Singh');
INSERT INTO People (PersonID, PersonName) VALUES (1031, 'Graham Chapman');
INSERT INTO People (PersonID, PersonName) VALUES (1032, 'Graham Greene');
INSERT INTO People (PersonID, PersonName) VALUES (1033, 'Graham Norton');
INSERT INTO People (PersonID, PersonName) VALUES (1034, 'Greg Cruttwell');
INSERT INTO People (PersonID, PersonName) VALUES (1035, 'Greg Grunberg');
INSERT INTO People (PersonID, PersonName) VALUES (1036, 'Greg Kinnear');
INSERT INTO People (PersonID, PersonName) VALUES (1037, 'Gregg Araki');
INSERT INTO People (PersonID, PersonName) VALUES (1038, 'Gregory Hoblit');
INSERT INTO People (PersonID, PersonName) VALUES (1039, 'Gregory Peck');
INSERT INTO People (PersonID, PersonName) VALUES (1040, 'Greta Gerwig');
INSERT INTO People (PersonID, PersonName) VALUES (1041, 'Greta Schröder');
INSERT INTO People (PersonID, PersonName) VALUES (1042, 'Griffin Dunne');
INSERT INTO People (PersonID, PersonName) VALUES (1043, 'Grigoriy Aleksandrov');
INSERT INTO People (PersonID, PersonName) VALUES (1044, 'Groucho Marx');
INSERT INTO People (PersonID, PersonName) VALUES (1045, 'Guillaume Canet');
INSERT INTO People (PersonID, PersonName) VALUES (1046, 'Guillermo del Toro');
INSERT INTO People (PersonID, PersonName) VALUES (1047, 'Gunnar Björnstrand');
INSERT INTO People (PersonID, PersonName) VALUES (1048, 'Gunnel Lindblom');
INSERT INTO People (PersonID, PersonName) VALUES (1049, 'Gus Van Sant');
INSERT INTO People (PersonID, PersonName) VALUES (1050, 'Gustaf Skarsgård');
INSERT INTO People (PersonID, PersonName) VALUES (1051, 'Gustav Fröhlich');
INSERT INTO People (PersonID, PersonName) VALUES (1052, 'Gustav von Wangenheim');
INSERT INTO People (PersonID, PersonName) VALUES (1053, 'Guy Decomble');
INSERT INTO People (PersonID, PersonName) VALUES (1054, 'Guy Hamilton');
INSERT INTO People (PersonID, PersonName) VALUES (1055, 'Guy Pearce');
INSERT INTO People (PersonID, PersonName) VALUES (1056, 'Guy Ritchie');
INSERT INTO People (PersonID, PersonName) VALUES (1057, 'Guylaine Schlumberger');
INSERT INTO People (PersonID, PersonName) VALUES (1058, 'Gwen Eckhaus');
INSERT INTO People (PersonID, PersonName) VALUES (1059, 'Gwilym Lee');
INSERT INTO People (PersonID, PersonName) VALUES (1060, 'Gwyneth Paltrow');
INSERT INTO People (PersonID, PersonName) VALUES (1061, 'Gérard Jugnot');
INSERT INTO People (PersonID, PersonName) VALUES (1062, 'Günes Sensoy');
INSERT INTO People (PersonID, PersonName) VALUES (1063, 'Güven Kiraç');
INSERT INTO People (PersonID, PersonName) VALUES (1064, 'Haaz Sleiman');
INSERT INTO People (PersonID, PersonName) VALUES (1065, 'Hailee Steinfeld');
INSERT INTO People (PersonID, PersonName) VALUES (1066, 'Haing S. Ngor');
INSERT INTO People (PersonID, PersonName) VALUES (1067, 'Hal Ashby');
INSERT INTO People (PersonID, PersonName) VALUES (1068, 'Haley Joel Osment');
INSERT INTO People (PersonID, PersonName) VALUES (1069, 'Halina Gryglaszewska');
INSERT INTO People (PersonID, PersonName) VALUES (1070, 'Halina Reijn');
INSERT INTO People (PersonID, PersonName) VALUES (1071, 'Haluk Bilginer');
INSERT INTO People (PersonID, PersonName) VALUES (1072, 'Halvar Björk');
INSERT INTO People (PersonID, PersonName) VALUES (1073, 'Hannes Holm');
INSERT INTO People (PersonID, PersonName) VALUES (1074, 'Hanno Pöschl');
INSERT INTO People (PersonID, PersonName) VALUES (1075, 'Hardy Krüger');
INSERT INTO People (PersonID, PersonName) VALUES (1076, 'Harold Ramis');
INSERT INTO People (PersonID, PersonName) VALUES (1077, 'Harpo Marx');
INSERT INTO People (PersonID, PersonName) VALUES (1078, 'Harriet Andersson');
INSERT INTO People (PersonID, PersonName) VALUES (1079, 'Harrison Ford');
INSERT INTO People (PersonID, PersonName) VALUES (1080, 'Harry Connick Jr.');
INSERT INTO People (PersonID, PersonName) VALUES (1081, 'Harry Crocker');
INSERT INTO People (PersonID, PersonName) VALUES (1082, 'Harry Dean Stanton');
INSERT INTO People (PersonID, PersonName) VALUES (1083, 'Harry Guardino');
INSERT INTO People (PersonID, PersonName) VALUES (1084, 'Harry Myers');
INSERT INTO People (PersonID, PersonName) VALUES (1085, 'Harshaali Malhotra');
INSERT INTO People (PersonID, PersonName) VALUES (1086, 'Hartley Power');
INSERT INTO People (PersonID, PersonName) VALUES (1087, 'Haru Kuroki');
INSERT INTO People (PersonID, PersonName) VALUES (1088, 'Haruo Tanaka');
INSERT INTO People (PersonID, PersonName) VALUES (1089, 'Harvey Keitel');
INSERT INTO People (PersonID, PersonName) VALUES (1090, 'Harvey Korman');
INSERT INTO People (PersonID, PersonName) VALUES (1091, 'Haya Harareet');
INSERT INTO People (PersonID, PersonName) VALUES (1092, 'Hayao Miyazaki');
INSERT INTO People (PersonID, PersonName) VALUES (1093, 'Hayley Squires');
INSERT INTO People (PersonID, PersonName) VALUES (1094, 'Heath Ledger');
INSERT INTO People (PersonID, PersonName) VALUES (1095, 'Hector Elizondo');
INSERT INTO People (PersonID, PersonName) VALUES (1096, 'Hee Jae');
INSERT INTO People (PersonID, PersonName) VALUES (1097, 'Hee-won Kim');
INSERT INTO People (PersonID, PersonName) VALUES (1098, 'Helen Hunt');
INSERT INTO People (PersonID, PersonName) VALUES (1099, 'Helena Bonham Carter');
INSERT INTO People (PersonID, PersonName) VALUES (1100, 'Helena Rojo');
INSERT INTO People (PersonID, PersonName) VALUES (1101, 'Helmut Griem');
INSERT INTO People (PersonID, PersonName) VALUES (1102, 'Helmut Qualtinger');
INSERT INTO People (PersonID, PersonName) VALUES (1103, 'Hemendra Dandotiya');
INSERT INTO People (PersonID, PersonName) VALUES (1104, 'Henning Moritzen');
INSERT INTO People (PersonID, PersonName) VALUES (1105, 'Henri Serre');
INSERT INTO People (PersonID, PersonName) VALUES (1106, 'Henri-Georges Clouzot');
INSERT INTO People (PersonID, PersonName) VALUES (1107, 'Henri-Jacques Huet');
INSERT INTO People (PersonID, PersonName) VALUES (1108, 'Henrik Dahl');
INSERT INTO People (PersonID, PersonName) VALUES (1109, 'Henrik Lundström');
INSERT INTO People (PersonID, PersonName) VALUES (1110, 'Henry Bergman');
INSERT INTO People (PersonID, PersonName) VALUES (1111, 'Henry Cavill');
INSERT INTO People (PersonID, PersonName) VALUES (1112, 'Henry Fonda');
INSERT INTO People (PersonID, PersonName) VALUES (1113, 'Henry Koster');
INSERT INTO People (PersonID, PersonName) VALUES (1114, 'Henry Selick');
INSERT INTO People (PersonID, PersonName) VALUES (1115, 'Henry Thomas');
INSERT INTO People (PersonID, PersonName) VALUES (1116, 'Henry Travers');
INSERT INTO People (PersonID, PersonName) VALUES (1117, 'Herb Edelman');
INSERT INTO People (PersonID, PersonName) VALUES (1118, 'Herbert Grönemeyer');
INSERT INTO People (PersonID, PersonName) VALUES (1119, 'Herbert Knaup');
INSERT INTO People (PersonID, PersonName) VALUES (1120, 'Herbert Lom');
INSERT INTO People (PersonID, PersonName) VALUES (1121, 'Hiam Abbass');
INSERT INTO People (PersonID, PersonName) VALUES (1122, 'Hideaki Anno');
INSERT INTO People (PersonID, PersonName) VALUES (1123, 'Hidetoshi Nishijima');
INSERT INTO People (PersonID, PersonName) VALUES (1124, 'Hilary Swank');
INSERT INTO People (PersonID, PersonName) VALUES (1125, 'Hirokazu Koreeda');
INSERT INTO People (PersonID, PersonName) VALUES (1126, 'Hiromasa Yonebayashi');
INSERT INTO People (PersonID, PersonName) VALUES (1127, 'Hiroyuki Okiura');
INSERT INTO People (PersonID, PersonName) VALUES (1128, 'Hisako Kyôda');
INSERT INTO People (PersonID, PersonName) VALUES (1129, 'Hitoshi Takagi');
INSERT INTO People (PersonID, PersonName) VALUES (1130, 'Ho-jin Chun');
INSERT INTO People (PersonID, PersonName) VALUES (1131, 'Holly Hunter');
INSERT INTO People (PersonID, PersonName) VALUES (1132, 'Holmes Osborne');
INSERT INTO People (PersonID, PersonName) VALUES (1133, 'Hong-jin Na');
INSERT INTO People (PersonID, PersonName) VALUES (1134, 'Honor Blackman');
INSERT INTO People (PersonID, PersonName) VALUES (1135, 'Horacio Salinas');
INSERT INTO People (PersonID, PersonName) VALUES (1136, 'Howard Da Silva');
INSERT INTO People (PersonID, PersonName) VALUES (1137, 'Howard Hawks');
INSERT INTO People (PersonID, PersonName) VALUES (1138, 'Hrishikesh Mukherjee');
INSERT INTO People (PersonID, PersonName) VALUES (1139, 'Hrithik Roshan');
INSERT INTO People (PersonID, PersonName) VALUES (1140, 'Hubert Koundé');
INSERT INTO People (PersonID, PersonName) VALUES (1141, 'Hubertus Bengsch');
INSERT INTO People (PersonID, PersonName) VALUES (1142, 'Huck Milner');
INSERT INTO People (PersonID, PersonName) VALUES (1143, 'Hudhail Al-Amir');
INSERT INTO People (PersonID, PersonName) VALUES (1144, 'Hugh Bonneville');
INSERT INTO People (PersonID, PersonName) VALUES (1145, 'Hugh Grant');
INSERT INTO People (PersonID, PersonName) VALUES (1146, 'Hugh Jackman');
INSERT INTO People (PersonID, PersonName) VALUES (1147, 'Hugh Marlowe');
INSERT INTO People (PersonID, PersonName) VALUES (1148, 'Hugh Walsh');
INSERT INTO People (PersonID, PersonName) VALUES (1149, 'Hugh Welchman');
INSERT INTO People (PersonID, PersonName) VALUES (1150, 'Hugo Silva');
INSERT INTO People (PersonID, PersonName) VALUES (1151, 'Hugo Weaving');
INSERT INTO People (PersonID, PersonName) VALUES (1152, 'Humphrey Bogart');
INSERT INTO People (PersonID, PersonName) VALUES (1153, 'Husnija Hasimovic');
INSERT INTO People (PersonID, PersonName) VALUES (1154, 'Hye-ja Kim');
INSERT INTO People (PersonID, PersonName) VALUES (1155, 'Hyeong-jin Kong');
INSERT INTO People (PersonID, PersonName) VALUES (1156, 'Hyuk-ho Kwon');
INSERT INTO People (PersonID, PersonName) VALUES (1157, 'Hümeyra');
INSERT INTO People (PersonID, PersonName) VALUES (1158, 'Iain Rea');
INSERT INTO People (PersonID, PersonName) VALUES (1159, 'Ian Hart');
INSERT INTO People (PersonID, PersonName) VALUES (1160, 'Ian Hendry');
INSERT INTO People (PersonID, PersonName) VALUES (1161, 'Ian Holm');
INSERT INTO People (PersonID, PersonName) VALUES (1162, 'Ian McKellen');
INSERT INTO People (PersonID, PersonName) VALUES (1163, 'Ida Engvoll');
INSERT INTO People (PersonID, PersonName) VALUES (1164, 'Iemasa Kayumi');
INSERT INTO People (PersonID, PersonName) VALUES (1165, 'Ignat Daniltsev');
INSERT INTO People (PersonID, PersonName) VALUES (1166, 'Iko Uwais');
INSERT INTO People (PersonID, PersonName) VALUES (1167, 'Ileana D''Cruz');
INSERT INTO People (PersonID, PersonName) VALUES (1168, 'Ilker Kizmaz');
INSERT INTO People (PersonID, PersonName) VALUES (1169, 'Imelda Staunton');
INSERT INTO People (PersonID, PersonName) VALUES (1170, 'Imtiaz Ali');
INSERT INTO People (PersonID, PersonName) VALUES (1171, 'In-mun Kim');
INSERT INTO People (PersonID, PersonName) VALUES (1172, 'Indraneil Sengupta');
INSERT INTO People (PersonID, PersonName) VALUES (1173, 'Inge Landgut');
INSERT INTO People (PersonID, PersonName) VALUES (1174, 'Ingmar Bergman');
INSERT INTO People (PersonID, PersonName) VALUES (1175, 'Ingrid Bergman');
INSERT INTO People (PersonID, PersonName) VALUES (1176, 'Ingrid Thulin');
INSERT INTO People (PersonID, PersonName) VALUES (1177, 'Irandhir Santos');
INSERT INTO People (PersonID, PersonName) VALUES (1178, 'Irene Miracle');
INSERT INTO People (PersonID, PersonName) VALUES (1179, 'Irene Papas');
INSERT INTO People (PersonID, PersonName) VALUES (1180, 'Irrfan Khan');
INSERT INTO People (PersonID, PersonName) VALUES (1181, 'Irvin Kershner');
INSERT INTO People (PersonID, PersonName) VALUES (1182, 'Irving Metzman');
INSERT INTO People (PersonID, PersonName) VALUES (1183, 'Irène Jacob');
INSERT INTO People (PersonID, PersonName) VALUES (1184, 'Isa Danieli');
INSERT INTO People (PersonID, PersonName) VALUES (1185, 'Isaac Hayes');
INSERT INTO People (PersonID, PersonName) VALUES (1186, 'Isabella Rossellini');
INSERT INTO People (PersonID, PersonName) VALUES (1187, 'Isabelle Adjani');
INSERT INTO People (PersonID, PersonName) VALUES (1188, 'Isabelle Huppert');
INSERT INTO People (PersonID, PersonName) VALUES (1189, 'Isao Takahata');
INSERT INTO People (PersonID, PersonName) VALUES (1190, 'Ismail Hacioglu');
INSERT INTO People (PersonID, PersonName) VALUES (1191, 'Issey Takahashi');
INSERT INTO People (PersonID, PersonName) VALUES (1192, 'Isuzu Yamada');
INSERT INTO People (PersonID, PersonName) VALUES (1193, 'Ivan Bobrov');
INSERT INTO People (PersonID, PersonName) VALUES (1194, 'Ivan Dobronravov');
INSERT INTO People (PersonID, PersonName) VALUES (1195, 'Ivan Lapikov');
INSERT INTO People (PersonID, PersonName) VALUES (1196, 'Ivan Reitman');
INSERT INTO People (PersonID, PersonName) VALUES (1197, 'Ivana Baquero');
INSERT INTO People (PersonID, PersonName) VALUES (1198, 'Izabela Vidovic');
INSERT INTO People (PersonID, PersonName) VALUES (1199, 'J. Lee Thompson');
INSERT INTO People (PersonID, PersonName) VALUES (1200, 'J. Mackye Gruber');
INSERT INTO People (PersonID, PersonName) VALUES (1201, 'J.D. Cannon');
INSERT INTO People (PersonID, PersonName) VALUES (1202, 'J.J. Abrams');
INSERT INTO People (PersonID, PersonName) VALUES (1203, 'J.K. Simmons');
INSERT INTO People (PersonID, PersonName) VALUES (1204, 'J.T. Walsh');
INSERT INTO People (PersonID, PersonName) VALUES (1205, 'JB Blanc');
INSERT INTO People (PersonID, PersonName) VALUES (1206, 'Jack Albertson');
INSERT INTO People (PersonID, PersonName) VALUES (1207, 'Jack Benny');
INSERT INTO People (PersonID, PersonName) VALUES (1208, 'Jack Carson');
INSERT INTO People (PersonID, PersonName) VALUES (1209, 'Jack Clayton');
INSERT INTO People (PersonID, PersonName) VALUES (1210, 'Jack Hawkins');
INSERT INTO People (PersonID, PersonName) VALUES (1211, 'Jack Kehoe');
INSERT INTO People (PersonID, PersonName) VALUES (1212, 'Jack Lemmon');
INSERT INTO People (PersonID, PersonName) VALUES (1213, 'Jack McBrayer');
INSERT INTO People (PersonID, PersonName) VALUES (1214, 'Jack Nicholson');
INSERT INTO People (PersonID, PersonName) VALUES (1215, 'Jack Oakie');
INSERT INTO People (PersonID, PersonName) VALUES (1216, 'Jack Reynor');
INSERT INTO People (PersonID, PersonName) VALUES (1217, 'Jack Thibeau');
INSERT INTO People (PersonID, PersonName) VALUES (1218, 'Jack Warden');
INSERT INTO People (PersonID, PersonName) VALUES (1219, 'Jacki Weaver');
INSERT INTO People (PersonID, PersonName) VALUES (1220, 'Jackie Coogan');
INSERT INTO People (PersonID, PersonName) VALUES (1221, 'Jackie Earle Haley');
INSERT INTO People (PersonID, PersonName) VALUES (1222, 'Jackie Gleason');
INSERT INTO People (PersonID, PersonName) VALUES (1223, 'Jaco Van Dormael');
INSERT INTO People (PersonID, PersonName) VALUES (1224, 'Jacob Tremblay');
INSERT INTO People (PersonID, PersonName) VALUES (1225, 'Jacqueline Andere');
INSERT INTO People (PersonID, PersonName) VALUES (1226, 'Jacques Audiard');
INSERT INTO People (PersonID, PersonName) VALUES (1227, 'Jacques Tourneur');
INSERT INTO People (PersonID, PersonName) VALUES (1228, 'Jacques Villeret');
INSERT INTO People (PersonID, PersonName) VALUES (1229, 'Jaden Smith');
INSERT INTO People (PersonID, PersonName) VALUES (1230, 'Jae Head');
INSERT INTO People (PersonID, PersonName) VALUES (1231, 'Jae-ho Song');
INSERT INTO People (PersonID, PersonName) VALUES (1232, 'Jae-young Kwak');
INSERT INTO People (PersonID, PersonName) VALUES (1233, 'Jake Gyllenhaal');
INSERT INTO People (PersonID, PersonName) VALUES (1234, 'Jake Johnson');
INSERT INTO People (PersonID, PersonName) VALUES (1235, 'James Algar');
INSERT INTO People (PersonID, PersonName) VALUES (1236, 'James Booth');
INSERT INTO People (PersonID, PersonName) VALUES (1237, 'James Caan');
INSERT INTO People (PersonID, PersonName) VALUES (1238, 'James Cagney');
INSERT INTO People (PersonID, PersonName) VALUES (1239, 'James Cameron');
INSERT INTO People (PersonID, PersonName) VALUES (1240, 'James Coburn');
INSERT INTO People (PersonID, PersonName) VALUES (1241, 'James Cromwell');
INSERT INTO People (PersonID, PersonName) VALUES (1242, 'James Dean');
INSERT INTO People (PersonID, PersonName) VALUES (1243, 'James Doohan');
INSERT INTO People (PersonID, PersonName) VALUES (1244, 'James Earl Jones');
INSERT INTO People (PersonID, PersonName) VALUES (1245, 'James Fleet');
INSERT INTO People (PersonID, PersonName) VALUES (1246, 'James Foley');
INSERT INTO People (PersonID, PersonName) VALUES (1247, 'James Frawley');
INSERT INTO People (PersonID, PersonName) VALUES (1248, 'James Garner');
INSERT INTO People (PersonID, PersonName) VALUES (1249, 'James Gleason');
INSERT INTO People (PersonID, PersonName) VALUES (1250, 'James Gunn');
INSERT INTO People (PersonID, PersonName) VALUES (1251, 'James Ivory');
INSERT INTO People (PersonID, PersonName) VALUES (1252, 'James L. Brooks');
INSERT INTO People (PersonID, PersonName) VALUES (1253, 'James Laurenson');
INSERT INTO People (PersonID, PersonName) VALUES (1254, 'James Mangold');
INSERT INTO People (PersonID, PersonName) VALUES (1255, 'James Marsden');
INSERT INTO People (PersonID, PersonName) VALUES (1256, 'James Marsh');
INSERT INTO People (PersonID, PersonName) VALUES (1257, 'James Mason');
INSERT INTO People (PersonID, PersonName) VALUES (1258, 'James McAvoy');
INSERT INTO People (PersonID, PersonName) VALUES (1259, 'James McTeigue');
INSERT INTO People (PersonID, PersonName) VALUES (1260, 'James Rebhorn');
INSERT INTO People (PersonID, PersonName) VALUES (1261, 'James Remar');
INSERT INTO People (PersonID, PersonName) VALUES (1262, 'James Simone');
INSERT INTO People (PersonID, PersonName) VALUES (1263, 'James Stewart');
INSERT INTO People (PersonID, PersonName) VALUES (1264, 'James Wan');
INSERT INTO People (PersonID, PersonName) VALUES (1265, 'James Whale');
INSERT INTO People (PersonID, PersonName) VALUES (1266, 'James Woods');
INSERT INTO People (PersonID, PersonName) VALUES (1267, 'Jamie Bell');
INSERT INTO People (PersonID, PersonName) VALUES (1268, 'Jamie Chung');
INSERT INTO People (PersonID, PersonName) VALUES (1269, 'Jamie Draven');
INSERT INTO People (PersonID, PersonName) VALUES (1270, 'Jamie Foxx');
INSERT INTO People (PersonID, PersonName) VALUES (1271, 'Jamie Lee Curtis');
INSERT INTO People (PersonID, PersonName) VALUES (1272, 'Jan Cornet');
INSERT INTO People (PersonID, PersonName) VALUES (1273, 'Jan Josef Liefers');
INSERT INTO People (PersonID, PersonName) VALUES (1274, 'Jan Pinkava');
INSERT INTO People (PersonID, PersonName) VALUES (1275, 'Jan Sterling');
INSERT INTO People (PersonID, PersonName) VALUES (1276, 'Jane Adams');
INSERT INTO People (PersonID, PersonName) VALUES (1277, 'Jane Alexander');
INSERT INTO People (PersonID, PersonName) VALUES (1278, 'Jane Darwell');
INSERT INTO People (PersonID, PersonName) VALUES (1279, 'Jane Fonda');
INSERT INTO People (PersonID, PersonName) VALUES (1280, 'Jane Galloway Heitz');
INSERT INTO People (PersonID, PersonName) VALUES (1281, 'Jane Greer');
INSERT INTO People (PersonID, PersonName) VALUES (1282, 'Jane Lynch');
INSERT INTO People (PersonID, PersonName) VALUES (1283, 'Jane Wyman');
INSERT INTO People (PersonID, PersonName) VALUES (1284, 'Janelle Monáe');
INSERT INTO People (PersonID, PersonName) VALUES (1285, 'Janet Gaynor');
INSERT INTO People (PersonID, PersonName) VALUES (1286, 'Janet Leigh');
INSERT INTO People (PersonID, PersonName) VALUES (1287, 'Jang Dong-Gun');
INSERT INTO People (PersonID, PersonName) VALUES (1288, 'Janine Darcey');
INSERT INTO People (PersonID, PersonName) VALUES (1289, 'Janusz Gajos');
INSERT INTO People (PersonID, PersonName) VALUES (1290, 'Jared Bush');
INSERT INTO People (PersonID, PersonName) VALUES (1291, 'Jared Gilman');
INSERT INTO People (PersonID, PersonName) VALUES (1292, 'Jared Leto');
INSERT INTO People (PersonID, PersonName) VALUES (1293, 'Jason Bateman');
INSERT INTO People (PersonID, PersonName) VALUES (1294, 'Jason Cope');
INSERT INTO People (PersonID, PersonName) VALUES (1295, 'Jason Flemyng');
INSERT INTO People (PersonID, PersonName) VALUES (1296, 'Jason Lee');
INSERT INTO People (PersonID, PersonName) VALUES (1297, 'Jason London');
INSERT INTO People (PersonID, PersonName) VALUES (1298, 'Jason Mitchell');
INSERT INTO People (PersonID, PersonName) VALUES (1299, 'Jason Patric');
INSERT INTO People (PersonID, PersonName) VALUES (1300, 'Jason Robards');
INSERT INTO People (PersonID, PersonName) VALUES (1301, 'Jason Schwartzman');
INSERT INTO People (PersonID, PersonName) VALUES (1302, 'Jason Segel');
INSERT INTO People (PersonID, PersonName) VALUES (1303, 'Jason Statham');
INSERT INTO People (PersonID, PersonName) VALUES (1304, 'Javier Bardem');
INSERT INTO People (PersonID, PersonName) VALUES (1305, 'Javier Cámara');
INSERT INTO People (PersonID, PersonName) VALUES (1306, 'Jay Baruchel');
INSERT INTO People (PersonID, PersonName) VALUES (1307, 'Jay C. Flippen');
INSERT INTO People (PersonID, PersonName) VALUES (1308, 'Jaya Bachchan');
INSERT INTO People (PersonID, PersonName) VALUES (1309, 'Je-kyu Kang');
INSERT INTO People (PersonID, PersonName) VALUES (1310, 'Je-mun Yun');
INSERT INTO People (PersonID, PersonName) VALUES (1311, 'Jean Arthur');
INSERT INTO People (PersonID, PersonName) VALUES (1312, 'Jean Dujardin');
INSERT INTO People (PersonID, PersonName) VALUES (1313, 'Jean Gabin');
INSERT INTO People (PersonID, PersonName) VALUES (1314, 'Jean Heywood');
INSERT INTO People (PersonID, PersonName) VALUES (1315, 'Jean Martin');
INSERT INTO People (PersonID, PersonName) VALUES (1316, 'Jean Reno');
INSERT INTO People (PersonID, PersonName) VALUES (1317, 'Jean Renoir');
INSERT INTO People (PersonID, PersonName) VALUES (1318, 'Jean Seberg');
INSERT INTO People (PersonID, PersonName) VALUES (1319, 'Jean Servais');
INSERT INTO People (PersonID, PersonName) VALUES (1320, 'Jean Simmons');
INSERT INTO People (PersonID, PersonName) VALUES (1321, 'Jean Sorel');
INSERT INTO People (PersonID, PersonName) VALUES (1322, 'Jean Topart');
INSERT INTO People (PersonID, PersonName) VALUES (1323, 'Jean-Baptiste Maunier');
INSERT INTO People (PersonID, PersonName) VALUES (1324, 'Jean-Claude Donda');
INSERT INTO People (PersonID, PersonName) VALUES (1325, 'Jean-Jacques Annaud');
INSERT INTO People (PersonID, PersonName) VALUES (1326, 'Jean-Louis Trintignant');
INSERT INTO People (PersonID, PersonName) VALUES (1327, 'Jean-Luc Godard');
INSERT INTO People (PersonID, PersonName) VALUES (1328, 'Jean-Marc Barr');
INSERT INTO People (PersonID, PersonName) VALUES (1329, 'Jean-Marc Vallée');
INSERT INTO People (PersonID, PersonName) VALUES (1330, 'Jean-Paul Belmondo');
INSERT INTO People (PersonID, PersonName) VALUES (1331, 'Jean-Pierre Jeunet');
INSERT INTO People (PersonID, PersonName) VALUES (1332, 'Jean-Pierre Lorit');
INSERT INTO People (PersonID, PersonName) VALUES (1333, 'Jean-Pierre Léaud');
INSERT INTO People (PersonID, PersonName) VALUES (1334, 'Jean-Pierre Melville');
INSERT INTO People (PersonID, PersonName) VALUES (1335, 'Jeanne Bates');
INSERT INTO People (PersonID, PersonName) VALUES (1336, 'Jeanne Moreau');
INSERT INTO People (PersonID, PersonName) VALUES (1337, 'Jee-woon Kim');
INSERT INTO People (PersonID, PersonName) VALUES (1338, 'Jeethu Joseph');
INSERT INTO People (PersonID, PersonName) VALUES (1339, 'Jeff Anderson');
INSERT INTO People (PersonID, PersonName) VALUES (1340, 'Jeff Bridges');
INSERT INTO People (PersonID, PersonName) VALUES (1341, 'Jeff Cohen');
INSERT INTO People (PersonID, PersonName) VALUES (1342, 'Jeff Daniels');
INSERT INTO People (PersonID, PersonName) VALUES (1343, 'Jeff Garlin');
INSERT INTO People (PersonID, PersonName) VALUES (1344, 'Jeff Goldblum');
INSERT INTO People (PersonID, PersonName) VALUES (1345, 'Jeffrey Ho');
INSERT INTO People (PersonID, PersonName) VALUES (1346, 'Jeffrey Hunter');
INSERT INTO People (PersonID, PersonName) VALUES (1347, 'Jeffrey Jones');
INSERT INTO People (PersonID, PersonName) VALUES (1348, 'Jeffrey Wright');
INSERT INTO People (PersonID, PersonName) VALUES (1349, 'Jemaine Clement');
INSERT INTO People (PersonID, PersonName) VALUES (1350, 'Jena Malone');
INSERT INTO People (PersonID, PersonName) VALUES (1351, 'Jennifer Aniston');
INSERT INTO People (PersonID, PersonName) VALUES (1352, 'Jennifer Connelly');
INSERT INTO People (PersonID, PersonName) VALUES (1353, 'Jennifer Drake');
INSERT INTO People (PersonID, PersonName) VALUES (1354, 'Jennifer Garner');
INSERT INTO People (PersonID, PersonName) VALUES (1355, 'Jennifer Jason Leigh');
INSERT INTO People (PersonID, PersonName) VALUES (1356, 'Jennifer Lawrence');
INSERT INTO People (PersonID, PersonName) VALUES (1357, 'Jennifer Lien');
INSERT INTO People (PersonID, PersonName) VALUES (1358, 'Jennifer Morrison');
INSERT INTO People (PersonID, PersonName) VALUES (1359, 'Jennifer Saunders');
INSERT INTO People (PersonID, PersonName) VALUES (1360, 'Jennifer Ulrich');
INSERT INTO People (PersonID, PersonName) VALUES (1361, 'Jeon Gook-Hwan');
INSERT INTO People (PersonID, PersonName) VALUES (1362, 'Jeong-beom Lee');
INSERT INTO People (PersonID, PersonName) VALUES (1363, 'Jeremy Irons');
INSERT INTO People (PersonID, PersonName) VALUES (1364, 'Jeremy Renner');
INSERT INTO People (PersonID, PersonName) VALUES (1365, 'Jeremy Strong');
INSERT INTO People (PersonID, PersonName) VALUES (1366, 'Jerome Flynn');
INSERT INTO People (PersonID, PersonName) VALUES (1367, 'Jerry Lewis');
INSERT INTO People (PersonID, PersonName) VALUES (1368, 'Jerry Nelson');
INSERT INTO People (PersonID, PersonName) VALUES (1369, 'Jerry O''Connell');
INSERT INTO People (PersonID, PersonName) VALUES (1370, 'Jerry Zucker');
INSERT INTO People (PersonID, PersonName) VALUES (1371, 'Jerzy Stuhr');
INSERT INTO People (PersonID, PersonName) VALUES (1372, 'Jesse Borrego');
INSERT INTO People (PersonID, PersonName) VALUES (1373, 'Jesse Corti');
INSERT INTO People (PersonID, PersonName) VALUES (1374, 'Jesse Eisenberg');
INSERT INTO People (PersonID, PersonName) VALUES (1375, 'Jessica Biel');
INSERT INTO People (PersonID, PersonName) VALUES (1376, 'Jessica Chastain');
INSERT INTO People (PersonID, PersonName) VALUES (1377, 'Jessica Lange');
INSERT INTO People (PersonID, PersonName) VALUES (1378, 'Jessica Tandy');
INSERT INTO People (PersonID, PersonName) VALUES (1379, 'Jessie Nelson');
INSERT INTO People (PersonID, PersonName) VALUES (1380, 'Jessie Royce Landis');
INSERT INTO People (PersonID, PersonName) VALUES (1381, 'Jet Li');
INSERT INTO People (PersonID, PersonName) VALUES (1382, 'Ji-Eun Lim');
INSERT INTO People (PersonID, PersonName) VALUES (1383, 'Jim Abrahams');
INSERT INTO People (PersonID, PersonName) VALUES (1384, 'Jim Backus');
INSERT INTO People (PersonID, PersonName) VALUES (1385, 'Jim Carrey');
INSERT INTO People (PersonID, PersonName) VALUES (1386, 'Jim Caviezel');
INSERT INTO People (PersonID, PersonName) VALUES (1387, 'Jim Henson');
INSERT INTO People (PersonID, PersonName) VALUES (1388, 'Jim Jarmusch');
INSERT INTO People (PersonID, PersonName) VALUES (1389, 'Jim Kelly');
INSERT INTO People (PersonID, PersonName) VALUES (1390, 'Jim Sheridan');
INSERT INTO People (PersonID, PersonName) VALUES (1391, 'Jim Sturgess');
INSERT INTO People (PersonID, PersonName) VALUES (1392, 'Jim Varney');
INSERT INTO People (PersonID, PersonName) VALUES (1393, 'Jimmy Sheirgill');
INSERT INTO People (PersonID, PersonName) VALUES (1394, 'Jin Goo');
INSERT INTO People (PersonID, PersonName) VALUES (1395, 'Jin-mo Joo');
INSERT INTO People (PersonID, PersonName) VALUES (1396, 'Jingwu Ma');
INSERT INTO People (PersonID, PersonName) VALUES (1397, 'Jinpachi Nezu');
INSERT INTO People (PersonID, PersonName) VALUES (1398, 'Jo Hartley');
INSERT INTO People (PersonID, PersonName) VALUES (1399, 'Jo Van Fleet');
INSERT INTO People (PersonID, PersonName) VALUES (1400, 'Joan Allen');
INSERT INTO People (PersonID, PersonName) VALUES (1401, 'Joan Chen');
INSERT INTO People (PersonID, PersonName) VALUES (1402, 'Joan Crawford');
INSERT INTO People (PersonID, PersonName) VALUES (1403, 'Joan Cusack');
INSERT INTO People (PersonID, PersonName) VALUES (1404, 'Joan Fontaine');
INSERT INTO People (PersonID, PersonName) VALUES (1405, 'Joan Greenwood');
INSERT INTO People (PersonID, PersonName) VALUES (1406, 'Joanna Cassidy');
INSERT INTO People (PersonID, PersonName) VALUES (1407, 'Joanne Dru');
INSERT INTO People (PersonID, PersonName) VALUES (1408, 'Joaquin Phoenix');
INSERT INTO People (PersonID, PersonName) VALUES (1409, 'Jodi Benson');
INSERT INTO People (PersonID, PersonName) VALUES (1410, 'Jodie Foster');
INSERT INTO People (PersonID, PersonName) VALUES (1411, 'Joe Johnston');
INSERT INTO People (PersonID, PersonName) VALUES (1412, 'Joe Keaton');
INSERT INTO People (PersonID, PersonName) VALUES (1413, 'Joe Pantoliano');
INSERT INTO People (PersonID, PersonName) VALUES (1414, 'Joe Pesci');
INSERT INTO People (PersonID, PersonName) VALUES (1415, 'Joe Russo');
INSERT INTO People (PersonID, PersonName) VALUES (1416, 'Joe Wright');
INSERT INTO People (PersonID, PersonName) VALUES (1417, 'Joel Basman');
INSERT INTO People (PersonID, PersonName) VALUES (1418, 'Joel Coen');
INSERT INTO People (PersonID, PersonName) VALUES (1419, 'Joel Edgerton');
INSERT INTO People (PersonID, PersonName) VALUES (1420, 'Joel Grey');
INSERT INTO People (PersonID, PersonName) VALUES (1421, 'Joel Schumacher');
INSERT INTO People (PersonID, PersonName) VALUES (1422, 'Johan Heldenbergh');
INSERT INTO People (PersonID, PersonName) VALUES (1423, 'Johanna ter Steege');
INSERT INTO People (PersonID, PersonName) VALUES (1424, 'John Belushi');
INSERT INTO People (PersonID, PersonName) VALUES (1425, 'John Billingsley');
INSERT INTO People (PersonID, PersonName) VALUES (1426, 'John Boles');
INSERT INTO People (PersonID, PersonName) VALUES (1427, 'John Boorman');
INSERT INTO People (PersonID, PersonName) VALUES (1428, 'John Boyega');
INSERT INTO People (PersonID, PersonName) VALUES (1429, 'John Buckwalter');
INSERT INTO People (PersonID, PersonName) VALUES (1430, 'John C. Reilly');
INSERT INTO People (PersonID, PersonName) VALUES (1431, 'John Cameron Mitchell');
INSERT INTO People (PersonID, PersonName) VALUES (1432, 'John Candy');
INSERT INTO People (PersonID, PersonName) VALUES (1433, 'John Carney');
INSERT INTO People (PersonID, PersonName) VALUES (1434, 'John Carpenter');
INSERT INTO People (PersonID, PersonName) VALUES (1435, 'John Carradine');
INSERT INTO People (PersonID, PersonName) VALUES (1436, 'John Cassavetes');
INSERT INTO People (PersonID, PersonName) VALUES (1437, 'John Castle');
INSERT INTO People (PersonID, PersonName) VALUES (1438, 'John Cazale');
INSERT INTO People (PersonID, PersonName) VALUES (1439, 'John Cho');
INSERT INTO People (PersonID, PersonName) VALUES (1440, 'John Cleese');
INSERT INTO People (PersonID, PersonName) VALUES (1441, 'John Cusack');
INSERT INTO People (PersonID, PersonName) VALUES (1442, 'John Dall');
INSERT INTO People (PersonID, PersonName) VALUES (1443, 'John Fiedler');
INSERT INTO People (PersonID, PersonName) VALUES (1444, 'John Ford');
INSERT INTO People (PersonID, PersonName) VALUES (1445, 'John Frankenheimer');
INSERT INTO People (PersonID, PersonName) VALUES (1446, 'John Fraser');
INSERT INTO People (PersonID, PersonName) VALUES (1447, 'John G. Avildsen');
INSERT INTO People (PersonID, PersonName) VALUES (1448, 'John Gallagher Jr.');
INSERT INTO People (PersonID, PersonName) VALUES (1449, 'John Gavin');
INSERT INTO People (PersonID, PersonName) VALUES (1450, 'John Getz');
INSERT INTO People (PersonID, PersonName) VALUES (1451, 'John Gielgud');
INSERT INTO People (PersonID, PersonName) VALUES (1452, 'John Goodman');
INSERT INTO People (PersonID, PersonName) VALUES (1453, 'John Haycraft');
INSERT INTO People (PersonID, PersonName) VALUES (1454, 'John Heard');
INSERT INTO People (PersonID, PersonName) VALUES (1455, 'John Hillerman');
INSERT INTO People (PersonID, PersonName) VALUES (1456, 'John Hodgman');
INSERT INTO People (PersonID, PersonName) VALUES (1457, 'John Hodiak');
INSERT INTO People (PersonID, PersonName) VALUES (1458, 'John Hubley');
INSERT INTO People (PersonID, PersonName) VALUES (1459, 'John Hughes');
INSERT INTO People (PersonID, PersonName) VALUES (1460, 'John Hurt');
INSERT INTO People (PersonID, PersonName) VALUES (1461, 'John Huston');
INSERT INTO People (PersonID, PersonName) VALUES (1462, 'John Landis');
INSERT INTO People (PersonID, PersonName) VALUES (1463, 'John Lasseter');
INSERT INTO People (PersonID, PersonName) VALUES (1464, 'John Lee Hancock');
INSERT INTO People (PersonID, PersonName) VALUES (1465, 'John Leguizamo');
INSERT INTO People (PersonID, PersonName) VALUES (1466, 'John Lennon');
INSERT INTO People (PersonID, PersonName) VALUES (1467, 'John Lone');
INSERT INTO People (PersonID, PersonName) VALUES (1468, 'John Lurie');
INSERT INTO People (PersonID, PersonName) VALUES (1469, 'John Mahoney');
INSERT INTO People (PersonID, PersonName) VALUES (1470, 'John Malkovich');
INSERT INTO People (PersonID, PersonName) VALUES (1471, 'John Matthews');
INSERT INTO People (PersonID, PersonName) VALUES (1472, 'John McGiver');
INSERT INTO People (PersonID, PersonName) VALUES (1473, 'John McTiernan');
INSERT INTO People (PersonID, PersonName) VALUES (1474, 'John Megna');
INSERT INTO People (PersonID, PersonName) VALUES (1475, 'John Musker');
INSERT INTO People (PersonID, PersonName) VALUES (1476, 'John Payne');
INSERT INTO People (PersonID, PersonName) VALUES (1477, 'John Rafter Lee');
INSERT INTO People (PersonID, PersonName) VALUES (1478, 'John Randolph');
INSERT INTO People (PersonID, PersonName) VALUES (1479, 'John Ratzenberger');
INSERT INTO People (PersonID, PersonName) VALUES (1480, 'John Rhys-Davies');
INSERT INTO People (PersonID, PersonName) VALUES (1481, 'John Ridgely');
INSERT INTO People (PersonID, PersonName) VALUES (1482, 'John Ritter');
INSERT INTO People (PersonID, PersonName) VALUES (1483, 'John Roselius');
INSERT INTO People (PersonID, PersonName) VALUES (1484, 'John Savage');
INSERT INTO People (PersonID, PersonName) VALUES (1485, 'John Saxon');
INSERT INTO People (PersonID, PersonName) VALUES (1486, 'John Schlesinger');
INSERT INTO People (PersonID, PersonName) VALUES (1487, 'John Sharian');
INSERT INTO People (PersonID, PersonName) VALUES (1488, 'John Singleton');
INSERT INTO People (PersonID, PersonName) VALUES (1489, 'John Sturges');
INSERT INTO People (PersonID, PersonName) VALUES (1490, 'John Travolta');
INSERT INTO People (PersonID, PersonName) VALUES (1491, 'John Turturro');
INSERT INTO People (PersonID, PersonName) VALUES (1492, 'John Wayne');
INSERT INTO People (PersonID, PersonName) VALUES (1493, 'John Williams');
INSERT INTO People (PersonID, PersonName) VALUES (1494, 'John Woo');
INSERT INTO People (PersonID, PersonName) VALUES (1495, 'John Wray');
INSERT INTO People (PersonID, PersonName) VALUES (1496, 'Johnny Depp');
INSERT INTO People (PersonID, PersonName) VALUES (1497, 'Johnny Sekka');
INSERT INTO People (PersonID, PersonName) VALUES (1498, 'Jon Avnet');
INSERT INTO People (PersonID, PersonName) VALUES (1499, 'Jon Bernthal');
INSERT INTO People (PersonID, PersonName) VALUES (1500, 'Jon Favreau');
INSERT INTO People (PersonID, PersonName) VALUES (1501, 'Jon Hamm');
INSERT INTO People (PersonID, PersonName) VALUES (1502, 'Jon Lovitz');
INSERT INTO People (PersonID, PersonName) VALUES (1503, 'Jon Voight');
INSERT INTO People (PersonID, PersonName) VALUES (1504, 'Jonah Hill');
INSERT INTO People (PersonID, PersonName) VALUES (1505, 'Jonathan Dayton');
INSERT INTO People (PersonID, PersonName) VALUES (1506, 'Jonathan Demme');
INSERT INTO People (PersonID, PersonName) VALUES (1507, 'Jonathan Levine');
INSERT INTO People (PersonID, PersonName) VALUES (1508, 'Jonathan Lynn');
INSERT INTO People (PersonID, PersonName) VALUES (1509, 'Jonathan Pryce');
INSERT INTO People (PersonID, PersonName) VALUES (1510, 'Jonathan Rhys Meyers');
INSERT INTO People (PersonID, PersonName) VALUES (1511, 'Jong-ho Kim');
INSERT INTO People (PersonID, PersonName) VALUES (1512, 'Jonny Lee Miller');
INSERT INTO People (PersonID, PersonName) VALUES (1513, 'Jordan Nagai');
INSERT INTO People (PersonID, PersonName) VALUES (1514, 'Jordan Peele');
INSERT INTO People (PersonID, PersonName) VALUES (1515, 'Jose Coronado');
INSERT INTO People (PersonID, PersonName) VALUES (1516, 'Josef Altin');
INSERT INTO People (PersonID, PersonName) VALUES (1517, 'Joseph A. Carpenter');
INSERT INTO People (PersonID, PersonName) VALUES (1518, 'Joseph Calleia');
INSERT INTO People (PersonID, PersonName) VALUES (1519, 'Joseph Cotten');
INSERT INTO People (PersonID, PersonName) VALUES (1520, 'Joseph Fiennes');
INSERT INTO People (PersonID, PersonName) VALUES (1521, 'Joseph Gordon-Levitt');
INSERT INTO People (PersonID, PersonName) VALUES (1522, 'Joseph Kosinski');
INSERT INTO People (PersonID, PersonName) VALUES (1523, 'Joseph L. Mankiewicz');
INSERT INTO People (PersonID, PersonName) VALUES (1524, 'Joseph Lee');
INSERT INTO People (PersonID, PersonName) VALUES (1525, 'Joseph Melito');
INSERT INTO People (PersonID, PersonName) VALUES (1526, 'Joseph Sargent');
INSERT INTO People (PersonID, PersonName) VALUES (1527, 'Joseph Schildkraut');
INSERT INTO People (PersonID, PersonName) VALUES (1528, 'Josh Boone');
INSERT INTO People (PersonID, PersonName) VALUES (1529, 'Josh Brolin');
INSERT INTO People (PersonID, PersonName) VALUES (1530, 'Josh Charles');
INSERT INTO People (PersonID, PersonName) VALUES (1531, 'Josh Cooley');
INSERT INTO People (PersonID, PersonName) VALUES (1532, 'Josh Hartnett');
INSERT INTO People (PersonID, PersonName) VALUES (1533, 'Josh Lucas');
INSERT INTO People (PersonID, PersonName) VALUES (1534, 'Josh O''Connor');
INSERT INTO People (PersonID, PersonName) VALUES (1535, 'Joss Whedon');
INSERT INTO People (PersonID, PersonName) VALUES (1536, 'José Baviera');
INSERT INTO People (PersonID, PersonName) VALUES (1537, 'José Lewgoy');
INSERT INTO People (PersonID, PersonName) VALUES (1538, 'José Padilha');
INSERT INTO People (PersonID, PersonName) VALUES (1539, 'Joséphine Lebas-Joly');
INSERT INTO People (PersonID, PersonName) VALUES (1540, 'Joyce Carey');
INSERT INTO People (PersonID, PersonName) VALUES (1541, 'Juan Ferrara');
INSERT INTO People (PersonID, PersonName) VALUES (1542, 'Juan José Campanella');
INSERT INTO People (PersonID, PersonName) VALUES (1543, 'Judd Hirsch');
INSERT INTO People (PersonID, PersonName) VALUES (1544, 'Judd Nelson');
INSERT INTO People (PersonID, PersonName) VALUES (1545, 'Jude Law');
INSERT INTO People (PersonID, PersonName) VALUES (1546, 'Judi Dench');
INSERT INTO People (PersonID, PersonName) VALUES (1547, 'Judith Anderson');
INSERT INTO People (PersonID, PersonName) VALUES (1548, 'Judith O''Dea');
INSERT INTO People (PersonID, PersonName) VALUES (1549, 'Judy Davis');
INSERT INTO People (PersonID, PersonName) VALUES (1550, 'Jules Dassin');
INSERT INTO People (PersonID, PersonName) VALUES (1551, 'Julia Greer');
INSERT INTO People (PersonID, PersonName) VALUES (1552, 'Julia Jones');
INSERT INTO People (PersonID, PersonName) VALUES (1553, 'Julia Ormond');
INSERT INTO People (PersonID, PersonName) VALUES (1554, 'Julia Roberts');
INSERT INTO People (PersonID, PersonName) VALUES (1555, 'Julia Stiles');
INSERT INTO People (PersonID, PersonName) VALUES (1556, 'Julian Arahanga');
INSERT INTO People (PersonID, PersonName) VALUES (1557, 'Julian Dennison');
INSERT INTO People (PersonID, PersonName) VALUES (1558, 'Julian Sands');
INSERT INTO People (PersonID, PersonName) VALUES (1559, 'Julian Schnabel');
INSERT INTO People (PersonID, PersonName) VALUES (1560, 'Juliane Köhler');
INSERT INTO People (PersonID, PersonName) VALUES (1561, 'Julianne Moore');
INSERT INTO People (PersonID, PersonName) VALUES (1562, 'Julianne Nicholson');
INSERT INTO People (PersonID, PersonName) VALUES (1563, 'Julie Andrews');
INSERT INTO People (PersonID, PersonName) VALUES (1564, 'Julie Christie');
INSERT INTO People (PersonID, PersonName) VALUES (1565, 'Julie Delpy');
INSERT INTO People (PersonID, PersonName) VALUES (1566, 'Julie Hagerty');
INSERT INTO People (PersonID, PersonName) VALUES (1567, 'Julie Harris');
INSERT INTO People (PersonID, PersonName) VALUES (1568, 'Julie Kavner');
INSERT INTO People (PersonID, PersonName) VALUES (1569, 'Julie Walters');
INSERT INTO People (PersonID, PersonName) VALUES (1570, 'Juliette Binoche');
INSERT INTO People (PersonID, PersonName) VALUES (1571, 'Juliette Lewis');
INSERT INTO People (PersonID, PersonName) VALUES (1572, 'Juliette Mayniel');
INSERT INTO People (PersonID, PersonName) VALUES (1573, 'Jun Ji-Hyun');
INSERT INTO People (PersonID, PersonName) VALUES (1574, 'June Squibb');
INSERT INTO People (PersonID, PersonName) VALUES (1575, 'Jung-woo Ha');
INSERT INTO People (PersonID, PersonName) VALUES (1576, 'Junko Iwao');
INSERT INTO People (PersonID, PersonName) VALUES (1577, 'Justin Bartha');
INSERT INTO People (PersonID, PersonName) VALUES (1578, 'Justin Braine');
INSERT INTO People (PersonID, PersonName) VALUES (1579, 'Justin Henry');
INSERT INTO People (PersonID, PersonName) VALUES (1580, 'Justin Theroux');
INSERT INTO People (PersonID, PersonName) VALUES (1581, 'Justin Timberlake');
INSERT INTO People (PersonID, PersonName) VALUES (1582, 'Justine Waddell');
INSERT INTO People (PersonID, PersonName) VALUES (1583, 'Jyoti Malshe');
INSERT INTO People (PersonID, PersonName) VALUES (1584, 'Jürgen Prochnow');
INSERT INTO People (PersonID, PersonName) VALUES (1585, 'Jürgen Vogel');
INSERT INTO People (PersonID, PersonName) VALUES (1586, 'Jüri Järvet');
INSERT INTO People (PersonID, PersonName) VALUES (1587, 'Ka Tung Lam');
INSERT INTO People (PersonID, PersonName) VALUES (1588, 'Kabir Khan');
INSERT INTO People (PersonID, PersonName) VALUES (1589, 'Kad Merad');
INSERT INTO People (PersonID, PersonName) VALUES (1590, 'Kagiso Kuypers');
INSERT INTO People (PersonID, PersonName) VALUES (1591, 'Kaige Chen');
INSERT INTO People (PersonID, PersonName) VALUES (1592, 'Kaitlyn Dever');
INSERT INTO People (PersonID, PersonName) VALUES (1593, 'Kajol');
INSERT INTO People (PersonID, PersonName) VALUES (1594, 'Kalina Jedrusik');
INSERT INTO People (PersonID, PersonName) VALUES (1595, 'Kalki Koechlin');
INSERT INTO People (PersonID, PersonName) VALUES (1596, 'Kamatari Fujiwara');
INSERT INTO People (PersonID, PersonName) VALUES (1597, 'Kang Hye-jeong');
INSERT INTO People (PersonID, PersonName) VALUES (1598, 'Kang-ho Song');
INSERT INTO People (PersonID, PersonName) VALUES (1599, 'Kangana Ranaut');
INSERT INTO People (PersonID, PersonName) VALUES (1600, 'Kappei Yamaguchi');
INSERT INTO People (PersonID, PersonName) VALUES (1601, 'Kar-Wai Wong');
INSERT INTO People (PersonID, PersonName) VALUES (1602, 'Kara Hayward');
INSERT INTO People (PersonID, PersonName) VALUES (1603, 'Karan Johar');
INSERT INTO People (PersonID, PersonName) VALUES (1604, 'Kareena Kapoor');
INSERT INTO People (PersonID, PersonName) VALUES (1605, 'Karen Allen');
INSERT INTO People (PersonID, PersonName) VALUES (1606, 'Karen Morley');
INSERT INTO People (PersonID, PersonName) VALUES (1607, 'Kari Sylwan');
INSERT INTO People (PersonID, PersonName) VALUES (1608, 'Karina Arroyave');
INSERT INTO People (PersonID, PersonName) VALUES (1609, 'Karisma Kapoor');
INSERT INTO People (PersonID, PersonName) VALUES (1610, 'Karl Hardman');
INSERT INTO People (PersonID, PersonName) VALUES (1611, 'Karl Malden');
INSERT INTO People (PersonID, PersonName) VALUES (1612, 'Karlheinz Böhm');
INSERT INTO People (PersonID, PersonName) VALUES (1613, 'Kasi Lemmons');
INSERT INTO People (PersonID, PersonName) VALUES (1614, 'Kassie Wesley DePaiva');
INSERT INTO People (PersonID, PersonName) VALUES (1615, 'Kasumi Arimura');
INSERT INTO People (PersonID, PersonName) VALUES (1616, 'Kate Ashfield');
INSERT INTO People (PersonID, PersonName) VALUES (1617, 'Kate Hudson');
INSERT INTO People (PersonID, PersonName) VALUES (1618, 'Kate Mara');
INSERT INTO People (PersonID, PersonName) VALUES (1619, 'Kate Winslet');
INSERT INTO People (PersonID, PersonName) VALUES (1620, 'Katharine Hepburn');
INSERT INTO People (PersonID, PersonName) VALUES (1621, 'Katharine Houghton');
INSERT INTO People (PersonID, PersonName) VALUES (1622, 'Katharine Ross');
INSERT INTO People (PersonID, PersonName) VALUES (1623, 'Katherine Helmond');
INSERT INTO People (PersonID, PersonName) VALUES (1624, 'Kathryn McGuire');
INSERT INTO People (PersonID, PersonName) VALUES (1625, 'Kathy Bates');
INSERT INTO People (PersonID, PersonName) VALUES (1626, 'Katie A. Keane');
INSERT INTO People (PersonID, PersonName) VALUES (1627, 'Katrin Cartlidge');
INSERT INTO People (PersonID, PersonName) VALUES (1628, 'Katrin Saß');
INSERT INTO People (PersonID, PersonName) VALUES (1629, 'Katrina Kaif');
INSERT INTO People (PersonID, PersonName) VALUES (1630, 'Katsuhiro Ôtomo');
INSERT INTO People (PersonID, PersonName) VALUES (1631, 'Katsunosuke Hori');
INSERT INTO People (PersonID, PersonName) VALUES (1632, 'Kawsar Al Haddad');
INSERT INTO People (PersonID, PersonName) VALUES (1633, 'Kay Kay Menon');
INSERT INTO People (PersonID, PersonName) VALUES (1634, 'Kayoko Kishimoto');
INSERT INTO People (PersonID, PersonName) VALUES (1635, 'Kazuko Yoshiyuki');
INSERT INTO People (PersonID, PersonName) VALUES (1636, 'Kazunari Ninomiya');
INSERT INTO People (PersonID, PersonName) VALUES (1637, 'Kazuya Tsurumaki');
INSERT INTO People (PersonID, PersonName) VALUES (1638, 'Keanu Reeves');
INSERT INTO People (PersonID, PersonName) VALUES (1639, 'Keenan Wynn');
INSERT INTO People (PersonID, PersonName) VALUES (1640, 'Keiju Kobayashi');
INSERT INTO People (PersonID, PersonName) VALUES (1641, 'Keiko Tsushima');
INSERT INTO People (PersonID, PersonName) VALUES (1642, 'Keiko Yokozawa');
INSERT INTO People (PersonID, PersonName) VALUES (1643, 'Keir Dullea');
INSERT INTO People (PersonID, PersonName) VALUES (1644, 'Keira Knightley');
INSERT INTO People (PersonID, PersonName) VALUES (1645, 'Keith David');
INSERT INTO People (PersonID, PersonName) VALUES (1646, 'Kelsey Asbille');
INSERT INTO People (PersonID, PersonName) VALUES (1647, 'Kemp Powers');
INSERT INTO People (PersonID, PersonName) VALUES (1648, 'Ken Annakin');
INSERT INTO People (PersonID, PersonName) VALUES (1649, 'Ken Foree');
INSERT INTO People (PersonID, PersonName) VALUES (1650, 'Ken Leung');
INSERT INTO People (PersonID, PersonName) VALUES (1651, 'Ken Loach');
INSERT INTO People (PersonID, PersonName) VALUES (1652, 'Ken Stott');
INSERT INTO People (PersonID, PersonName) VALUES (1653, 'Ken Watanabe');
INSERT INTO People (PersonID, PersonName) VALUES (1654, 'Ken''ichi Hagiwara');
INSERT INTO People (PersonID, PersonName) VALUES (1655, 'Ken''ichi Matsuyama');
INSERT INTO People (PersonID, PersonName) VALUES (1656, 'Kenneth Branagh');
INSERT INTO People (PersonID, PersonName) VALUES (1657, 'Kenneth Lonergan');
INSERT INTO People (PersonID, PersonName) VALUES (1658, 'Kenshô Ono');
INSERT INTO People (PersonID, PersonName) VALUES (1659, 'Keri Russell');
INSERT INTO People (PersonID, PersonName) VALUES (1660, 'Kermit the Frog');
INSERT INTO People (PersonID, PersonName) VALUES (1661, 'Kerry Washington');
INSERT INTO People (PersonID, PersonName) VALUES (1662, 'Kevin Altieri');
INSERT INTO People (PersonID, PersonName) VALUES (1663, 'Kevin Bacon');
INSERT INTO People (PersonID, PersonName) VALUES (1664, 'Kevin Costner');
INSERT INTO People (PersonID, PersonName) VALUES (1665, 'Kevin Jarre');
INSERT INTO People (PersonID, PersonName) VALUES (1666, 'Kevin Macdonald');
INSERT INTO People (PersonID, PersonName) VALUES (1667, 'Kevin McCarthy');
INSERT INTO People (PersonID, PersonName) VALUES (1668, 'Kevin McKidd');
INSERT INTO People (PersonID, PersonName) VALUES (1669, 'Kevin Peter Hall');
INSERT INTO People (PersonID, PersonName) VALUES (1670, 'Kevin Reynolds');
INSERT INTO People (PersonID, PersonName) VALUES (1671, 'Kevin Smith');
INSERT INTO People (PersonID, PersonName) VALUES (1672, 'Kevin Spacey');
INSERT INTO People (PersonID, PersonName) VALUES (1673, 'Ki-duk Kim');
INSERT INTO People (PersonID, PersonName) VALUES (1674, 'Kiara Advani');
INSERT INTO People (PersonID, PersonName) VALUES (1675, 'Kiefer Sutherland');
INSERT INTO People (PersonID, PersonName) VALUES (1676, 'Kim Basinger');
INSERT INTO People (PersonID, PersonName) VALUES (1677, 'Kim Byeong-Ok');
INSERT INTO People (PersonID, PersonName) VALUES (1678, 'Kim Greist');
INSERT INTO People (PersonID, PersonName) VALUES (1679, 'Kim Hunter');
INSERT INTO People (PersonID, PersonName) VALUES (1680, 'Kim Min-hee');
INSERT INTO People (PersonID, PersonName) VALUES (1681, 'Kim Novak');
INSERT INTO People (PersonID, PersonName) VALUES (1682, 'Kim Sang-kyung');
INSERT INTO People (PersonID, PersonName) VALUES (1683, 'Kim Tae-Woo');
INSERT INTO People (PersonID, PersonName) VALUES (1684, 'Kim Uylenbroek');
INSERT INTO People (PersonID, PersonName) VALUES (1685, 'Kim Yoon-seok');
INSERT INTO People (PersonID, PersonName) VALUES (1686, 'Kim Young-Min');
INSERT INTO People (PersonID, PersonName) VALUES (1687, 'Kimberly Stringer');
INSERT INTO People (PersonID, PersonName) VALUES (1688, 'King Donovan');
INSERT INTO People (PersonID, PersonName) VALUES (1689, 'Kinji Fukasaku');
INSERT INTO People (PersonID, PersonName) VALUES (1690, 'Kirin Kiki');
INSERT INTO People (PersonID, PersonName) VALUES (1691, 'Kirk Acevedo');
INSERT INTO People (PersonID, PersonName) VALUES (1692, 'Kirk Douglas');
INSERT INTO People (PersonID, PersonName) VALUES (1693, 'Kirk Wise');
INSERT INTO People (PersonID, PersonName) VALUES (1694, 'Kirron Kher');
INSERT INTO People (PersonID, PersonName) VALUES (1695, 'Kirsten Dunst');
INSERT INTO People (PersonID, PersonName) VALUES (1696, 'Kirsten Sheridan');
INSERT INTO People (PersonID, PersonName) VALUES (1697, 'Kirti Kulhari');
INSERT INTO People (PersonID, PersonName) VALUES (1698, 'Kishori Ballal');
INSERT INTO People (PersonID, PersonName) VALUES (1699, 'Kiyoshi Kobayashi');
INSERT INTO People (PersonID, PersonName) VALUES (1700, 'Klaus Kinski');
INSERT INTO People (PersonID, PersonName) VALUES (1701, 'Klaus Wennemann');
INSERT INTO People (PersonID, PersonName) VALUES (1702, 'Kodi Smit-McPhee');
INSERT INTO People (PersonID, PersonName) VALUES (1703, 'Kong Chu');
INSERT INTO People (PersonID, PersonName) VALUES (1704, 'Konkona Sen Sharma');
INSERT INTO People (PersonID, PersonName) VALUES (1705, 'Konstantin Lavronenko');
INSERT INTO People (PersonID, PersonName) VALUES (1706, 'Kotoe Hatsui');
INSERT INTO People (PersonID, PersonName) VALUES (1707, 'Koyu Rankin');
INSERT INTO People (PersonID, PersonName) VALUES (1708, 'Kristen Wiig');
INSERT INTO People (PersonID, PersonName) VALUES (1709, 'Kristina Adolphson');
INSERT INTO People (PersonID, PersonName) VALUES (1710, 'Krzysztof Kieslowski');
INSERT INTO People (PersonID, PersonName) VALUES (1711, 'Kumud Mishra');
INSERT INTO People (PersonID, PersonName) VALUES (1712, 'Kurt Fuller');
INSERT INTO People (PersonID, PersonName) VALUES (1713, 'Kurt Russell');
INSERT INTO People (PersonID, PersonName) VALUES (1714, 'Kyle Chandler');
INSERT INTO People (PersonID, PersonName) VALUES (1715, 'Kyle MacLachlan');
INSERT INTO People (PersonID, PersonName) VALUES (1716, 'Kyung-jin Lee');
INSERT INTO People (PersonID, PersonName) VALUES (1717, 'Kyôko Kagawa');
INSERT INTO People (PersonID, PersonName) VALUES (1718, 'Kátia Lund');
INSERT INTO People (PersonID, PersonName) VALUES (1719, 'Kåre Hedebrant');
INSERT INTO People (PersonID, PersonName) VALUES (1720, 'Kôichi Yamadera');
INSERT INTO People (PersonID, PersonName) VALUES (1721, 'Lady Gaga');
INSERT INTO People (PersonID, PersonName) VALUES (1722, 'Laia Costa');
INSERT INTO People (PersonID, PersonName) VALUES (1723, 'Laila Robins');
INSERT INTO People (PersonID, PersonName) VALUES (1724, 'Lamberto Maggiorani');
INSERT INTO People (PersonID, PersonName) VALUES (1725, 'Lana Wachowski');
INSERT INTO People (PersonID, PersonName) VALUES (1726, 'Lance Henriksen');
INSERT INTO People (PersonID, PersonName) VALUES (1727, 'Lari White');
INSERT INTO People (PersonID, PersonName) VALUES (1728, 'Larry Gates');
INSERT INTO People (PersonID, PersonName) VALUES (1729, 'Lars Ranthe');
INSERT INTO People (PersonID, PersonName) VALUES (1730, 'Lars von Trier');
INSERT INTO People (PersonID, PersonName) VALUES (1731, 'Lasse Fogelstrøm');
INSERT INTO People (PersonID, PersonName) VALUES (1732, 'Lasse Hallström');
INSERT INTO People (PersonID, PersonName) VALUES (1733, 'Laura Dern');
INSERT INTO People (PersonID, PersonName) VALUES (1734, 'Laura Harring');
INSERT INTO People (PersonID, PersonName) VALUES (1735, 'Laura Linney');
INSERT INTO People (PersonID, PersonName) VALUES (1736, 'Laura Obiols');
INSERT INTO People (PersonID, PersonName) VALUES (1737, 'Laura Vasiliu');
INSERT INTO People (PersonID, PersonName) VALUES (1738, 'Lauren Bacall');
INSERT INTO People (PersonID, PersonName) VALUES (1739, 'Lauren Ridloff');
INSERT INTO People (PersonID, PersonName) VALUES (1740, 'Laurence Fishburne');
INSERT INTO People (PersonID, PersonName) VALUES (1741, 'Laurence Harvey');
INSERT INTO People (PersonID, PersonName) VALUES (1742, 'Laurence Olivier');
INSERT INTO People (PersonID, PersonName) VALUES (1743, 'Lawrence A. Bonney');
INSERT INTO People (PersonID, PersonName) VALUES (1744, 'Lazar Ristovski');
INSERT INTO People (PersonID, PersonName) VALUES (1745, 'Lea Massari');
INSERT INTO People (PersonID, PersonName) VALUES (1746, 'Lea Thompson');
INSERT INTO People (PersonID, PersonName) VALUES (1747, 'Leandro Firmino');
INSERT INTO People (PersonID, PersonName) VALUES (1748, 'Lee Byung-Hun');
INSERT INTO People (PersonID, PersonName) VALUES (1749, 'Lee Grant');
INSERT INTO People (PersonID, PersonName) VALUES (1750, 'Lee J. Cobb');
INSERT INTO People (PersonID, PersonName) VALUES (1751, 'Lee Marvin');
INSERT INTO People (PersonID, PersonName) VALUES (1752, 'Lee Pace');
INSERT INTO People (PersonID, PersonName) VALUES (1753, 'Lee Remick');
INSERT INTO People (PersonID, PersonName) VALUES (1754, 'Lee Sun-kyun');
INSERT INTO People (PersonID, PersonName) VALUES (1755, 'Lee Tamahori');
INSERT INTO People (PersonID, PersonName) VALUES (1756, 'Lee Unkrich');
INSERT INTO People (PersonID, PersonName) VALUES (1757, 'Lee Van Cleef');
INSERT INTO People (PersonID, PersonName) VALUES (1758, 'Lee Yeong-ae');
INSERT INTO People (PersonID, PersonName) VALUES (1759, 'Leigh Whannell');
INSERT INTO People (PersonID, PersonName) VALUES (1760, 'Leila Hatami');
INSERT INTO People (PersonID, PersonName) VALUES (1761, 'Leila Hyams');
INSERT INTO People (PersonID, PersonName) VALUES (1762, 'Leland Orser');
INSERT INTO People (PersonID, PersonName) VALUES (1763, 'Leland Palmer');
INSERT INTO People (PersonID, PersonName) VALUES (1764, 'Lembit Ulfsak');
INSERT INTO People (PersonID, PersonName) VALUES (1765, 'Lena Endre');
INSERT INTO People (PersonID, PersonName) VALUES (1766, 'Lena Headey');
INSERT INTO People (PersonID, PersonName) VALUES (1767, 'Lena Nyman');
INSERT INTO People (PersonID, PersonName) VALUES (1768, 'Lenny Abrahamson');
INSERT INTO People (PersonID, PersonName) VALUES (1769, 'Leo G. Carroll');
INSERT INTO People (PersonID, PersonName) VALUES (1770, 'Leo McCarey');
INSERT INTO People (PersonID, PersonName) VALUES (1771, 'Leo McKern');
INSERT INTO People (PersonID, PersonName) VALUES (1772, 'Leon Lai');
INSERT INTO People (PersonID, PersonName) VALUES (1773, 'Leonard Frey');
INSERT INTO People (PersonID, PersonName) VALUES (1774, 'Leonard Nimoy');
INSERT INTO People (PersonID, PersonName) VALUES (1775, 'Leonardo DiCaprio');
INSERT INTO People (PersonID, PersonName) VALUES (1776, 'Leonie Benesch');
INSERT INTO People (PersonID, PersonName) VALUES (1777, 'Leonor Watling');
INSERT INTO People (PersonID, PersonName) VALUES (1778, 'Lesley Sharp');
INSERT INTO People (PersonID, PersonName) VALUES (1779, 'Leslie Cheung');
INSERT INTO People (PersonID, PersonName) VALUES (1780, 'Leslie Nielsen');
INSERT INTO People (PersonID, PersonName) VALUES (1781, 'Leslie Odom Jr.');
INSERT INTO People (PersonID, PersonName) VALUES (1782, 'Levent Semerci');
INSERT INTO People (PersonID, PersonName) VALUES (1783, 'Lew Ayres');
INSERT INTO People (PersonID, PersonName) VALUES (1784, 'Lewis Black');
INSERT INTO People (PersonID, PersonName) VALUES (1785, 'Lewis Milestone');
INSERT INTO People (PersonID, PersonName) VALUES (1786, 'Li Sun');
INSERT INTO People (PersonID, PersonName) VALUES (1787, 'Liam Aiken');
INSERT INTO People (PersonID, PersonName) VALUES (1788, 'Liam Cunningham');
INSERT INTO People (PersonID, PersonName) VALUES (1789, 'Liam Neeson');
INSERT INTO People (PersonID, PersonName) VALUES (1790, 'Lianella Carell');
INSERT INTO People (PersonID, PersonName) VALUES (1791, 'Liesel Matthews');
INSERT INTO People (PersonID, PersonName) VALUES (1792, 'Liev Schreiber');
INSERT INTO People (PersonID, PersonName) VALUES (1793, 'Lil Dagover');
INSERT INTO People (PersonID, PersonName) VALUES (1794, 'Lillete Dubey');
INSERT INTO People (PersonID, PersonName) VALUES (1795, 'Lillian Gish');
INSERT INTO People (PersonID, PersonName) VALUES (1796, 'Lillo Brancato');
INSERT INTO People (PersonID, PersonName) VALUES (1797, 'Lilly Wachowski');
INSERT INTO People (PersonID, PersonName) VALUES (1798, 'Lily Franky');
INSERT INTO People (PersonID, PersonName) VALUES (1799, 'Lin-Manuel Miranda');
INSERT INTO People (PersonID, PersonName) VALUES (1800, 'Lina Leandersson');
INSERT INTO People (PersonID, PersonName) VALUES (1801, 'Linda Blair');
INSERT INTO People (PersonID, PersonName) VALUES (1802, 'Linda Cardellini');
INSERT INTO People (PersonID, PersonName) VALUES (1803, 'Linda Hamilton');
INSERT INTO People (PersonID, PersonName) VALUES (1804, 'Linda Larkin');
INSERT INTO People (PersonID, PersonName) VALUES (1805, 'Linda Manz');
INSERT INTO People (PersonID, PersonName) VALUES (1806, 'Linda Zilliacus');
INSERT INTO People (PersonID, PersonName) VALUES (1807, 'Lindsay Duncan');
INSERT INTO People (PersonID, PersonName) VALUES (1808, 'Linh Dan Pham');
INSERT INTO People (PersonID, PersonName) VALUES (1809, 'Lionel Barrymore');
INSERT INTO People (PersonID, PersonName) VALUES (1810, 'Lisa Hannigan');
INSERT INTO People (PersonID, PersonName) VALUES (1811, 'Lisa Haydon');
INSERT INTO People (PersonID, PersonName) VALUES (1812, 'Lisa Spoonauer');
INSERT INTO People (PersonID, PersonName) VALUES (1813, 'Lisanne Falk');
INSERT INTO People (PersonID, PersonName) VALUES (1814, 'Liubomiras Laucevicius');
INSERT INTO People (PersonID, PersonName) VALUES (1815, 'Liv Ullmann');
INSERT INTO People (PersonID, PersonName) VALUES (1816, 'Liza Minnelli');
INSERT INTO People (PersonID, PersonName) VALUES (1817, 'Ljubica Adzovic');
INSERT INTO People (PersonID, PersonName) VALUES (1818, 'Lloyd Avery II');
INSERT INTO People (PersonID, PersonName) VALUES (1819, 'Lloyd Bridges');
INSERT INTO People (PersonID, PersonName) VALUES (1820, 'Logan Lerman');
INSERT INTO People (PersonID, PersonName) VALUES (1821, 'Lola Dueñas');
INSERT INTO People (PersonID, PersonName) VALUES (1822, 'Lorelei Linklater');
INSERT INTO People (PersonID, PersonName) VALUES (1823, 'Lorella Cravotta');
INSERT INTO People (PersonID, PersonName) VALUES (1824, 'Lori Martin');
INSERT INTO People (PersonID, PersonName) VALUES (1825, 'Lorraine Bracco');
INSERT INTO People (PersonID, PersonName) VALUES (1826, 'Lorraine Gary');
INSERT INTO People (PersonID, PersonName) VALUES (1827, 'Lou Romano');
INSERT INTO People (PersonID, PersonName) VALUES (1828, 'Louis Calhern');
INSERT INTO People (PersonID, PersonName) VALUES (1829, 'Louis Eppolito');
INSERT INTO People (PersonID, PersonName) VALUES (1830, 'Louis Hofmann');
INSERT INTO People (PersonID, PersonName) VALUES (1831, 'Louis Malle');
INSERT INTO People (PersonID, PersonName) VALUES (1832, 'Louis Prima');
INSERT INTO People (PersonID, PersonName) VALUES (1833, 'Louis Wolheim');
INSERT INTO People (PersonID, PersonName) VALUES (1834, 'Louise Fletcher');
INSERT INTO People (PersonID, PersonName) VALUES (1835, 'Louise Lemoine Torrès');
INSERT INTO People (PersonID, PersonName) VALUES (1836, 'Loveleen Tandan');
INSERT INTO People (PersonID, PersonName) VALUES (1837, 'Lubna Azabal');
INSERT INTO People (PersonID, PersonName) VALUES (1838, 'Luc Besson');
INSERT INTO People (PersonID, PersonName) VALUES (1839, 'Luca Guadagnino');
INSERT INTO People (PersonID, PersonName) VALUES (1840, 'Lucas Hedges');
INSERT INTO People (PersonID, PersonName) VALUES (1841, 'Lucie Mannheim');
INSERT INTO People (PersonID, PersonName) VALUES (1842, 'Lucy Boynton');
INSERT INTO People (PersonID, PersonName) VALUES (1843, 'Lucy Davis');
INSERT INTO People (PersonID, PersonName) VALUES (1844, 'Lucy Liu');
INSERT INTO People (PersonID, PersonName) VALUES (1845, 'Luis Buñuel');
INSERT INTO People (PersonID, PersonName) VALUES (1846, 'Luis Guzmán');
INSERT INTO People (PersonID, PersonName) VALUES (1847, 'Luis Tosar');
INSERT INTO People (PersonID, PersonName) VALUES (1848, 'Lukas Moodysson');
INSERT INTO People (PersonID, PersonName) VALUES (1849, 'Luke Bracey');
INSERT INTO People (PersonID, PersonName) VALUES (1850, 'Luàna Bajrami');
INSERT INTO People (PersonID, PersonName) VALUES (1851, 'Lydia Wilson');
INSERT INTO People (PersonID, PersonName) VALUES (1852, 'Lyubov Agapova');
INSERT INTO People (PersonID, PersonName) VALUES (1853, 'Léa Seydoux');
INSERT INTO People (PersonID, PersonName) VALUES (1854, 'M. Night Shyamalan');
INSERT INTO People (PersonID, PersonName) VALUES (1855, 'Mabel Rivera');
INSERT INTO People (PersonID, PersonName) VALUES (1856, 'Macaulay Culkin');
INSERT INTO People (PersonID, PersonName) VALUES (1857, 'Macdonald Carey');
INSERT INTO People (PersonID, PersonName) VALUES (1858, 'Machiko Kyô');
INSERT INTO People (PersonID, PersonName) VALUES (1859, 'Mack Swain');
INSERT INTO People (PersonID, PersonName) VALUES (1860, 'Mackenzie Foy');
INSERT INTO People (PersonID, PersonName) VALUES (1861, 'Madeleine Carroll');
INSERT INTO People (PersonID, PersonName) VALUES (1862, 'Madeleine Stowe');
INSERT INTO People (PersonID, PersonName) VALUES (1863, 'Madeline Carroll');
INSERT INTO People (PersonID, PersonName) VALUES (1864, 'Madeline Kahn');
INSERT INTO People (PersonID, PersonName) VALUES (1865, 'Madhavan');
INSERT INTO People (PersonID, PersonName) VALUES (1866, 'Mads Mikkelsen');
INSERT INTO People (PersonID, PersonName) VALUES (1867, 'Mae Clarke');
INSERT INTO People (PersonID, PersonName) VALUES (1868, 'Magali Noël');
INSERT INTO People (PersonID, PersonName) VALUES (1869, 'Maggie Cheung');
INSERT INTO People (PersonID, PersonName) VALUES (1870, 'Maggie Grace');
INSERT INTO People (PersonID, PersonName) VALUES (1871, 'Maggie Smith');
INSERT INTO People (PersonID, PersonName) VALUES (1872, 'Magnus Millang');
INSERT INTO People (PersonID, PersonName) VALUES (1873, 'Mahershala Ali');
INSERT INTO People (PersonID, PersonName) VALUES (1874, 'Mahesh Manjrekar');
INSERT INTO People (PersonID, PersonName) VALUES (1875, 'Mahie Gill');
INSERT INTO People (PersonID, PersonName) VALUES (1876, 'Mahito Tsujimura');
INSERT INTO People (PersonID, PersonName) VALUES (1877, 'Majid Majidi');
INSERT INTO People (PersonID, PersonName) VALUES (1878, 'Makio Inoue');
INSERT INTO People (PersonID, PersonName) VALUES (1879, 'Makoto Shinkai');
INSERT INTO People (PersonID, PersonName) VALUES (1880, 'Malcolm McDowell');
INSERT INTO People (PersonID, PersonName) VALUES (1881, 'Malin Akerman');
INSERT INTO People (PersonID, PersonName) VALUES (1882, 'Mamaengaroa Kerr-Bell');
INSERT INTO People (PersonID, PersonName) VALUES (1883, 'Mami Koyama');
INSERT INTO People (PersonID, PersonName) VALUES (1884, 'Mamoru Hosoda');
INSERT INTO People (PersonID, PersonName) VALUES (1885, 'Mamoru Oshii');
INSERT INTO People (PersonID, PersonName) VALUES (1886, 'Mandy Moore');
INSERT INTO People (PersonID, PersonName) VALUES (1887, 'Mandy Patinkin');
INSERT INTO People (PersonID, PersonName) VALUES (1888, 'Manjot Singh');
INSERT INTO People (PersonID, PersonName) VALUES (1889, 'Manoj Bajpayee');
INSERT INTO People (PersonID, PersonName) VALUES (1890, 'Manuel Morón');
INSERT INTO People (PersonID, PersonName) VALUES (1891, 'Mara Krupp');
INSERT INTO People (PersonID, PersonName) VALUES (1892, 'Marc Caro');
INSERT INTO People (PersonID, PersonName) VALUES (1893, 'Marc Forster');
INSERT INTO People (PersonID, PersonName) VALUES (1894, 'Marc Webb');
INSERT INTO People (PersonID, PersonName) VALUES (1895, 'Marc-André Grondin');
INSERT INTO People (PersonID, PersonName) VALUES (1896, 'Marcel Dalio');
INSERT INTO People (PersonID, PersonName) VALUES (1897, 'Marcello Mastroianni');
INSERT INTO People (PersonID, PersonName) VALUES (1898, 'Marcia Gay Harden');
INSERT INTO People (PersonID, PersonName) VALUES (1899, 'Marco Giallini');
INSERT INTO People (PersonID, PersonName) VALUES (1900, 'Mare Winningham');
INSERT INTO People (PersonID, PersonName) VALUES (1901, 'Margaret Avery');
INSERT INTO People (PersonID, PersonName) VALUES (1902, 'Margaret Livingston');
INSERT INTO People (PersonID, PersonName) VALUES (1903, 'Margaret Lockwood');
INSERT INTO People (PersonID, PersonName) VALUES (1904, 'Margaret Sullavan');
INSERT INTO People (PersonID, PersonName) VALUES (1905, 'Margaret Wycherly');
INSERT INTO People (PersonID, PersonName) VALUES (1906, 'Margaretha Krook');
INSERT INTO People (PersonID, PersonName) VALUES (1907, 'Margarita Terekhova');
INSERT INTO People (PersonID, PersonName) VALUES (1908, 'Margot Robbie');
INSERT INTO People (PersonID, PersonName) VALUES (1909, 'Maria Doyle Kennedy');
INSERT INTO People (PersonID, PersonName) VALUES (1910, 'Maria Falconetti');
INSERT INTO People (PersonID, PersonName) VALUES (1911, 'Maria Grazia Cucinotta');
INSERT INTO People (PersonID, PersonName) VALUES (1912, 'Maria Monti');
INSERT INTO People (PersonID, PersonName) VALUES (1913, 'Marianne Koch');
INSERT INTO People (PersonID, PersonName) VALUES (1914, 'Maribel Verdú');
INSERT INTO People (PersonID, PersonName) VALUES (1915, 'Marie-Josée Croze');
INSERT INTO People (PersonID, PersonName) VALUES (1916, 'Marie-Laure Dougnac');
INSERT INTO People (PersonID, PersonName) VALUES (1917, 'Mariel Hemingway');
INSERT INTO People (PersonID, PersonName) VALUES (1918, 'Marilyn Eastman');
INSERT INTO People (PersonID, PersonName) VALUES (1919, 'Marilyn Ghigliotti');
INSERT INTO People (PersonID, PersonName) VALUES (1920, 'Marilyn Monroe');
INSERT INTO People (PersonID, PersonName) VALUES (1921, 'Marina Vasileva');
INSERT INTO People (PersonID, PersonName) VALUES (1922, 'Marina de Tavira');
INSERT INTO People (PersonID, PersonName) VALUES (1923, 'Mario Casas');
INSERT INTO People (PersonID, PersonName) VALUES (1924, 'Marion Cotillard');
INSERT INTO People (PersonID, PersonName) VALUES (1925, 'Marion Mack');
INSERT INTO People (PersonID, PersonName) VALUES (1926, 'Marisa Berenson');
INSERT INTO People (PersonID, PersonName) VALUES (1927, 'Marisa Paredes');
INSERT INTO People (PersonID, PersonName) VALUES (1928, 'Marisa Tomei');
INSERT INTO People (PersonID, PersonName) VALUES (1929, 'Marius Goring');
INSERT INTO People (PersonID, PersonName) VALUES (1930, 'Marjane Satrapi');
INSERT INTO People (PersonID, PersonName) VALUES (1931, 'Mark Boone Junior');
INSERT INTO People (PersonID, PersonName) VALUES (1932, 'Mark Hamill');
INSERT INTO People (PersonID, PersonName) VALUES (1933, 'Mark Herman');
INSERT INTO People (PersonID, PersonName) VALUES (1934, 'Mark Margolis');
INSERT INTO People (PersonID, PersonName) VALUES (1935, 'Mark Osborne');
INSERT INTO People (PersonID, PersonName) VALUES (1936, 'Mark Ruffalo');
INSERT INTO People (PersonID, PersonName) VALUES (1937, 'Mark Rydell');
INSERT INTO People (PersonID, PersonName) VALUES (1938, 'Mark Rylance');
INSERT INTO People (PersonID, PersonName) VALUES (1939, 'Mark Strong');
INSERT INTO People (PersonID, PersonName) VALUES (1940, 'Mark Wahlberg');
INSERT INTO People (PersonID, PersonName) VALUES (1941, 'Markus Rygaard');
INSERT INTO People (PersonID, PersonName) VALUES (1942, 'Markéta Irglová');
INSERT INTO People (PersonID, PersonName) VALUES (1943, 'Marlene Dietrich');
INSERT INTO People (PersonID, PersonName) VALUES (1944, 'Marlon Brando');
INSERT INTO People (PersonID, PersonName) VALUES (1945, 'Marlon Wayans');
INSERT INTO People (PersonID, PersonName) VALUES (1946, 'Martha Vickers');
INSERT INTO People (PersonID, PersonName) VALUES (1947, 'Martin Balsam');
INSERT INTO People (PersonID, PersonName) VALUES (1948, 'Martin Brest');
INSERT INTO People (PersonID, PersonName) VALUES (1949, 'Martin Campbell');
INSERT INTO People (PersonID, PersonName) VALUES (1950, 'Martin Freeman');
INSERT INTO People (PersonID, PersonName) VALUES (1951, 'Martin Landau');
INSERT INTO People (PersonID, PersonName) VALUES (1952, 'Martin McDonagh');
INSERT INTO People (PersonID, PersonName) VALUES (1953, 'Martin Milner');
INSERT INTO People (PersonID, PersonName) VALUES (1954, 'Martin Rosen');
INSERT INTO People (PersonID, PersonName) VALUES (1955, 'Martin Scorsese');
INSERT INTO People (PersonID, PersonName) VALUES (1956, 'Martin Sheen');
INSERT INTO People (PersonID, PersonName) VALUES (1957, 'Martin Stringer');
INSERT INTO People (PersonID, PersonName) VALUES (1958, 'Martin Zandvliet');
INSERT INTO People (PersonID, PersonName) VALUES (1959, 'Martina Gedeck');
INSERT INTO People (PersonID, PersonName) VALUES (1960, 'Marty Feldman');
INSERT INTO People (PersonID, PersonName) VALUES (1961, 'Mary Astor');
INSERT INTO People (PersonID, PersonName) VALUES (1962, 'Mary Elizabeth Mastrantonio');
INSERT INTO People (PersonID, PersonName) VALUES (1963, 'Mary Harron');
INSERT INTO People (PersonID, PersonName) VALUES (1964, 'Mary Kay Bergman');
INSERT INTO People (PersonID, PersonName) VALUES (1965, 'Mary McDonnell');
INSERT INTO People (PersonID, PersonName) VALUES (1966, 'Mary Steenburgen');
INSERT INTO People (PersonID, PersonName) VALUES (1967, 'Mary Stuart Masterson');
INSERT INTO People (PersonID, PersonName) VALUES (1968, 'Mary Tyler Moore');
INSERT INTO People (PersonID, PersonName) VALUES (1969, 'Mary Ure');
INSERT INTO People (PersonID, PersonName) VALUES (1970, 'Mary-Louise Parker');
INSERT INTO People (PersonID, PersonName) VALUES (1971, 'Maryana Spivak');
INSERT INTO People (PersonID, PersonName) VALUES (1972, 'María Marull');
INSERT INTO People (PersonID, PersonName) VALUES (1973, 'María Mercedes Villagra');
INSERT INTO People (PersonID, PersonName) VALUES (1974, 'Marília Pêra');
INSERT INTO People (PersonID, PersonName) VALUES (1975, 'Masaaki Ôkura');
INSERT INTO People (PersonID, PersonName) VALUES (1976, 'Masahiko Nishimura');
INSERT INTO People (PersonID, PersonName) VALUES (1977, 'Masahiro Motoki');
INSERT INTO People (PersonID, PersonName) VALUES (1978, 'Masaki Kobayashi');
INSERT INTO People (PersonID, PersonName) VALUES (1979, 'Masaki Okada');
INSERT INTO People (PersonID, PersonName) VALUES (1980, 'Masayuki Mori');
INSERT INTO People (PersonID, PersonName) VALUES (1981, 'Massimo Troisi');
INSERT INTO People (PersonID, PersonName) VALUES (1982, 'Matheus Nachtergaele');
INSERT INTO People (PersonID, PersonName) VALUES (1983, 'Mathieu Amalric');
INSERT INTO People (PersonID, PersonName) VALUES (1984, 'Mathieu Kassovitz');
INSERT INTO People (PersonID, PersonName) VALUES (1985, 'Matt Damon');
INSERT INTO People (PersonID, PersonName) VALUES (1986, 'Matt Reeves');
INSERT INTO People (PersonID, PersonName) VALUES (1987, 'Matt Ross');
INSERT INTO People (PersonID, PersonName) VALUES (1988, 'Matt Stone');
INSERT INTO People (PersonID, PersonName) VALUES (1989, 'Matthew Broderick');
INSERT INTO People (PersonID, PersonName) VALUES (1990, 'Matthew Edison');
INSERT INTO People (PersonID, PersonName) VALUES (1991, 'Matthew Goode');
INSERT INTO People (PersonID, PersonName) VALUES (1992, 'Matthew Macfadyen');
INSERT INTO People (PersonID, PersonName) VALUES (1993, 'Matthew McConaughey');
INSERT INTO People (PersonID, PersonName) VALUES (1994, 'Matthew Modine');
INSERT INTO People (PersonID, PersonName) VALUES (1995, 'Matthew Vaughn');
INSERT INTO People (PersonID, PersonName) VALUES (1996, 'Matthew Warchus');
INSERT INTO People (PersonID, PersonName) VALUES (1997, 'Matvey Novikov');
INSERT INTO People (PersonID, PersonName) VALUES (1998, 'Maureen O''Hara');
INSERT INTO People (PersonID, PersonName) VALUES (1999, 'Maureen O''Sullivan');
INSERT INTO People (PersonID, PersonName) VALUES (2000, 'Maurice Evans');
INSERT INTO People (PersonID, PersonName) VALUES (2001, 'Maurice Schutz');
INSERT INTO People (PersonID, PersonName) VALUES (2002, 'Max Phipps');
INSERT INTO People (PersonID, PersonName) VALUES (2003, 'Max Riemelt');
INSERT INTO People (PersonID, PersonName) VALUES (2004, 'Max Schreck');
INSERT INTO People (PersonID, PersonName) VALUES (2005, 'Max von Sydow');
INSERT INTO People (PersonID, PersonName) VALUES (2006, 'Maxim Gaudette');
INSERT INTO People (PersonID, PersonName) VALUES (2007, 'Maxine Audley');
INSERT INTO People (PersonID, PersonName) VALUES (2008, 'May Whitty');
INSERT INTO People (PersonID, PersonName) VALUES (2009, 'Mayu Matsuoka');
INSERT INTO People (PersonID, PersonName) VALUES (2010, 'Mayumi Izuka');
INSERT INTO People (PersonID, PersonName) VALUES (2011, 'Mayumi Tanaka');
INSERT INTO People (PersonID, PersonName) VALUES (2012, 'Mckenna Grace');
INSERT INTO People (PersonID, PersonName) VALUES (2013, 'Meat Loaf');
INSERT INTO People (PersonID, PersonName) VALUES (2014, 'Meena');
INSERT INTO People (PersonID, PersonName) VALUES (2015, 'Meg Ryan');
INSERT INTO People (PersonID, PersonName) VALUES (2016, 'Meghna Gulzar');
INSERT INTO People (PersonID, PersonName) VALUES (2017, 'Megs Jenkins');
INSERT INTO People (PersonID, PersonName) VALUES (2018, 'Megumi Hayashibara');
INSERT INTO People (PersonID, PersonName) VALUES (2019, 'Megumi Ogata');
INSERT INTO People (PersonID, PersonName) VALUES (2020, 'Mehdi Nebbou');
INSERT INTO People (PersonID, PersonName) VALUES (2021, 'Mehmet Ada Öztekin');
INSERT INTO People (PersonID, PersonName) VALUES (2022, 'Mel Brooks');
INSERT INTO People (PersonID, PersonName) VALUES (2023, 'Mel Gibson');
INSERT INTO People (PersonID, PersonName) VALUES (2024, 'Mel Stuart');
INSERT INTO People (PersonID, PersonName) VALUES (2025, 'Melinda Dillon');
INSERT INTO People (PersonID, PersonName) VALUES (2026, 'Melisa Sözen');
INSERT INTO People (PersonID, PersonName) VALUES (2027, 'Melissa Benoist');
INSERT INTO People (PersonID, PersonName) VALUES (2028, 'Melissa Leo');
INSERT INTO People (PersonID, PersonName) VALUES (2029, 'Melora Walters');
INSERT INTO People (PersonID, PersonName) VALUES (2030, 'Melvyn Douglas');
INSERT INTO People (PersonID, PersonName) VALUES (2031, 'Mercedes Morán');
INSERT INTO People (PersonID, PersonName) VALUES (2032, 'Merian C. Cooper');
INSERT INTO People (PersonID, PersonName) VALUES (2033, 'Merila Zare''i');
INSERT INTO People (PersonID, PersonName) VALUES (2034, 'Merna Kennedy');
INSERT INTO People (PersonID, PersonName) VALUES (2035, 'Mervyn LeRoy');
INSERT INTO People (PersonID, PersonName) VALUES (2036, 'Meryl Streep');
INSERT INTO People (PersonID, PersonName) VALUES (2037, 'Mete Horozoglu');
INSERT INTO People (PersonID, PersonName) VALUES (2038, 'Mia Farrow');
INSERT INTO People (PersonID, PersonName) VALUES (2039, 'Mia Sara');
INSERT INTO People (PersonID, PersonName) VALUES (2040, 'Michael Ansara');
INSERT INTO People (PersonID, PersonName) VALUES (2041, 'Michael B. Jordan');
INSERT INTO People (PersonID, PersonName) VALUES (2042, 'Michael Bates');
INSERT INTO People (PersonID, PersonName) VALUES (2043, 'Michael Beck');
INSERT INTO People (PersonID, PersonName) VALUES (2044, 'Michael Berryman');
INSERT INTO People (PersonID, PersonName) VALUES (2045, 'Michael Biehn');
INSERT INTO People (PersonID, PersonName) VALUES (2046, 'Michael Caine');
INSERT INTO People (PersonID, PersonName) VALUES (2047, 'Michael Cimino');
INSERT INTO People (PersonID, PersonName) VALUES (2048, 'Michael Clarke Duncan');
INSERT INTO People (PersonID, PersonName) VALUES (2049, 'Michael Curtiz');
INSERT INTO People (PersonID, PersonName) VALUES (2050, 'Michael Douglas');
INSERT INTO People (PersonID, PersonName) VALUES (2051, 'Michael Ealy');
INSERT INTO People (PersonID, PersonName) VALUES (2052, 'Michael Fassbender');
INSERT INTO People (PersonID, PersonName) VALUES (2053, 'Michael Gambon');
INSERT INTO People (PersonID, PersonName) VALUES (2054, 'Michael Haneke');
INSERT INTO People (PersonID, PersonName) VALUES (2055, 'Michael J. Fox');
INSERT INTO People (PersonID, PersonName) VALUES (2056, 'Michael J. Pollard');
INSERT INTO People (PersonID, PersonName) VALUES (2057, 'Michael Keaton');
INSERT INTO People (PersonID, PersonName) VALUES (2058, 'Michael Kenneth Williams');
INSERT INTO People (PersonID, PersonName) VALUES (2059, 'Michael Lee Gogin');
INSERT INTO People (PersonID, PersonName) VALUES (2060, 'Michael Madsen');
INSERT INTO People (PersonID, PersonName) VALUES (2061, 'Michael Mann');
INSERT INTO People (PersonID, PersonName) VALUES (2062, 'Michael McKean');
INSERT INTO People (PersonID, PersonName) VALUES (2063, 'Michael Murphy');
INSERT INTO People (PersonID, PersonName) VALUES (2064, 'Michael Nyqvist');
INSERT INTO People (PersonID, PersonName) VALUES (2065, 'Michael Palin');
INSERT INTO People (PersonID, PersonName) VALUES (2066, 'Michael Peña');
INSERT INTO People (PersonID, PersonName) VALUES (2067, 'Michael Powell');
INSERT INTO People (PersonID, PersonName) VALUES (2068, 'Michael Preston');
INSERT INTO People (PersonID, PersonName) VALUES (2069, 'Michael Radford');
INSERT INTO People (PersonID, PersonName) VALUES (2070, 'Michael Redgrave');
INSERT INTO People (PersonID, PersonName) VALUES (2071, 'Michael Rennie');
INSERT INTO People (PersonID, PersonName) VALUES (2072, 'Michael Schwartz');
INSERT INTO People (PersonID, PersonName) VALUES (2073, 'Michael Sheen');
INSERT INTO People (PersonID, PersonName) VALUES (2074, 'Michael Strong');
INSERT INTO People (PersonID, PersonName) VALUES (2075, 'Michael Stuhlbarg');
INSERT INTO People (PersonID, PersonName) VALUES (2076, 'Michael York');
INSERT INTO People (PersonID, PersonName) VALUES (2077, 'Michel Auclair');
INSERT INTO People (PersonID, PersonName) VALUES (2078, 'Michel Côté');
INSERT INTO People (PersonID, PersonName) VALUES (2079, 'Michel Gondry');
INSERT INTO People (PersonID, PersonName) VALUES (2080, 'Michel Hazanavicius');
INSERT INTO People (PersonID, PersonName) VALUES (2081, 'Michel Piccoli');
INSERT INTO People (PersonID, PersonName) VALUES (2082, 'Michel Robin');
INSERT INTO People (PersonID, PersonName) VALUES (2083, 'Michelangelo Antonioni');
INSERT INTO People (PersonID, PersonName) VALUES (2084, 'Michelle Dockery');
INSERT INTO People (PersonID, PersonName) VALUES (2085, 'Michelle La');
INSERT INTO People (PersonID, PersonName) VALUES (2086, 'Michelle Monaghan');
INSERT INTO People (PersonID, PersonName) VALUES (2087, 'Michelle Pfeiffer');
INSERT INTO People (PersonID, PersonName) VALUES (2088, 'Michelle Reis');
INSERT INTO People (PersonID, PersonName) VALUES (2089, 'Michelle Rodriguez');
INSERT INTO People (PersonID, PersonName) VALUES (2090, 'Michelle Williams');
INSERT INTO People (PersonID, PersonName) VALUES (2091, 'Michelle Yeoh');
INSERT INTO People (PersonID, PersonName) VALUES (2092, 'Michèle Caucheteux');
INSERT INTO People (PersonID, PersonName) VALUES (2093, 'Mick Lally');
INSERT INTO People (PersonID, PersonName) VALUES (2094, 'Mickey Rourke');
INSERT INTO People (PersonID, PersonName) VALUES (2095, 'Miguel Ángel Fuentes');
INSERT INTO People (PersonID, PersonName) VALUES (2096, 'Mikael Håfström');
INSERT INTO People (PersonID, PersonName) VALUES (2097, 'Mikael Persbrandt');
INSERT INTO People (PersonID, PersonName) VALUES (2098, 'Mike Judge');
INSERT INTO People (PersonID, PersonName) VALUES (2099, 'Mike Leigh');
INSERT INTO People (PersonID, PersonName) VALUES (2100, 'Mike Myers');
INSERT INTO People (PersonID, PersonName) VALUES (2101, 'Mike Newell');
INSERT INTO People (PersonID, PersonName) VALUES (2102, 'Mike Nichols');
INSERT INTO People (PersonID, PersonName) VALUES (2103, 'Mike Vitar');
INSERT INTO People (PersonID, PersonName) VALUES (2104, 'Miki Imai');
INSERT INTO People (PersonID, PersonName) VALUES (2105, 'Mikkel Boe Følsgaard');
INSERT INTO People (PersonID, PersonName) VALUES (2106, 'Mila Kunis');
INSERT INTO People (PersonID, PersonName) VALUES (2107, 'Mila Parély');
INSERT INTO People (PersonID, PersonName) VALUES (2108, 'Miles Teller');
INSERT INTO People (PersonID, PersonName) VALUES (2109, 'Milhem Cortaz');
INSERT INTO People (PersonID, PersonName) VALUES (2110, 'Milla Jovovich');
INSERT INTO People (PersonID, PersonName) VALUES (2111, 'Milos Forman');
INSERT INTO People (PersonID, PersonName) VALUES (2112, 'Mina Sadati');
INSERT INTO People (PersonID, PersonName) VALUES (2113, 'Minami Takayama');
INSERT INTO People (PersonID, PersonName) VALUES (2114, 'Ming-Na Wen');
INSERT INTO People (PersonID, PersonName) VALUES (2115, 'Minori Terada');
INSERT INTO People (PersonID, PersonName) VALUES (2116, 'Minoru Chiaki');
INSERT INTO People (PersonID, PersonName) VALUES (2117, 'Miori Takimoto');
INSERT INTO People (PersonID, PersonName) VALUES (2118, 'Mirai Shida');
INSERT INTO People (PersonID, PersonName) VALUES (2119, 'Miranda Richardson');
INSERT INTO People (PersonID, PersonName) VALUES (2120, 'Miriam Shor');
INSERT INTO People (PersonID, PersonName) VALUES (2121, 'Mirjana Jokovic');
INSERT INTO People (PersonID, PersonName) VALUES (2122, 'Misa Uehara');
INSERT INTO People (PersonID, PersonName) VALUES (2123, 'Misha Meskhi');
INSERT INTO People (PersonID, PersonName) VALUES (2124, 'Miss Piggy');
INSERT INTO People (PersonID, PersonName) VALUES (2125, 'Mitchell Ryan');
INSERT INTO People (PersonID, PersonName) VALUES (2126, 'Mitchell Whitfield');
INSERT INTO People (PersonID, PersonName) VALUES (2127, 'Mithun Chakraborty');
INSERT INTO People (PersonID, PersonName) VALUES (2128, 'Mitsuo Iwata');
INSERT INTO People (PersonID, PersonName) VALUES (2129, 'Mitsutaka Itakura');
INSERT INTO People (PersonID, PersonName) VALUES (2130, 'Miyu Irino');
INSERT INTO People (PersonID, PersonName) VALUES (2131, 'Mohammad Amir Naji');
INSERT INTO People (PersonID, PersonName) VALUES (2132, 'Mohanlal');
INSERT INTO People (PersonID, PersonName) VALUES (2133, 'Mohit Raina');
INSERT INTO People (PersonID, PersonName) VALUES (2134, 'Moira Shearer');
INSERT INTO People (PersonID, PersonName) VALUES (2135, 'Molly Picon');
INSERT INTO People (PersonID, PersonName) VALUES (2136, 'Molly Ringwald');
INSERT INTO People (PersonID, PersonName) VALUES (2137, 'Mona Singh');
INSERT INTO People (PersonID, PersonName) VALUES (2138, 'Mone Kamishiraishi');
INSERT INTO People (PersonID, PersonName) VALUES (2139, 'Monica Viegas');
INSERT INTO People (PersonID, PersonName) VALUES (2140, 'Monica Vitti');
INSERT INTO People (PersonID, PersonName) VALUES (2141, 'Montgomery Clift');
INSERT INTO People (PersonID, PersonName) VALUES (2142, 'Moon So-Ri');
INSERT INTO People (PersonID, PersonName) VALUES (2143, 'Morena Baccarin');
INSERT INTO People (PersonID, PersonName) VALUES (2144, 'Morgan Freeman');
INSERT INTO People (PersonID, PersonName) VALUES (2145, 'Moritz Bleibtreu');
INSERT INTO People (PersonID, PersonName) VALUES (2146, 'Morten Tyldum');
INSERT INTO People (PersonID, PersonName) VALUES (2147, 'Moustapha Akkad');
INSERT INTO People (PersonID, PersonName) VALUES (2148, 'Muhammet Uzuner');
INSERT INTO People (PersonID, PersonName) VALUES (2149, 'Mukesh Chhabra');
INSERT INTO People (PersonID, PersonName) VALUES (2150, 'Mustafa Kamel');
INSERT INTO People (PersonID, PersonName) VALUES (2151, 'Myrna Loy');
INSERT INTO People (PersonID, PersonName) VALUES (2152, 'Mélanie Laurent');
INSERT INTO People (PersonID, PersonName) VALUES (2153, 'Mélanie Thierry');
INSERT INTO People (PersonID, PersonName) VALUES (2154, 'Mélissa Désormeaux-Poulin');
INSERT INTO People (PersonID, PersonName) VALUES (2155, 'Mía Maestro');
INSERT INTO People (PersonID, PersonName) VALUES (2156, 'Mónica Villa');
INSERT INTO People (PersonID, PersonName) VALUES (2157, 'Nadine Labaki');
INSERT INTO People (PersonID, PersonName) VALUES (2158, 'Nafise Jafar-Mohammadi');
INSERT INTO People (PersonID, PersonName) VALUES (2159, 'Nakul Roshan Sahdev');
INSERT INTO People (PersonID, PersonName) VALUES (2160, 'Nanako Matsushima');
INSERT INTO People (PersonID, PersonName) VALUES (2161, 'Nancy Kyes');
INSERT INTO People (PersonID, PersonName) VALUES (2162, 'Nancy Olson');
INSERT INTO People (PersonID, PersonName) VALUES (2163, 'Naoko Yamada');
INSERT INTO People (PersonID, PersonName) VALUES (2164, 'Naomi Watts');
INSERT INTO People (PersonID, PersonName) VALUES (2165, 'Naomie Harris');
INSERT INTO People (PersonID, PersonName) VALUES (2166, 'Nargis Fakhri');
INSERT INTO People (PersonID, PersonName) VALUES (2167, 'Naseeruddin Shah');
INSERT INTO People (PersonID, PersonName) VALUES (2168, 'Nastassja Kinski');
INSERT INTO People (PersonID, PersonName) VALUES (2169, 'Nat Pendleton');
INSERT INTO People (PersonID, PersonName) VALUES (2170, 'Nat Wolff');
INSERT INTO People (PersonID, PersonName) VALUES (2171, 'Natalie Dessay');
INSERT INTO People (PersonID, PersonName) VALUES (2172, 'Natalie Portman');
INSERT INTO People (PersonID, PersonName) VALUES (2173, 'Natalie Wood');
INSERT INTO People (PersonID, PersonName) VALUES (2174, 'Nataliya Vdovina');
INSERT INTO People (PersonID, PersonName) VALUES (2175, 'Natalya Bondarchuk');
INSERT INTO People (PersonID, PersonName) VALUES (2176, 'Nathalie Boltt');
INSERT INTO People (PersonID, PersonName) VALUES (2177, 'Nathalie Delon');
INSERT INTO People (PersonID, PersonName) VALUES (2178, 'Nathan Fillion');
INSERT INTO People (PersonID, PersonName) VALUES (2179, 'Nathan Greno');
INSERT INTO People (PersonID, PersonName) VALUES (2180, 'Nawazuddin Siddiqui');
INSERT INTO People (PersonID, PersonName) VALUES (2181, 'Ned Beatty');
INSERT INTO People (PersonID, PersonName) VALUES (2182, 'Neena Gupta');
INSERT INTO People (PersonID, PersonName) VALUES (2183, 'Neeraj Kabi');
INSERT INTO People (PersonID, PersonName) VALUES (2184, 'Neeraj Pandey');
INSERT INTO People (PersonID, PersonName) VALUES (2185, 'Neeral Mulchandani');
INSERT INTO People (PersonID, PersonName) VALUES (2186, 'Neil Brown Jr.');
INSERT INTO People (PersonID, PersonName) VALUES (2187, 'Neil Burger');
INSERT INTO People (PersonID, PersonName) VALUES (2188, 'Neil Patrick Harris');
INSERT INTO People (PersonID, PersonName) VALUES (2189, 'Neill Blomkamp');
INSERT INTO People (PersonID, PersonName) VALUES (2190, 'Nell Cattrysse');
INSERT INTO People (PersonID, PersonName) VALUES (2191, 'Nicholas Hoult');
INSERT INTO People (PersonID, PersonName) VALUES (2192, 'Nicholas Meyer');
INSERT INTO People (PersonID, PersonName) VALUES (2193, 'Nicholas Ray');
INSERT INTO People (PersonID, PersonName) VALUES (2194, 'Nick Cassavetes');
INSERT INTO People (PersonID, PersonName) VALUES (2195, 'Nick Frost');
INSERT INTO People (PersonID, PersonName) VALUES (2196, 'Nick Moran');
INSERT INTO People (PersonID, PersonName) VALUES (2197, 'Nick Nolte');
INSERT INTO People (PersonID, PersonName) VALUES (2198, 'Nick Offerman');
INSERT INTO People (PersonID, PersonName) VALUES (2199, 'Nicolas Bro');
INSERT INTO People (PersonID, PersonName) VALUES (2200, 'Nicolas Cage');
INSERT INTO People (PersonID, PersonName) VALUES (2201, 'Nicolas Winding Refn');
INSERT INTO People (PersonID, PersonName) VALUES (2202, 'Nicole Kidman');
INSERT INTO People (PersonID, PersonName) VALUES (2203, 'Nicoletta Braschi');
INSERT INTO People (PersonID, PersonName) VALUES (2204, 'Niels Arden Oplev');
INSERT INTO People (PersonID, PersonName) VALUES (2205, 'Niels Arestrup');
INSERT INTO People (PersonID, PersonName) VALUES (2206, 'Nigel Havers');
INSERT INTO People (PersonID, PersonName) VALUES (2207, 'Nikkhil Advani');
INSERT INTO People (PersonID, PersonName) VALUES (2208, 'Nikolay Burlyaev');
INSERT INTO People (PersonID, PersonName) VALUES (2209, 'Nikolay Grinko');
INSERT INTO People (PersonID, PersonName) VALUES (2210, 'Nikolay Sergeev');
INSERT INTO People (PersonID, PersonName) VALUES (2211, 'Nils Poppe');
INSERT INTO People (PersonID, PersonName) VALUES (2212, 'Nimrat Kaur');
INSERT INTO People (PersonID, PersonName) VALUES (2213, 'Nina Petri');
INSERT INTO People (PersonID, PersonName) VALUES (2214, 'Nina van Pallandt');
INSERT INTO People (PersonID, PersonName) VALUES (2215, 'Nisa Sofiya Aksongur');
INSERT INTO People (PersonID, PersonName) VALUES (2216, 'Nishikant Kamat');
INSERT INTO People (PersonID, PersonName) VALUES (2217, 'Nitesh Tiwari');
INSERT INTO People (PersonID, PersonName) VALUES (2218, 'Noah Baumbach');
INSERT INTO People (PersonID, PersonName) VALUES (2219, 'Noah Emmerich');
INSERT INTO People (PersonID, PersonName) VALUES (2220, 'Nobuo Kaneko');
INSERT INTO People (PersonID, PersonName) VALUES (2221, 'Noomi Rapace');
INSERT INTO People (PersonID, PersonName) VALUES (2222, 'Nora Gregor');
INSERT INTO People (PersonID, PersonName) VALUES (2223, 'Nora Twomey');
INSERT INTO People (PersonID, PersonName) VALUES (2224, 'Nora-Jane Noone');
INSERT INTO People (PersonID, PersonName) VALUES (2225, 'Noriko Hidaka');
INSERT INTO People (PersonID, PersonName) VALUES (2226, 'Norma Crane');
INSERT INTO People (PersonID, PersonName) VALUES (2227, 'Norman Ferguson');
INSERT INTO People (PersonID, PersonName) VALUES (2228, 'Norman Jewison');
INSERT INTO People (PersonID, PersonName) VALUES (2229, 'Norman Reedus');
INSERT INTO People (PersonID, PersonName) VALUES (2230, 'Norman Taurog');
INSERT INTO People (PersonID, PersonName) VALUES (2231, 'Nozomu Sasaki');
INSERT INTO People (PersonID, PersonName) VALUES (2232, 'Noémie Merlant');
INSERT INTO People (PersonID, PersonName) VALUES (2233, 'Nurgül Yesilçay');
INSERT INTO People (PersonID, PersonName) VALUES (2234, 'Nuri Bilge Ceylan');
INSERT INTO People (PersonID, PersonName) VALUES (2235, 'Nursel Köse');
INSERT INTO People (PersonID, PersonName) VALUES (2236, 'O''Shea Jackson Jr.');
INSERT INTO People (PersonID, PersonName) VALUES (2237, 'O.J. Simpson');
INSERT INTO People (PersonID, PersonName) VALUES (2238, 'Octavia Spencer');
INSERT INTO People (PersonID, PersonName) VALUES (2239, 'Oka Antara');
INSERT INTO People (PersonID, PersonName) VALUES (2240, 'Oksana Akinshina');
INSERT INTO People (PersonID, PersonName) VALUES (2241, 'Oleg Yankovskiy');
INSERT INTO People (PersonID, PersonName) VALUES (2242, 'Olga Baclanova');
INSERT INTO People (PersonID, PersonName) VALUES (2243, 'Olga Mironova');
INSERT INTO People (PersonID, PersonName) VALUES (2244, 'Oliver Hirschbiegel');
INSERT INTO People (PersonID, PersonName) VALUES (2245, 'Oliver Reed');
INSERT INTO People (PersonID, PersonName) VALUES (2246, 'Oliver Stokowski');
INSERT INTO People (PersonID, PersonName) VALUES (2247, 'Oliver Stone');
INSERT INTO People (PersonID, PersonName) VALUES (2248, 'Olivia Cooke');
INSERT INTO People (PersonID, PersonName) VALUES (2249, 'Olivia Wilde');
INSERT INTO People (PersonID, PersonName) VALUES (2250, 'Olivia Williams');
INSERT INTO People (PersonID, PersonName) VALUES (2251, 'Olivia de Havilland');
INSERT INTO People (PersonID, PersonName) VALUES (2252, 'Olivier Dahan');
INSERT INTO People (PersonID, PersonName) VALUES (2253, 'Olivier Nakache');
INSERT INTO People (PersonID, PersonName) VALUES (2254, 'Omar Sharif');
INSERT INTO People (PersonID, PersonName) VALUES (2255, 'Omar Sy');
INSERT INTO People (PersonID, PersonName) VALUES (2256, 'Oprah Winfrey');
INSERT INTO People (PersonID, PersonName) VALUES (2257, 'Oriol Paulo');
INSERT INTO People (PersonID, PersonName) VALUES (2258, 'Orlando Bloom');
INSERT INTO People (PersonID, PersonName) VALUES (2259, 'Orson Welles');
INSERT INTO People (PersonID, PersonName) VALUES (2260, 'Orto Ignatiussen');
INSERT INTO People (PersonID, PersonName) VALUES (2261, 'Osamu Saka');
INSERT INTO People (PersonID, PersonName) VALUES (2262, 'Oscar Isaac');
INSERT INTO People (PersonID, PersonName) VALUES (2263, 'Oskar Werner');
INSERT INTO People (PersonID, PersonName) VALUES (2264, 'Ossie Davis');
INSERT INTO People (PersonID, PersonName) VALUES (2265, 'Otto Preminger');
INSERT INTO People (PersonID, PersonName) VALUES (2266, 'Otto Sander');
INSERT INTO People (PersonID, PersonName) VALUES (2267, 'Otto Wernicke');
INSERT INTO People (PersonID, PersonName) VALUES (2268, 'Owen Wilson');
INSERT INTO People (PersonID, PersonName) VALUES (2269, 'Ozan Güven');
INSERT INTO People (PersonID, PersonName) VALUES (2270, 'Pablo Rago');
INSERT INTO People (PersonID, PersonName) VALUES (2271, 'Paddy Considine');
INSERT INTO People (PersonID, PersonName) VALUES (2272, 'Paige O''Hara');
INSERT INTO People (PersonID, PersonName) VALUES (2273, 'Pamela Adlon');
INSERT INTO People (PersonID, PersonName) VALUES (2274, 'Paolo Bonacelli');
INSERT INTO People (PersonID, PersonName) VALUES (2275, 'Paolo Genovese');
INSERT INTO People (PersonID, PersonName) VALUES (2276, 'Paolo Sorrentino');
INSERT INTO People (PersonID, PersonName) VALUES (2277, 'Paprika Steen');
INSERT INTO People (PersonID, PersonName) VALUES (2278, 'Parambrata Chattopadhyay');
INSERT INTO People (PersonID, PersonName) VALUES (2279, 'Paresh Rawal');
INSERT INTO People (PersonID, PersonName) VALUES (2280, 'Pascal Benezech');
INSERT INTO People (PersonID, PersonName) VALUES (2281, 'Pascal Greggory');
INSERT INTO People (PersonID, PersonName) VALUES (2282, 'Patricia Arquette');
INSERT INTO People (PersonID, PersonName) VALUES (2283, 'Patricia Clarkson');
INSERT INTO People (PersonID, PersonName) VALUES (2284, 'Patricia Neal');
INSERT INTO People (PersonID, PersonName) VALUES (2285, 'Patrick Fugit');
INSERT INTO People (PersonID, PersonName) VALUES (2286, 'Patrick Horgan');
INSERT INTO People (PersonID, PersonName) VALUES (2287, 'Patrick Huard');
INSERT INTO People (PersonID, PersonName) VALUES (2288, 'Patrick Magee');
INSERT INTO People (PersonID, PersonName) VALUES (2289, 'Patrick McGoohan');
INSERT INTO People (PersonID, PersonName) VALUES (2290, 'Patrick Renna');
INSERT INTO People (PersonID, PersonName) VALUES (2291, 'Patrick Stewart');
INSERT INTO People (PersonID, PersonName) VALUES (2292, 'Patrick Wilson');
INSERT INTO People (PersonID, PersonName) VALUES (2293, 'Patrick Wymark');
INSERT INTO People (PersonID, PersonName) VALUES (2294, 'Patton Oswalt');
INSERT INTO People (PersonID, PersonName) VALUES (2295, 'Paul Benjamin');
INSERT INTO People (PersonID, PersonName) VALUES (2296, 'Paul Bettany');
INSERT INTO People (PersonID, PersonName) VALUES (2297, 'Paul Dano');
INSERT INTO People (PersonID, PersonName) VALUES (2298, 'Paul Frankeur');
INSERT INTO People (PersonID, PersonName) VALUES (2299, 'Paul Freeman');
INSERT INTO People (PersonID, PersonName) VALUES (2300, 'Paul Giamatti');
INSERT INTO People (PersonID, PersonName) VALUES (2301, 'Paul Greengrass');
INSERT INTO People (PersonID, PersonName) VALUES (2302, 'Paul Haggis');
INSERT INTO People (PersonID, PersonName) VALUES (2303, 'Paul Henreid');
INSERT INTO People (PersonID, PersonName) VALUES (2304, 'Paul King');
INSERT INTO People (PersonID, PersonName) VALUES (2305, 'Paul Lukas');
INSERT INTO People (PersonID, PersonName) VALUES (2306, 'Paul McCartney');
INSERT INTO People (PersonID, PersonName) VALUES (2307, 'Paul McGann');
INSERT INTO People (PersonID, PersonName) VALUES (2308, 'Paul McGuigan');
INSERT INTO People (PersonID, PersonName) VALUES (2309, 'Paul Meurisse');
INSERT INTO People (PersonID, PersonName) VALUES (2310, 'Paul Muni');
INSERT INTO People (PersonID, PersonName) VALUES (2311, 'Paul Newman');
INSERT INTO People (PersonID, PersonName) VALUES (2312, 'Paul Raci');
INSERT INTO People (PersonID, PersonName) VALUES (2313, 'Paul Reiser');
INSERT INTO People (PersonID, PersonName) VALUES (2314, 'Paul Rudd');
INSERT INTO People (PersonID, PersonName) VALUES (2315, 'Paul Sanchez');
INSERT INTO People (PersonID, PersonName) VALUES (2316, 'Paul Scofield');
INSERT INTO People (PersonID, PersonName) VALUES (2317, 'Paul Thomas Anderson');
INSERT INTO People (PersonID, PersonName) VALUES (2318, 'Paul Verhoeven');
INSERT INTO People (PersonID, PersonName) VALUES (2319, 'Paul Winfield');
INSERT INTO People (PersonID, PersonName) VALUES (2320, 'Paulette Dubost');
INSERT INTO People (PersonID, PersonName) VALUES (2321, 'Paulette Goddard');
INSERT INTO People (PersonID, PersonName) VALUES (2322, 'Pauline Burlet');
INSERT INTO People (PersonID, PersonName) VALUES (2323, 'Pavel Ponomaryov');
INSERT INTO People (PersonID, PersonName) VALUES (2324, 'Pawan Malhotra');
INSERT INTO People (PersonID, PersonName) VALUES (2325, 'Payman Maadi');
INSERT INTO People (PersonID, PersonName) VALUES (2326, 'Pedro Almodóvar');
INSERT INTO People (PersonID, PersonName) VALUES (2327, 'Penelope Allen');
INSERT INTO People (PersonID, PersonName) VALUES (2328, 'Penelope Ann Miller');
INSERT INTO People (PersonID, PersonName) VALUES (2329, 'Penny Marshall');
INSERT INTO People (PersonID, PersonName) VALUES (2330, 'Penélope Cruz');
INSERT INTO People (PersonID, PersonName) VALUES (2331, 'Per Ragnar');
INSERT INTO People (PersonID, PersonName) VALUES (2332, 'Pernilla Allwin');
INSERT INTO People (PersonID, PersonName) VALUES (2333, 'Perry Lopez');
INSERT INTO People (PersonID, PersonName) VALUES (2334, 'Pete Docter');
INSERT INTO People (PersonID, PersonName) VALUES (2335, 'Pete Postlethwaite');
INSERT INTO People (PersonID, PersonName) VALUES (2336, 'Peter Billingsley');
INSERT INTO People (PersonID, PersonName) VALUES (2337, 'Peter Bogdanovich');
INSERT INTO People (PersonID, PersonName) VALUES (2338, 'Peter Boyle');
INSERT INTO People (PersonID, PersonName) VALUES (2339, 'Peter Brocco');
INSERT INTO People (PersonID, PersonName) VALUES (2340, 'Peter Bull');
INSERT INTO People (PersonID, PersonName) VALUES (2341, 'Peter Coyote');
INSERT INTO People (PersonID, PersonName) VALUES (2342, 'Peter Dinklage');
INSERT INTO People (PersonID, PersonName) VALUES (2343, 'Peter Farrelly');
INSERT INTO People (PersonID, PersonName) VALUES (2344, 'Peter Finch');
INSERT INTO People (PersonID, PersonName) VALUES (2345, 'Peter Jackson');
INSERT INTO People (PersonID, PersonName) VALUES (2346, 'Peter Lorre');
INSERT INTO People (PersonID, PersonName) VALUES (2347, 'Peter Mullan');
INSERT INTO People (PersonID, PersonName) VALUES (2348, 'Peter O''Toole');
INSERT INTO People (PersonID, PersonName) VALUES (2349, 'Peter Ostrum');
INSERT INTO People (PersonID, PersonName) VALUES (2350, 'Peter Ramsey');
INSERT INTO People (PersonID, PersonName) VALUES (2351, 'Peter Sellers');
INSERT INTO People (PersonID, PersonName) VALUES (2352, 'Peter Stormare');
INSERT INTO People (PersonID, PersonName) VALUES (2353, 'Peter Weir');
INSERT INTO People (PersonID, PersonName) VALUES (2354, 'Peter Wyngarde');
INSERT INTO People (PersonID, PersonName) VALUES (2355, 'Peter van Eyck');
INSERT INTO People (PersonID, PersonName) VALUES (2356, 'Phil Harris');
INSERT INTO People (PersonID, PersonName) VALUES (2357, 'Phil Lord');
INSERT INTO People (PersonID, PersonName) VALUES (2358, 'Philip Chan');
INSERT INTO People (PersonID, PersonName) VALUES (2359, 'Philip Kaufman');
INSERT INTO People (PersonID, PersonName) VALUES (2360, 'Philip King');
INSERT INTO People (PersonID, PersonName) VALUES (2361, 'Philip Seymour Hoffman');
INSERT INTO People (PersonID, PersonName) VALUES (2362, 'Philippe Noiret');
INSERT INTO People (PersonID, PersonName) VALUES (2363, 'Phillip Terry');
INSERT INTO People (PersonID, PersonName) VALUES (2364, 'Phillipa Soo');
INSERT INTO People (PersonID, PersonName) VALUES (2365, 'Phylicia Rashad');
INSERT INTO People (PersonID, PersonName) VALUES (2366, 'Phyllis Logan');
INSERT INTO People (PersonID, PersonName) VALUES (2367, 'Pierre Barbaud');
INSERT INTO People (PersonID, PersonName) VALUES (2368, 'Pierre Brasseur');
INSERT INTO People (PersonID, PersonName) VALUES (2369, 'Pierre Coffin');
INSERT INTO People (PersonID, PersonName) VALUES (2370, 'Pierre Fresnay');
INSERT INTO People (PersonID, PersonName) VALUES (2371, 'Pierre Morel');
INSERT INTO People (PersonID, PersonName) VALUES (2372, 'Ping Lam Siu');
INSERT INTO People (PersonID, PersonName) VALUES (2373, 'Piper Laurie');
INSERT INTO People (PersonID, PersonName) VALUES (2374, 'Polly Bergen');
INSERT INTO People (PersonID, PersonName) VALUES (2375, 'Porter Hall');
INSERT INTO People (PersonID, PersonName) VALUES (2376, 'Prabhas');
INSERT INTO People (PersonID, PersonName) VALUES (2377, 'Prakash Belawadi');
INSERT INTO People (PersonID, PersonName) VALUES (2378, 'Prashanth Neel');
INSERT INTO People (PersonID, PersonName) VALUES (2379, 'Prateik');
INSERT INTO People (PersonID, PersonName) VALUES (2380, 'Predrag ''Miki'' Manojlovic');
INSERT INTO People (PersonID, PersonName) VALUES (2381, 'Preity Zinta');
INSERT INTO People (PersonID, PersonName) VALUES (2382, 'Priscilla Lane');
INSERT INTO People (PersonID, PersonName) VALUES (2383, 'Priscilla Presley');
INSERT INTO People (PersonID, PersonName) VALUES (2384, 'Priya Anand');
INSERT INTO People (PersonID, PersonName) VALUES (2385, 'Priyadarshan');
INSERT INTO People (PersonID, PersonName) VALUES (2386, 'Priyanka Chopra');
INSERT INTO People (PersonID, PersonName) VALUES (2387, 'Pruitt Taylor Vince');
INSERT INTO People (PersonID, PersonName) VALUES (2388, 'Pupella Maggio');
INSERT INTO People (PersonID, PersonName) VALUES (2389, 'Pushkar');
INSERT INTO People (PersonID, PersonName) VALUES (2390, 'Qiu Yuen');
INSERT INTO People (PersonID, PersonName) VALUES (2391, 'Quentin Tarantino');
INSERT INTO People (PersonID, PersonName) VALUES (2392, 'Quinton Aaron');
INSERT INTO People (PersonID, PersonName) VALUES (2393, 'R. Lee Ermey');
INSERT INTO People (PersonID, PersonName) VALUES (2394, 'RJ Cyler');
INSERT INTO People (PersonID, PersonName) VALUES (2395, 'Rachel Griffiths');
INSERT INTO People (PersonID, PersonName) VALUES (2396, 'Rachel House');
INSERT INTO People (PersonID, PersonName) VALUES (2397, 'Rachel McAdams');
INSERT INTO People (PersonID, PersonName) VALUES (2398, 'Rachel Shelley');
INSERT INTO People (PersonID, PersonName) VALUES (2399, 'Rachel Ticotin');
INSERT INTO People (PersonID, PersonName) VALUES (2400, 'Rachel Weisz');
INSERT INTO People (PersonID, PersonName) VALUES (2401, 'Radha Mitchell');
INSERT INTO People (PersonID, PersonName) VALUES (2402, 'Radhika Apte');
INSERT INTO People (PersonID, PersonName) VALUES (2403, 'Raghuvir Yadav');
INSERT INTO People (PersonID, PersonName) VALUES (2404, 'Rahi Anil Barve');
INSERT INTO People (PersonID, PersonName) VALUES (2405, 'Raja Menon');
INSERT INTO People (PersonID, PersonName) VALUES (2406, 'Rajat Barmecha');
INSERT INTO People (PersonID, PersonName) VALUES (2407, 'Rajat Kapoor');
INSERT INTO People (PersonID, PersonName) VALUES (2408, 'Rajesh Abhay');
INSERT INTO People (PersonID, PersonName) VALUES (2409, 'Rajesh Khanna');
INSERT INTO People (PersonID, PersonName) VALUES (2410, 'Rajit Kapoor');
INSERT INTO People (PersonID, PersonName) VALUES (2411, 'Rajkumar Hirani');
INSERT INTO People (PersonID, PersonName) VALUES (2412, 'Rajkumar Santoshi');
INSERT INTO People (PersonID, PersonName) VALUES (2413, 'Rajkummar Rao');
INSERT INTO People (PersonID, PersonName) VALUES (2414, 'Rakeysh Omprakash Mehra');
INSERT INTO People (PersonID, PersonName) VALUES (2415, 'Ralph Bellamy');
INSERT INTO People (PersonID, PersonName) VALUES (2416, 'Ralph Brown');
INSERT INTO People (PersonID, PersonName) VALUES (2417, 'Ralph Fiennes');
INSERT INTO People (PersonID, PersonName) VALUES (2418, 'Ralph Macchio');
INSERT INTO People (PersonID, PersonName) VALUES (2419, 'Ralph Meeker');
INSERT INTO People (PersonID, PersonName) VALUES (2420, 'Ralph Richardson');
INSERT INTO People (PersonID, PersonName) VALUES (2421, 'Ram Kapoor');
INSERT INTO People (PersonID, PersonName) VALUES (2422, 'Ramachandra Raju');
INSERT INTO People (PersonID, PersonName) VALUES (2423, 'Ramesh Deo');
INSERT INTO People (PersonID, PersonName) VALUES (2424, 'Ramesh Sippy');
INSERT INTO People (PersonID, PersonName) VALUES (2425, 'Rami Malek');
INSERT INTO People (PersonID, PersonName) VALUES (2426, 'Ramon Bieri');
INSERT INTO People (PersonID, PersonName) VALUES (2427, 'Ramya Krishnan');
INSERT INTO People (PersonID, PersonName) VALUES (2428, 'Rana Daggubati');
INSERT INTO People (PersonID, PersonName) VALUES (2429, 'Ranbir Kapoor');
INSERT INTO People (PersonID, PersonName) VALUES (2430, 'Randy Quaid');
INSERT INTO People (PersonID, PersonName) VALUES (2431, 'Rani Mukerji');
INSERT INTO People (PersonID, PersonName) VALUES (2432, 'Ranveer Singh');
INSERT INTO People (PersonID, PersonName) VALUES (2433, 'Raoul Max Trujillo');
INSERT INTO People (PersonID, PersonName) VALUES (2434, 'Raoul Walsh');
INSERT INTO People (PersonID, PersonName) VALUES (2435, 'Raphael Fejtö');
INSERT INTO People (PersonID, PersonName) VALUES (2436, 'Rashida Jones');
INSERT INTO People (PersonID, PersonName) VALUES (2437, 'Raveena Tandon');
INSERT INTO People (PersonID, PersonName) VALUES (2438, 'Ray Liotta');
INSERT INTO People (PersonID, PersonName) VALUES (2439, 'Ray Milland');
INSERT INTO People (PersonID, PersonName) VALUES (2440, 'Ray Sahetapy');
INSERT INTO People (PersonID, PersonName) VALUES (2441, 'Ray Walston');
INSERT INTO People (PersonID, PersonName) VALUES (2442, 'Raymond Massey');
INSERT INTO People (PersonID, PersonName) VALUES (2443, 'Rebecca De Mornay');
INSERT INTO People (PersonID, PersonName) VALUES (2444, 'Reda Kateb');
INSERT INTO People (PersonID, PersonName) VALUES (2445, 'Reese Witherspoon');
INSERT INTO People (PersonID, PersonName) VALUES (2446, 'Regina King');
INSERT INTO People (PersonID, PersonName) VALUES (2447, 'Reginald Gardiner');
INSERT INTO People (PersonID, PersonName) VALUES (2448, 'Reginald VelJohnson');
INSERT INTO People (PersonID, PersonName) VALUES (2449, 'Rei Sakuma');
INSERT INTO People (PersonID, PersonName) VALUES (2450, 'Ren Osugi');
INSERT INTO People (PersonID, PersonName) VALUES (2451, 'Rena Owen');
INSERT INTO People (PersonID, PersonName) VALUES (2452, 'Rene Auberjonois');
INSERT INTO People (PersonID, PersonName) VALUES (2453, 'Rene Bitorajac');
INSERT INTO People (PersonID, PersonName) VALUES (2454, 'Rene Russo');
INSERT INTO People (PersonID, PersonName) VALUES (2455, 'Reni Santoni');
INSERT INTO People (PersonID, PersonName) VALUES (2456, 'René Laloux');
INSERT INTO People (PersonID, PersonName) VALUES (2457, 'Renée Elise Goldsberry');
INSERT INTO People (PersonID, PersonName) VALUES (2458, 'Renée Zellweger');
INSERT INTO People (PersonID, PersonName) VALUES (2459, 'Rex Harrison');
INSERT INTO People (PersonID, PersonName) VALUES (2460, 'Rhonda Fleming');
INSERT INTO People (PersonID, PersonName) VALUES (2461, 'Rian Johnson');
INSERT INTO People (PersonID, PersonName) VALUES (2462, 'Rica Matsumoto');
INSERT INTO People (PersonID, PersonName) VALUES (2463, 'Ricardo Darín');
INSERT INTO People (PersonID, PersonName) VALUES (2464, 'Ricardo Montalban');
INSERT INTO People (PersonID, PersonName) VALUES (2465, 'Rich Moore');
INSERT INTO People (PersonID, PersonName) VALUES (2466, 'Richa Chadha');
INSERT INTO People (PersonID, PersonName) VALUES (2467, 'Richard Armitage');
INSERT INTO People (PersonID, PersonName) VALUES (2468, 'Richard Attenborough');
INSERT INTO People (PersonID, PersonName) VALUES (2469, 'Richard Basehart');
INSERT INTO People (PersonID, PersonName) VALUES (2470, 'Richard Briers');
INSERT INTO People (PersonID, PersonName) VALUES (2471, 'Richard Brooks');
INSERT INTO People (PersonID, PersonName) VALUES (2472, 'Richard Burton');
INSERT INTO People (PersonID, PersonName) VALUES (2473, 'Richard Crenna');
INSERT INTO People (PersonID, PersonName) VALUES (2474, 'Richard Curtis');
INSERT INTO People (PersonID, PersonName) VALUES (2475, 'Richard Donner');
INSERT INTO People (PersonID, PersonName) VALUES (2476, 'Richard Dormer');
INSERT INTO People (PersonID, PersonName) VALUES (2477, 'Richard Dreyfuss');
INSERT INTO People (PersonID, PersonName) VALUES (2478, 'Richard E. Grant');
INSERT INTO People (PersonID, PersonName) VALUES (2479, 'Richard Edson');
INSERT INTO People (PersonID, PersonName) VALUES (2480, 'Richard Farnsworth');
INSERT INTO People (PersonID, PersonName) VALUES (2481, 'Richard Gere');
INSERT INTO People (PersonID, PersonName) VALUES (2482, 'Richard Griffiths');
INSERT INTO People (PersonID, PersonName) VALUES (2483, 'Richard Harris');
INSERT INTO People (PersonID, PersonName) VALUES (2484, 'Richard Haydn');
INSERT INTO People (PersonID, PersonName) VALUES (2485, 'Richard Hunt');
INSERT INTO People (PersonID, PersonName) VALUES (2486, 'Richard Jenkins');
INSERT INTO People (PersonID, PersonName) VALUES (2487, 'Richard Kelly');
INSERT INTO People (PersonID, PersonName) VALUES (2488, 'Richard Lester');
INSERT INTO People (PersonID, PersonName) VALUES (2489, 'Richard Linklater');
INSERT INTO People (PersonID, PersonName) VALUES (2490, 'Richard Marquand');
INSERT INTO People (PersonID, PersonName) VALUES (2491, 'Richard Masur');
INSERT INTO People (PersonID, PersonName) VALUES (2492, 'Richard Rosson');
INSERT INTO People (PersonID, PersonName) VALUES (2493, 'Richard Schenkman');
INSERT INTO People (PersonID, PersonName) VALUES (2494, 'Richard Thorpe');
INSERT INTO People (PersonID, PersonName) VALUES (2495, 'Richard Widmark');
INSERT INTO People (PersonID, PersonName) VALUES (2496, 'Ricky Adelayitor');
INSERT INTO People (PersonID, PersonName) VALUES (2497, 'Ricky Nelson');
INSERT INTO People (PersonID, PersonName) VALUES (2498, 'Ridley Scott');
INSERT INTO People (PersonID, PersonName) VALUES (2499, 'Riisa Naka');
INSERT INTO People (PersonID, PersonName) VALUES (2500, 'Rima Te Wiata');
INSERT INTO People (PersonID, PersonName) VALUES (2501, 'Ringo Starr');
INSERT INTO People (PersonID, PersonName) VALUES (2502, 'Rita Hayworth');
INSERT INTO People (PersonID, PersonName) VALUES (2503, 'Ritesh Batra');
INSERT INTO People (PersonID, PersonName) VALUES (2504, 'River Phoenix');
INSERT INTO People (PersonID, PersonName) VALUES (2505, 'Riz Ahmed');
INSERT INTO People (PersonID, PersonName) VALUES (2506, 'Rob Maxey');
INSERT INTO People (PersonID, PersonName) VALUES (2507, 'Rob Minkoff');
INSERT INTO People (PersonID, PersonName) VALUES (2508, 'Rob Reiner');
INSERT INTO People (PersonID, PersonName) VALUES (2509, 'Robby Benson');
INSERT INTO People (PersonID, PersonName) VALUES (2510, 'Robert Aldrich');
INSERT INTO People (PersonID, PersonName) VALUES (2511, 'Robert Altman');
INSERT INTO People (PersonID, PersonName) VALUES (2512, 'Robert Armstrong');
INSERT INTO People (PersonID, PersonName) VALUES (2513, 'Robert Arthur');
INSERT INTO People (PersonID, PersonName) VALUES (2514, 'Robert Benton');
INSERT INTO People (PersonID, PersonName) VALUES (2515, 'Robert Clouse');
INSERT INTO People (PersonID, PersonName) VALUES (2516, 'Robert Cummings');
INSERT INTO People (PersonID, PersonName) VALUES (2517, 'Robert De Niro');
INSERT INTO People (PersonID, PersonName) VALUES (2518, 'Robert Donat');
INSERT INTO People (PersonID, PersonName) VALUES (2519, 'Robert Downey Jr.');
INSERT INTO People (PersonID, PersonName) VALUES (2520, 'Robert Duvall');
INSERT INTO People (PersonID, PersonName) VALUES (2521, 'Robert Gulaczyk');
INSERT INTO People (PersonID, PersonName) VALUES (2522, 'Robert Hamer');
INSERT INTO People (PersonID, PersonName) VALUES (2523, 'Robert Hays');
INSERT INTO People (PersonID, PersonName) VALUES (2524, 'Robert Manuel');
INSERT INTO People (PersonID, PersonName) VALUES (2525, 'Robert Mitchum');
INSERT INTO People (PersonID, PersonName) VALUES (2526, 'Robert Morley');
INSERT INTO People (PersonID, PersonName) VALUES (2527, 'Robert Mulligan');
INSERT INTO People (PersonID, PersonName) VALUES (2528, 'Robert Patrick');
INSERT INTO People (PersonID, PersonName) VALUES (2529, 'Robert Redford');
INSERT INTO People (PersonID, PersonName) VALUES (2530, 'Robert Rodriguez');
INSERT INTO People (PersonID, PersonName) VALUES (2531, 'Robert Rossen');
INSERT INTO People (PersonID, PersonName) VALUES (2532, 'Robert Ryan');
INSERT INTO People (PersonID, PersonName) VALUES (2533, 'Robert Sean Leonard');
INSERT INTO People (PersonID, PersonName) VALUES (2534, 'Robert Shaw');
INSERT INTO People (PersonID, PersonName) VALUES (2535, 'Robert Stack');
INSERT INTO People (PersonID, PersonName) VALUES (2536, 'Robert Stevenson');
INSERT INTO People (PersonID, PersonName) VALUES (2537, 'Robert Strauss');
INSERT INTO People (PersonID, PersonName) VALUES (2538, 'Robert Walker');
INSERT INTO People (PersonID, PersonName) VALUES (2539, 'Robert Wiene');
INSERT INTO People (PersonID, PersonName) VALUES (2540, 'Robert Wise');
INSERT INTO People (PersonID, PersonName) VALUES (2541, 'Robert Zemeckis');
INSERT INTO People (PersonID, PersonName) VALUES (2542, 'Roberta Maxwell');
INSERT INTO People (PersonID, PersonName) VALUES (2543, 'Roberto Benigni');
INSERT INTO People (PersonID, PersonName) VALUES (2544, 'Roberts Blossom');
INSERT INTO People (PersonID, PersonName) VALUES (2545, 'Robin Williams');
INSERT INTO People (PersonID, PersonName) VALUES (2546, 'Robin Wright');
INSERT INTO People (PersonID, PersonName) VALUES (2547, 'Rock Hudson');
INSERT INTO People (PersonID, PersonName) VALUES (2548, 'Rod Steiger');
INSERT INTO People (PersonID, PersonName) VALUES (2549, 'Rod Taylor');
INSERT INTO People (PersonID, PersonName) VALUES (2550, 'Roddy McDowall');
INSERT INTO People (PersonID, PersonName) VALUES (2551, 'Rodney A. Grant');
INSERT INTO People (PersonID, PersonName) VALUES (2552, 'Rodney Rothman');
INSERT INTO People (PersonID, PersonName) VALUES (2553, 'Rodrigo De la Serna');
INSERT INTO People (PersonID, PersonName) VALUES (2554, 'Roe-ha Kim');
INSERT INTO People (PersonID, PersonName) VALUES (2555, 'Roger Allers');
INSERT INTO People (PersonID, PersonName) VALUES (2556, 'Roger Donaldson');
INSERT INTO People (PersonID, PersonName) VALUES (2557, 'Rohini Hattangadi');
INSERT INTO People (PersonID, PersonName) VALUES (2558, 'Roland Joffé');
INSERT INTO People (PersonID, PersonName) VALUES (2559, 'Roland Møller');
INSERT INTO People (PersonID, PersonName) VALUES (2560, 'Rolf Lassgård');
INSERT INTO People (PersonID, PersonName) VALUES (2561, 'Roman Griffin Davis');
INSERT INTO People (PersonID, PersonName) VALUES (2562, 'Roman Madyanov');
INSERT INTO People (PersonID, PersonName) VALUES (2563, 'Roman Polanski');
INSERT INTO People (PersonID, PersonName) VALUES (2564, 'Romolo Valli');
INSERT INTO People (PersonID, PersonName) VALUES (2565, 'Ron Clements');
INSERT INTO People (PersonID, PersonName) VALUES (2566, 'Ron Howard');
INSERT INTO People (PersonID, PersonName) VALUES (2567, 'Ron Livingston');
INSERT INTO People (PersonID, PersonName) VALUES (2568, 'Ronit Roy');
INSERT INTO People (PersonID, PersonName) VALUES (2569, 'Ronnie Del Carmen');
INSERT INTO People (PersonID, PersonName) VALUES (2570, 'Ronny Cox');
INSERT INTO People (PersonID, PersonName) VALUES (2571, 'Ronny Yu');
INSERT INTO People (PersonID, PersonName) VALUES (2572, 'Rooney Mara');
INSERT INTO People (PersonID, PersonName) VALUES (2573, 'Rory Cochrane');
INSERT INTO People (PersonID, PersonName) VALUES (2574, 'Rosalind Russell');
INSERT INTO People (PersonID, PersonName) VALUES (2575, 'Rosamund Pike');
INSERT INTO People (PersonID, PersonName) VALUES (2576, 'Rosanna Arquette');
INSERT INTO People (PersonID, PersonName) VALUES (2577, 'Rosario Dawson');
INSERT INTO People (PersonID, PersonName) VALUES (2578, 'Rosario Flores');
INSERT INTO People (PersonID, PersonName) VALUES (2579, 'Roscoe Ates');
INSERT INTO People (PersonID, PersonName) VALUES (2580, 'Roscoe Karns');
INSERT INTO People (PersonID, PersonName) VALUES (2581, 'Rosemarie DeWitt');
INSERT INTO People (PersonID, PersonName) VALUES (2582, 'Rosemary Murphy');
INSERT INTO People (PersonID, PersonName) VALUES (2583, 'Roshan Seth');
INSERT INTO People (PersonID, PersonName) VALUES (2584, 'Rosie Shaw');
INSERT INTO People (PersonID, PersonName) VALUES (2585, 'Roy Dotrice');
INSERT INTO People (PersonID, PersonName) VALUES (2586, 'Roy Kinnear');
INSERT INTO People (PersonID, PersonName) VALUES (2587, 'Roy Scheider');
INSERT INTO People (PersonID, PersonName) VALUES (2588, 'Ruben Fleischer');
INSERT INTO People (PersonID, PersonName) VALUES (2589, 'Ruby Dee');
INSERT INTO People (PersonID, PersonName) VALUES (2590, 'Rudolf Klein-Rogge');
INSERT INTO People (PersonID, PersonName) VALUES (2591, 'Rudy Youngblood');
INSERT INTO People (PersonID, PersonName) VALUES (2592, 'Rufus');
INSERT INTO People (PersonID, PersonName) VALUES (2593, 'Rufus Sewell');
INSERT INTO People (PersonID, PersonName) VALUES (2594, 'Rumi Hiiragi');
INSERT INTO People (PersonID, PersonName) VALUES (2595, 'Ruocheng Ying');
INSERT INTO People (PersonID, PersonName) VALUES (2596, 'Rupert Friend');
INSERT INTO People (PersonID, PersonName) VALUES (2597, 'Rupert Graves');
INSERT INTO People (PersonID, PersonName) VALUES (2598, 'Rupert Grint');
INSERT INTO People (PersonID, PersonName) VALUES (2599, 'Russell Brand');
INSERT INTO People (PersonID, PersonName) VALUES (2600, 'Russell Crowe');
INSERT INTO People (PersonID, PersonName) VALUES (2601, 'Russell Means');
INSERT INTO People (PersonID, PersonName) VALUES (2602, 'Rusty Schwimmer');
INSERT INTO People (PersonID, PersonName) VALUES (2603, 'Rutger Hauer');
INSERT INTO People (PersonID, PersonName) VALUES (2604, 'Ruth Gordon');
INSERT INTO People (PersonID, PersonName) VALUES (2605, 'Ruth Hussey');
INSERT INTO People (PersonID, PersonName) VALUES (2606, 'Ruth Nelson');
INSERT INTO People (PersonID, PersonName) VALUES (2607, 'Ruth Roman');
INSERT INTO People (PersonID, PersonName) VALUES (2608, 'Ruy Guerra');
INSERT INTO People (PersonID, PersonName) VALUES (2609, 'Ryan Coogler');
INSERT INTO People (PersonID, PersonName) VALUES (2610, 'Ryan Gosling');
INSERT INTO People (PersonID, PersonName) VALUES (2611, 'Ryan Hurst');
INSERT INTO People (PersonID, PersonName) VALUES (2612, 'Ryan O''Neal');
INSERT INTO People (PersonID, PersonName) VALUES (2613, 'Ryan Potter');
INSERT INTO People (PersonID, PersonName) VALUES (2614, 'Ryan Reynolds');
INSERT INTO People (PersonID, PersonName) VALUES (2615, 'Ryô Kase');
INSERT INTO People (PersonID, PersonName) VALUES (2616, 'Ryô Narita');
INSERT INTO People (PersonID, PersonName) VALUES (2617, 'Ryôko Hirosue');
INSERT INTO People (PersonID, PersonName) VALUES (2618, 'Ryûnosuke Kamiki');
INSERT INTO People (PersonID, PersonName) VALUES (2619, 'S.S. Rajamouli');
INSERT INTO People (PersonID, PersonName) VALUES (2620, 'Sabrina Ferilli');
INSERT INTO People (PersonID, PersonName) VALUES (2621, 'Sacha Baron Cohen');
INSERT INTO People (PersonID, PersonName) VALUES (2622, 'Sady Rebbot');
INSERT INTO People (PersonID, PersonName) VALUES (2623, 'Sae-ron Kim');
INSERT INTO People (PersonID, PersonName) VALUES (2624, 'Saeed Jaffrey');
INSERT INTO People (PersonID, PersonName) VALUES (2625, 'Safak Sezer');
INSERT INTO People (PersonID, PersonName) VALUES (2626, 'Sagarika Ghatge');
INSERT INTO People (PersonID, PersonName) VALUES (2627, 'Sahil Vaid');
INSERT INTO People (PersonID, PersonName) VALUES (2628, 'Saif Ali Khan');
INSERT INTO People (PersonID, PersonName) VALUES (2629, 'Saifei He');
INSERT INTO People (PersonID, PersonName) VALUES (2630, 'Sakshi Tanwar');
INSERT INTO People (PersonID, PersonName) VALUES (2631, 'Sakura Andô');
INSERT INTO People (PersonID, PersonName) VALUES (2632, 'Sal Mineo');
INSERT INTO People (PersonID, PersonName) VALUES (2633, 'Salim Kechiouche');
INSERT INTO People (PersonID, PersonName) VALUES (2634, 'Sally Field');
INSERT INTO People (PersonID, PersonName) VALUES (2635, 'Sally Hawkins');
INSERT INTO People (PersonID, PersonName) VALUES (2636, 'Sally Yeh');
INSERT INTO People (PersonID, PersonName) VALUES (2637, 'Salman Khan');
INSERT INTO People (PersonID, PersonName) VALUES (2638, 'Sam Elliott');
INSERT INTO People (PersonID, PersonName) VALUES (2639, 'Sam Jaffe');
INSERT INTO People (PersonID, PersonName) VALUES (2640, 'Sam Mendes');
INSERT INTO People (PersonID, PersonName) VALUES (2641, 'Sam Neill');
INSERT INTO People (PersonID, PersonName) VALUES (2642, 'Sam Peckinpah');
INSERT INTO People (PersonID, PersonName) VALUES (2643, 'Sam Raimi');
INSERT INTO People (PersonID, PersonName) VALUES (2644, 'Sam Riley');
INSERT INTO People (PersonID, PersonName) VALUES (2645, 'Sam Rockwell');
INSERT INTO People (PersonID, PersonName) VALUES (2646, 'Sam Shepard');
INSERT INTO People (PersonID, PersonName) VALUES (2647, 'Sam Waterston');
INSERT INTO People (PersonID, PersonName) VALUES (2648, 'Sam Wood');
INSERT INTO People (PersonID, PersonName) VALUES (2649, 'Sam Worthington');
INSERT INTO People (PersonID, PersonName) VALUES (2650, 'Samantha Isler');
INSERT INTO People (PersonID, PersonName) VALUES (2651, 'Samantha Morton');
INSERT INTO People (PersonID, PersonName) VALUES (2652, 'Samia Kerbash');
INSERT INTO People (PersonID, PersonName) VALUES (2653, 'Samuel Armstrong');
INSERT INTO People (PersonID, PersonName) VALUES (2654, 'Samuel E. Wright');
INSERT INTO People (PersonID, PersonName) VALUES (2655, 'Samuel L. Jackson');
INSERT INTO People (PersonID, PersonName) VALUES (2656, 'Sandra Bernhard');
INSERT INTO People (PersonID, PersonName) VALUES (2657, 'Sandra Bullock');
INSERT INTO People (PersonID, PersonName) VALUES (2658, 'Sandra Milo');
INSERT INTO People (PersonID, PersonName) VALUES (2659, 'Sandy Dennis');
INSERT INTO People (PersonID, PersonName) VALUES (2660, 'Sanjana Sanghi');
INSERT INTO People (PersonID, PersonName) VALUES (2661, 'Sanjay Dutt');
INSERT INTO People (PersonID, PersonName) VALUES (2662, 'Sanjay Leela Bhansali');
INSERT INTO People (PersonID, PersonName) VALUES (2663, 'Sanjeev Kumar');
INSERT INTO People (PersonID, PersonName) VALUES (2664, 'Sanya Malhotra');
INSERT INTO People (PersonID, PersonName) VALUES (2665, 'Saoirse Ronan');
INSERT INTO People (PersonID, PersonName) VALUES (2666, 'Saori Hayami');
INSERT INTO People (PersonID, PersonName) VALUES (2667, 'Sara Takatsuki');
INSERT INTO People (PersonID, PersonName) VALUES (2668, 'Sarah Berry');
INSERT INTO People (PersonID, PersonName) VALUES (2669, 'Sarah Bolger');
INSERT INTO People (PersonID, PersonName) VALUES (2670, 'Sarah Jessica Parker');
INSERT INTO People (PersonID, PersonName) VALUES (2671, 'Sarah Miles');
INSERT INTO People (PersonID, PersonName) VALUES (2672, 'Sarah Polley');
INSERT INTO People (PersonID, PersonName) VALUES (2673, 'Sarah Roemer');
INSERT INTO People (PersonID, PersonName) VALUES (2674, 'Sarah Silverman');
INSERT INTO People (PersonID, PersonName) VALUES (2675, 'Sarah Vowell');
INSERT INTO People (PersonID, PersonName) VALUES (2676, 'Sareh Bayat');
INSERT INTO People (PersonID, PersonName) VALUES (2677, 'Saswata Chatterjee');
INSERT INTO People (PersonID, PersonName) VALUES (2678, 'Sathyaraj');
INSERT INTO People (PersonID, PersonName) VALUES (2679, 'Satoshi Kon');
INSERT INTO People (PersonID, PersonName) VALUES (2680, 'Saurabh Shukla');
INSERT INTO People (PersonID, PersonName) VALUES (2681, 'Saïd Taghmaoui');
INSERT INTO People (PersonID, PersonName) VALUES (2682, 'Scarlett Johansson');
INSERT INTO People (PersonID, PersonName) VALUES (2683, 'Scatman Crothers');
INSERT INTO People (PersonID, PersonName) VALUES (2684, 'Scott Adsit');
INSERT INTO People (PersonID, PersonName) VALUES (2685, 'Scott Glenn');
INSERT INTO People (PersonID, PersonName) VALUES (2686, 'Scott H. Reiniger');
INSERT INTO People (PersonID, PersonName) VALUES (2687, 'Scott Hicks');
INSERT INTO People (PersonID, PersonName) VALUES (2688, 'Scott Schwartz');
INSERT INTO People (PersonID, PersonName) VALUES (2689, 'Scott Weinger');
INSERT INTO People (PersonID, PersonName) VALUES (2690, 'Seamus Davey-Fitzpatrick');
INSERT INTO People (PersonID, PersonName) VALUES (2691, 'Sean Astin');
INSERT INTO People (PersonID, PersonName) VALUES (2692, 'Sean Baker');
INSERT INTO People (PersonID, PersonName) VALUES (2693, 'Sean Bean');
INSERT INTO People (PersonID, PersonName) VALUES (2694, 'Sean Bridgers');
INSERT INTO People (PersonID, PersonName) VALUES (2695, 'Sean Connery');
INSERT INTO People (PersonID, PersonName) VALUES (2696, 'Sean Patrick Flanery');
INSERT INTO People (PersonID, PersonName) VALUES (2697, 'Sean Penn');
INSERT INTO People (PersonID, PersonName) VALUES (2698, 'Sean Young');
INSERT INTO People (PersonID, PersonName) VALUES (2699, 'Sebastian Cabot');
INSERT INTO People (PersonID, PersonName) VALUES (2700, 'Sebastian Koch');
INSERT INTO People (PersonID, PersonName) VALUES (2701, 'Sebastian Maniscalco');
INSERT INTO People (PersonID, PersonName) VALUES (2702, 'Sebastian Schipper');
INSERT INTO People (PersonID, PersonName) VALUES (2703, 'Sela Ward');
INSERT INTO People (PersonID, PersonName) VALUES (2704, 'Sener Sen');
INSERT INTO People (PersonID, PersonName) VALUES (2705, 'Sergei M. Eisenstein');
INSERT INTO People (PersonID, PersonName) VALUES (2706, 'Sergi López');
INSERT INTO People (PersonID, PersonName) VALUES (2707, 'Sergio Leone');
INSERT INTO People (PersonID, PersonName) VALUES (2708, 'Sergio Pablos');
INSERT INTO People (PersonID, PersonName) VALUES (2709, 'Sermin Hürmeriç');
INSERT INTO People (PersonID, PersonName) VALUES (2710, 'Sessue Hayakawa');
INSERT INTO People (PersonID, PersonName) VALUES (2711, 'Seth Rogen');
INSERT INTO People (PersonID, PersonName) VALUES (2712, 'Setsuko Hara');
INSERT INTO People (PersonID, PersonName) VALUES (2713, 'Seung-Yun Lee');
INSERT INTO People (PersonID, PersonName) VALUES (2714, 'Seymour Cassel');
INSERT INTO People (PersonID, PersonName) VALUES (2715, 'Shah Rukh Khan');
INSERT INTO People (PersonID, PersonName) VALUES (2716, 'Shahab Hosseini');
INSERT INTO People (PersonID, PersonName) VALUES (2717, 'Shahid Kapoor');
INSERT INTO People (PersonID, PersonName) VALUES (2718, 'Shailene Woodley');
INSERT INTO People (PersonID, PersonName) VALUES (2719, 'Shameik Moore');
INSERT INTO People (PersonID, PersonName) VALUES (2720, 'Shammi Kapoor');
INSERT INTO People (PersonID, PersonName) VALUES (2721, 'Shane Meadows');
INSERT INTO People (PersonID, PersonName) VALUES (2722, 'Sharlto Copley');
INSERT INTO People (PersonID, PersonName) VALUES (2723, 'Sharman Joshi');
INSERT INTO People (PersonID, PersonName) VALUES (2724, 'Sharon Percy');
INSERT INTO People (PersonID, PersonName) VALUES (2725, 'Sharon Stone');
INSERT INTO People (PersonID, PersonName) VALUES (2726, 'Sheetal Menon');
INSERT INTO People (PersonID, PersonName) VALUES (2727, 'Shelley Duvall');
INSERT INTO People (PersonID, PersonName) VALUES (2728, 'Shelley Winters');
INSERT INTO People (PersonID, PersonName) VALUES (2729, 'Shernaz Patel');
INSERT INTO People (PersonID, PersonName) VALUES (2730, 'Shigeru Muroi');
INSERT INTO People (PersonID, PersonName) VALUES (2731, 'Shigesato Itoi');
INSERT INTO People (PersonID, PersonName) VALUES (2732, 'Shilpa Shukla');
INSERT INTO People (PersonID, PersonName) VALUES (2733, 'Shima Iwashita');
INSERT INTO People (PersonID, PersonName) VALUES (2734, 'Shimit Amin');
INSERT INTO People (PersonID, PersonName) VALUES (2735, 'Shin Ha-kyun');
INSERT INTO People (PersonID, PersonName) VALUES (2736, 'Shin''ichi Himori');
INSERT INTO People (PersonID, PersonName) VALUES (2737, 'Shin''ichirô Watanabe');
INSERT INTO People (PersonID, PersonName) VALUES (2738, 'Shinpachi Tsuji');
INSERT INTO People (PersonID, PersonName) VALUES (2739, 'Shirley Eaton');
INSERT INTO People (PersonID, PersonName) VALUES (2740, 'Shirley MacLaine');
INSERT INTO People (PersonID, PersonName) VALUES (2741, 'Shishir Sharma');
INSERT INTO People (PersonID, PersonName) VALUES (2742, 'Shoojit Sircar');
INSERT INTO People (PersonID, PersonName) VALUES (2743, 'Shraddha Kapoor');
INSERT INTO People (PersonID, PersonName) VALUES (2744, 'Shraddha Srinath');
INSERT INTO People (PersonID, PersonName) VALUES (2745, 'Shriya Saran');
INSERT INTO People (PersonID, PersonName) VALUES (2746, 'Shôgo Furuya');
INSERT INTO People (PersonID, PersonName) VALUES (2747, 'Shûichirô Moriyama');
INSERT INTO People (PersonID, PersonName) VALUES (2748, 'Shûsuke Kaneko');
INSERT INTO People (PersonID, PersonName) VALUES (2749, 'Sibel Kekilli');
INSERT INTO People (PersonID, PersonName) VALUES (2750, 'Siddharth');
INSERT INTO People (PersonID, PersonName) VALUES (2751, 'Sidney Blackmer');
INSERT INTO People (PersonID, PersonName) VALUES (2752, 'Sidney Lumet');
INSERT INTO People (PersonID, PersonName) VALUES (2753, 'Sidney Poitier');
INSERT INTO People (PersonID, PersonName) VALUES (2754, 'Sidse Babett Knudsen');
INSERT INTO People (PersonID, PersonName) VALUES (2755, 'Sienna Miller');
INSERT INTO People (PersonID, PersonName) VALUES (2756, 'Sigourney Weaver');
INSERT INTO People (PersonID, PersonName) VALUES (2757, 'Silvia Pinal');
INSERT INTO People (PersonID, PersonName) VALUES (2758, 'Simon Pegg');
INSERT INTO People (PersonID, PersonName) VALUES (2759, 'Simon Yam');
INSERT INTO People (PersonID, PersonName) VALUES (2760, 'Simone Signoret');
INSERT INTO People (PersonID, PersonName) VALUES (2761, 'Sissy Spacek');
INSERT INTO People (PersonID, PersonName) VALUES (2762, 'Siu-Lung Leung');
INSERT INTO People (PersonID, PersonName) VALUES (2763, 'Siu-Wong Fan');
INSERT INTO People (PersonID, PersonName) VALUES (2764, 'Slavko Stimac');
INSERT INTO People (PersonID, PersonName) VALUES (2765, 'Slim Pickens');
INSERT INTO People (PersonID, PersonName) VALUES (2766, 'Smit Sheth');
INSERT INTO People (PersonID, PersonName) VALUES (2767, 'Sofia Coppola');
INSERT INTO People (PersonID, PersonName) VALUES (2768, 'Soha Ali Khan');
INSERT INTO People (PersonID, PersonName) VALUES (2769, 'Sohum Shah');
INSERT INTO People (PersonID, PersonName) VALUES (2770, 'Soia Lira');
INSERT INTO People (PersonID, PersonName) VALUES (2771, 'Soledad Villamil');
INSERT INTO People (PersonID, PersonName) VALUES (2772, 'Solveig Dommartin');
INSERT INTO People (PersonID, PersonName) VALUES (2773, 'Sonam Kapoor');
INSERT INTO People (PersonID, PersonName) VALUES (2774, 'Sondra Locke');
INSERT INTO People (PersonID, PersonName) VALUES (2775, 'Song Wok-suk');
INSERT INTO People (PersonID, PersonName) VALUES (2776, 'Sonia Todd');
INSERT INTO People (PersonID, PersonName) VALUES (2777, 'Sonoya Mizuno');
INSERT INTO People (PersonID, PersonName) VALUES (2778, 'Sophie Kennedy Clark');
INSERT INTO People (PersonID, PersonName) VALUES (2779, 'Sophie Marceau');
INSERT INTO People (PersonID, PersonName) VALUES (2780, 'Sophie Okonedo');
INSERT INTO People (PersonID, PersonName) VALUES (2781, 'Sophie Perry');
INSERT INTO People (PersonID, PersonName) VALUES (2782, 'Spencer Tracy');
INSERT INTO People (PersonID, PersonName) VALUES (2783, 'Spike Jonze');
INSERT INTO People (PersonID, PersonName) VALUES (2784, 'Spike Lee');
INSERT INTO People (PersonID, PersonName) VALUES (2785, 'Srdjan ''Zika'' Todorovic');
INSERT INTO People (PersonID, PersonName) VALUES (2786, 'Sridevi');
INSERT INTO People (PersonID, PersonName) VALUES (2787, 'Srinidhi Shetty');
INSERT INTO People (PersonID, PersonName) VALUES (2788, 'Sriram Raghavan');
INSERT INTO People (PersonID, PersonName) VALUES (2789, 'Stanislas Carré de Malberg');
INSERT INTO People (PersonID, PersonName) VALUES (2790, 'Stanley Baker');
INSERT INTO People (PersonID, PersonName) VALUES (2791, 'Stanley Donen');
INSERT INTO People (PersonID, PersonName) VALUES (2792, 'Stanley Holloway');
INSERT INTO People (PersonID, PersonName) VALUES (2793, 'Stanley Kramer');
INSERT INTO People (PersonID, PersonName) VALUES (2794, 'Stanley Kubrick');
INSERT INTO People (PersonID, PersonName) VALUES (2795, 'Stefania Sandrelli');
INSERT INTO People (PersonID, PersonName) VALUES (2796, 'Stella Dassas');
INSERT INTO People (PersonID, PersonName) VALUES (2797, 'Stellan Skarsgård');
INSERT INTO People (PersonID, PersonName) VALUES (2798, 'Stephen Baldwin');
INSERT INTO People (PersonID, PersonName) VALUES (2799, 'Stephen Boyd');
INSERT INTO People (PersonID, PersonName) VALUES (2800, 'Stephen Chbosky');
INSERT INTO People (PersonID, PersonName) VALUES (2801, 'Stephen Chow');
INSERT INTO People (PersonID, PersonName) VALUES (2802, 'Stephen Daldry');
INSERT INTO People (PersonID, PersonName) VALUES (2803, 'Stephen Frears');
INSERT INTO People (PersonID, PersonName) VALUES (2804, 'Stephen Graham');
INSERT INTO People (PersonID, PersonName) VALUES (2805, 'Stephen Rea');
INSERT INTO People (PersonID, PersonName) VALUES (2806, 'Stephen Tobolowsky');
INSERT INTO People (PersonID, PersonName) VALUES (2807, 'Stephen Trask');
INSERT INTO People (PersonID, PersonName) VALUES (2808, 'Stephen Young');
INSERT INTO People (PersonID, PersonName) VALUES (2809, 'Sterling Hayden');
INSERT INTO People (PersonID, PersonName) VALUES (2810, 'Steve Buscemi');
INSERT INTO People (PersonID, PersonName) VALUES (2811, 'Steve Carell');
INSERT INTO People (PersonID, PersonName) VALUES (2812, 'Steve Coogan');
INSERT INTO People (PersonID, PersonName) VALUES (2813, 'Steve Martin');
INSERT INTO People (PersonID, PersonName) VALUES (2814, 'Steve McQueen');
INSERT INTO People (PersonID, PersonName) VALUES (2815, 'Steve Zahn');
INSERT INTO People (PersonID, PersonName) VALUES (2816, 'Steven Bauer');
INSERT INTO People (PersonID, PersonName) VALUES (2817, 'Steven Soderbergh');
INSERT INTO People (PersonID, PersonName) VALUES (2818, 'Steven Spielberg');
INSERT INTO People (PersonID, PersonName) VALUES (2819, 'Strother Martin');
INSERT INTO People (PersonID, PersonName) VALUES (2820, 'Stuart Rosenberg');
INSERT INTO People (PersonID, PersonName) VALUES (2821, 'Stuart Wolfenden');
INSERT INTO People (PersonID, PersonName) VALUES (2822, 'Sudha Kongara');
INSERT INTO People (PersonID, PersonName) VALUES (2823, 'Sujoy Ghosh');
INSERT INTO People (PersonID, PersonName) VALUES (2824, 'Sully Boyar');
INSERT INTO People (PersonID, PersonName) VALUES (2825, 'Sumi Shimamoto');
INSERT INTO People (PersonID, PersonName) VALUES (2826, 'Sumita Sanyal');
INSERT INTO People (PersonID, PersonName) VALUES (2827, 'Sunil Dutt');
INSERT INTO People (PersonID, PersonName) VALUES (2828, 'Sunil Shetty');
INSERT INTO People (PersonID, PersonName) VALUES (2829, 'Sunny Pawar');
INSERT INTO People (PersonID, PersonName) VALUES (2830, 'Suraj Sharma');
INSERT INTO People (PersonID, PersonName) VALUES (2831, 'Suriya');
INSERT INTO People (PersonID, PersonName) VALUES (2832, 'Susan Harrison');
INSERT INTO People (PersonID, PersonName) VALUES (2833, 'Susanne Bier');
INSERT INTO People (PersonID, PersonName) VALUES (2834, 'Susanne Lothar');
INSERT INTO People (PersonID, PersonName) VALUES (2835, 'Sushant Singh Rajput');
INSERT INTO People (PersonID, PersonName) VALUES (2836, 'Susumu Terajima');
INSERT INTO People (PersonID, PersonName) VALUES (2837, 'Suzanne Clément');
INSERT INTO People (PersonID, PersonName) VALUES (2838, 'Suzanne Pleshette');
INSERT INTO People (PersonID, PersonName) VALUES (2839, 'Sylvain Chomet');
INSERT INTO People (PersonID, PersonName) VALUES (2840, 'Sylvester Stallone');
INSERT INTO People (PersonID, PersonName) VALUES (2841, 'Sylvia Hoeks');
INSERT INTO People (PersonID, PersonName) VALUES (2842, 'Sylvia Miles');
INSERT INTO People (PersonID, PersonName) VALUES (2843, 'Sylvie Testud');
INSERT INTO People (PersonID, PersonName) VALUES (2844, 'Sô Yamamura');
INSERT INTO People (PersonID, PersonName) VALUES (2845, 'T.J. Miller');
INSERT INTO People (PersonID, PersonName) VALUES (2846, 'Taapsee Pannu');
INSERT INTO People (PersonID, PersonName) VALUES (2847, 'Tabu');
INSERT INTO People (PersonID, PersonName) VALUES (2848, 'Tae-Hyun Cha');
INSERT INTO People (PersonID, PersonName) VALUES (2849, 'Tae-hoon Kim');
INSERT INTO People (PersonID, PersonName) VALUES (2850, 'Tahar Rahim');
INSERT INTO People (PersonID, PersonName) VALUES (2851, 'Taika Waititi');
INSERT INTO People (PersonID, PersonName) VALUES (2852, 'Takako Matsu');
INSERT INTO People (PersonID, PersonName) VALUES (2853, 'Takao Osawa');
INSERT INTO People (PersonID, PersonName) VALUES (2854, 'Takashi Shimura');
INSERT INTO People (PersonID, PersonName) VALUES (2855, 'Takashi Tachibana');
INSERT INTO People (PersonID, PersonName) VALUES (2856, 'Takeshi Aono');
INSERT INTO People (PersonID, PersonName) VALUES (2857, 'Takeshi Kaneshiro');
INSERT INTO People (PersonID, PersonName) VALUES (2858, 'Takeshi Kitano');
INSERT INTO People (PersonID, PersonName) VALUES (2859, 'Takuya Ishida');
INSERT INTO People (PersonID, PersonName) VALUES (2860, 'Takuya Kimura');
INSERT INTO People (PersonID, PersonName) VALUES (2861, 'Talia Shire');
INSERT INTO People (PersonID, PersonName) VALUES (2862, 'Tallulah Bankhead');
INSERT INTO People (PersonID, PersonName) VALUES (2863, 'Tamannaah Bhatia');
INSERT INTO People (PersonID, PersonName) VALUES (2864, 'Taner Birsel');
INSERT INTO People (PersonID, PersonName) VALUES (2865, 'Taraji P. Henson');
INSERT INTO People (PersonID, PersonName) VALUES (2866, 'Taraneh Alidoosti');
INSERT INTO People (PersonID, PersonName) VALUES (2867, 'Taron Egerton');
INSERT INTO People (PersonID, PersonName) VALUES (2868, 'Tarsem Singh');
INSERT INTO People (PersonID, PersonName) VALUES (2869, 'Tarun Arora');
INSERT INTO People (PersonID, PersonName) VALUES (2870, 'Tarô Yamamoto');
INSERT INTO People (PersonID, PersonName) VALUES (2871, 'Tate Taylor');
INSERT INTO People (PersonID, PersonName) VALUES (2872, 'Tatsuya Fujiwara');
INSERT INTO People (PersonID, PersonName) VALUES (2873, 'Tatsuya Gashûin');
INSERT INTO People (PersonID, PersonName) VALUES (2874, 'Tatsuya Nakadai');
INSERT INTO People (PersonID, PersonName) VALUES (2875, 'Tatum O''Neal');
INSERT INTO People (PersonID, PersonName) VALUES (2876, 'Taylor Hackford');
INSERT INTO People (PersonID, PersonName) VALUES (2877, 'Taylor Sheridan');
INSERT INTO People (PersonID, PersonName) VALUES (2878, 'Ted Demme');
INSERT INTO People (PersonID, PersonName) VALUES (2879, 'Ted Kotcheff');
INSERT INTO People (PersonID, PersonName) VALUES (2880, 'Telly Savalas');
INSERT INTO People (PersonID, PersonName) VALUES (2881, 'Temuera Morrison');
INSERT INTO People (PersonID, PersonName) VALUES (2882, 'Tensai Okamura');
INSERT INTO People (PersonID, PersonName) VALUES (2883, 'Teo Briones');
INSERT INTO People (PersonID, PersonName) VALUES (2884, 'Terence Alexander');
INSERT INTO People (PersonID, PersonName) VALUES (2885, 'Terence Young');
INSERT INTO People (PersonID, PersonName) VALUES (2886, 'Teresa Mo');
INSERT INTO People (PersonID, PersonName) VALUES (2887, 'Teresa Palmer');
INSERT INTO People (PersonID, PersonName) VALUES (2888, 'Teresa Wright');
INSERT INTO People (PersonID, PersonName) VALUES (2889, 'Teri Garr');
INSERT INTO People (PersonID, PersonName) VALUES (2890, 'Teri Hatcher');
INSERT INTO People (PersonID, PersonName) VALUES (2891, 'Terrence Howard');
INSERT INTO People (PersonID, PersonName) VALUES (2892, 'Terrence Malick');
INSERT INTO People (PersonID, PersonName) VALUES (2893, 'Terry George');
INSERT INTO People (PersonID, PersonName) VALUES (2894, 'Terry Gilliam');
INSERT INTO People (PersonID, PersonName) VALUES (2895, 'Terry Jones');
INSERT INTO People (PersonID, PersonName) VALUES (2896, 'Tessa Mitchell');
INSERT INTO People (PersonID, PersonName) VALUES (2897, 'Tessa Thompson');
INSERT INTO People (PersonID, PersonName) VALUES (2898, 'Tesshô Genda');
INSERT INTO People (PersonID, PersonName) VALUES (2899, 'Tetsurô Tanba');
INSERT INTO People (PersonID, PersonName) VALUES (2900, 'Tetsuya Nakashima');
INSERT INTO People (PersonID, PersonName) VALUES (2901, 'Thandie Newton');
INSERT INTO People (PersonID, PersonName) VALUES (2902, 'Thelma Ritter');
INSERT INTO People (PersonID, PersonName) VALUES (2903, 'Theodore Liscinski');
INSERT INTO People (PersonID, PersonName) VALUES (2904, 'Theodore Melfi');
INSERT INTO People (PersonID, PersonName) VALUES (2905, 'Thibault Verhaeghe');
INSERT INTO People (PersonID, PersonName) VALUES (2906, 'Thierry Lhermitte');
INSERT INTO People (PersonID, PersonName) VALUES (2907, 'Thierry van Werveke');
INSERT INTO People (PersonID, PersonName) VALUES (2908, 'Thom Hoffman');
INSERT INTO People (PersonID, PersonName) VALUES (2909, 'Thomas Bo Larsen');
INSERT INTO People (PersonID, PersonName) VALUES (2910, 'Thomas F. Wilson');
INSERT INTO People (PersonID, PersonName) VALUES (2911, 'Thomas Jahn');
INSERT INTO People (PersonID, PersonName) VALUES (2912, 'Thomas Kail');
INSERT INTO People (PersonID, PersonName) VALUES (2913, 'Thomas Kretschmann');
INSERT INTO People (PersonID, PersonName) VALUES (2914, 'Thomas Mann');
INSERT INTO People (PersonID, PersonName) VALUES (2915, 'Thomas Mitchell');
INSERT INTO People (PersonID, PersonName) VALUES (2916, 'Thomas Turgoose');
INSERT INTO People (PersonID, PersonName) VALUES (2917, 'Thomas Vinterberg');
INSERT INTO People (PersonID, PersonName) VALUES (2918, 'Thomasin McKenzie');
INSERT INTO People (PersonID, PersonName) VALUES (2919, 'Thora Birch');
INSERT INTO People (PersonID, PersonName) VALUES (2920, 'Tigmanshu Dhulia');
INSERT INTO People (PersonID, PersonName) VALUES (2921, 'Til Schweiger');
INSERT INTO People (PersonID, PersonName) VALUES (2922, 'Tilda Swinton');
INSERT INTO People (PersonID, PersonName) VALUES (2923, 'Tim Allen');
INSERT INTO People (PersonID, PersonName) VALUES (2924, 'Tim Blake Nelson');
INSERT INTO People (PersonID, PersonName) VALUES (2925, 'Tim Burton');
INSERT INTO People (PersonID, PersonName) VALUES (2926, 'Tim Holt');
INSERT INTO People (PersonID, PersonName) VALUES (2927, 'Tim McGraw');
INSERT INTO People (PersonID, PersonName) VALUES (2928, 'Tim Miller');
INSERT INTO People (PersonID, PersonName) VALUES (2929, 'Tim Robbins');
INSERT INTO People (PersonID, PersonName) VALUES (2930, 'Tim Roth');
INSERT INTO People (PersonID, PersonName) VALUES (2931, 'Timothy Bottoms');
INSERT INTO People (PersonID, PersonName) VALUES (2932, 'Timothy Hutton');
INSERT INTO People (PersonID, PersonName) VALUES (2933, 'Timothy Spall');
INSERT INTO People (PersonID, PersonName) VALUES (2934, 'Timothée Chalamet');
INSERT INTO People (PersonID, PersonName) VALUES (2935, 'Tina Fey');
INSERT INTO People (PersonID, PersonName) VALUES (2936, 'Tiny Sandford');
INSERT INTO People (PersonID, PersonName) VALUES (2937, 'Tippi Hedren');
INSERT INTO People (PersonID, PersonName) VALUES (2938, 'Tisca Chopra');
INSERT INTO People (PersonID, PersonName) VALUES (2939, 'Tobey Maguire');
INSERT INTO People (PersonID, PersonName) VALUES (2940, 'Toby Kebbell');
INSERT INTO People (PersonID, PersonName) VALUES (2941, 'Tod Browning');
INSERT INTO People (PersonID, PersonName) VALUES (2942, 'Todd Haynes');
INSERT INTO People (PersonID, PersonName) VALUES (2943, 'Todd Phillips');
INSERT INTO People (PersonID, PersonName) VALUES (2944, 'Todd Solondz');
INSERT INTO People (PersonID, PersonName) VALUES (2945, 'Tokiko Katô');
INSERT INTO People (PersonID, PersonName) VALUES (2946, 'Tom Berenger');
INSERT INTO People (PersonID, PersonName) VALUES (2947, 'Tom Cruise');
INSERT INTO People (PersonID, PersonName) VALUES (2948, 'Tom Guiry');
INSERT INTO People (PersonID, PersonName) VALUES (2949, 'Tom Hanks');
INSERT INTO People (PersonID, PersonName) VALUES (2950, 'Tom Hardy');
INSERT INTO People (PersonID, PersonName) VALUES (2951, 'Tom Helmore');
INSERT INTO People (PersonID, PersonName) VALUES (2952, 'Tom Hiddleston');
INSERT INTO People (PersonID, PersonName) VALUES (2953, 'Tom Hooper');
INSERT INTO People (PersonID, PersonName) VALUES (2954, 'Tom Hulce');
INSERT INTO People (PersonID, PersonName) VALUES (2955, 'Tom McCarthy');
INSERT INTO People (PersonID, PersonName) VALUES (2956, 'Tom Murray');
INSERT INTO People (PersonID, PersonName) VALUES (2957, 'Tom Prior');
INSERT INTO People (PersonID, PersonName) VALUES (2958, 'Tom Sizemore');
INSERT INTO People (PersonID, PersonName) VALUES (2959, 'Tom Skerritt');
INSERT INTO People (PersonID, PersonName) VALUES (2960, 'Tom Tykwer');
INSERT INTO People (PersonID, PersonName) VALUES (2961, 'Tom Waits');
INSERT INTO People (PersonID, PersonName) VALUES (2962, 'Tom Wilkinson');
INSERT INTO People (PersonID, PersonName) VALUES (2963, 'Tomas Alfredson');
INSERT INTO People (PersonID, PersonName) VALUES (2964, 'Tomm Moore');
INSERT INTO People (PersonID, PersonName) VALUES (2965, 'Tommy Chong');
INSERT INTO People (PersonID, PersonName) VALUES (2966, 'Tommy Lee Jones');
INSERT INTO People (PersonID, PersonName) VALUES (2967, 'Tomoko Yamaguchi');
INSERT INTO People (PersonID, PersonName) VALUES (2968, 'Toni Collette');
INSERT INTO People (PersonID, PersonName) VALUES (2969, 'Toni Servillo');
INSERT INTO People (PersonID, PersonName) VALUES (2970, 'Tony Bancroft');
INSERT INTO People (PersonID, PersonName) VALUES (2971, 'Tony Chiu-Wai Leung');
INSERT INTO People (PersonID, PersonName) VALUES (2972, 'Tony Curtis');
INSERT INTO People (PersonID, PersonName) VALUES (2973, 'Tony Hale');
INSERT INTO People (PersonID, PersonName) VALUES (2974, 'Tony Kaye');
INSERT INTO People (PersonID, PersonName) VALUES (2975, 'Tony Lo Bianco');
INSERT INTO People (PersonID, PersonName) VALUES (2976, 'Tony Moran');
INSERT INTO People (PersonID, PersonName) VALUES (2977, 'Tony Roberts');
INSERT INTO People (PersonID, PersonName) VALUES (2978, 'Tony Scott');
INSERT INTO People (PersonID, PersonName) VALUES (2979, 'Tony Todd');
INSERT INTO People (PersonID, PersonName) VALUES (2980, 'Topol');
INSERT INTO People (PersonID, PersonName) VALUES (2981, 'Toshirô Mifune');
INSERT INTO People (PersonID, PersonName) VALUES (2982, 'Toshirô Yanagiba');
INSERT INTO People (PersonID, PersonName) VALUES (2983, 'Travis Knight');
INSERT INTO People (PersonID, PersonName) VALUES (2984, 'Treat Williams');
INSERT INTO People (PersonID, PersonName) VALUES (2985, 'Trevor Howard');
INSERT INTO People (PersonID, PersonName) VALUES (2986, 'Trevor Jack Brooks');
INSERT INTO People (PersonID, PersonName) VALUES (2987, 'Trey Parker');
INSERT INTO People (PersonID, PersonName) VALUES (2988, 'Trine Dyrholm');
INSERT INTO People (PersonID, PersonName) VALUES (2989, 'Troy Duffy');
INSERT INTO People (PersonID, PersonName) VALUES (2990, 'Tsunehiko Kamijô');
INSERT INTO People (PersonID, PersonName) VALUES (2991, 'Tsutomu Tatsumi');
INSERT INTO People (PersonID, PersonName) VALUES (2992, 'Tsutomu Yamazaki');
INSERT INTO People (PersonID, PersonName) VALUES (2993, 'Tsuyoshi Ihara');
INSERT INTO People (PersonID, PersonName) VALUES (2994, 'Tugba Sunguroglu');
INSERT INTO People (PersonID, PersonName) VALUES (2995, 'Tuncel Kurtiz');
INSERT INTO People (PersonID, PersonName) VALUES (2996, 'Tung Cho ''Joe'' Cheung');
INSERT INTO People (PersonID, PersonName) VALUES (2997, 'Tyler Hoechlin');
INSERT INTO People (PersonID, PersonName) VALUES (2998, 'Tyler Nilson');
INSERT INTO People (PersonID, PersonName) VALUES (2999, 'Tyler Perry');
INSERT INTO People (PersonID, PersonName) VALUES (3000, 'Tyrone Power');
INSERT INTO People (PersonID, PersonName) VALUES (3001, 'Tôru Emori');
INSERT INTO People (PersonID, PersonName) VALUES (3002, 'Tôru Furuya');
INSERT INTO People (PersonID, PersonName) VALUES (3003, 'Ugur Yücel');
INSERT INTO People (PersonID, PersonName) VALUES (3004, 'Ulla Jacobsson');
INSERT INTO People (PersonID, PersonName) VALUES (3005, 'Ulrich Matthes');
INSERT INTO People (PersonID, PersonName) VALUES (3006, 'Ulrich Mühe');
INSERT INTO People (PersonID, PersonName) VALUES (3007, 'Ulrich Thomsen');
INSERT INTO People (PersonID, PersonName) VALUES (3008, 'Ulrich Tukur');
INSERT INTO People (PersonID, PersonName) VALUES (3009, 'Uma Thurman');
INSERT INTO People (PersonID, PersonName) VALUES (3010, 'Umesh Shukla');
INSERT INTO People (PersonID, PersonName) VALUES (3011, 'Val Kilmer');
INSERT INTO People (PersonID, PersonName) VALUES (3012, 'Valentin Zubkov');
INSERT INTO People (PersonID, PersonName) VALUES (3013, 'Valeria Golino');
INSERT INTO People (PersonID, PersonName) VALUES (3014, 'Valerie Faris');
INSERT INTO People (PersonID, PersonName) VALUES (3015, 'Valerie Hobson');
INSERT INTO People (PersonID, PersonName) VALUES (3016, 'Vanessa Redgrave');
INSERT INTO People (PersonID, PersonName) VALUES (3017, 'Vanna Urbino');
INSERT INTO People (PersonID, PersonName) VALUES (3018, 'Varun Sharma');
INSERT INTO People (PersonID, PersonName) VALUES (3019, 'Veerle Baetens');
INSERT INTO People (PersonID, PersonName) VALUES (3020, 'Vera Miles');
INSERT INTO People (PersonID, PersonName) VALUES (3021, 'Verna Bloom');
INSERT INTO People (PersonID, PersonName) VALUES (3022, 'Vernon Dobtcheff');
INSERT INTO People (PersonID, PersonName) VALUES (3023, 'Veronica Cartwright');
INSERT INTO People (PersonID, PersonName) VALUES (3024, 'Vicellous Shannon');
INSERT INTO People (PersonID, PersonName) VALUES (3025, 'Vicky Jenson');
INSERT INTO People (PersonID, PersonName) VALUES (3026, 'Vicky Kaushal');
INSERT INTO People (PersonID, PersonName) VALUES (3027, 'Victor Buono');
INSERT INTO People (PersonID, PersonName) VALUES (3028, 'Victor Fleming');
INSERT INTO People (PersonID, PersonName) VALUES (3029, 'Victor Jory');
INSERT INTO People (PersonID, PersonName) VALUES (3030, 'Victor Sjöström');
INSERT INTO People (PersonID, PersonName) VALUES (3031, 'Victor Slezak');
INSERT INTO People (PersonID, PersonName) VALUES (3032, 'Victoria Horne');
INSERT INTO People (PersonID, PersonName) VALUES (3033, 'Vidya Balan');
INSERT INTO People (PersonID, PersonName) VALUES (3034, 'Vidya Malvade');
INSERT INTO People (PersonID, PersonName) VALUES (3035, 'Viggo Mortensen');
INSERT INTO People (PersonID, PersonName) VALUES (3036, 'Vijay Raaz');
INSERT INTO People (PersonID, PersonName) VALUES (3037, 'Vijay Sethupathi');
INSERT INTO People (PersonID, PersonName) VALUES (3038, 'Vijay Varma');
INSERT INTO People (PersonID, PersonName) VALUES (3039, 'Vikas Bahl');
INSERT INTO People (PersonID, PersonName) VALUES (3040, 'Vikramaditya Motwane');
INSERT INTO People (PersonID, PersonName) VALUES (3041, 'Vin Diesel');
INSERT INTO People (PersonID, PersonName) VALUES (3042, 'Vince Edwards');
INSERT INTO People (PersonID, PersonName) VALUES (3043, 'Vince Vaughn');
INSERT INTO People (PersonID, PersonName) VALUES (3044, 'Vincent Cassel');
INSERT INTO People (PersonID, PersonName) VALUES (3045, 'Vincent D''Onofrio');
INSERT INTO People (PersonID, PersonName) VALUES (3046, 'Vincent Paronnaud');
INSERT INTO People (PersonID, PersonName) VALUES (3047, 'Vincent Price');
INSERT INTO People (PersonID, PersonName) VALUES (3048, 'Ving Rhames');
INSERT INTO People (PersonID, PersonName) VALUES (3049, 'Vinícius de Oliveira');
INSERT INTO People (PersonID, PersonName) VALUES (3050, 'Viola Davis');
INSERT INTO People (PersonID, PersonName) VALUES (3051, 'Virginia Cherrill');
INSERT INTO People (PersonID, PersonName) VALUES (3052, 'Virginia Mayo');
INSERT INTO People (PersonID, PersonName) VALUES (3053, 'Vishal Bhardwaj');
INSERT INTO People (PersonID, PersonName) VALUES (3054, 'Vittorio De Sica');
INSERT INTO People (PersonID, PersonName) VALUES (3055, 'Vivian Pickles');
INSERT INTO People (PersonID, PersonName) VALUES (3056, 'Vivien Leigh');
INSERT INTO People (PersonID, PersonName) VALUES (3057, 'Vlad Ivanov');
INSERT INTO People (PersonID, PersonName) VALUES (3058, 'Vladas Bagdonas');
INSERT INTO People (PersonID, PersonName) VALUES (3059, 'Vladimir Barskiy');
INSERT INTO People (PersonID, PersonName) VALUES (3060, 'Vladimir Garin');
INSERT INTO People (PersonID, PersonName) VALUES (3061, 'Vladimir Vdovichenkov');
INSERT INTO People (PersonID, PersonName) VALUES (3062, 'Vladislav Dvorzhetskiy');
INSERT INTO People (PersonID, PersonName) VALUES (3063, 'Véra Clouzot');
INSERT INTO People (PersonID, PersonName) VALUES (3064, 'W.S. Van Dyke');
INSERT INTO People (PersonID, PersonName) VALUES (3065, 'Wagner Moura');
INSERT INTO People (PersonID, PersonName) VALUES (3066, 'Wah Yuen');
INSERT INTO People (PersonID, PersonName) VALUES (3067, 'Wallace Ford');
INSERT INTO People (PersonID, PersonName) VALUES (3068, 'Walter Brennan');
INSERT INTO People (PersonID, PersonName) VALUES (3069, 'Walter Catlett');
INSERT INTO People (PersonID, PersonName) VALUES (3070, 'Walter Connolly');
INSERT INTO People (PersonID, PersonName) VALUES (3071, 'Walter Hampden');
INSERT INTO People (PersonID, PersonName) VALUES (3072, 'Walter Hill');
INSERT INTO People (PersonID, PersonName) VALUES (3073, 'Walter Huston');
INSERT INTO People (PersonID, PersonName) VALUES (3074, 'Walter Matthau');
INSERT INTO People (PersonID, PersonName) VALUES (3075, 'Walter Salles');
INSERT INTO People (PersonID, PersonName) VALUES (3076, 'Walter Slezak');
INSERT INTO People (PersonID, PersonName) VALUES (3077, 'Walton Goggins');
INSERT INTO People (PersonID, PersonName) VALUES (3078, 'Ward Bond');
INSERT INTO People (PersonID, PersonName) VALUES (3079, 'Warren Beatty');
INSERT INTO People (PersonID, PersonName) VALUES (3080, 'Warren Clarke');
INSERT INTO People (PersonID, PersonName) VALUES (3081, 'Warren Oates');
INSERT INTO People (PersonID, PersonName) VALUES (3082, 'Wendee Lee');
INSERT INTO People (PersonID, PersonName) VALUES (3083, 'Wendell Corey');
INSERT INTO People (PersonID, PersonName) VALUES (3084, 'Wendy Crewson');
INSERT INTO People (PersonID, PersonName) VALUES (3085, 'Wendy Hiller');
INSERT INTO People (PersonID, PersonName) VALUES (3086, 'Werner Herzog');
INSERT INTO People (PersonID, PersonName) VALUES (3087, 'Werner Krauss');
INSERT INTO People (PersonID, PersonName) VALUES (3088, 'Wes Anderson');
INSERT INTO People (PersonID, PersonName) VALUES (3089, 'Wes Bentley');
INSERT INTO People (PersonID, PersonName) VALUES (3090, 'Wesley Addy');
INSERT INTO People (PersonID, PersonName) VALUES (3091, 'Whoopi Goldberg');
INSERT INTO People (PersonID, PersonName) VALUES (3092, 'Wil Johnson');
INSERT INTO People (PersonID, PersonName) VALUES (3093, 'Wil Wheaton');
INSERT INTO People (PersonID, PersonName) VALUES (3094, 'Wiley Wiggins');
INSERT INTO People (PersonID, PersonName) VALUES (3095, 'Wilford Brimley');
INSERT INTO People (PersonID, PersonName) VALUES (3096, 'Wilfrid Hyde-White');
INSERT INTO People (PersonID, PersonName) VALUES (3097, 'Will Ferrell');
INSERT INTO People (PersonID, PersonName) VALUES (3098, 'Will Forte');
INSERT INTO People (PersonID, PersonName) VALUES (3099, 'Will Patton');
INSERT INTO People (PersonID, PersonName) VALUES (3100, 'Will Poulter');
INSERT INTO People (PersonID, PersonName) VALUES (3101, 'Will Smith');
INSERT INTO People (PersonID, PersonName) VALUES (3102, 'Willem Dafoe');
INSERT INTO People (PersonID, PersonName) VALUES (3103, 'William Atherton');
INSERT INTO People (PersonID, PersonName) VALUES (3104, 'William Bendix');
INSERT INTO People (PersonID, PersonName) VALUES (3105, 'William Daniels');
INSERT INTO People (PersonID, PersonName) VALUES (3106, 'William Friedkin');
INSERT INTO People (PersonID, PersonName) VALUES (3107, 'William H. Lynn');
INSERT INTO People (PersonID, PersonName) VALUES (3108, 'William H. Macy');
INSERT INTO People (PersonID, PersonName) VALUES (3109, 'William Harrigan');
INSERT INTO People (PersonID, PersonName) VALUES (3110, 'William Hickey');
INSERT INTO People (PersonID, PersonName) VALUES (3111, 'William Holden');
INSERT INTO People (PersonID, PersonName) VALUES (3112, 'William Hurt');
INSERT INTO People (PersonID, PersonName) VALUES (3113, 'William Keighley');
INSERT INTO People (PersonID, PersonName) VALUES (3114, 'William Powell');
INSERT INTO People (PersonID, PersonName) VALUES (3115, 'William Sadler');
INSERT INTO People (PersonID, PersonName) VALUES (3116, 'William Shatner');
INSERT INTO People (PersonID, PersonName) VALUES (3117, 'William Sylvester');
INSERT INTO People (PersonID, PersonName) VALUES (3118, 'William Wyler');
INSERT INTO People (PersonID, PersonName) VALUES (3119, 'Wilson Yip');
INSERT INTO People (PersonID, PersonName) VALUES (3120, 'Wim Wenders');
INSERT INTO People (PersonID, PersonName) VALUES (3121, 'Winona Ryder');
INSERT INTO People (PersonID, PersonName) VALUES (3122, 'Wladyslaw Kowalski');
INSERT INTO People (PersonID, PersonName) VALUES (3123, 'Wolfgang Becker');
INSERT INTO People (PersonID, PersonName) VALUES (3124, 'Wolfgang Lukschy');
INSERT INTO People (PersonID, PersonName) VALUES (3125, 'Wolfgang Petersen');
INSERT INTO People (PersonID, PersonName) VALUES (3126, 'Wolfgang Reitherman');
INSERT INTO People (PersonID, PersonName) VALUES (3127, 'Won Bin');
INSERT INTO People (PersonID, PersonName) VALUES (3128, 'Wood Harris');
INSERT INTO People (PersonID, PersonName) VALUES (3129, 'Woody Allen');
INSERT INTO People (PersonID, PersonName) VALUES (3130, 'Woody Harrelson');
INSERT INTO People (PersonID, PersonName) VALUES (3131, 'Wotan Wilke Möhring');
INSERT INTO People (PersonID, PersonName) VALUES (3132, 'Xavier Dolan');
INSERT INTO People (PersonID, PersonName) VALUES (3133, 'Xolani Mali');
INSERT INTO People (PersonID, PersonName) VALUES (3134, 'Yacef Saadi');
INSERT INTO People (PersonID, PersonName) VALUES (3135, 'Yalitza Aparicio');
INSERT INTO People (PersonID, PersonName) VALUES (3136, 'Yami Gautam');
INSERT INTO People (PersonID, PersonName) VALUES (3137, 'Yann Samuell');
INSERT INTO People (PersonID, PersonName) VALUES (3138, 'Yash');
INSERT INTO People (PersonID, PersonName) VALUES (3139, 'Yash Chopra');
INSERT INTO People (PersonID, PersonName) VALUES (3140, 'Yasujirô Ozu');
INSERT INTO People (PersonID, PersonName) VALUES (3141, 'Yasuo Yamada');
INSERT INTO People (PersonID, PersonName) VALUES (3142, 'Yavuz Turgul');
INSERT INTO People (PersonID, PersonName) VALUES (3143, 'Yayan Ruhian');
INSERT INTO People (PersonID, PersonName) VALUES (3144, 'Yeong-hie Seo');
INSERT INTO People (PersonID, PersonName) VALUES (3145, 'Yeong-su Oh');
INSERT INTO People (PersonID, PersonName) VALUES (3146, 'Yesim Salkim');
INSERT INTO People (PersonID, PersonName) VALUES (3147, 'Yilmaz Erdogan');
INSERT INTO People (PersonID, PersonName) VALUES (3148, 'Yimou Zhang');
INSERT INTO People (PersonID, PersonName) VALUES (3149, 'Yoko Honna');
INSERT INTO People (PersonID, PersonName) VALUES (3150, 'Yong Dong');
INSERT INTO People (PersonID, PersonName) VALUES (3151, 'Yoo Ji-Tae');
INSERT INTO People (PersonID, PersonName) VALUES (3152, 'Yoo-Jeong Kim');
INSERT INTO People (PersonID, PersonName) VALUES (3153, 'Yordanos Shiferaw');
INSERT INTO People (PersonID, PersonName) VALUES (3154, 'Yoshiaki Kawajiri');
INSERT INTO People (PersonID, PersonName) VALUES (3155, 'Yoshiaki Umegaki');
INSERT INTO People (PersonID, PersonName) VALUES (3156, 'Yoshifumi Kondô');
INSERT INTO People (PersonID, PersonName) VALUES (3157, 'Yoshiko Shinohara');
INSERT INTO People (PersonID, PersonName) VALUES (3158, 'Yoshino Kimura');
INSERT INTO People (PersonID, PersonName) VALUES (3159, 'Yoshiyuki Takei');
INSERT INTO People (PersonID, PersonName) VALUES (3160, 'You Ge');
INSERT INTO People (PersonID, PersonName) VALUES (3161, 'Yukiko Shimazaki');
INSERT INTO People (PersonID, PersonName) VALUES (3162, 'Yukito Nishii');
INSERT INTO People (PersonID, PersonName) VALUES (3163, 'Yul Brynner');
INSERT INTO People (PersonID, PersonName) VALUES (3164, 'Yun Qu');
INSERT INTO People (PersonID, PersonName) VALUES (3165, 'Yun-Fat Chow');
INSERT INTO People (PersonID, PersonName) VALUES (3166, 'Yuriko Ishida');
INSERT INTO People (PersonID, PersonName) VALUES (3167, 'Yutaka Sada');
INSERT INTO People (PersonID, PersonName) VALUES (3168, 'Yves Montand');
INSERT INTO People (PersonID, PersonName) VALUES (3169, 'Yvonne Furneaux');
INSERT INTO People (PersonID, PersonName) VALUES (3170, 'Yôji Matsuda');
INSERT INTO People (PersonID, PersonName) VALUES (3171, 'Yôjirô Takita');
INSERT INTO People (PersonID, PersonName) VALUES (3172, 'Yôko Tsukasa');
INSERT INTO People (PersonID, PersonName) VALUES (3173, 'Yû Kashii');
INSERT INTO People (PersonID, PersonName) VALUES (3174, 'Yûko Miyamura');
INSERT INTO People (PersonID, PersonName) VALUES (3175, 'Yûko Tanaka');
INSERT INTO People (PersonID, PersonName) VALUES (3176, 'Yûnosuke Itô');
INSERT INTO People (PersonID, PersonName) VALUES (3177, 'Zac Mattoon O''Brien');
INSERT INTO People (PersonID, PersonName) VALUES (3178, 'Zach Galifianakis');
INSERT INTO People (PersonID, PersonName) VALUES (3179, 'Zach Grenier');
INSERT INTO People (PersonID, PersonName) VALUES (3180, 'Zachary Levi');
INSERT INTO People (PersonID, PersonName) VALUES (3181, 'Zachary Quinto');
INSERT INTO People (PersonID, PersonName) VALUES (3182, 'Zack Gottsagen');
INSERT INTO People (PersonID, PersonName) VALUES (3183, 'Zack Snyder');
INSERT INTO People (PersonID, PersonName) VALUES (3184, 'Zain Al Rafeea');
INSERT INTO People (PersonID, PersonName) VALUES (3185, 'Zamira Saunders');
INSERT INTO People (PersonID, PersonName) VALUES (3186, 'Zarah Jane McKenzie');
INSERT INTO People (PersonID, PersonName) VALUES (3187, 'Zaza Urushadze');
INSERT INTO People (PersonID, PersonName) VALUES (3188, 'Zazie Beetz');
INSERT INTO People (PersonID, PersonName) VALUES (3189, 'Zbigniew Zamachowski');
INSERT INTO People (PersonID, PersonName) VALUES (3190, 'Zeppo Marx');
INSERT INTO People (PersonID, PersonName) VALUES (3191, 'Ziyi Zhang');
INSERT INTO People (PersonID, PersonName) VALUES (3192, 'Zoe Saldana');
INSERT INTO People (PersonID, PersonName) VALUES (3193, 'Zooey Deschanel');
INSERT INTO People (PersonID, PersonName) VALUES (3194, 'Zoya Akhtar');
INSERT INTO People (PersonID, PersonName) VALUES (3195, 'Zoë Kravitz');
INSERT INTO People (PersonID, PersonName) VALUES (3196, 'Álvaro Guerrero');
INSERT INTO People (PersonID, PersonName) VALUES (3197, 'Çagan Irmak');
INSERT INTO People (PersonID, PersonName) VALUES (3198, 'Çetin Tekindor');
INSERT INTO People (PersonID, PersonName) VALUES (3199, 'Émile Vallée');
INSERT INTO People (PersonID, PersonName) VALUES (3200, 'Éric Toledano');
INSERT INTO People (PersonID, PersonName) VALUES (3201, 'Ömer Faruk Sorak');
INSERT INTO People (PersonID, PersonName) VALUES (3202, 'Özge Özberk');

-- 1. Populate Genres Table
INSERT INTO Genres (GenreID, GenreName) VALUES (1, 'Action');
INSERT INTO Genres (GenreID, GenreName) VALUES (2, 'Adventure');
INSERT INTO Genres (GenreID, GenreName) VALUES (3, 'Animation');
INSERT INTO Genres (GenreID, GenreName) VALUES (4, 'Biography');
INSERT INTO Genres (GenreID, GenreName) VALUES (5, 'Comedy');
INSERT INTO Genres (GenreID, GenreName) VALUES (6, 'Crime');
INSERT INTO Genres (GenreID, GenreName) VALUES (7, 'Drama');
INSERT INTO Genres (GenreID, GenreName) VALUES (8, 'Family');
INSERT INTO Genres (GenreID, GenreName) VALUES (9, 'Fantasy');
INSERT INTO Genres (GenreID, GenreName) VALUES (10, 'Film-Noir');
INSERT INTO Genres (GenreID, GenreName) VALUES (11, 'History');
INSERT INTO Genres (GenreID, GenreName) VALUES (12, 'Horror');
INSERT INTO Genres (GenreID, GenreName) VALUES (13, 'Music');
INSERT INTO Genres (GenreID, GenreName) VALUES (14, 'Musical');
INSERT INTO Genres (GenreID, GenreName) VALUES (15, 'Mystery');
INSERT INTO Genres (GenreID, GenreName) VALUES (16, 'Romance');
INSERT INTO Genres (GenreID, GenreName) VALUES (17, 'Sci-Fi');
INSERT INTO Genres (GenreID, GenreName) VALUES (18, 'Sport');
INSERT INTO Genres (GenreID, GenreName) VALUES (19, 'Thriller');
INSERT INTO Genres (GenreID, GenreName) VALUES (20, 'War');
INSERT INTO Genres (GenreID, GenreName) VALUES (21, 'Western');

-- 2. Populate Certificates Table
INSERT INTO Certificates (CertificateID, CertificateName) VALUES (1, '16');
INSERT INTO Certificates (CertificateID, CertificateName) VALUES (2, 'A');
INSERT INTO Certificates (CertificateID, CertificateName) VALUES (3, 'Approved');
INSERT INTO Certificates (CertificateID, CertificateName) VALUES (4, 'G');
INSERT INTO Certificates (CertificateID, CertificateName) VALUES (5, 'GP');
INSERT INTO Certificates (CertificateID, CertificateName) VALUES (6, 'PG');
INSERT INTO Certificates (CertificateID, CertificateName) VALUES (7, 'PG-13');
INSERT INTO Certificates (CertificateID, CertificateName) VALUES (8, 'Passed');
INSERT INTO Certificates (CertificateID, CertificateName) VALUES (9, 'R');
INSERT INTO Certificates (CertificateID, CertificateName) VALUES (10, 'TV-14');
INSERT INTO Certificates (CertificateID, CertificateName) VALUES (11, 'TV-MA');
INSERT INTO Certificates (CertificateID, CertificateName) VALUES (12, 'TV-PG');
INSERT INTO Certificates (CertificateID, CertificateName) VALUES (13, 'U');
INSERT INTO Certificates (CertificateID, CertificateName) VALUES (14, 'U/A');
INSERT INTO Certificates (CertificateID, CertificateName) VALUES (15, 'UA');
INSERT INTO Certificates (CertificateID, CertificateName) VALUES (16, 'Unrated');

-- 5. Populate Movies Table (Main)
-- 6. Populate MovieGenres Table (Linking)
-- 7. Populate MoviePeople Table (Linking)

INSERT INTO Movies (MovieID, Series_Title, Released_Year, RuntimeMinutes, Overview, Poster_Link, IMDB_Rating, Meta_score, No_of_Votes, Gross_Revenue, CertificateID) VALUES (1, 'The Shawshank Redemption', 1994.0, 142, 'Two imprisoned men bond over a number of years, finding solace and eventual redemption through acts of common decency.', 'https://m.media-amazon.com/images/M/MV5BMDFkYTc0MGEtZmNhMC00ZDIzLWFmNTEtODM1ZmRlYWMwMWFmXkEyXkFqcGdeQXVyMTMxODk2OTU@._V1_UX67_CR0,0,67,98_AL_.jpg', 9.3, 80.0, 2343110, 28341469.0, 2);
INSERT INTO MovieGenres (MovieID, GenreID) VALUES (1, 7);
INSERT INTO MoviePeople (MovieID, PersonID, RoleID) VALUES (1, 898, 1);
INSERT INTO MoviePeople (MovieID, PersonID, RoleID) VALUES (1, 2929, 2);
INSERT INTO MoviePeople (MovieID, PersonID, RoleID) VALUES (1, 2144, 3);
INSERT INTO MoviePeople (MovieID, PersonID, RoleID) VALUES (1, 330, 4);
INSERT INTO MoviePeople (MovieID, PersonID, RoleID) VALUES (1, 3115, 5);

INSERT INTO Movies (MovieID, Series_Title, Released_Year, RuntimeMinutes, Overview, Poster_Link, IMDB_Rating, Meta_score, No_of_Votes, Gross_Revenue, CertificateID) VALUES (2, 'The Godfather', 1972.0, 175, 'An organized crime dynasty''s aging patriarch transfers control of his clandestine empire to his reluctant son.', 'https://m.media-amazon.com/images/M/MV5BM2MyNjYxNmUtYTAwNi00MTYxLWJmNWYtYzZlODY3ZTk3OTFlXkEyXkFqcGdeQXVyNzkwMjQ5NzM@._V1_UY98_CR1,0,67,98_AL_.jpg', 9.2, 100.0, 1620367, 134966411.0, 2);
INSERT INTO MovieGenres (MovieID, GenreID) VALUES (2, 6);
INSERT INTO MovieGenres (MovieID, GenreID) VALUES (2, 7);
INSERT INTO MoviePeople (MovieID, PersonID, RoleID) VALUES (2, 892, 1);
INSERT INTO MoviePeople (MovieID, PersonID, RoleID) VALUES (2, 1944, 2);
INSERT INTO MoviePeople (MovieID, PersonID, RoleID) VALUES (2, 45, 3);
INSERT INTO MoviePeople (MovieID, PersonID, RoleID) VALUES (2, 1237, 4);
INSERT INTO MoviePeople (MovieID, PersonID, RoleID) VALUES (2, 682, 5);

INSERT INTO Movies (MovieID, Series_Title, Released_Year, RuntimeMinutes, Overview, Poster_Link, IMDB_Rating, Meta_score, No_of_Votes, Gross_Revenue, CertificateID) VALUES (3, 'The Dark Knight', 2008.0, 152, 'When the menace known as the Joker wreaks havoc and chaos on the people of Gotham, Batman must accept one of the greatest psychological and physical tests of his ability to fight injustice.', 'https://m.media-amazon.com/images/M/MV5BMTMxNTMwODM0NF5BMl5BanBnXkFtZTcwODAyMTk2Mw@@._V1_UX67_CR0,0,67,98_AL_.jpg', 9.0, 84.0, 2303232, 534858444.0, 15);
INSERT INTO MovieGenres (MovieID, GenreID) VALUES (3, 1);
INSERT INTO MovieGenres (MovieID, GenreID) VALUES (3, 6);
INSERT INTO MovieGenres (MovieID, GenreID) VALUES (3, 7);
INSERT INTO MoviePeople (MovieID, PersonID, RoleID) VALUES (3, 527, 1);
INSERT INTO MoviePeople (MovieID, PersonID, RoleID) VALUES (3, 509, 2);
INSERT INTO MoviePeople (MovieID, PersonID, RoleID) VALUES (3, 1094, 3);
INSERT INTO MoviePeople (MovieID, PersonID, RoleID) VALUES (3, 3, 4);
INSERT INTO MoviePeople (MovieID, PersonID, RoleID) VALUES (3, 2046, 5);

INSERT INTO Movies (MovieID, Series_Title, Released_Year, RuntimeMinutes, Overview, Poster_Link, IMDB_Rating, Meta_score, No_of_Votes, Gross_Revenue, CertificateID) VALUES (4, 'The Godfather: Part II', 1974.0, 202, 'The early life and career of Vito Corleone in 1920s New York City is portrayed, while his son, Michael, expands and tightens his grip on the family crime syndicate.', 'https://m.media-amazon.com/images/M/MV5BMWMwMGQzZTItY2JlNC00OWZiLWIyMDctNDk2ZDQ2YjRjMWQ0XkEyXkFqcGdeQXVyNzkwMjQ5NzM@._V1_UY98_CR1,0,67,98_AL_.jpg', 9.0, 90.0, 1129952, 57300000.0, 2);
INSERT INTO MovieGenres (MovieID, GenreID) VALUES (4, 6);
INSERT INTO MovieGenres (MovieID, GenreID) VALUES (4, 7);
INSERT INTO MoviePeople (MovieID, PersonID, RoleID) VALUES (4, 892, 1);
INSERT INTO MoviePeople (MovieID, PersonID, RoleID) VALUES (4, 45, 2);
INSERT INTO MoviePeople (MovieID, PersonID, RoleID) VALUES (4, 2517, 3);
INSERT INTO MoviePeople (MovieID, PersonID, RoleID) VALUES (4, 2520, 4);
INSERT INTO MoviePeople (MovieID, PersonID, RoleID) VALUES (4, 682, 5);

INSERT INTO Movies (MovieID, Series_Title, Released_Year, RuntimeMinutes, Overview, Poster_Link, IMDB_Rating, Meta_score, No_of_Votes, Gross_Revenue, CertificateID) VALUES (5, '12 Angry Men', 1957.0, 96, 'A jury holdout attempts to prevent a miscarriage of justice by forcing his colleagues to reconsider the evidence.', 'https://m.media-amazon.com/images/M/MV5BMWU4N2FjNzYtNTVkNC00NzQ0LTg0MjAtYTJlMjFhNGUxZDFmXkEyXkFqcGdeQXVyNjc1NTYyMjg@._V1_UX67_CR0,0,67,98_AL_.jpg', 9.0, 96.0, 689845, 4360000.0, 13);
INSERT INTO MovieGenres (MovieID, GenreID) VALUES (5, 6);
INSERT INTO MovieGenres (MovieID, GenreID) VALUES (5, 7);
INSERT INTO MoviePeople (MovieID, PersonID, RoleID) VALUES (5, 2752, 1);
INSERT INTO MoviePeople (MovieID, PersonID, RoleID) VALUES (5, 1112, 2);
INSERT INTO MoviePeople (MovieID, PersonID, RoleID) VALUES (5, 1750, 3);
INSERT INTO MoviePeople (MovieID, PersonID, RoleID) VALUES (5, 1947, 4);
INSERT INTO MoviePeople (MovieID, PersonID, RoleID) VALUES (5, 1443, 5);

INSERT INTO Movies (MovieID, Series_Title, Released_Year, RuntimeMinutes, Overview, Poster_Link, IMDB_Rating, Meta_score, No_of_Votes, Gross_Revenue, CertificateID) VALUES (6, 'The Lord of the Rings: The Return of the King', 2003.0, 201, 'Gandalf and Aragorn lead the World of Men against Sauron''s army to draw his gaze from Frodo and Sam as they approach Mount Doom with the One Ring.', 'https://m.media-amazon.com/images/M/MV5BNzA5ZDNlZWMtM2NhNS00NDJjLTk4NDItYTRmY2EwMWZlMTY3XkEyXkFqcGdeQXVyNzkwMjQ5NzM@._V1_UX67_CR0,0,67,98_AL_.jpg', 8.9, 94.0, 1642758, 377845905.0, 13);
INSERT INTO MovieGenres (MovieID, GenreID) VALUES (6, 1);
INSERT INTO MovieGenres (MovieID, GenreID) VALUES (6, 2);
INSERT INTO MovieGenres (MovieID, GenreID) VALUES (6, 7);
INSERT INTO MoviePeople (MovieID, PersonID, RoleID) VALUES (6, 2345, 1);
INSERT INTO MoviePeople (MovieID, PersonID, RoleID) VALUES (6, 777, 2);
INSERT INTO MoviePeople (MovieID, PersonID, RoleID) VALUES (6, 3035, 3);
INSERT INTO MoviePeople (MovieID, PersonID, RoleID) VALUES (6, 1162, 4);
INSERT INTO MoviePeople (MovieID, PersonID, RoleID) VALUES (6, 2258, 5);

INSERT INTO Movies (MovieID, Series_Title, Released_Year, RuntimeMinutes, Overview, Poster_Link, IMDB_Rating, Meta_score, No_of_Votes, Gross_Revenue, CertificateID) VALUES (7, 'Pulp Fiction', 1994.0, 154, 'The lives of two mob hitmen, a boxer, a gangster and his wife, and a pair of diner bandits intertwine in four tales of violence and redemption.', 'https://m.media-amazon.com/images/M/MV5BNGNhMDIzZTUtNTBlZi00MTRlLWFjM2ItYzViMjE3YzI5MjljXkEyXkFqcGdeQXVyNzkwMjQ5NzM@._V1_UY98_CR0,0,67,98_AL_.jpg', 8.9, 94.0, 1826188, 107928762.0, 2);
INSERT INTO MovieGenres (MovieID, GenreID) VALUES (7, 6);
INSERT INTO MovieGenres (MovieID, GenreID) VALUES (7, 7);
INSERT INTO MoviePeople (MovieID, PersonID, RoleID) VALUES (7, 2391, 1);
INSERT INTO MoviePeople (MovieID, PersonID, RoleID) VALUES (7, 1490, 2);
INSERT INTO MoviePeople (MovieID, PersonID, RoleID) VALUES (7, 3009, 3);
INSERT INTO MoviePeople (MovieID, PersonID, RoleID) VALUES (7, 2655, 4);
INSERT INTO MoviePeople (MovieID, PersonID, RoleID) VALUES (7, 385, 5);

INSERT INTO Movies (MovieID, Series_Title, Released_Year, RuntimeMinutes, Overview, Poster_Link, IMDB_Rating, Meta_score, No_of_Votes, Gross_Revenue, CertificateID) VALUES (8, 'Schindler''s List', 1993.0, 195, 'In German-occupied Poland during World War II, industrialist Oskar Schindler gradually becomes concerned for his Jewish workforce after witnessing their persecution by the Nazis.', 'https://m.media-amazon.com/images/M/MV5BNDE4OTMxMTctNmRhYy00NWE2LTg3YzItYTk3M2UwOTU5Njg4XkEyXkFqcGdeQXVyNjU0OTQ0OTY@._V1_UX67_CR0,0,67,98_AL_.jpg', 8.9, 94.0, 1213505, 96898818.0, 2);
INSERT INTO MovieGenres (MovieID, GenreID) VALUES (8, 4);
INSERT INTO MovieGenres (MovieID, GenreID) VALUES (8, 7);
INSERT INTO MovieGenres (MovieID, GenreID) VALUES (8, 11);
INSERT INTO MoviePeople (MovieID, PersonID, RoleID) VALUES (8, 2818, 1);
INSERT INTO MoviePeople (MovieID, PersonID, RoleID) VALUES (8, 1789, 2);
INSERT INTO MoviePeople (MovieID, PersonID, RoleID) VALUES (8, 2417, 3);
INSERT INTO MoviePeople (MovieID, PersonID, RoleID) VALUES (8, 284, 4);
INSERT INTO MoviePeople (MovieID, PersonID, RoleID) VALUES (8, 433, 5);

INSERT INTO Movies (MovieID, Series_Title, Released_Year, RuntimeMinutes, Overview, Poster_Link, IMDB_Rating, Meta_score, No_of_Votes, Gross_Revenue, CertificateID) VALUES (9, 'Inception', 2010.0, 148, 'A thief who steals corporate secrets through the use of dream-sharing technology is given the inverse task of planting an idea into the mind of a C.E.O.', 'https://m.media-amazon.com/images/M/MV5BMjAxMzY3NjcxNF5BMl5BanBnXkFtZTcwNTI5OTM0Mw@@._V1_UX67_CR0,0,67,98_AL_.jpg', 8.8, 74.0, 2067042, 292576195.0, 15);
INSERT INTO MovieGenres (MovieID, GenreID) VALUES (9, 1);
INSERT INTO MovieGenres (MovieID, GenreID) VALUES (9, 2);
INSERT INTO MovieGenres (MovieID, GenreID) VALUES (9, 17);
INSERT INTO MoviePeople (MovieID, PersonID, RoleID) VALUES (9, 527, 1);
INSERT INTO MoviePeople (MovieID, PersonID, RoleID) VALUES (9, 1775, 2);
INSERT INTO MoviePeople (MovieID, PersonID, RoleID) VALUES (9, 1521, 3);
INSERT INTO MoviePeople (MovieID, PersonID, RoleID) VALUES (9, 792, 4);
INSERT INTO MoviePeople (MovieID, PersonID, RoleID) VALUES (9, 1653, 5);

INSERT INTO Movies (MovieID, Series_Title, Released_Year, RuntimeMinutes, Overview, Poster_Link, IMDB_Rating, Meta_score, No_of_Votes, Gross_Revenue, CertificateID) VALUES (10, 'Fight Club', 1999.0, 139, 'An insomniac office worker and a devil-may-care soapmaker form an underground fight club that evolves into something much, much more.', 'https://m.media-amazon.com/images/M/MV5BMmEzNTkxYjQtZTc0MC00YTVjLTg5ZTEtZWMwOWVlYzY0NWIwXkEyXkFqcGdeQXVyNzkwMjQ5NzM@._V1_UX67_CR0,0,67,98_AL_.jpg', 8.8, 66.0, 1854740, 37030102.0, 2);
INSERT INTO MovieGenres (MovieID, GenreID) VALUES (10, 7);
INSERT INTO MoviePeople (MovieID, PersonID, RoleID) VALUES (10, 630, 1);
INSERT INTO MoviePeople (MovieID, PersonID, RoleID) VALUES (10, 351, 2);
INSERT INTO MoviePeople (MovieID, PersonID, RoleID) VALUES (10, 756, 3);
INSERT INTO MoviePeople (MovieID, PersonID, RoleID) VALUES (10, 2013, 4);
INSERT INTO MoviePeople (MovieID, PersonID, RoleID) VALUES (10, 3179, 5);

INSERT INTO Movies (MovieID, Series_Title, Released_Year, RuntimeMinutes, Overview, Poster_Link, IMDB_Rating, Meta_score, No_of_Votes, Gross_Revenue, CertificateID) VALUES (11, 'The Lord of the Rings: The Fellowship of the Ring', 2001.0, 178, 'A meek Hobbit from the Shire and eight companions set out on a journey to destroy the powerful One Ring and save Middle-earth from the Dark Lord Sauron.', 'https://m.media-amazon.com/images/M/MV5BN2EyZjM3NzUtNWUzMi00MTgxLWI0NTctMzY4M2VlOTdjZWRiXkEyXkFqcGdeQXVyNDUzOTQ5MjY@._V1_UX67_CR0,0,67,98_AL_.jpg', 8.8, 92.0, 1661481, 315544750.0, 13);
INSERT INTO MovieGenres (MovieID, GenreID) VALUES (11, 1);
INSERT INTO MovieGenres (MovieID, GenreID) VALUES (11, 2);
INSERT INTO MovieGenres (MovieID, GenreID) VALUES (11, 7);
INSERT INTO MoviePeople (MovieID, PersonID, RoleID) VALUES (11, 2345, 1);
INSERT INTO MoviePeople (MovieID, PersonID, RoleID) VALUES (11, 777, 2);
INSERT INTO MoviePeople (MovieID, PersonID, RoleID) VALUES (11, 1162, 3);
INSERT INTO MoviePeople (MovieID, PersonID, RoleID) VALUES (11, 2258, 4);
INSERT INTO MoviePeople (MovieID, PersonID, RoleID) VALUES (11, 2693, 5);

INSERT INTO Movies (MovieID, Series_Title, Released_Year, RuntimeMinutes, Overview, Poster_Link, IMDB_Rating, Meta_score, No_of_Votes, Gross_Revenue, CertificateID) VALUES (12, 'Forrest Gump', 1994.0, 142, 'The presidencies of Kennedy and Johnson, the events of Vietnam, Watergate and other historical events unfold through the perspective of an Alabama man with an IQ of 75, whose only desire is to be reunited with his childhood sweetheart.', 'https://m.media-amazon.com/images/M/MV5BNWIwODRlZTUtY2U3ZS00Yzg1LWJhNzYtMmZiYmEyNmU1NjMzXkEyXkFqcGdeQXVyMTQxNzMzNDI@._V1_UY98_CR0,0,67,98_AL_.jpg', 8.8, 82.0, 1809221, 330252182.0, 15);
INSERT INTO MovieGenres (MovieID, GenreID) VALUES (12, 7);
INSERT INTO MovieGenres (MovieID, GenreID) VALUES (12, 16);
INSERT INTO MoviePeople (MovieID, PersonID, RoleID) VALUES (12, 2541, 1);
INSERT INTO MoviePeople (MovieID, PersonID, RoleID) VALUES (12, 2949, 2);
INSERT INTO MoviePeople (MovieID, PersonID, RoleID) VALUES (12, 2546, 3);
INSERT INTO MoviePeople (MovieID, PersonID, RoleID) VALUES (12, 943, 4);
INSERT INTO MoviePeople (MovieID, PersonID, RoleID) VALUES (12, 2634, 5);

INSERT INTO Movies (MovieID, Series_Title, Released_Year, RuntimeMinutes, Overview, Poster_Link, IMDB_Rating, Meta_score, No_of_Votes, Gross_Revenue, CertificateID) VALUES (13, 'Il buono, il brutto, il cattivo', 1966.0, 161, 'A bounty hunting scam joins two men in an uneasy alliance against a third in a race to find a fortune in gold buried in a remote cemetery.', 'https://m.media-amazon.com/images/M/MV5BOTQ5NDI3MTI4MF5BMl5BanBnXkFtZTgwNDQ4ODE5MDE@._V1_UX67_CR0,0,67,98_AL_.jpg', 8.8, 90.0, 688390, 6100000.0, 2);
INSERT INTO MovieGenres (MovieID, GenreID) VALUES (13, 21);
INSERT INTO MoviePeople (MovieID, PersonID, RoleID) VALUES (13, 2707, 1);
INSERT INTO MoviePeople (MovieID, PersonID, RoleID) VALUES (13, 547, 2);
INSERT INTO MoviePeople (MovieID, PersonID, RoleID) VALUES (13, 774, 3);
INSERT INTO MoviePeople (MovieID, PersonID, RoleID) VALUES (13, 1757, 4);
INSERT INTO MoviePeople (MovieID, PersonID, RoleID) VALUES (13, 63, 5);

INSERT INTO Movies (MovieID, Series_Title, Released_Year, RuntimeMinutes, Overview, Poster_Link, IMDB_Rating, Meta_score, No_of_Votes, Gross_Revenue, CertificateID) VALUES (14, 'The Lord of the Rings: The Two Towers', 2002.0, 179, 'While Frodo and Sam edge closer to Mordor with the help of the shifty Gollum, the divided fellowship makes a stand against Sauron''s new ally, Saruman, and his hordes of Isengard.', 'https://m.media-amazon.com/images/M/MV5BZGMxZTdjZmYtMmE2Ni00ZTdkLWI5NTgtNjlmMjBiNzU2MmI5XkEyXkFqcGdeQXVyNjU0OTQ0OTY@._V1_UX67_CR0,0,67,98_AL_.jpg', 8.7, 87.0, 1485555, 342551365.0, 15);
INSERT INTO MovieGenres (MovieID, GenreID) VALUES (14, 1);
INSERT INTO MovieGenres (MovieID, GenreID) VALUES (14, 2);
INSERT INTO MovieGenres (MovieID, GenreID) VALUES (14, 7);
INSERT INTO MoviePeople (MovieID, PersonID, RoleID) VALUES (14, 2345, 1);
INSERT INTO MoviePeople (MovieID, PersonID, RoleID) VALUES (14, 777, 2);
INSERT INTO MoviePeople (MovieID, PersonID, RoleID) VALUES (14, 1162, 3);
INSERT INTO MoviePeople (MovieID, PersonID, RoleID) VALUES (14, 3035, 4);
INSERT INTO MoviePeople (MovieID, PersonID, RoleID) VALUES (14, 2258, 5);

INSERT INTO Movies (MovieID, Series_Title, Released_Year, RuntimeMinutes, Overview, Poster_Link, IMDB_Rating, Meta_score, No_of_Votes, Gross_Revenue, CertificateID) VALUES (15, 'The Matrix', 1999.0, 136, 'When a beautiful stranger leads computer hacker Neo to a forbidding underworld, he discovers the shocking truth--the life he knows is the elaborate deception of an evil cyber-intelligence.', 'https://m.media-amazon.com/images/M/MV5BNzQzOTk3OTAtNDQ0Zi00ZTVkLWI0MTEtMDllZjNkYzNjNTc4L2ltYWdlXkEyXkFqcGdeQXVyNjU0OTQ0OTY@._V1_UX67_CR0,0,67,98_AL_.jpg', 8.7, 73.0, 1676426, 171479930.0, 2);
INSERT INTO MovieGenres (MovieID, GenreID) VALUES (15, 1);
INSERT INTO MovieGenres (MovieID, GenreID) VALUES (15, 17);
INSERT INTO MoviePeople (MovieID, PersonID, RoleID) VALUES (15, 1725, 1);
INSERT INTO MoviePeople (MovieID, PersonID, RoleID) VALUES (15, 1797, 2);
INSERT INTO MoviePeople (MovieID, PersonID, RoleID) VALUES (15, 1638, 3);
INSERT INTO MoviePeople (MovieID, PersonID, RoleID) VALUES (15, 1740, 4);
INSERT INTO MoviePeople (MovieID, PersonID, RoleID) VALUES (15, 436, 5);

INSERT INTO Movies (MovieID, Series_Title, Released_Year, RuntimeMinutes, Overview, Poster_Link, IMDB_Rating, Meta_score, No_of_Votes, Gross_Revenue, CertificateID) VALUES (16, 'Goodfellas', 1990.0, 146, 'The story of Henry Hill and his life in the mob, covering his relationship with his wife Karen Hill and his mob partners Jimmy Conway and Tommy DeVito in the Italian-American crime syndicate.', 'https://m.media-amazon.com/images/M/MV5BY2NkZjEzMDgtN2RjYy00YzM1LWI4ZmQtMjIwYjFjNmI3ZGEwXkEyXkFqcGdeQXVyNzkwMjQ5NzM@._V1_UX67_CR0,0,67,98_AL_.jpg', 8.7, 90.0, 1020727, 46836394.0, 2);
INSERT INTO MovieGenres (MovieID, GenreID) VALUES (16, 4);
INSERT INTO MovieGenres (MovieID, GenreID) VALUES (16, 6);
INSERT INTO MovieGenres (MovieID, GenreID) VALUES (16, 7);
INSERT INTO MoviePeople (MovieID, PersonID, RoleID) VALUES (16, 1955, 1);
INSERT INTO MoviePeople (MovieID, PersonID, RoleID) VALUES (16, 2517, 2);
INSERT INTO MoviePeople (MovieID, PersonID, RoleID) VALUES (16, 2438, 3);
INSERT INTO MoviePeople (MovieID, PersonID, RoleID) VALUES (16, 1414, 4);
INSERT INTO MoviePeople (MovieID, PersonID, RoleID) VALUES (16, 1825, 5);

INSERT INTO Movies (MovieID, Series_Title, Released_Year, RuntimeMinutes, Overview, Poster_Link, IMDB_Rating, Meta_score, No_of_Votes, Gross_Revenue, CertificateID) VALUES (17, 'Star Wars: Episode V - The Empire Strikes Back', 1980.0, 124, 'After the Rebels are brutally overpowered by the Empire on the ice planet Hoth, Luke Skywalker begins Jedi training with Yoda, while his friends are pursued by Darth Vader and a bounty hunter named Boba Fett all over the galaxy.', 'https://m.media-amazon.com/images/M/MV5BYmU1NDRjNDgtMzhiMi00NjZmLTg5NGItZDNiZjU5NTU4OTE0XkEyXkFqcGdeQXVyNzkwMjQ5NzM@._V1_UX67_CR0,0,67,98_AL_.jpg', 8.7, 82.0, 1159315, 290475067.0, 15);
INSERT INTO MovieGenres (MovieID, GenreID) VALUES (17, 1);
INSERT INTO MovieGenres (MovieID, GenreID) VALUES (17, 2);
INSERT INTO MovieGenres (MovieID, GenreID) VALUES (17, 9);
INSERT INTO MoviePeople (MovieID, PersonID, RoleID) VALUES (17, 1181, 1);
INSERT INTO MoviePeople (MovieID, PersonID, RoleID) VALUES (17, 1932, 2);
INSERT INTO MoviePeople (MovieID, PersonID, RoleID) VALUES (17, 1079, 3);
INSERT INTO MoviePeople (MovieID, PersonID, RoleID) VALUES (17, 434, 4);
INSERT INTO MoviePeople (MovieID, PersonID, RoleID) VALUES (17, 315, 5);

INSERT INTO Movies (MovieID, Series_Title, Released_Year, RuntimeMinutes, Overview, Poster_Link, IMDB_Rating, Meta_score, No_of_Votes, Gross_Revenue, CertificateID) VALUES (18, 'One Flew Over the Cuckoo''s Nest', 1975.0, 133, 'A criminal pleads insanity and is admitted to a mental institution, where he rebels against the oppressive nurse and rallies up the scared patients.', 'https://m.media-amazon.com/images/M/MV5BZjA0OWVhOTAtYWQxNi00YzNhLWI4ZjYtNjFjZTEyYjJlNDVlL2ltYWdlL2ltYWdlXkEyXkFqcGdeQXVyMTQxNzMzNDI@._V1_UX67_CR0,0,67,98_AL_.jpg', 8.7, 83.0, 918088, 112000000.0, 2);
INSERT INTO MovieGenres (MovieID, GenreID) VALUES (18, 7);
INSERT INTO MoviePeople (MovieID, PersonID, RoleID) VALUES (18, 2111, 1);
INSERT INTO MoviePeople (MovieID, PersonID, RoleID) VALUES (18, 1214, 2);
INSERT INTO MoviePeople (MovieID, PersonID, RoleID) VALUES (18, 1834, 3);
INSERT INTO MoviePeople (MovieID, PersonID, RoleID) VALUES (18, 2044, 4);
INSERT INTO MoviePeople (MovieID, PersonID, RoleID) VALUES (18, 2339, 5);

INSERT INTO Movies (MovieID, Series_Title, Released_Year, RuntimeMinutes, Overview, Poster_Link, IMDB_Rating, Meta_score, No_of_Votes, Gross_Revenue, CertificateID) VALUES (19, 'Hamilton', 2020.0, 160, 'The real life of one of America''s foremost founding fathers and first Secretary of the Treasury, Alexander Hamilton. Captured live on Broadway from the Richard Rodgers Theater with the original Broadway cast.', 'https://m.media-amazon.com/images/M/MV5BNjViNWRjYWEtZTI0NC00N2E3LTk0NGQtMjY4NTM3OGNkZjY0XkEyXkFqcGdeQXVyMjUxMTY3ODM@._V1_UX67_CR0,0,67,98_AL_.jpg', 8.6, 90.0, 55291, NULL, 7);
INSERT INTO MovieGenres (MovieID, GenreID) VALUES (19, 4);
INSERT INTO MovieGenres (MovieID, GenreID) VALUES (19, 7);
INSERT INTO MovieGenres (MovieID, GenreID) VALUES (19, 11);
INSERT INTO MoviePeople (MovieID, PersonID, RoleID) VALUES (19, 2912, 1);
INSERT INTO MoviePeople (MovieID, PersonID, RoleID) VALUES (19, 1799, 2);
INSERT INTO MoviePeople (MovieID, PersonID, RoleID) VALUES (19, 2364, 3);
INSERT INTO MoviePeople (MovieID, PersonID, RoleID) VALUES (19, 1781, 4);
INSERT INTO MoviePeople (MovieID, PersonID, RoleID) VALUES (19, 2457, 5);

INSERT INTO Movies (MovieID, Series_Title, Released_Year, RuntimeMinutes, Overview, Poster_Link, IMDB_Rating, Meta_score, No_of_Votes, Gross_Revenue, CertificateID) VALUES (20, 'Gisaengchung', 2019.0, 132, 'Greed and class discrimination threaten the newly formed symbiotic relationship between the wealthy Park family and the destitute Kim clan.', 'https://m.media-amazon.com/images/M/MV5BYWZjMjk3ZTItODQ2ZC00NTY5LWE0ZDYtZTI3MjcwN2Q5NTVkXkEyXkFqcGdeQXVyODk4OTc3MTY@._V1_UX67_CR0,0,67,98_AL_.jpg', 8.6, 96.0, 552778, 53367844.0, 2);
INSERT INTO MovieGenres (MovieID, GenreID) VALUES (20, 5);
INSERT INTO MovieGenres (MovieID, GenreID) VALUES (20, 7);
INSERT INTO MovieGenres (MovieID, GenreID) VALUES (20, 19);
INSERT INTO MoviePeople (MovieID, PersonID, RoleID) VALUES (20, 339, 1);
INSERT INTO MoviePeople (MovieID, PersonID, RoleID) VALUES (20, 1598, 2);
INSERT INTO MoviePeople (MovieID, PersonID, RoleID) VALUES (20, 1754, 3);
INSERT INTO MoviePeople (MovieID, PersonID, RoleID) VALUES (20, 492, 4);
INSERT INTO MoviePeople (MovieID, PersonID, RoleID) VALUES (20, 494, 5);

INSERT INTO Movies (MovieID, Series_Title, Released_Year, RuntimeMinutes, Overview, Poster_Link, IMDB_Rating, Meta_score, No_of_Votes, Gross_Revenue, CertificateID) VALUES (21, 'Soorarai Pottru', 2020.0, 153, 'Nedumaaran Rajangam "Maara" sets out to make the common man fly and in the process takes on the world''s most capital intensive industry and several enemies who stand in his way.', 'https://m.media-amazon.com/images/M/MV5BOTc2ZTlmYmItMDBhYS00YmMzLWI4ZjAtMTI5YTBjOTFiMGEwXkEyXkFqcGdeQXVyODE5NzE3OTE@._V1_UY98_CR0,0,67,98_AL_.jpg', 8.6, NULL, 54995, NULL, 13);
INSERT INTO MovieGenres (MovieID, GenreID) VALUES (21, 7);
INSERT INTO MoviePeople (MovieID, PersonID, RoleID) VALUES (21, 2822, 1);
INSERT INTO MoviePeople (MovieID, PersonID, RoleID) VALUES (21, 2831, 2);
INSERT INTO MoviePeople (MovieID, PersonID, RoleID) VALUES (21, 1865, 3);
INSERT INTO MoviePeople (MovieID, PersonID, RoleID) VALUES (21, 2279, 4);
INSERT INTO MoviePeople (MovieID, PersonID, RoleID) VALUES (21, 213, 5);

INSERT INTO Movies (MovieID, Series_Title, Released_Year, RuntimeMinutes, Overview, Poster_Link, IMDB_Rating, Meta_score, No_of_Votes, Gross_Revenue, CertificateID) VALUES (22, 'Interstellar', 2014.0, 169, 'A team of explorers travel through a wormhole in space in an attempt to ensure humanity''s survival.', 'https://m.media-amazon.com/images/M/MV5BZjdkOTU3MDktN2IxOS00OGEyLWFmMjktY2FiMmZkNWIyODZiXkEyXkFqcGdeQXVyMTMxODk2OTU@._V1_UX67_CR0,0,67,98_AL_.jpg', 8.6, 74.0, 1512360, 188020017.0, 15);
INSERT INTO MovieGenres (MovieID, GenreID) VALUES (22, 2);
INSERT INTO MovieGenres (MovieID, GenreID) VALUES (22, 7);
INSERT INTO MovieGenres (MovieID, GenreID) VALUES (22, 17);
INSERT INTO MoviePeople (MovieID, PersonID, RoleID) VALUES (22, 527, 1);
INSERT INTO MoviePeople (MovieID, PersonID, RoleID) VALUES (22, 1993, 2);
INSERT INTO MoviePeople (MovieID, PersonID, RoleID) VALUES (22, 178, 3);
INSERT INTO MoviePeople (MovieID, PersonID, RoleID) VALUES (22, 1376, 4);
INSERT INTO MoviePeople (MovieID, PersonID, RoleID) VALUES (22, 1860, 5);

INSERT INTO Movies (MovieID, Series_Title, Released_Year, RuntimeMinutes, Overview, Poster_Link, IMDB_Rating, Meta_score, No_of_Votes, Gross_Revenue, CertificateID) VALUES (23, 'Cidade de Deus', 2002.0, 130, 'In the slums of Rio, two kids'' paths diverge as one struggles to become a photographer and the other a kingpin.', 'https://m.media-amazon.com/images/M/MV5BOTMwYjc5ZmItYTFjZC00ZGQ3LTlkNTMtMjZiNTZlMWQzNzI5XkEyXkFqcGdeQXVyNzkwMjQ5NzM@._V1_UX67_CR0,0,67,98_AL_.jpg', 8.6, 79.0, 699256, 7563397.0, 2);
INSERT INTO MovieGenres (MovieID, GenreID) VALUES (23, 6);
INSERT INTO MovieGenres (MovieID, GenreID) VALUES (23, 7);
INSERT INTO MoviePeople (MovieID, PersonID, RoleID) VALUES (23, 870, 1);
INSERT INTO MoviePeople (MovieID, PersonID, RoleID) VALUES (23, 1718, 2);
INSERT INTO MoviePeople (MovieID, PersonID, RoleID) VALUES (23, 87, 3);
INSERT INTO MoviePeople (MovieID, PersonID, RoleID) VALUES (23, 1747, 4);
INSERT INTO MoviePeople (MovieID, PersonID, RoleID) VALUES (23, 1982, 5);

INSERT INTO Movies (MovieID, Series_Title, Released_Year, RuntimeMinutes, Overview, Poster_Link, IMDB_Rating, Meta_score, No_of_Votes, Gross_Revenue, CertificateID) VALUES (24, 'Sen to Chihiro no kamikakushi', 2001.0, 125, 'During her family''s move to the suburbs, a sullen 10-year-old girl wanders into a world ruled by gods, witches, and spirits, and where humans are changed into beasts.', 'https://m.media-amazon.com/images/M/MV5BMjlmZmI5MDctNDE2YS00YWE0LWE5ZWItZDBhYWQ0NTcxNWRhXkEyXkFqcGdeQXVyMTMxODk2OTU@._V1_UX67_CR0,0,67,98_AL_.jpg', 8.6, 96.0, 651376, 10055859.0, 13);
INSERT INTO MovieGenres (MovieID, GenreID) VALUES (24, 3);
INSERT INTO MovieGenres (MovieID, GenreID) VALUES (24, 2);
INSERT INTO MovieGenres (MovieID, GenreID) VALUES (24, 8);
INSERT INTO MoviePeople (MovieID, PersonID, RoleID) VALUES (24, 1092, 1);
INSERT INTO MoviePeople (MovieID, PersonID, RoleID) VALUES (24, 624, 2);
INSERT INTO MoviePeople (MovieID, PersonID, RoleID) VALUES (24, 2838, 3);
INSERT INTO MoviePeople (MovieID, PersonID, RoleID) VALUES (24, 2130, 4);
INSERT INTO MoviePeople (MovieID, PersonID, RoleID) VALUES (24, 2594, 5);

INSERT INTO Movies (MovieID, Series_Title, Released_Year, RuntimeMinutes, Overview, Poster_Link, IMDB_Rating, Meta_score, No_of_Votes, Gross_Revenue, CertificateID) VALUES (25, 'Saving Private Ryan', 1998.0, 169, 'Following the Normandy Landings, a group of U.S. soldiers go behind enemy lines to retrieve a paratrooper whose brothers have been killed in action.', 'https://m.media-amazon.com/images/M/MV5BZjhkMDM4MWItZTVjOC00ZDRhLThmYTAtM2I5NzBmNmNlMzI1XkEyXkFqcGdeQXVyNDYyMDk5MTU@._V1_UX67_CR0,0,67,98_AL_.jpg', 8.6, 91.0, 1235804, 216540909.0, 9);
INSERT INTO MovieGenres (MovieID, GenreID) VALUES (25, 7);
INSERT INTO MovieGenres (MovieID, GenreID) VALUES (25, 20);
INSERT INTO MoviePeople (MovieID, PersonID, RoleID) VALUES (25, 2818, 1);
INSERT INTO MoviePeople (MovieID, PersonID, RoleID) VALUES (25, 2949, 2);
INSERT INTO MoviePeople (MovieID, PersonID, RoleID) VALUES (25, 1985, 3);
INSERT INTO MoviePeople (MovieID, PersonID, RoleID) VALUES (25, 2958, 4);
INSERT INTO MoviePeople (MovieID, PersonID, RoleID) VALUES (25, 751, 5);

INSERT INTO Movies (MovieID, Series_Title, Released_Year, RuntimeMinutes, Overview, Poster_Link, IMDB_Rating, Meta_score, No_of_Votes, Gross_Revenue, CertificateID) VALUES (26, 'The Green Mile', 1999.0, 189, 'The lives of guards on Death Row are affected by one of their charges: a black man accused of child murder and rape, yet who has a mysterious gift.', 'https://m.media-amazon.com/images/M/MV5BMTUxMzQyNjA5MF5BMl5BanBnXkFtZTYwOTU2NTY3._V1_UX67_CR0,0,67,98_AL_.jpg', 8.6, 61.0, 1147794, 136801374.0, 2);
INSERT INTO MovieGenres (MovieID, GenreID) VALUES (26, 6);
INSERT INTO MovieGenres (MovieID, GenreID) VALUES (26, 7);
INSERT INTO MovieGenres (MovieID, GenreID) VALUES (26, 9);
INSERT INTO MoviePeople (MovieID, PersonID, RoleID) VALUES (26, 898, 1);
INSERT INTO MoviePeople (MovieID, PersonID, RoleID) VALUES (26, 2949, 2);
INSERT INTO MoviePeople (MovieID, PersonID, RoleID) VALUES (26, 2048, 3);
INSERT INTO MoviePeople (MovieID, PersonID, RoleID) VALUES (26, 641, 4);
INSERT INTO MoviePeople (MovieID, PersonID, RoleID) VALUES (26, 341, 5);

INSERT INTO Movies (MovieID, Series_Title, Released_Year, RuntimeMinutes, Overview, Poster_Link, IMDB_Rating, Meta_score, No_of_Votes, Gross_Revenue, CertificateID) VALUES (27, 'La vita è bella', 1997.0, 116, 'When an open-minded Jewish librarian and his son become victims of the Holocaust, he uses a perfect mixture of will, humor, and imagination to protect his son from the dangers around their camp.', 'https://m.media-amazon.com/images/M/MV5BYmJmM2Q4NmMtYThmNC00ZjRlLWEyZmItZTIwOTBlZDQ3NTQ1XkEyXkFqcGdeQXVyMTQxNzMzNDI@._V1_UX67_CR0,0,67,98_AL_.jpg', 8.6, 59.0, 623629, 57598247.0, 13);
INSERT INTO MovieGenres (MovieID, GenreID) VALUES (27, 5);
INSERT INTO MovieGenres (MovieID, GenreID) VALUES (27, 7);
INSERT INTO MovieGenres (MovieID, GenreID) VALUES (27, 16);
INSERT INTO MoviePeople (MovieID, PersonID, RoleID) VALUES (27, 2543, 1);
INSERT INTO MoviePeople (MovieID, PersonID, RoleID) VALUES (27, 2543, 2);
INSERT INTO MoviePeople (MovieID, PersonID, RoleID) VALUES (27, 2203, 3);
INSERT INTO MoviePeople (MovieID, PersonID, RoleID) VALUES (27, 1007, 4);
INSERT INTO MoviePeople (MovieID, PersonID, RoleID) VALUES (27, 1012, 5);

INSERT INTO Movies (MovieID, Series_Title, Released_Year, RuntimeMinutes, Overview, Poster_Link, IMDB_Rating, Meta_score, No_of_Votes, Gross_Revenue, CertificateID) VALUES (28, 'Se7en', 1995.0, 127, 'Two detectives, a rookie and a veteran, hunt a serial killer who uses the seven deadly sins as his motives.', 'https://m.media-amazon.com/images/M/MV5BOTUwODM5MTctZjczMi00OTk4LTg3NWUtNmVhMTAzNTNjYjcyXkEyXkFqcGdeQXVyNjU0OTQ0OTY@._V1_UX67_CR0,0,67,98_AL_.jpg', 8.6, 65.0, 1445096, 100125643.0, 2);
INSERT INTO MovieGenres (MovieID, GenreID) VALUES (28, 6);
INSERT INTO MovieGenres (MovieID, GenreID) VALUES (28, 7);
INSERT INTO MovieGenres (MovieID, GenreID) VALUES (28, 15);
INSERT INTO MoviePeople (MovieID, PersonID, RoleID) VALUES (28, 630, 1);
INSERT INTO MoviePeople (MovieID, PersonID, RoleID) VALUES (28, 2144, 2);
INSERT INTO MoviePeople (MovieID, PersonID, RoleID) VALUES (28, 351, 3);
INSERT INTO MoviePeople (MovieID, PersonID, RoleID) VALUES (28, 1672, 4);
INSERT INTO MoviePeople (MovieID, PersonID, RoleID) VALUES (28, 139, 5);

INSERT INTO Movies (MovieID, Series_Title, Released_Year, RuntimeMinutes, Overview, Poster_Link, IMDB_Rating, Meta_score, No_of_Votes, Gross_Revenue, CertificateID) VALUES (29, 'The Silence of the Lambs', 1991.0, 118, 'A young F.B.I. cadet must receive the help of an incarcerated and manipulative cannibal killer to help catch another serial killer, a madman who skins his victims.', 'https://m.media-amazon.com/images/M/MV5BNjNhZTk0ZmEtNjJhMi00YzFlLWE1MmEtYzM1M2ZmMGMwMTU4XkEyXkFqcGdeQXVyNjU0OTQ0OTY@._V1_UX67_CR0,0,67,98_AL_.jpg', 8.6, 85.0, 1270197, 130742922.0, 2);
INSERT INTO MovieGenres (MovieID, GenreID) VALUES (29, 6);
INSERT INTO MovieGenres (MovieID, GenreID) VALUES (29, 7);
INSERT INTO MovieGenres (MovieID, GenreID) VALUES (29, 19);
INSERT INTO MoviePeople (MovieID, PersonID, RoleID) VALUES (29, 1506, 1);
INSERT INTO MoviePeople (MovieID, PersonID, RoleID) VALUES (29, 1410, 2);
INSERT INTO MoviePeople (MovieID, PersonID, RoleID) VALUES (29, 193, 3);
INSERT INTO MoviePeople (MovieID, PersonID, RoleID) VALUES (29, 1743, 4);
INSERT INTO MoviePeople (MovieID, PersonID, RoleID) VALUES (29, 1613, 5);

INSERT INTO Movies (MovieID, Series_Title, Released_Year, RuntimeMinutes, Overview, Poster_Link, IMDB_Rating, Meta_score, No_of_Votes, Gross_Revenue, CertificateID) VALUES (30, 'Star Wars', 1977.0, 121, 'Luke Skywalker joins forces with a Jedi Knight, a cocky pilot, a Wookiee and two droids to save the galaxy from the Empire''s world-destroying battle station, while also attempting to rescue Princess Leia from the mysterious Darth Vader.', 'https://m.media-amazon.com/images/M/MV5BNzVlY2MwMjktM2E4OS00Y2Y3LWE3ZjctYzhkZGM3YzA1ZWM2XkEyXkFqcGdeQXVyNzkwMjQ5NzM@._V1_UX67_CR0,0,67,98_AL_.jpg', 8.6, 90.0, 1231473, 322740140.0, 15);
INSERT INTO MovieGenres (MovieID, GenreID) VALUES (30, 1);
INSERT INTO MovieGenres (MovieID, GenreID) VALUES (30, 2);
INSERT INTO MovieGenres (MovieID, GenreID) VALUES (30, 9);
INSERT INTO MoviePeople (MovieID, PersonID, RoleID) VALUES (30, 975, 1);
INSERT INTO MoviePeople (MovieID, PersonID, RoleID) VALUES (30, 1932, 2);
INSERT INTO MoviePeople (MovieID, PersonID, RoleID) VALUES (30, 1079, 3);
INSERT INTO MoviePeople (MovieID, PersonID, RoleID) VALUES (30, 434, 4);
INSERT INTO MoviePeople (MovieID, PersonID, RoleID) VALUES (30, 67, 5);

INSERT INTO Movies (MovieID, Series_Title, Released_Year, RuntimeMinutes, Overview, Poster_Link, IMDB_Rating, Meta_score, No_of_Votes, Gross_Revenue, CertificateID) VALUES (31, 'Seppuku', 1962.0, 133, 'When a ronin requesting seppuku at a feudal lord''s palace is told of the brutal suicide of another ronin who previously visited, he reveals how their pasts are intertwined - and in doing so challenges the clan''s integrity.', 'https://m.media-amazon.com/images/M/MV5BYjBmYTQ1NjItZWU5MS00YjI0LTg2OTYtYmFkN2JkMmNiNWVkXkEyXkFqcGdeQXVyMTMxMTY0OTQ@._V1_UY98_CR2,0,67,98_AL_.jpg', 8.6, 85.0, 42004, NULL, NULL);
INSERT INTO MovieGenres (MovieID, GenreID) VALUES (31, 1);
INSERT INTO MovieGenres (MovieID, GenreID) VALUES (31, 7);
INSERT INTO MovieGenres (MovieID, GenreID) VALUES (31, 15);
INSERT INTO MoviePeople (MovieID, PersonID, RoleID) VALUES (31, 1978, 1);
INSERT INTO MoviePeople (MovieID, PersonID, RoleID) VALUES (31, 2874, 2);
INSERT INTO MoviePeople (MovieID, PersonID, RoleID) VALUES (31, 39, 3);
INSERT INTO MoviePeople (MovieID, PersonID, RoleID) VALUES (31, 2733, 4);
INSERT INTO MoviePeople (MovieID, PersonID, RoleID) VALUES (31, 2899, 5);

INSERT INTO Movies (MovieID, Series_Title, Released_Year, RuntimeMinutes, Overview, Poster_Link, IMDB_Rating, Meta_score, No_of_Votes, Gross_Revenue, CertificateID) VALUES (32, 'Shichinin no samurai', 1954.0, 207, 'A poor village under attack by bandits recruits seven unemployed samurai to help them defend themselves.', 'https://m.media-amazon.com/images/M/MV5BOWE4ZDdhNmMtNzE5ZC00NzExLTlhNGMtY2ZhYjYzODEzODA1XkEyXkFqcGdeQXVyNTAyODkwOQ@@._V1_UY98_CR1,0,67,98_AL_.jpg', 8.6, 98.0, 315744, 269061.0, 13);
INSERT INTO MovieGenres (MovieID, GenreID) VALUES (32, 1);
INSERT INTO MovieGenres (MovieID, GenreID) VALUES (32, 2);
INSERT INTO MovieGenres (MovieID, GenreID) VALUES (32, 7);
INSERT INTO MoviePeople (MovieID, PersonID, RoleID) VALUES (32, 40, 1);
INSERT INTO MoviePeople (MovieID, PersonID, RoleID) VALUES (32, 2981, 2);
INSERT INTO MoviePeople (MovieID, PersonID, RoleID) VALUES (32, 2854, 3);
INSERT INTO MoviePeople (MovieID, PersonID, RoleID) VALUES (32, 1641, 4);
INSERT INTO MoviePeople (MovieID, PersonID, RoleID) VALUES (32, 3161, 5);

INSERT INTO Movies (MovieID, Series_Title, Released_Year, RuntimeMinutes, Overview, Poster_Link, IMDB_Rating, Meta_score, No_of_Votes, Gross_Revenue, CertificateID) VALUES (33, 'It''s a Wonderful Life', 1946.0, 130, 'An angel is sent from Heaven to help a desperately frustrated businessman by showing him what life would have been like if he had never existed.', 'https://m.media-amazon.com/images/M/MV5BZjc4NDZhZWMtNGEzYS00ZWU2LThlM2ItNTA0YzQ0OTExMTE2XkEyXkFqcGdeQXVyNjUwMzI2NzU@._V1_UY98_CR0,0,67,98_AL_.jpg', 8.6, 89.0, 405801, NULL, 6);
INSERT INTO MovieGenres (MovieID, GenreID) VALUES (33, 7);
INSERT INTO MovieGenres (MovieID, GenreID) VALUES (33, 8);
INSERT INTO MovieGenres (MovieID, GenreID) VALUES (33, 9);
INSERT INTO MoviePeople (MovieID, PersonID, RoleID) VALUES (33, 897, 1);
INSERT INTO MoviePeople (MovieID, PersonID, RoleID) VALUES (33, 1263, 2);
INSERT INTO MoviePeople (MovieID, PersonID, RoleID) VALUES (33, 717, 3);
INSERT INTO MoviePeople (MovieID, PersonID, RoleID) VALUES (33, 1809, 4);
INSERT INTO MoviePeople (MovieID, PersonID, RoleID) VALUES (33, 2915, 5);

INSERT INTO Movies (MovieID, Series_Title, Released_Year, RuntimeMinutes, Overview, Poster_Link, IMDB_Rating, Meta_score, No_of_Votes, Gross_Revenue, CertificateID) VALUES (34, 'Joker', 2019.0, 122, 'In Gotham City, mentally troubled comedian Arthur Fleck is disregarded and mistreated by society. He then embarks on a downward spiral of revolution and bloody crime. This path brings him face-to-face with his alter-ego: the Joker.', 'https://m.media-amazon.com/images/M/MV5BNGVjNWI4ZGUtNzE0MS00YTJmLWE0ZDctN2ZiYTk2YmI3NTYyXkEyXkFqcGdeQXVyMTkxNjUyNQ@@._V1_UX67_CR0,0,67,98_AL_.jpg', 8.5, 59.0, 939252, 335451311.0, 2);
INSERT INTO MovieGenres (MovieID, GenreID) VALUES (34, 6);
INSERT INTO MovieGenres (MovieID, GenreID) VALUES (34, 7);
INSERT INTO MovieGenres (MovieID, GenreID) VALUES (34, 19);
INSERT INTO MoviePeople (MovieID, PersonID, RoleID) VALUES (34, 2943, 1);
INSERT INTO MoviePeople (MovieID, PersonID, RoleID) VALUES (34, 1408, 2);
INSERT INTO MoviePeople (MovieID, PersonID, RoleID) VALUES (34, 2517, 3);
INSERT INTO MoviePeople (MovieID, PersonID, RoleID) VALUES (34, 3188, 4);
INSERT INTO MoviePeople (MovieID, PersonID, RoleID) VALUES (34, 887, 5);

INSERT INTO Movies (MovieID, Series_Title, Released_Year, RuntimeMinutes, Overview, Poster_Link, IMDB_Rating, Meta_score, No_of_Votes, Gross_Revenue, CertificateID) VALUES (35, 'Whiplash', 2014.0, 106, 'A promising young drummer enrolls at a cut-throat music conservatory where his dreams of greatness are mentored by an instructor who will stop at nothing to realize a student''s potential.', 'https://m.media-amazon.com/images/M/MV5BOTA5NDZlZGUtMjAxOS00YTRkLTkwYmMtYWQ0NWEwZDZiNjEzXkEyXkFqcGdeQXVyMTMxODk2OTU@._V1_UX67_CR0,0,67,98_AL_.jpg', 8.5, 88.0, 717585, 13092000.0, 2);
INSERT INTO MovieGenres (MovieID, GenreID) VALUES (35, 7);
INSERT INTO MovieGenres (MovieID, GenreID) VALUES (35, 13);
INSERT INTO MoviePeople (MovieID, PersonID, RoleID) VALUES (35, 581, 1);
INSERT INTO MoviePeople (MovieID, PersonID, RoleID) VALUES (35, 2108, 2);
INSERT INTO MoviePeople (MovieID, PersonID, RoleID) VALUES (35, 1203, 3);
INSERT INTO MoviePeople (MovieID, PersonID, RoleID) VALUES (35, 2027, 4);
INSERT INTO MoviePeople (MovieID, PersonID, RoleID) VALUES (35, 2313, 5);

INSERT INTO Movies (MovieID, Series_Title, Released_Year, RuntimeMinutes, Overview, Poster_Link, IMDB_Rating, Meta_score, No_of_Votes, Gross_Revenue, CertificateID) VALUES (36, 'The Intouchables', 2011.0, 112, 'After he becomes a quadriplegic from a paragliding accident, an aristocrat hires a young man from the projects to be his caregiver.', 'https://m.media-amazon.com/images/M/MV5BMTYxNDA3MDQwNl5BMl5BanBnXkFtZTcwNTU4Mzc1Nw@@._V1_UX67_CR0,0,67,98_AL_.jpg', 8.5, 57.0, 760360, 13182281.0, 15);
INSERT INTO MovieGenres (MovieID, GenreID) VALUES (36, 4);
INSERT INTO MovieGenres (MovieID, GenreID) VALUES (36, 5);
INSERT INTO MovieGenres (MovieID, GenreID) VALUES (36, 7);
INSERT INTO MoviePeople (MovieID, PersonID, RoleID) VALUES (36, 2253, 1);
INSERT INTO MoviePeople (MovieID, PersonID, RoleID) VALUES (36, 3200, 2);
INSERT INTO MoviePeople (MovieID, PersonID, RoleID) VALUES (36, 915, 3);
INSERT INTO MoviePeople (MovieID, PersonID, RoleID) VALUES (36, 2255, 4);
INSERT INTO MoviePeople (MovieID, PersonID, RoleID) VALUES (36, 179, 5);

INSERT INTO Movies (MovieID, Series_Title, Released_Year, RuntimeMinutes, Overview, Poster_Link, IMDB_Rating, Meta_score, No_of_Votes, Gross_Revenue, CertificateID) VALUES (37, 'The Prestige', 2006.0, 130, 'After a tragic accident, two stage magicians engage in a battle to create the ultimate illusion while sacrificing everything they have to outwit each other.', 'https://m.media-amazon.com/images/M/MV5BMjA4NDI0MTIxNF5BMl5BanBnXkFtZTYwNTM0MzY2._V1_UX67_CR0,0,67,98_AL_.jpg', 8.5, 66.0, 1190259, 53089891.0, 13);
INSERT INTO MovieGenres (MovieID, GenreID) VALUES (37, 7);
INSERT INTO MovieGenres (MovieID, GenreID) VALUES (37, 15);
INSERT INTO MovieGenres (MovieID, GenreID) VALUES (37, 17);
INSERT INTO MoviePeople (MovieID, PersonID, RoleID) VALUES (37, 527, 1);
INSERT INTO MoviePeople (MovieID, PersonID, RoleID) VALUES (37, 509, 2);
INSERT INTO MoviePeople (MovieID, PersonID, RoleID) VALUES (37, 1146, 3);
INSERT INTO MoviePeople (MovieID, PersonID, RoleID) VALUES (37, 2682, 4);
INSERT INTO MoviePeople (MovieID, PersonID, RoleID) VALUES (37, 2046, 5);

INSERT INTO Movies (MovieID, Series_Title, Released_Year, RuntimeMinutes, Overview, Poster_Link, IMDB_Rating, Meta_score, No_of_Votes, Gross_Revenue, CertificateID) VALUES (38, 'The Departed', 2006.0, 151, 'An undercover cop and a mole in the police attempt to identify each other while infiltrating an Irish gang in South Boston.', 'https://m.media-amazon.com/images/M/MV5BMTI1MTY2OTIxNV5BMl5BanBnXkFtZTYwNjQ4NjY3._V1_UX67_CR0,0,67,98_AL_.jpg', 8.5, 85.0, 1189773, 132384315.0, 2);
INSERT INTO MovieGenres (MovieID, GenreID) VALUES (38, 6);
INSERT INTO MovieGenres (MovieID, GenreID) VALUES (38, 7);
INSERT INTO MovieGenres (MovieID, GenreID) VALUES (38, 19);
INSERT INTO MoviePeople (MovieID, PersonID, RoleID) VALUES (38, 1955, 1);
INSERT INTO MoviePeople (MovieID, PersonID, RoleID) VALUES (38, 1775, 2);
INSERT INTO MoviePeople (MovieID, PersonID, RoleID) VALUES (38, 1985, 3);
INSERT INTO MoviePeople (MovieID, PersonID, RoleID) VALUES (38, 1214, 4);
INSERT INTO MoviePeople (MovieID, PersonID, RoleID) VALUES (38, 1940, 5);

INSERT INTO Movies (MovieID, Series_Title, Released_Year, RuntimeMinutes, Overview, Poster_Link, IMDB_Rating, Meta_score, No_of_Votes, Gross_Revenue, CertificateID) VALUES (39, 'The Pianist', 2002.0, 150, 'A Polish Jewish musician struggles to survive the destruction of the Warsaw ghetto of World War II.', 'https://m.media-amazon.com/images/M/MV5BOWRiZDIxZjktMTA1NC00MDQ2LWEzMjUtMTliZmY3NjQ3ODJiXkEyXkFqcGdeQXVyNjU0OTQ0OTY@._V1_UY98_CR2,0,67,98_AL_.jpg', 8.5, 85.0, 729603, 32572577.0, 9);
INSERT INTO MovieGenres (MovieID, GenreID) VALUES (39, 4);
INSERT INTO MovieGenres (MovieID, GenreID) VALUES (39, 7);
INSERT INTO MovieGenres (MovieID, GenreID) VALUES (39, 13);
INSERT INTO MoviePeople (MovieID, PersonID, RoleID) VALUES (39, 2563, 1);
INSERT INTO MoviePeople (MovieID, PersonID, RoleID) VALUES (39, 24, 2);
INSERT INTO MoviePeople (MovieID, PersonID, RoleID) VALUES (39, 2913, 3);
INSERT INTO MoviePeople (MovieID, PersonID, RoleID) VALUES (39, 899, 4);
INSERT INTO MoviePeople (MovieID, PersonID, RoleID) VALUES (39, 801, 5);

INSERT INTO Movies (MovieID, Series_Title, Released_Year, RuntimeMinutes, Overview, Poster_Link, IMDB_Rating, Meta_score, No_of_Votes, Gross_Revenue, CertificateID) VALUES (40, 'Gladiator', 2000.0, 155, 'A former Roman General sets out to exact vengeance against the corrupt emperor who murdered his family and sent him into slavery.', 'https://m.media-amazon.com/images/M/MV5BMDliMmNhNDEtODUyOS00MjNlLTgxODEtN2U3NzIxMGVkZTA1L2ltYWdlXkEyXkFqcGdeQXVyNjU0OTQ0OTY@._V1_UX67_CR0,0,67,98_AL_.jpg', 8.5, 67.0, 1341460, 187705427.0, 15);
INSERT INTO MovieGenres (MovieID, GenreID) VALUES (40, 1);
INSERT INTO MovieGenres (MovieID, GenreID) VALUES (40, 2);
INSERT INTO MovieGenres (MovieID, GenreID) VALUES (40, 7);
INSERT INTO MoviePeople (MovieID, PersonID, RoleID) VALUES (40, 2498, 1);
INSERT INTO MoviePeople (MovieID, PersonID, RoleID) VALUES (40, 2600, 2);
INSERT INTO MoviePeople (MovieID, PersonID, RoleID) VALUES (40, 1408, 3);
INSERT INTO MoviePeople (MovieID, PersonID, RoleID) VALUES (40, 555, 4);
INSERT INTO MoviePeople (MovieID, PersonID, RoleID) VALUES (40, 2245, 5);

INSERT INTO Movies (MovieID, Series_Title, Released_Year, RuntimeMinutes, Overview, Poster_Link, IMDB_Rating, Meta_score, No_of_Votes, Gross_Revenue, CertificateID) VALUES (41, 'American History X', 1998.0, 119, 'A former neo-nazi skinhead tries to prevent his younger brother from going down the same wrong path that he did.', 'https://m.media-amazon.com/images/M/MV5BZjA0MTM4MTQtNzY5MC00NzY3LWI1ZTgtYzcxMjkyMzU4MDZiXkEyXkFqcGdeQXVyNDYyMDk5MTU@._V1_UX67_CR0,0,67,98_AL_.jpg', 8.5, 62.0, 1034705, 6719864.0, 9);
INSERT INTO MovieGenres (MovieID, GenreID) VALUES (41, 7);
INSERT INTO MoviePeople (MovieID, PersonID, RoleID) VALUES (41, 2974, 1);
INSERT INTO MoviePeople (MovieID, PersonID, RoleID) VALUES (41, 756, 2);
INSERT INTO MoviePeople (MovieID, PersonID, RoleID) VALUES (41, 753, 3);
INSERT INTO MoviePeople (MovieID, PersonID, RoleID) VALUES (41, 299, 4);
INSERT INTO MoviePeople (MovieID, PersonID, RoleID) VALUES (41, 1357, 5);

INSERT INTO Movies (MovieID, Series_Title, Released_Year, RuntimeMinutes, Overview, Poster_Link, IMDB_Rating, Meta_score, No_of_Votes, Gross_Revenue, CertificateID) VALUES (42, 'The Usual Suspects', 1995.0, 106, 'A sole survivor tells of the twisty events leading up to a horrific gun battle on a boat, which began when five criminals met at a seemingly random police lineup.', 'https://m.media-amazon.com/images/M/MV5BYTViNjMyNmUtNDFkNC00ZDRlLThmMDUtZDU2YWE4NGI2ZjVmXkEyXkFqcGdeQXVyNjU0OTQ0OTY@._V1_UX67_CR0,0,67,98_AL_.jpg', 8.5, 77.0, 991208, 23341568.0, 2);
INSERT INTO MovieGenres (MovieID, GenreID) VALUES (42, 6);
INSERT INTO MovieGenres (MovieID, GenreID) VALUES (42, 15);
INSERT INTO MovieGenres (MovieID, GenreID) VALUES (42, 19);
INSERT INTO MoviePeople (MovieID, PersonID, RoleID) VALUES (42, 390, 1);
INSERT INTO MoviePeople (MovieID, PersonID, RoleID) VALUES (42, 1672, 2);
INSERT INTO MoviePeople (MovieID, PersonID, RoleID) VALUES (42, 928, 3);
INSERT INTO MoviePeople (MovieID, PersonID, RoleID) VALUES (42, 479, 4);
INSERT INTO MoviePeople (MovieID, PersonID, RoleID) VALUES (42, 2798, 5);

INSERT INTO Movies (MovieID, Series_Title, Released_Year, RuntimeMinutes, Overview, Poster_Link, IMDB_Rating, Meta_score, No_of_Votes, Gross_Revenue, CertificateID) VALUES (43, 'Léon', 1994.0, 110, 'Mathilda, a 12-year-old girl, is reluctantly taken in by Léon, a professional assassin, after her family is murdered. An unusual relationship forms as she becomes his protégée and learns the assassin''s trade.', 'https://m.media-amazon.com/images/M/MV5BODllNWE0MmEtYjUwZi00ZjY3LThmNmQtZjZlMjI2YTZjYmQ0XkEyXkFqcGdeQXVyNTc1NTQxODI@._V1_UX67_CR0,0,67,98_AL_.jpg', 8.5, 64.0, 1035236, 19501238.0, 2);
INSERT INTO MovieGenres (MovieID, GenreID) VALUES (43, 1);
INSERT INTO MovieGenres (MovieID, GenreID) VALUES (43, 6);
INSERT INTO MovieGenres (MovieID, GenreID) VALUES (43, 7);
INSERT INTO MoviePeople (MovieID, PersonID, RoleID) VALUES (43, 1838, 1);
INSERT INTO MoviePeople (MovieID, PersonID, RoleID) VALUES (43, 1316, 2);
INSERT INTO MoviePeople (MovieID, PersonID, RoleID) VALUES (43, 942, 3);
INSERT INTO MoviePeople (MovieID, PersonID, RoleID) VALUES (43, 2172, 4);
INSERT INTO MoviePeople (MovieID, PersonID, RoleID) VALUES (43, 605, 5);

INSERT INTO Movies (MovieID, Series_Title, Released_Year, RuntimeMinutes, Overview, Poster_Link, IMDB_Rating, Meta_score, No_of_Votes, Gross_Revenue, CertificateID) VALUES (44, 'The Lion King', 1994.0, 88, 'Lion prince Simba and his father are targeted by his bitter uncle, who wants to ascend the throne himself.', 'https://m.media-amazon.com/images/M/MV5BYTYxNGMyZTYtMjE3MS00MzNjLWFjNmYtMDk3N2FmM2JiM2M1XkEyXkFqcGdeQXVyNjY5NDU4NzI@._V1_UX67_CR0,0,67,98_AL_.jpg', 8.5, 88.0, 942045, 422783777.0, 13);
INSERT INTO MovieGenres (MovieID, GenreID) VALUES (44, 3);
INSERT INTO MovieGenres (MovieID, GenreID) VALUES (44, 2);
INSERT INTO MovieGenres (MovieID, GenreID) VALUES (44, 7);
INSERT INTO MoviePeople (MovieID, PersonID, RoleID) VALUES (44, 2555, 1);
INSERT INTO MoviePeople (MovieID, PersonID, RoleID) VALUES (44, 2507, 2);
INSERT INTO MoviePeople (MovieID, PersonID, RoleID) VALUES (44, 1989, 3);
INSERT INTO MoviePeople (MovieID, PersonID, RoleID) VALUES (44, 1363, 4);
INSERT INTO MoviePeople (MovieID, PersonID, RoleID) VALUES (44, 1244, 5);

INSERT INTO Movies (MovieID, Series_Title, Released_Year, RuntimeMinutes, Overview, Poster_Link, IMDB_Rating, Meta_score, No_of_Votes, Gross_Revenue, CertificateID) VALUES (45, 'Terminator 2: Judgment Day', 1991.0, 137, 'A cyborg, identical to the one who failed to kill Sarah Connor, must now protect her teenage son, John Connor, from a more advanced and powerful cyborg.', 'https://m.media-amazon.com/images/M/MV5BMGU2NzRmZjUtOGUxYS00ZjdjLWEwZWItY2NlM2JhNjkxNTFmXkEyXkFqcGdeQXVyNjU0OTQ0OTY@._V1_UX67_CR0,0,67,98_AL_.jpg', 8.5, 75.0, 995506, 204843350.0, 13);
INSERT INTO MovieGenres (MovieID, GenreID) VALUES (45, 1);
INSERT INTO MovieGenres (MovieID, GenreID) VALUES (45, 17);
INSERT INTO MoviePeople (MovieID, PersonID, RoleID) VALUES (45, 1239, 1);
INSERT INTO MoviePeople (MovieID, PersonID, RoleID) VALUES (45, 224, 2);
INSERT INTO MoviePeople (MovieID, PersonID, RoleID) VALUES (45, 1803, 3);
INSERT INTO MoviePeople (MovieID, PersonID, RoleID) VALUES (45, 753, 4);
INSERT INTO MoviePeople (MovieID, PersonID, RoleID) VALUES (45, 2528, 5);

INSERT INTO Movies (MovieID, Series_Title, Released_Year, RuntimeMinutes, Overview, Poster_Link, IMDB_Rating, Meta_score, No_of_Votes, Gross_Revenue, CertificateID) VALUES (46, 'Nuovo Cinema Paradiso', 1988.0, 155, 'A filmmaker recalls his childhood when falling in love with the pictures at the cinema of his home village and forms a deep friendship with the cinema''s projectionist.', 'https://m.media-amazon.com/images/M/MV5BM2FhYjEyYmYtMDI1Yy00YTdlLWI2NWQtYmEzNzAxOGY1NjY2XkEyXkFqcGdeQXVyNTA3NTIyNDg@._V1_UX67_CR0,0,67,98_AL_.jpg', 8.5, 80.0, 230763, 11990401.0, 13);
INSERT INTO MovieGenres (MovieID, GenreID) VALUES (46, 7);
INSERT INTO MovieGenres (MovieID, GenreID) VALUES (46, 16);
INSERT INTO MoviePeople (MovieID, PersonID, RoleID) VALUES (46, 1011, 1);
INSERT INTO MoviePeople (MovieID, PersonID, RoleID) VALUES (46, 2362, 2);
INSERT INTO MoviePeople (MovieID, PersonID, RoleID) VALUES (46, 817, 3);
INSERT INTO MoviePeople (MovieID, PersonID, RoleID) VALUES (46, 202, 4);
INSERT INTO MoviePeople (MovieID, PersonID, RoleID) VALUES (46, 1184, 5);

INSERT INTO Movies (MovieID, Series_Title, Released_Year, RuntimeMinutes, Overview, Poster_Link, IMDB_Rating, Meta_score, No_of_Votes, Gross_Revenue, CertificateID) VALUES (47, 'Hotaru no haka', 1988.0, 89, 'A young boy and his little sister struggle to survive in Japan during World War II.', 'https://m.media-amazon.com/images/M/MV5BZmY2NjUzNDQtNTgxNC00M2Q4LTljOWQtMjNjNDBjNWUxNmJlXkEyXkFqcGdeQXVyNTA4NzY1MzY@._V1_UX67_CR0,0,67,98_AL_.jpg', 8.5, 94.0, 235231, NULL, 13);
INSERT INTO MovieGenres (MovieID, GenreID) VALUES (47, 3);
INSERT INTO MovieGenres (MovieID, GenreID) VALUES (47, 7);
INSERT INTO MovieGenres (MovieID, GenreID) VALUES (47, 20);
INSERT INTO MoviePeople (MovieID, PersonID, RoleID) VALUES (47, 1189, 1);
INSERT INTO MoviePeople (MovieID, PersonID, RoleID) VALUES (47, 2991, 2);
INSERT INTO MoviePeople (MovieID, PersonID, RoleID) VALUES (47, 249, 3);
INSERT INTO MoviePeople (MovieID, PersonID, RoleID) VALUES (47, 35, 4);
INSERT INTO MoviePeople (MovieID, PersonID, RoleID) VALUES (47, 3157, 5);

INSERT INTO Movies (MovieID, Series_Title, Released_Year, RuntimeMinutes, Overview, Poster_Link, IMDB_Rating, Meta_score, No_of_Votes, Gross_Revenue, CertificateID) VALUES (48, 'Back to the Future', 1985.0, 116, 'Marty McFly, a 17-year-old high school student, is accidentally sent thirty years into the past in a time-traveling DeLorean invented by his close friend, the eccentric scientist Doc Brown.', 'https://m.media-amazon.com/images/M/MV5BZmU0M2Y1OGUtZjIxNi00ZjBkLTg1MjgtOWIyNThiZWIwYjRiXkEyXkFqcGdeQXVyMTQxNzMzNDI@._V1_UX67_CR0,0,67,98_AL_.jpg', 8.5, 87.0, 1058081, 210609762.0, 13);
INSERT INTO MovieGenres (MovieID, GenreID) VALUES (48, 2);
INSERT INTO MovieGenres (MovieID, GenreID) VALUES (48, 5);
INSERT INTO MovieGenres (MovieID, GenreID) VALUES (48, 17);
INSERT INTO MoviePeople (MovieID, PersonID, RoleID) VALUES (48, 2541, 1);
INSERT INTO MoviePeople (MovieID, PersonID, RoleID) VALUES (48, 2055, 2);
INSERT INTO MoviePeople (MovieID, PersonID, RoleID) VALUES (48, 523, 3);
INSERT INTO MoviePeople (MovieID, PersonID, RoleID) VALUES (48, 1746, 4);
INSERT INTO MoviePeople (MovieID, PersonID, RoleID) VALUES (48, 564, 5);

INSERT INTO Movies (MovieID, Series_Title, Released_Year, RuntimeMinutes, Overview, Poster_Link, IMDB_Rating, Meta_score, No_of_Votes, Gross_Revenue, CertificateID) VALUES (49, 'Once Upon a Time in the West', 1968.0, 165, 'A mysterious stranger with a harmonica joins forces with a notorious desperado to protect a beautiful widow from a ruthless assassin working for the railroad.', 'https://m.media-amazon.com/images/M/MV5BZGI5MjBmYzYtMzJhZi00NGI1LTk3MzItYjBjMzcxM2U3MDdiXkEyXkFqcGdeQXVyNzkwMjQ5NzM@._V1_UX67_CR0,0,67,98_AL_.jpg', 8.5, 80.0, 302844, 5321508.0, 13);
INSERT INTO MovieGenres (MovieID, GenreID) VALUES (49, 21);
INSERT INTO MoviePeople (MovieID, PersonID, RoleID) VALUES (49, 2707, 1);
INSERT INTO MoviePeople (MovieID, PersonID, RoleID) VALUES (49, 1112, 2);
INSERT INTO MoviePeople (MovieID, PersonID, RoleID) VALUES (49, 459, 3);
INSERT INTO MoviePeople (MovieID, PersonID, RoleID) VALUES (49, 543, 4);
INSERT INTO MoviePeople (MovieID, PersonID, RoleID) VALUES (49, 1300, 5);

INSERT INTO Movies (MovieID, Series_Title, Released_Year, RuntimeMinutes, Overview, Poster_Link, IMDB_Rating, Meta_score, No_of_Votes, Gross_Revenue, CertificateID) VALUES (50, 'Psycho', 1960.0, 109, 'A Phoenix secretary embezzles $40,000 from her employer''s client, goes on the run, and checks into a remote motel run by a young man under the domination of his mother.', 'https://m.media-amazon.com/images/M/MV5BNTQwNDM1YzItNDAxZC00NWY2LTk0M2UtNDIwNWI5OGUyNWUxXkEyXkFqcGdeQXVyNzkwMjQ5NzM@._V1_UX67_CR0,0,67,98_AL_.jpg', 8.5, 97.0, 604211, 32000000.0, 2);
INSERT INTO MovieGenres (MovieID, GenreID) VALUES (50, 12);
INSERT INTO MovieGenres (MovieID, GenreID) VALUES (50, 15);
INSERT INTO MovieGenres (MovieID, GenreID) VALUES (50, 19);
INSERT INTO MoviePeople (MovieID, PersonID, RoleID) VALUES (50, 93, 1);
INSERT INTO MoviePeople (MovieID, PersonID, RoleID) VALUES (50, 195, 2);
INSERT INTO MoviePeople (MovieID, PersonID, RoleID) VALUES (50, 1286, 3);
INSERT INTO MoviePeople (MovieID, PersonID, RoleID) VALUES (50, 3020, 4);
INSERT INTO MoviePeople (MovieID, PersonID, RoleID) VALUES (50, 1449, 5);

INSERT INTO Movies (MovieID, Series_Title, Released_Year, RuntimeMinutes, Overview, Poster_Link, IMDB_Rating, Meta_score, No_of_Votes, Gross_Revenue, CertificateID) VALUES (51, 'Casablanca', 1942.0, 102, 'A cynical expatriate American cafe owner struggles to decide whether or not to help his former lover and her fugitive husband escape the Nazis in French Morocco.', 'https://m.media-amazon.com/images/M/MV5BY2IzZGY2YmEtYzljNS00NTM5LTgwMzUtMzM1NjQ4NGI0OTk0XkEyXkFqcGdeQXVyNDYyMDk5MTU@._V1_UX67_CR0,0,67,98_AL_.jpg', 8.5, 100.0, 522093, 1024560.0, 13);
INSERT INTO MovieGenres (MovieID, GenreID) VALUES (51, 7);
INSERT INTO MovieGenres (MovieID, GenreID) VALUES (51, 16);
INSERT INTO MovieGenres (MovieID, GenreID) VALUES (51, 20);
INSERT INTO MoviePeople (MovieID, PersonID, RoleID) VALUES (51, 2049, 1);
INSERT INTO MoviePeople (MovieID, PersonID, RoleID) VALUES (51, 1152, 2);
INSERT INTO MoviePeople (MovieID, PersonID, RoleID) VALUES (51, 1175, 3);
INSERT INTO MoviePeople (MovieID, PersonID, RoleID) VALUES (51, 2303, 4);
INSERT INTO MoviePeople (MovieID, PersonID, RoleID) VALUES (51, 541, 5);

INSERT INTO Movies (MovieID, Series_Title, Released_Year, RuntimeMinutes, Overview, Poster_Link, IMDB_Rating, Meta_score, No_of_Votes, Gross_Revenue, CertificateID) VALUES (52, 'Modern Times', 1936.0, 87, 'The Tramp struggles to live in modern industrial society with the help of a young homeless woman.', 'https://m.media-amazon.com/images/M/MV5BYjJiZjMzYzktNjU0NS00OTkxLWEwYzItYzdhYWJjN2QzMTRlL2ltYWdlL2ltYWdlXkEyXkFqcGdeQXVyNjU0OTQ0OTY@._V1_UX67_CR0,0,67,98_AL_.jpg', 8.5, 96.0, 217881, 163245.0, 4);
INSERT INTO MovieGenres (MovieID, GenreID) VALUES (52, 5);
INSERT INTO MovieGenres (MovieID, GenreID) VALUES (52, 7);
INSERT INTO MovieGenres (MovieID, GenreID) VALUES (52, 8);
INSERT INTO MoviePeople (MovieID, PersonID, RoleID) VALUES (52, 460, 1);
INSERT INTO MoviePeople (MovieID, PersonID, RoleID) VALUES (52, 460, 2);
INSERT INTO MoviePeople (MovieID, PersonID, RoleID) VALUES (52, 2321, 3);
INSERT INTO MoviePeople (MovieID, PersonID, RoleID) VALUES (52, 1110, 4);
INSERT INTO MoviePeople (MovieID, PersonID, RoleID) VALUES (52, 2936, 5);

INSERT INTO Movies (MovieID, Series_Title, Released_Year, RuntimeMinutes, Overview, Poster_Link, IMDB_Rating, Meta_score, No_of_Votes, Gross_Revenue, CertificateID) VALUES (53, 'City Lights', 1931.0, 87, 'With the aid of a wealthy erratic tippler, a dewy-eyed tramp who has fallen in love with a sightless flower girl accumulates money to be able to help her medically.', 'https://m.media-amazon.com/images/M/MV5BY2I4MmM1N2EtM2YzOS00OWUzLTkzYzctNDc5NDg2N2IyODJmXkEyXkFqcGdeQXVyNzkwMjQ5NzM@._V1_UX67_CR0,0,67,98_AL_.jpg', 8.5, 99.0, 167839, 19181.0, 4);
INSERT INTO MovieGenres (MovieID, GenreID) VALUES (53, 5);
INSERT INTO MovieGenres (MovieID, GenreID) VALUES (53, 7);
INSERT INTO MovieGenres (MovieID, GenreID) VALUES (53, 16);
INSERT INTO MoviePeople (MovieID, PersonID, RoleID) VALUES (53, 460, 1);
INSERT INTO MoviePeople (MovieID, PersonID, RoleID) VALUES (53, 460, 2);
INSERT INTO MoviePeople (MovieID, PersonID, RoleID) VALUES (53, 3051, 3);
INSERT INTO MoviePeople (MovieID, PersonID, RoleID) VALUES (53, 878, 4);
INSERT INTO MoviePeople (MovieID, PersonID, RoleID) VALUES (53, 1084, 5);

INSERT INTO Movies (MovieID, Series_Title, Released_Year, RuntimeMinutes, Overview, Poster_Link, IMDB_Rating, Meta_score, No_of_Votes, Gross_Revenue, CertificateID) VALUES (54, 'Capharnaüm', 2018.0, 126, 'While serving a five-year sentence for a violent crime, a 12-year-old boy sues his parents for neglect.', 'https://m.media-amazon.com/images/M/MV5BMmExNzU2ZWMtYzUwYi00YmM2LTkxZTQtNmVhNjY0NTMyMWI2XkEyXkFqcGdeQXVyMTMxODk2OTU@._V1_UX67_CR0,0,67,98_AL_.jpg', 8.4, 75.0, 62635, 1661096.0, 2);
INSERT INTO MovieGenres (MovieID, GenreID) VALUES (54, 7);
INSERT INTO MoviePeople (MovieID, PersonID, RoleID) VALUES (54, 2157, 1);
INSERT INTO MoviePeople (MovieID, PersonID, RoleID) VALUES (54, 3184, 2);
INSERT INTO MoviePeople (MovieID, PersonID, RoleID) VALUES (54, 3153, 3);
INSERT INTO MoviePeople (MovieID, PersonID, RoleID) VALUES (54, 337, 4);
INSERT INTO MoviePeople (MovieID, PersonID, RoleID) VALUES (54, 1632, 5);

INSERT INTO Movies (MovieID, Series_Title, Released_Year, RuntimeMinutes, Overview, Poster_Link, IMDB_Rating, Meta_score, No_of_Votes, Gross_Revenue, CertificateID) VALUES (55, 'Ayla: The Daughter of War', 2017.0, 125, 'In 1950, amid-st the ravages of the Korean War, Sergeant Süleyman stumbles upon a half-frozen little girl, with no parents and no help in sight. Frantic, scared and on the verge of death, ...                See full summary »', 'https://m.media-amazon.com/images/M/MV5BNWJhMDlmZGUtYzcxNS00NDRiLWIwNjktNDY1Mjg3ZjBkYzY0XkEyXkFqcGdeQXVyMTU4MjUwMjI@._V1_UY98_CR2,0,67,98_AL_.jpg', 8.4, NULL, 34112, NULL, NULL);
INSERT INTO MovieGenres (MovieID, GenreID) VALUES (55, 4);
INSERT INTO MovieGenres (MovieID, GenreID) VALUES (55, 7);
INSERT INTO MovieGenres (MovieID, GenreID) VALUES (55, 11);
INSERT INTO MoviePeople (MovieID, PersonID, RoleID) VALUES (55, 415, 1);
INSERT INTO MoviePeople (MovieID, PersonID, RoleID) VALUES (55, 820, 2);
INSERT INTO MoviePeople (MovieID, PersonID, RoleID) VALUES (55, 3198, 3);
INSERT INTO MoviePeople (MovieID, PersonID, RoleID) VALUES (55, 1190, 4);
INSERT INTO MoviePeople (MovieID, PersonID, RoleID) VALUES (55, 1716, 5);

INSERT INTO Movies (MovieID, Series_Title, Released_Year, RuntimeMinutes, Overview, Poster_Link, IMDB_Rating, Meta_score, No_of_Votes, Gross_Revenue, CertificateID) VALUES (56, 'Vikram Vedha', 2017.0, 147, 'Vikram, a no-nonsense police officer, accompanied by Simon, his partner, is on the hunt to capture Vedha, a smuggler and a murderer. Vedha tries to change Vikram''s life, which leads to a conflict.', 'https://m.media-amazon.com/images/M/MV5BY2FiMTFmMzMtZDI2ZC00NDQyLWExYTUtOWNmZWM1ZDg5YjVjXkEyXkFqcGdeQXVyODIwMDI1NjM@._V1_UX67_CR0,0,67,98_AL_.jpg', 8.4, NULL, 28401, NULL, 15);
INSERT INTO MovieGenres (MovieID, GenreID) VALUES (56, 1);
INSERT INTO MovieGenres (MovieID, GenreID) VALUES (56, 6);
INSERT INTO MovieGenres (MovieID, GenreID) VALUES (56, 7);
INSERT INTO MoviePeople (MovieID, PersonID, RoleID) VALUES (56, 953, 1);
INSERT INTO MoviePeople (MovieID, PersonID, RoleID) VALUES (56, 2389, 2);
INSERT INTO MoviePeople (MovieID, PersonID, RoleID) VALUES (56, 1865, 3);
INSERT INTO MoviePeople (MovieID, PersonID, RoleID) VALUES (56, 3037, 4);
INSERT INTO MoviePeople (MovieID, PersonID, RoleID) VALUES (56, 2744, 5);

INSERT INTO Movies (MovieID, Series_Title, Released_Year, RuntimeMinutes, Overview, Poster_Link, IMDB_Rating, Meta_score, No_of_Votes, Gross_Revenue, CertificateID) VALUES (57, 'Kimi no na wa.', 2016.0, 106, 'Two strangers find themselves linked in a bizarre way. When a connection forms, will distance be the only thing to keep them apart?', 'https://m.media-amazon.com/images/M/MV5BODRmZDVmNzUtZDA4ZC00NjhkLWI2M2UtN2M0ZDIzNDcxYThjL2ltYWdlXkEyXkFqcGdeQXVyNTk0MzMzODA@._V1_UX67_CR0,0,67,98_AL_.jpg', 8.4, 79.0, 194838, 5017246.0, 13);
INSERT INTO MovieGenres (MovieID, GenreID) VALUES (57, 3);
INSERT INTO MovieGenres (MovieID, GenreID) VALUES (57, 7);
INSERT INTO MovieGenres (MovieID, GenreID) VALUES (57, 9);
INSERT INTO MoviePeople (MovieID, PersonID, RoleID) VALUES (57, 1879, 1);
INSERT INTO MoviePeople (MovieID, PersonID, RoleID) VALUES (57, 2618, 2);
INSERT INTO MoviePeople (MovieID, PersonID, RoleID) VALUES (57, 2138, 3);
INSERT INTO MoviePeople (MovieID, PersonID, RoleID) VALUES (57, 2616, 4);
INSERT INTO MoviePeople (MovieID, PersonID, RoleID) VALUES (57, 212, 5);

INSERT INTO Movies (MovieID, Series_Title, Released_Year, RuntimeMinutes, Overview, Poster_Link, IMDB_Rating, Meta_score, No_of_Votes, Gross_Revenue, CertificateID) VALUES (58, 'Dangal', 2016.0, 161, 'Former wrestler Mahavir Singh Phogat and his two wrestler daughters struggle towards glory at the Commonwealth Games in the face of societal oppression.', 'https://m.media-amazon.com/images/M/MV5BMTQ4MzQzMzM2Nl5BMl5BanBnXkFtZTgwMTQ1NzU3MDI@._V1_UY98_CR1,0,67,98_AL_.jpg', 8.4, NULL, 156479, 12391761.0, 13);
INSERT INTO MovieGenres (MovieID, GenreID) VALUES (58, 1);
INSERT INTO MovieGenres (MovieID, GenreID) VALUES (58, 4);
INSERT INTO MovieGenres (MovieID, GenreID) VALUES (58, 7);
INSERT INTO MoviePeople (MovieID, PersonID, RoleID) VALUES (58, 2217, 1);
INSERT INTO MoviePeople (MovieID, PersonID, RoleID) VALUES (58, 2, 2);
INSERT INTO MoviePeople (MovieID, PersonID, RoleID) VALUES (58, 2630, 3);
INSERT INTO MoviePeople (MovieID, PersonID, RoleID) VALUES (58, 858, 4);
INSERT INTO MoviePeople (MovieID, PersonID, RoleID) VALUES (58, 2664, 5);

INSERT INTO Movies (MovieID, Series_Title, Released_Year, RuntimeMinutes, Overview, Poster_Link, IMDB_Rating, Meta_score, No_of_Votes, Gross_Revenue, CertificateID) VALUES (59, 'Spider-Man: Into the Spider-Verse', 2018.0, 117, 'Teen Miles Morales becomes the Spider-Man of his universe, and must join with five spider-powered individuals from other dimensions to stop a threat for all realities.', 'https://m.media-amazon.com/images/M/MV5BMjMwNDkxMTgzOF5BMl5BanBnXkFtZTgwNTkwNTQ3NjM@._V1_UX67_CR0,0,67,98_AL_.jpg', 8.4, 87.0, 375110, 190241310.0, 13);
INSERT INTO MovieGenres (MovieID, GenreID) VALUES (59, 3);
INSERT INTO MovieGenres (MovieID, GenreID) VALUES (59, 1);
INSERT INTO MovieGenres (MovieID, GenreID) VALUES (59, 2);
INSERT INTO MoviePeople (MovieID, PersonID, RoleID) VALUES (59, 333, 1);
INSERT INTO MoviePeople (MovieID, PersonID, RoleID) VALUES (59, 2350, 2);
INSERT INTO MoviePeople (MovieID, PersonID, RoleID) VALUES (59, 2552, 3);
INSERT INTO MoviePeople (MovieID, PersonID, RoleID) VALUES (59, 2719, 4);
INSERT INTO MoviePeople (MovieID, PersonID, RoleID) VALUES (59, 1234, 5);

INSERT INTO Movies (MovieID, Series_Title, Released_Year, RuntimeMinutes, Overview, Poster_Link, IMDB_Rating, Meta_score, No_of_Votes, Gross_Revenue, CertificateID) VALUES (60, 'Avengers: Endgame', 2019.0, 181, 'After the devastating events of Avengers: Infinity War (2018), the universe is in ruins. With the help of remaining allies, the Avengers assemble once more in order to reverse Thanos'' actions and restore balance to the universe.', 'https://m.media-amazon.com/images/M/MV5BMTc5MDE2ODcwNV5BMl5BanBnXkFtZTgwMzI2NzQ2NzM@._V1_UX67_CR0,0,67,98_AL_.jpg', 8.4, 78.0, 809955, 858373000.0, 15);
INSERT INTO MovieGenres (MovieID, GenreID) VALUES (60, 1);
INSERT INTO MovieGenres (MovieID, GenreID) VALUES (60, 2);
INSERT INTO MovieGenres (MovieID, GenreID) VALUES (60, 7);
INSERT INTO MoviePeople (MovieID, PersonID, RoleID) VALUES (60, 197, 1);
INSERT INTO MoviePeople (MovieID, PersonID, RoleID) VALUES (60, 1415, 2);
INSERT INTO MoviePeople (MovieID, PersonID, RoleID) VALUES (60, 2519, 3);
INSERT INTO MoviePeople (MovieID, PersonID, RoleID) VALUES (60, 498, 4);
INSERT INTO MoviePeople (MovieID, PersonID, RoleID) VALUES (60, 1936, 5);

INSERT INTO Movies (MovieID, Series_Title, Released_Year, RuntimeMinutes, Overview, Poster_Link, IMDB_Rating, Meta_score, No_of_Votes, Gross_Revenue, CertificateID) VALUES (61, 'Avengers: Infinity War', 2018.0, 149, 'The Avengers and their allies must be willing to sacrifice all in an attempt to defeat the powerful Thanos before his blitz of devastation and ruin puts an end to the universe.', 'https://m.media-amazon.com/images/M/MV5BMjMxNjY2MDU1OV5BMl5BanBnXkFtZTgwNzY1MTUwNTM@._V1_UX67_CR0,0,67,98_AL_.jpg', 8.4, 68.0, 834477, 678815482.0, 15);
INSERT INTO MovieGenres (MovieID, GenreID) VALUES (61, 1);
INSERT INTO MovieGenres (MovieID, GenreID) VALUES (61, 2);
INSERT INTO MovieGenres (MovieID, GenreID) VALUES (61, 17);
INSERT INTO MoviePeople (MovieID, PersonID, RoleID) VALUES (61, 197, 1);
INSERT INTO MoviePeople (MovieID, PersonID, RoleID) VALUES (61, 1415, 2);
INSERT INTO MoviePeople (MovieID, PersonID, RoleID) VALUES (61, 2519, 3);
INSERT INTO MoviePeople (MovieID, PersonID, RoleID) VALUES (61, 499, 4);
INSERT INTO MoviePeople (MovieID, PersonID, RoleID) VALUES (61, 1936, 5);

INSERT INTO Movies (MovieID, Series_Title, Released_Year, RuntimeMinutes, Overview, Poster_Link, IMDB_Rating, Meta_score, No_of_Votes, Gross_Revenue, CertificateID) VALUES (62, 'Coco', 2017.0, 105, 'Aspiring musician Miguel, confronted with his family''s ancestral ban on music, enters the Land of the Dead to find his great-great-grandfather, a legendary singer.', 'https://m.media-amazon.com/images/M/MV5BYjQ5NjM0Y2YtNjZkNC00ZDhkLWJjMWItN2QyNzFkMDE3ZjAxXkEyXkFqcGdeQXVyODIxMzk5NjA@._V1_UY98_CR1,0,67,98_AL_.jpg', 8.4, 81.0, 384171, 209726015.0, 13);
INSERT INTO MovieGenres (MovieID, GenreID) VALUES (62, 3);
INSERT INTO MovieGenres (MovieID, GenreID) VALUES (62, 2);
INSERT INTO MovieGenres (MovieID, GenreID) VALUES (62, 8);
INSERT INTO MoviePeople (MovieID, PersonID, RoleID) VALUES (62, 1756, 1);
INSERT INTO MoviePeople (MovieID, PersonID, RoleID) VALUES (62, 23, 2);
INSERT INTO MoviePeople (MovieID, PersonID, RoleID) VALUES (62, 191, 3);
INSERT INTO MoviePeople (MovieID, PersonID, RoleID) VALUES (62, 932, 4);
INSERT INTO MoviePeople (MovieID, PersonID, RoleID) VALUES (62, 290, 5);

INSERT INTO Movies (MovieID, Series_Title, Released_Year, RuntimeMinutes, Overview, Poster_Link, IMDB_Rating, Meta_score, No_of_Votes, Gross_Revenue, CertificateID) VALUES (63, 'Django Unchained', 2012.0, 165, 'With the help of a German bounty hunter, a freed slave sets out to rescue his wife from a brutal Mississippi plantation owner.', 'https://m.media-amazon.com/images/M/MV5BMjIyNTQ5NjQ1OV5BMl5BanBnXkFtZTcwODg1MDU4OA@@._V1_UX67_CR0,0,67,98_AL_.jpg', 8.4, 81.0, 1357682, 162805434.0, 2);
INSERT INTO MovieGenres (MovieID, GenreID) VALUES (63, 7);
INSERT INTO MovieGenres (MovieID, GenreID) VALUES (63, 21);
INSERT INTO MoviePeople (MovieID, PersonID, RoleID) VALUES (63, 2391, 1);
INSERT INTO MoviePeople (MovieID, PersonID, RoleID) VALUES (63, 1270, 2);
INSERT INTO MoviePeople (MovieID, PersonID, RoleID) VALUES (63, 516, 3);
INSERT INTO MoviePeople (MovieID, PersonID, RoleID) VALUES (63, 1775, 4);
INSERT INTO MoviePeople (MovieID, PersonID, RoleID) VALUES (63, 1661, 5);

INSERT INTO Movies (MovieID, Series_Title, Released_Year, RuntimeMinutes, Overview, Poster_Link, IMDB_Rating, Meta_score, No_of_Votes, Gross_Revenue, CertificateID) VALUES (64, 'The Dark Knight Rises', 2012.0, 164, 'Eight years after the Joker''s reign of anarchy, Batman, with the help of the enigmatic Catwoman, is forced from his exile to save Gotham City from the brutal guerrilla terrorist Bane.', 'https://m.media-amazon.com/images/M/MV5BMTk4ODQzNDY3Ml5BMl5BanBnXkFtZTcwODA0NTM4Nw@@._V1_UX67_CR0,0,67,98_AL_.jpg', 8.4, 78.0, 1516346, 448139099.0, 15);
INSERT INTO MovieGenres (MovieID, GenreID) VALUES (64, 1);
INSERT INTO MovieGenres (MovieID, GenreID) VALUES (64, 2);
INSERT INTO MoviePeople (MovieID, PersonID, RoleID) VALUES (64, 527, 1);
INSERT INTO MoviePeople (MovieID, PersonID, RoleID) VALUES (64, 509, 2);
INSERT INTO MoviePeople (MovieID, PersonID, RoleID) VALUES (64, 2950, 3);
INSERT INTO MoviePeople (MovieID, PersonID, RoleID) VALUES (64, 178, 4);
INSERT INTO MoviePeople (MovieID, PersonID, RoleID) VALUES (64, 942, 5);

INSERT INTO Movies (MovieID, Series_Title, Released_Year, RuntimeMinutes, Overview, Poster_Link, IMDB_Rating, Meta_score, No_of_Votes, Gross_Revenue, CertificateID) VALUES (65, '3 Idiots', 2009.0, 170, 'Two friends are searching for their long lost companion. They revisit their college days and recall the memories of their friend who inspired them to think differently, even as the rest of the world called them "idiots".', 'https://m.media-amazon.com/images/M/MV5BNTkyOGVjMGEtNmQzZi00NzFlLTlhOWQtODYyMDc2ZGJmYzFhXkEyXkFqcGdeQXVyNjU0OTQ0OTY@._V1_UY98_CR0,0,67,98_AL_.jpg', 8.4, 67.0, 344445, 6532908.0, 15);
INSERT INTO MovieGenres (MovieID, GenreID) VALUES (65, 5);
INSERT INTO MovieGenres (MovieID, GenreID) VALUES (65, 7);
INSERT INTO MoviePeople (MovieID, PersonID, RoleID) VALUES (65, 2411, 1);
INSERT INTO MoviePeople (MovieID, PersonID, RoleID) VALUES (65, 2, 2);
INSERT INTO MoviePeople (MovieID, PersonID, RoleID) VALUES (65, 1865, 3);
INSERT INTO MoviePeople (MovieID, PersonID, RoleID) VALUES (65, 2137, 4);
INSERT INTO MoviePeople (MovieID, PersonID, RoleID) VALUES (65, 2723, 5);

INSERT INTO Movies (MovieID, Series_Title, Released_Year, RuntimeMinutes, Overview, Poster_Link, IMDB_Rating, Meta_score, No_of_Votes, Gross_Revenue, CertificateID) VALUES (66, 'Taare Zameen Par', 2007.0, 165, 'An eight-year-old boy is thought to be a lazy trouble-maker, until the new art teacher has the patience and compassion to discover the real problem behind his struggles in school.', 'https://m.media-amazon.com/images/M/MV5BMDhjZWViN2MtNzgxOS00NmI4LThiZDQtZDI3MzM4MDE4NTc0XkEyXkFqcGdeQXVyMTMxODk2OTU@._V1_UY98_CR1,0,67,98_AL_.jpg', 8.4, NULL, 168895, 1223869.0, 13);
INSERT INTO MovieGenres (MovieID, GenreID) VALUES (66, 7);
INSERT INTO MovieGenres (MovieID, GenreID) VALUES (66, 8);
INSERT INTO MoviePeople (MovieID, PersonID, RoleID) VALUES (66, 2, 1);
INSERT INTO MoviePeople (MovieID, PersonID, RoleID) VALUES (66, 114, 2);
INSERT INTO MoviePeople (MovieID, PersonID, RoleID) VALUES (66, 618, 3);
INSERT INTO MoviePeople (MovieID, PersonID, RoleID) VALUES (66, 2, 4);
INSERT INTO MoviePeople (MovieID, PersonID, RoleID) VALUES (66, 2938, 5);

INSERT INTO Movies (MovieID, Series_Title, Released_Year, RuntimeMinutes, Overview, Poster_Link, IMDB_Rating, Meta_score, No_of_Votes, Gross_Revenue, CertificateID) VALUES (67, 'WALL·E', 2008.0, 98, 'In the distant future, a small waste-collecting robot inadvertently embarks on a space journey that will ultimately decide the fate of mankind.', 'https://m.media-amazon.com/images/M/MV5BMjExMTg5OTU0NF5BMl5BanBnXkFtZTcwMjMxMzMzMw@@._V1_UX67_CR0,0,67,98_AL_.jpg', 8.4, 95.0, 999790, 223808164.0, 13);
INSERT INTO MovieGenres (MovieID, GenreID) VALUES (67, 3);
INSERT INTO MovieGenres (MovieID, GenreID) VALUES (67, 2);
INSERT INTO MovieGenres (MovieID, GenreID) VALUES (67, 8);
INSERT INTO MoviePeople (MovieID, PersonID, RoleID) VALUES (67, 146, 1);
INSERT INTO MoviePeople (MovieID, PersonID, RoleID) VALUES (67, 279, 2);
INSERT INTO MoviePeople (MovieID, PersonID, RoleID) VALUES (67, 779, 3);
INSERT INTO MoviePeople (MovieID, PersonID, RoleID) VALUES (67, 1343, 4);
INSERT INTO MoviePeople (MovieID, PersonID, RoleID) VALUES (67, 919, 5);

INSERT INTO Movies (MovieID, Series_Title, Released_Year, RuntimeMinutes, Overview, Poster_Link, IMDB_Rating, Meta_score, No_of_Votes, Gross_Revenue, CertificateID) VALUES (68, 'The Lives of Others', 2006.0, 137, 'In 1984 East Berlin, an agent of the secret police, conducting surveillance on a writer and his lover, finds himself becoming increasingly absorbed by their lives.', 'https://m.media-amazon.com/images/M/MV5BOThkM2EzYmMtNDE3NS00NjlhLTg4YzktYTdhNzgyOWY3ZDYzXkEyXkFqcGdeQXVyNzQzNzQxNzI@._V1_UY98_CR1,0,67,98_AL_.jpg', 8.4, 89.0, 358685, 11286112.0, 2);
INSERT INTO MovieGenres (MovieID, GenreID) VALUES (68, 7);
INSERT INTO MovieGenres (MovieID, GenreID) VALUES (68, 15);
INSERT INTO MovieGenres (MovieID, GenreID) VALUES (68, 19);
INSERT INTO MoviePeople (MovieID, PersonID, RoleID) VALUES (68, 880, 1);
INSERT INTO MoviePeople (MovieID, PersonID, RoleID) VALUES (68, 3006, 2);
INSERT INTO MoviePeople (MovieID, PersonID, RoleID) VALUES (68, 1959, 3);
INSERT INTO MoviePeople (MovieID, PersonID, RoleID) VALUES (68, 2700, 4);
INSERT INTO MoviePeople (MovieID, PersonID, RoleID) VALUES (68, 3008, 5);

INSERT INTO Movies (MovieID, Series_Title, Released_Year, RuntimeMinutes, Overview, Poster_Link, IMDB_Rating, Meta_score, No_of_Votes, Gross_Revenue, CertificateID) VALUES (69, 'Oldeuboi', 2003.0, 101, 'After being kidnapped and imprisoned for fifteen years, Oh Dae-Su is released, only to find that he must find his captor in five days.', 'https://m.media-amazon.com/images/M/MV5BMTI3NTQyMzU5M15BMl5BanBnXkFtZTcwMTM2MjgyMQ@@._V1_UX67_CR0,0,67,98_AL_.jpg', 8.4, 77.0, 515451, 707481.0, 2);
INSERT INTO MovieGenres (MovieID, GenreID) VALUES (69, 1);
INSERT INTO MovieGenres (MovieID, GenreID) VALUES (69, 7);
INSERT INTO MovieGenres (MovieID, GenreID) VALUES (69, 15);
INSERT INTO MoviePeople (MovieID, PersonID, RoleID) VALUES (69, 458, 1);
INSERT INTO MoviePeople (MovieID, PersonID, RoleID) VALUES (69, 493, 2);
INSERT INTO MoviePeople (MovieID, PersonID, RoleID) VALUES (69, 3151, 3);
INSERT INTO MoviePeople (MovieID, PersonID, RoleID) VALUES (69, 1597, 4);
INSERT INTO MoviePeople (MovieID, PersonID, RoleID) VALUES (69, 1677, 5);

INSERT INTO Movies (MovieID, Series_Title, Released_Year, RuntimeMinutes, Overview, Poster_Link, IMDB_Rating, Meta_score, No_of_Votes, Gross_Revenue, CertificateID) VALUES (70, 'Memento', 2000.0, 113, 'A man with short-term memory loss attempts to track down his wife''s murderer.', 'https://m.media-amazon.com/images/M/MV5BZTcyNjk1MjgtOWI3Mi00YzQwLWI5MTktMzY4ZmI2NDAyNzYzXkEyXkFqcGdeQXVyNjU0OTQ0OTY@._V1_UX67_CR0,0,67,98_AL_.jpg', 8.4, 80.0, 1125712, 25544867.0, 15);
INSERT INTO MovieGenres (MovieID, GenreID) VALUES (70, 15);
INSERT INTO MovieGenres (MovieID, GenreID) VALUES (70, 19);
INSERT INTO MoviePeople (MovieID, PersonID, RoleID) VALUES (70, 527, 1);
INSERT INTO MoviePeople (MovieID, PersonID, RoleID) VALUES (70, 1055, 2);
INSERT INTO MoviePeople (MovieID, PersonID, RoleID) VALUES (70, 436, 3);
INSERT INTO MoviePeople (MovieID, PersonID, RoleID) VALUES (70, 1413, 4);
INSERT INTO MoviePeople (MovieID, PersonID, RoleID) VALUES (70, 1931, 5);

INSERT INTO Movies (MovieID, Series_Title, Released_Year, RuntimeMinutes, Overview, Poster_Link, IMDB_Rating, Meta_score, No_of_Votes, Gross_Revenue, CertificateID) VALUES (71, 'Mononoke-hime', 1997.0, 134, 'On a journey to find the cure for a Tatarigami''s curse, Ashitaka finds himself in the middle of a war between the forest gods and Tatara, a mining colony. In this quest he also meets San, the Mononoke Hime.', 'https://m.media-amazon.com/images/M/MV5BNGIzY2IzODQtNThmMi00ZDE4LWI5YzAtNzNlZTM1ZjYyYjUyXkEyXkFqcGdeQXVyODEzNjM5OTQ@._V1_UX67_CR0,0,67,98_AL_.jpg', 8.4, 76.0, 343171, 2375308.0, 13);
INSERT INTO MovieGenres (MovieID, GenreID) VALUES (71, 3);
INSERT INTO MovieGenres (MovieID, GenreID) VALUES (71, 1);
INSERT INTO MovieGenres (MovieID, GenreID) VALUES (71, 2);
INSERT INTO MoviePeople (MovieID, PersonID, RoleID) VALUES (71, 1092, 1);
INSERT INTO MoviePeople (MovieID, PersonID, RoleID) VALUES (71, 3170, 2);
INSERT INTO MoviePeople (MovieID, PersonID, RoleID) VALUES (71, 3166, 3);
INSERT INTO MoviePeople (MovieID, PersonID, RoleID) VALUES (71, 3175, 4);
INSERT INTO MoviePeople (MovieID, PersonID, RoleID) VALUES (71, 313, 5);

INSERT INTO Movies (MovieID, Series_Title, Released_Year, RuntimeMinutes, Overview, Poster_Link, IMDB_Rating, Meta_score, No_of_Votes, Gross_Revenue, CertificateID) VALUES (72, 'Once Upon a Time in America', 1984.0, 229, 'A former Prohibition-era Jewish gangster returns to the Lower East Side of Manhattan over thirty years later, where he once again must confront the ghosts and regrets of his old life.', 'https://m.media-amazon.com/images/M/MV5BMGFkNWI4MTMtNGQ0OC00MWVmLTk3MTktOGYxN2Y2YWVkZWE2XkEyXkFqcGdeQXVyNjU0OTQ0OTY@._V1_UX67_CR0,0,67,98_AL_.jpg', 8.4, NULL, 311365, 5321508.0, 2);
INSERT INTO MovieGenres (MovieID, GenreID) VALUES (72, 6);
INSERT INTO MovieGenres (MovieID, GenreID) VALUES (72, 7);
INSERT INTO MoviePeople (MovieID, PersonID, RoleID) VALUES (72, 2707, 1);
INSERT INTO MoviePeople (MovieID, PersonID, RoleID) VALUES (72, 2517, 2);
INSERT INTO MoviePeople (MovieID, PersonID, RoleID) VALUES (72, 1266, 3);
INSERT INTO MoviePeople (MovieID, PersonID, RoleID) VALUES (72, 785, 4);
INSERT INTO MoviePeople (MovieID, PersonID, RoleID) VALUES (72, 2984, 5);

INSERT INTO Movies (MovieID, Series_Title, Released_Year, RuntimeMinutes, Overview, Poster_Link, IMDB_Rating, Meta_score, No_of_Votes, Gross_Revenue, CertificateID) VALUES (73, 'Raiders of the Lost Ark', 1981.0, 115, 'In 1936, archaeologist and adventurer Indiana Jones is hired by the U.S. government to find the Ark of the Covenant before Adolf Hitler''s Nazis can obtain its awesome powers.', 'https://m.media-amazon.com/images/M/MV5BMjA0ODEzMTc1Nl5BMl5BanBnXkFtZTcwODM2MjAxNA@@._V1_UX67_CR0,0,67,98_AL_.jpg', 8.4, 85.0, 884112, 248159971.0, 2);
INSERT INTO MovieGenres (MovieID, GenreID) VALUES (73, 1);
INSERT INTO MovieGenres (MovieID, GenreID) VALUES (73, 2);
INSERT INTO MoviePeople (MovieID, PersonID, RoleID) VALUES (73, 2818, 1);
INSERT INTO MoviePeople (MovieID, PersonID, RoleID) VALUES (73, 1079, 2);
INSERT INTO MoviePeople (MovieID, PersonID, RoleID) VALUES (73, 1605, 3);
INSERT INTO MoviePeople (MovieID, PersonID, RoleID) VALUES (73, 2299, 4);
INSERT INTO MoviePeople (MovieID, PersonID, RoleID) VALUES (73, 1480, 5);

INSERT INTO Movies (MovieID, Series_Title, Released_Year, RuntimeMinutes, Overview, Poster_Link, IMDB_Rating, Meta_score, No_of_Votes, Gross_Revenue, CertificateID) VALUES (74, 'The Shining', 1980.0, 146, 'A family heads to an isolated hotel for the winter where a sinister presence influences the father into violence, while his psychic son sees horrific forebodings from both past and future.', 'https://m.media-amazon.com/images/M/MV5BZWFlYmY2MGEtZjVkYS00YzU4LTg0YjQtYzY1ZGE3NTA5NGQxXkEyXkFqcGdeQXVyMTQxNzMzNDI@._V1_UX67_CR0,0,67,98_AL_.jpg', 8.4, 66.0, 898237, 44017374.0, 2);
INSERT INTO MovieGenres (MovieID, GenreID) VALUES (74, 7);
INSERT INTO MovieGenres (MovieID, GenreID) VALUES (74, 12);
INSERT INTO MoviePeople (MovieID, PersonID, RoleID) VALUES (74, 2794, 1);
INSERT INTO MoviePeople (MovieID, PersonID, RoleID) VALUES (74, 1214, 2);
INSERT INTO MoviePeople (MovieID, PersonID, RoleID) VALUES (74, 2727, 3);
INSERT INTO MoviePeople (MovieID, PersonID, RoleID) VALUES (74, 612, 4);
INSERT INTO MoviePeople (MovieID, PersonID, RoleID) VALUES (74, 2683, 5);

INSERT INTO Movies (MovieID, Series_Title, Released_Year, RuntimeMinutes, Overview, Poster_Link, IMDB_Rating, Meta_score, No_of_Votes, Gross_Revenue, CertificateID) VALUES (75, 'Apocalypse Now', 1979.0, 147, 'A U.S. Army officer serving in Vietnam is tasked with assassinating a renegade Special Forces Colonel who sees himself as a god.', 'https://m.media-amazon.com/images/M/MV5BMDdhODg0MjYtYzBiOS00ZmI5LWEwZGYtZDEyNDU4MmQyNzFkXkEyXkFqcGdeQXVyNzkwMjQ5NzM@._V1_UX67_CR0,0,67,98_AL_.jpg', 8.4, 94.0, 606398, 83471511.0, 9);
INSERT INTO MovieGenres (MovieID, GenreID) VALUES (75, 7);
INSERT INTO MovieGenres (MovieID, GenreID) VALUES (75, 15);
INSERT INTO MovieGenres (MovieID, GenreID) VALUES (75, 20);
INSERT INTO MoviePeople (MovieID, PersonID, RoleID) VALUES (75, 892, 1);
INSERT INTO MoviePeople (MovieID, PersonID, RoleID) VALUES (75, 1956, 2);
INSERT INTO MoviePeople (MovieID, PersonID, RoleID) VALUES (75, 1944, 3);
INSERT INTO MoviePeople (MovieID, PersonID, RoleID) VALUES (75, 2520, 4);
INSERT INTO MoviePeople (MovieID, PersonID, RoleID) VALUES (75, 921, 5);

INSERT INTO Movies (MovieID, Series_Title, Released_Year, RuntimeMinutes, Overview, Poster_Link, IMDB_Rating, Meta_score, No_of_Votes, Gross_Revenue, CertificateID) VALUES (76, 'Alien', 1979.0, 117, 'After a space merchant vessel receives an unknown transmission as a distress call, one of the crew is attacked by a mysterious life form and they soon realize that its life cycle has merely begun.', 'https://m.media-amazon.com/images/M/MV5BMmQ2MmU3NzktZjAxOC00ZDZhLTk4YzEtMDMyMzcxY2IwMDAyXkEyXkFqcGdeQXVyNzkwMjQ5NzM@._V1_UX67_CR0,0,67,98_AL_.jpg', 8.4, 89.0, 787806, 78900000.0, 9);
INSERT INTO MovieGenres (MovieID, GenreID) VALUES (76, 12);
INSERT INTO MovieGenres (MovieID, GenreID) VALUES (76, 17);
INSERT INTO MoviePeople (MovieID, PersonID, RoleID) VALUES (76, 2498, 1);
INSERT INTO MoviePeople (MovieID, PersonID, RoleID) VALUES (76, 2756, 2);
INSERT INTO MoviePeople (MovieID, PersonID, RoleID) VALUES (76, 2959, 3);
INSERT INTO MoviePeople (MovieID, PersonID, RoleID) VALUES (76, 1460, 4);
INSERT INTO MoviePeople (MovieID, PersonID, RoleID) VALUES (76, 3023, 5);

INSERT INTO Movies (MovieID, Series_Title, Released_Year, RuntimeMinutes, Overview, Poster_Link, IMDB_Rating, Meta_score, No_of_Votes, Gross_Revenue, CertificateID) VALUES (77, 'Anand', 1971.0, 122, 'The story of a terminally ill man who wishes to live life to the fullest before the inevitable occurs, as told by his best friend.', 'https://m.media-amazon.com/images/M/MV5BYmYzNmM2MDctZGY3Yi00NjRiLWIxZjctYjgzYTcxYTNhYTMyXkEyXkFqcGdeQXVyMjUxMTY3ODM@._V1_UY98_CR1,0,67,98_AL_.jpg', 8.4, NULL, 30273, NULL, 13);
INSERT INTO MovieGenres (MovieID, GenreID) VALUES (77, 7);
INSERT INTO MovieGenres (MovieID, GenreID) VALUES (77, 14);
INSERT INTO MoviePeople (MovieID, PersonID, RoleID) VALUES (77, 1138, 1);
INSERT INTO MoviePeople (MovieID, PersonID, RoleID) VALUES (77, 2409, 2);
INSERT INTO MoviePeople (MovieID, PersonID, RoleID) VALUES (77, 112, 3);
INSERT INTO MoviePeople (MovieID, PersonID, RoleID) VALUES (77, 2826, 4);
INSERT INTO MoviePeople (MovieID, PersonID, RoleID) VALUES (77, 2423, 5);

INSERT INTO Movies (MovieID, Series_Title, Released_Year, RuntimeMinutes, Overview, Poster_Link, IMDB_Rating, Meta_score, No_of_Votes, Gross_Revenue, CertificateID) VALUES (78, 'Tengoku to jigoku', 1963.0, 143, 'An executive of a shoe company becomes a victim of extortion when his chauffeur''s son is kidnapped and held for ransom.', 'https://m.media-amazon.com/images/M/MV5BOTI4NTNhZDMtMWNkZi00MTRmLWJmZDQtMmJkMGVmZTEzODlhXkEyXkFqcGdeQXVyNjc1NTYyMjg@._V1_UX67_CR0,0,67,98_AL_.jpg', 8.4, NULL, 34357, NULL, NULL);
INSERT INTO MovieGenres (MovieID, GenreID) VALUES (78, 6);
INSERT INTO MovieGenres (MovieID, GenreID) VALUES (78, 7);
INSERT INTO MovieGenres (MovieID, GenreID) VALUES (78, 15);
INSERT INTO MoviePeople (MovieID, PersonID, RoleID) VALUES (78, 40, 1);
INSERT INTO MoviePeople (MovieID, PersonID, RoleID) VALUES (78, 2981, 2);
INSERT INTO MoviePeople (MovieID, PersonID, RoleID) VALUES (78, 3167, 3);
INSERT INTO MoviePeople (MovieID, PersonID, RoleID) VALUES (78, 2874, 4);
INSERT INTO MoviePeople (MovieID, PersonID, RoleID) VALUES (78, 1717, 5);

INSERT INTO Movies (MovieID, Series_Title, Released_Year, RuntimeMinutes, Overview, Poster_Link, IMDB_Rating, Meta_score, No_of_Votes, Gross_Revenue, CertificateID) VALUES (79, 'Dr. Strangelove or: How I Learned to Stop Worrying and Love the Bomb', 1964.0, 95, 'An insane general triggers a path to nuclear holocaust that a War Room full of politicians and generals frantically tries to stop.', 'https://m.media-amazon.com/images/M/MV5BZWI3ZTMxNjctMjdlNS00NmUwLWFiM2YtZDUyY2I3N2MxYTE0XkEyXkFqcGdeQXVyNzkwMjQ5NzM@._V1_UX67_CR0,0,67,98_AL_.jpg', 8.4, 97.0, 450474, 275902.0, 2);
INSERT INTO MovieGenres (MovieID, GenreID) VALUES (79, 5);
INSERT INTO MoviePeople (MovieID, PersonID, RoleID) VALUES (79, 2794, 1);
INSERT INTO MoviePeople (MovieID, PersonID, RoleID) VALUES (79, 2351, 2);
INSERT INTO MoviePeople (MovieID, PersonID, RoleID) VALUES (79, 970, 3);
INSERT INTO MoviePeople (MovieID, PersonID, RoleID) VALUES (79, 2809, 4);
INSERT INTO MoviePeople (MovieID, PersonID, RoleID) VALUES (79, 1639, 5);

INSERT INTO Movies (MovieID, Series_Title, Released_Year, RuntimeMinutes, Overview, Poster_Link, IMDB_Rating, Meta_score, No_of_Votes, Gross_Revenue, CertificateID) VALUES (80, 'Witness for the Prosecution', 1957.0, 116, 'A veteran British barrister must defend his client in a murder trial that has surprise after surprise.', 'https://m.media-amazon.com/images/M/MV5BNDQwODU5OWYtNDcyNi00MDQ1LThiOGMtZDkwNWJiM2Y3MDg0XkEyXkFqcGdeQXVyMDI2NDg0NQ@@._V1_UX67_CR0,0,67,98_AL_.jpg', 8.4, NULL, 108862, 8175000.0, 13);
INSERT INTO MovieGenres (MovieID, GenreID) VALUES (80, 6);
INSERT INTO MovieGenres (MovieID, GenreID) VALUES (80, 7);
INSERT INTO MovieGenres (MovieID, GenreID) VALUES (80, 15);
INSERT INTO MoviePeople (MovieID, PersonID, RoleID) VALUES (80, 316, 1);
INSERT INTO MoviePeople (MovieID, PersonID, RoleID) VALUES (80, 3000, 2);
INSERT INTO MoviePeople (MovieID, PersonID, RoleID) VALUES (80, 1943, 3);
INSERT INTO MoviePeople (MovieID, PersonID, RoleID) VALUES (80, 463, 4);
INSERT INTO MoviePeople (MovieID, PersonID, RoleID) VALUES (80, 796, 5);

INSERT INTO Movies (MovieID, Series_Title, Released_Year, RuntimeMinutes, Overview, Poster_Link, IMDB_Rating, Meta_score, No_of_Votes, Gross_Revenue, CertificateID) VALUES (81, 'Paths of Glory', 1957.0, 88, 'After refusing to attack an enemy position, a general accuses the soldiers of cowardice and their commanding officer must defend them.', 'https://m.media-amazon.com/images/M/MV5BNjViMmRkOTEtM2ViOS00ODg0LWJhYWEtNTBlOGQxNDczOGY3XkEyXkFqcGdeQXVyMDI2NDg0NQ@@._V1_UY98_CR2,0,67,98_AL_.jpg', 8.4, 90.0, 178092, NULL, 2);
INSERT INTO MovieGenres (MovieID, GenreID) VALUES (81, 7);
INSERT INTO MovieGenres (MovieID, GenreID) VALUES (81, 20);
INSERT INTO MoviePeople (MovieID, PersonID, RoleID) VALUES (81, 2794, 1);
INSERT INTO MoviePeople (MovieID, PersonID, RoleID) VALUES (81, 1692, 2);
INSERT INTO MoviePeople (MovieID, PersonID, RoleID) VALUES (81, 2419, 3);
INSERT INTO MoviePeople (MovieID, PersonID, RoleID) VALUES (81, 22, 4);
INSERT INTO MoviePeople (MovieID, PersonID, RoleID) VALUES (81, 977, 5);

INSERT INTO Movies (MovieID, Series_Title, Released_Year, RuntimeMinutes, Overview, Poster_Link, IMDB_Rating, Meta_score, No_of_Votes, Gross_Revenue, CertificateID) VALUES (82, 'Rear Window', 1954.0, 112, 'A wheelchair-bound photographer spies on his neighbors from his apartment window and becomes convinced one of them has committed murder.', 'https://m.media-amazon.com/images/M/MV5BNGUxYWM3M2MtMGM3Mi00ZmRiLWE0NGQtZjE5ODI2OTJhNTU0XkEyXkFqcGdeQXVyMTQxNzMzNDI@._V1_UX67_CR0,0,67,98_AL_.jpg', 8.4, 100.0, 444074, 36764313.0, 13);
INSERT INTO MovieGenres (MovieID, GenreID) VALUES (82, 15);
INSERT INTO MovieGenres (MovieID, GenreID) VALUES (82, 19);
INSERT INTO MoviePeople (MovieID, PersonID, RoleID) VALUES (82, 93, 1);
INSERT INTO MoviePeople (MovieID, PersonID, RoleID) VALUES (82, 1263, 2);
INSERT INTO MoviePeople (MovieID, PersonID, RoleID) VALUES (82, 1028, 3);
INSERT INTO MoviePeople (MovieID, PersonID, RoleID) VALUES (82, 3083, 4);
INSERT INTO MoviePeople (MovieID, PersonID, RoleID) VALUES (82, 2902, 5);

INSERT INTO Movies (MovieID, Series_Title, Released_Year, RuntimeMinutes, Overview, Poster_Link, IMDB_Rating, Meta_score, No_of_Votes, Gross_Revenue, CertificateID) VALUES (83, 'Sunset Blvd.', 1950.0, 110, 'A screenwriter develops a dangerous relationship with a faded film star determined to make a triumphant return.', 'https://m.media-amazon.com/images/M/MV5BMTU0NTkyNzYwMF5BMl5BanBnXkFtZTgwMDU0NDk5MTI@._V1_UX67_CR0,0,67,98_AL_.jpg', 8.4, NULL, 201632, NULL, 8);
INSERT INTO MovieGenres (MovieID, GenreID) VALUES (83, 7);
INSERT INTO MovieGenres (MovieID, GenreID) VALUES (83, 10);
INSERT INTO MoviePeople (MovieID, PersonID, RoleID) VALUES (83, 316, 1);
INSERT INTO MoviePeople (MovieID, PersonID, RoleID) VALUES (83, 3111, 2);
INSERT INTO MoviePeople (MovieID, PersonID, RoleID) VALUES (83, 1019, 3);
INSERT INTO MoviePeople (MovieID, PersonID, RoleID) VALUES (83, 828, 4);
INSERT INTO MoviePeople (MovieID, PersonID, RoleID) VALUES (83, 2162, 5);

INSERT INTO Movies (MovieID, Series_Title, Released_Year, RuntimeMinutes, Overview, Poster_Link, IMDB_Rating, Meta_score, No_of_Votes, Gross_Revenue, CertificateID) VALUES (84, 'The Great Dictator', 1940.0, 125, 'Dictator Adenoid Hynkel tries to expand his empire while a poor Jewish barber tries to avoid persecution from Hynkel''s regime.', 'https://m.media-amazon.com/images/M/MV5BMmExYWJjNTktNGUyZS00ODhmLTkxYzAtNWIzOGEyMGNiMmUwXkEyXkFqcGdeQXVyNjU0OTQ0OTY@._V1_UX67_CR0,0,67,98_AL_.jpg', 8.4, NULL, 203150, 288475.0, 8);
INSERT INTO MovieGenres (MovieID, GenreID) VALUES (84, 5);
INSERT INTO MovieGenres (MovieID, GenreID) VALUES (84, 7);
INSERT INTO MovieGenres (MovieID, GenreID) VALUES (84, 20);
INSERT INTO MoviePeople (MovieID, PersonID, RoleID) VALUES (84, 460, 1);
INSERT INTO MoviePeople (MovieID, PersonID, RoleID) VALUES (84, 460, 2);
INSERT INTO MoviePeople (MovieID, PersonID, RoleID) VALUES (84, 2321, 3);
INSERT INTO MoviePeople (MovieID, PersonID, RoleID) VALUES (84, 1215, 4);
INSERT INTO MoviePeople (MovieID, PersonID, RoleID) VALUES (84, 2447, 5);

INSERT INTO Movies (MovieID, Series_Title, Released_Year, RuntimeMinutes, Overview, Poster_Link, IMDB_Rating, Meta_score, No_of_Votes, Gross_Revenue, CertificateID) VALUES (85, '1917', 2019.0, 119, 'April 6th, 1917. As a regiment assembles to wage war deep in enemy territory, two soldiers are assigned to race against time and deliver a message that will stop 1,600 men from walking straight into a deadly trap.', 'https://m.media-amazon.com/images/M/MV5BOTdmNTFjNDEtNzg0My00ZjkxLTg1ZDAtZTdkMDc2ZmFiNWQ1XkEyXkFqcGdeQXVyNTAzNzgwNTg@._V1_UX67_CR0,0,67,98_AL_.jpg', 8.3, 78.0, 425844, 159227644.0, 9);
INSERT INTO MovieGenres (MovieID, GenreID) VALUES (85, 7);
INSERT INTO MovieGenres (MovieID, GenreID) VALUES (85, 19);
INSERT INTO MovieGenres (MovieID, GenreID) VALUES (85, 20);
INSERT INTO MoviePeople (MovieID, PersonID, RoleID) VALUES (85, 2640, 1);
INSERT INTO MoviePeople (MovieID, PersonID, RoleID) VALUES (85, 655, 2);
INSERT INTO MoviePeople (MovieID, PersonID, RoleID) VALUES (85, 976, 3);
INSERT INTO MoviePeople (MovieID, PersonID, RoleID) VALUES (85, 597, 4);
INSERT INTO MoviePeople (MovieID, PersonID, RoleID) VALUES (85, 553, 5);

INSERT INTO Movies (MovieID, Series_Title, Released_Year, RuntimeMinutes, Overview, Poster_Link, IMDB_Rating, Meta_score, No_of_Votes, Gross_Revenue, CertificateID) VALUES (86, 'Tumbbad', 2018.0, 104, 'A mythological story about a goddess who created the entire universe. The plot revolves around the consequences when humans build a temple for her first-born.', 'https://m.media-amazon.com/images/M/MV5BYmQxNmU4ZjgtYzE5Mi00ZDlhLTlhOTctMzJkNjk2ZGUyZGEwXkEyXkFqcGdeQXVyMzgxMDA0Nzk@._V1_UY98_CR1,0,67,98_AL_.jpg', 8.3, NULL, 27793, NULL, 2);
INSERT INTO MovieGenres (MovieID, GenreID) VALUES (86, 7);
INSERT INTO MovieGenres (MovieID, GenreID) VALUES (86, 9);
INSERT INTO MovieGenres (MovieID, GenreID) VALUES (86, 12);
INSERT INTO MoviePeople (MovieID, PersonID, RoleID) VALUES (86, 2404, 1);
INSERT INTO MoviePeople (MovieID, PersonID, RoleID) VALUES (86, 125, 2);
INSERT INTO MoviePeople (MovieID, PersonID, RoleID) VALUES (86, 18, 3);
INSERT INTO MoviePeople (MovieID, PersonID, RoleID) VALUES (86, 2769, 4);
INSERT INTO MoviePeople (MovieID, PersonID, RoleID) VALUES (86, 1583, 5);

INSERT INTO Movies (MovieID, Series_Title, Released_Year, RuntimeMinutes, Overview, Poster_Link, IMDB_Rating, Meta_score, No_of_Votes, Gross_Revenue, CertificateID) VALUES (87, 'Andhadhun', 2018.0, 139, 'A series of mysterious events change the life of a blind pianist, who must now report a crime that he should technically know nothing of.', 'https://m.media-amazon.com/images/M/MV5BZWZhMjhhZmYtOTIzOC00MGYzLWI1OGYtM2ZkN2IxNTI4ZWI3XkEyXkFqcGdeQXVyNDAzNDk0MTQ@._V1_UY98_CR0,0,67,98_AL_.jpg', 8.3, NULL, 71875, 1373943.0, 15);
INSERT INTO MovieGenres (MovieID, GenreID) VALUES (87, 6);
INSERT INTO MovieGenres (MovieID, GenreID) VALUES (87, 7);
INSERT INTO MovieGenres (MovieID, GenreID) VALUES (87, 13);
INSERT INTO MoviePeople (MovieID, PersonID, RoleID) VALUES (87, 2788, 1);
INSERT INTO MoviePeople (MovieID, PersonID, RoleID) VALUES (87, 252, 2);
INSERT INTO MoviePeople (MovieID, PersonID, RoleID) VALUES (87, 2847, 3);
INSERT INTO MoviePeople (MovieID, PersonID, RoleID) VALUES (87, 2402, 4);
INSERT INTO MoviePeople (MovieID, PersonID, RoleID) VALUES (87, 162, 5);

INSERT INTO Movies (MovieID, Series_Title, Released_Year, RuntimeMinutes, Overview, Poster_Link, IMDB_Rating, Meta_score, No_of_Votes, Gross_Revenue, CertificateID) VALUES (88, 'Drishyam', 2013.0, 160, 'A man goes to extreme lengths to save his family from punishment after the family commits an accidental crime.', 'https://m.media-amazon.com/images/M/MV5BYmY3MzYwMGUtOWMxYS00OGVhLWFjNmUtYzlkNGVmY2ZkMjA3XkEyXkFqcGdeQXVyMTExNDQ2MTI@._V1_UY98_CR4,0,67,98_AL_.jpg', 8.3, NULL, 30722, NULL, 13);
INSERT INTO MovieGenres (MovieID, GenreID) VALUES (88, 6);
INSERT INTO MovieGenres (MovieID, GenreID) VALUES (88, 7);
INSERT INTO MovieGenres (MovieID, GenreID) VALUES (88, 19);
INSERT INTO MoviePeople (MovieID, PersonID, RoleID) VALUES (88, 1338, 1);
INSERT INTO MoviePeople (MovieID, PersonID, RoleID) VALUES (88, 2132, 2);
INSERT INTO MoviePeople (MovieID, PersonID, RoleID) VALUES (88, 2014, 3);
INSERT INTO MoviePeople (MovieID, PersonID, RoleID) VALUES (88, 237, 4);
INSERT INTO MoviePeople (MovieID, PersonID, RoleID) VALUES (88, 188, 5);

INSERT INTO Movies (MovieID, Series_Title, Released_Year, RuntimeMinutes, Overview, Poster_Link, IMDB_Rating, Meta_score, No_of_Votes, Gross_Revenue, CertificateID) VALUES (89, 'Jagten', 2012.0, 115, 'A teacher lives a lonely life, all the while struggling over his son''s custody. His life slowly gets better as he finds love and receives good news from his son, but his new luck is about to be brutally shattered by an innocent little lie.', 'https://m.media-amazon.com/images/M/MV5BMTg2NDg3ODg4NF5BMl5BanBnXkFtZTcwNzk3NTc3Nw@@._V1_UY98_CR1,0,67,98_AL_.jpg', 8.3, 77.0, 281623, 687185.0, 9);
INSERT INTO MovieGenres (MovieID, GenreID) VALUES (89, 7);
INSERT INTO MoviePeople (MovieID, PersonID, RoleID) VALUES (89, 2917, 1);
INSERT INTO MoviePeople (MovieID, PersonID, RoleID) VALUES (89, 1866, 2);
INSERT INTO MoviePeople (MovieID, PersonID, RoleID) VALUES (89, 2909, 3);
INSERT INTO MoviePeople (MovieID, PersonID, RoleID) VALUES (89, 184, 4);
INSERT INTO MoviePeople (MovieID, PersonID, RoleID) VALUES (89, 1731, 5);

INSERT INTO Movies (MovieID, Series_Title, Released_Year, RuntimeMinutes, Overview, Poster_Link, IMDB_Rating, Meta_score, No_of_Votes, Gross_Revenue, CertificateID) VALUES (90, 'Jodaeiye Nader az Simin', 2011.0, 123, 'A married couple are faced with a difficult decision - to improve the life of their child by moving to another country or to stay in Iran and look after a deteriorating parent who has Alzheimer''s disease.', 'https://m.media-amazon.com/images/M/MV5BN2JmMjViMjMtZTM5Mi00ZGZkLTk5YzctZDg5MjFjZDE4NjNkXkEyXkFqcGdeQXVyMTMxODk2OTU@._V1_UX67_CR0,0,67,98_AL_.jpg', 8.3, 95.0, 220002, 7098492.0, 7);
INSERT INTO MovieGenres (MovieID, GenreID) VALUES (90, 7);
INSERT INTO MoviePeople (MovieID, PersonID, RoleID) VALUES (90, 235, 1);
INSERT INTO MoviePeople (MovieID, PersonID, RoleID) VALUES (90, 2325, 2);
INSERT INTO MoviePeople (MovieID, PersonID, RoleID) VALUES (90, 1760, 3);
INSERT INTO MoviePeople (MovieID, PersonID, RoleID) VALUES (90, 2676, 4);
INSERT INTO MoviePeople (MovieID, PersonID, RoleID) VALUES (90, 2716, 5);

INSERT INTO Movies (MovieID, Series_Title, Released_Year, RuntimeMinutes, Overview, Poster_Link, IMDB_Rating, Meta_score, No_of_Votes, Gross_Revenue, CertificateID) VALUES (91, 'Incendies', 2010.0, 131, 'Twins journey to the Middle East to discover their family history and fulfill their mother''s last wishes.', 'https://m.media-amazon.com/images/M/MV5BMWE3MGYzZjktY2Q5Mi00Y2NiLWIyYWUtMmIyNzA3YmZlMGFhXkEyXkFqcGdeQXVyMTMxODk2OTU@._V1_UX67_CR0,0,67,98_AL_.jpg', 8.3, 80.0, 150023, 6857096.0, 9);
INSERT INTO MovieGenres (MovieID, GenreID) VALUES (91, 7);
INSERT INTO MovieGenres (MovieID, GenreID) VALUES (91, 15);
INSERT INTO MovieGenres (MovieID, GenreID) VALUES (91, 20);
INSERT INTO MoviePeople (MovieID, PersonID, RoleID) VALUES (91, 667, 1);
INSERT INTO MoviePeople (MovieID, PersonID, RoleID) VALUES (91, 1837, 2);
INSERT INTO MoviePeople (MovieID, PersonID, RoleID) VALUES (91, 2154, 3);
INSERT INTO MoviePeople (MovieID, PersonID, RoleID) VALUES (91, 2006, 4);
INSERT INTO MoviePeople (MovieID, PersonID, RoleID) VALUES (91, 2150, 5);

INSERT INTO Movies (MovieID, Series_Title, Released_Year, RuntimeMinutes, Overview, Poster_Link, IMDB_Rating, Meta_score, No_of_Votes, Gross_Revenue, CertificateID) VALUES (92, 'Miracle in cell NO.7', 2019.0, 132, 'A story of love between a mentally-ill father who was wrongly accused of murder and his lovely six years old daughter. The prison would be their home. Based on the 2013 Korean movie 7-beon-bang-ui seon-mul (2013).', 'https://m.media-amazon.com/images/M/MV5BOGE3N2QxN2YtM2ZlNS00MWIyLWE1NDAtYWFlN2FiYjY1MjczXkEyXkFqcGdeQXVyOTUwNzc0ODc@._V1_UY98_CR1,0,67,98_AL_.jpg', 8.3, NULL, 33935, NULL, 10);
INSERT INTO MovieGenres (MovieID, GenreID) VALUES (92, 7);
INSERT INTO MoviePeople (MovieID, PersonID, RoleID) VALUES (92, 2021, 1);
INSERT INTO MoviePeople (MovieID, PersonID, RoleID) VALUES (92, 214, 2);
INSERT INTO MoviePeople (MovieID, PersonID, RoleID) VALUES (92, 2215, 3);
INSERT INTO MoviePeople (MovieID, PersonID, RoleID) VALUES (92, 668, 4);
INSERT INTO MoviePeople (MovieID, PersonID, RoleID) VALUES (92, 456, 5);

INSERT INTO Movies (MovieID, Series_Title, Released_Year, RuntimeMinutes, Overview, Poster_Link, IMDB_Rating, Meta_score, No_of_Votes, Gross_Revenue, CertificateID) VALUES (93, 'Babam ve Oglum', 2005.0, 112, 'The family of a left-wing journalist is torn apart after the military coup of Turkey in 1980.', 'https://m.media-amazon.com/images/M/MV5BNjAzMzEwYzctNjc1MC00Nzg5LWFmMGItMTgzYmMyNTY2OTQ4XkEyXkFqcGdeQXVyNjU0OTQ0OTY@._V1_UY98_CR0,0,67,98_AL_.jpg', 8.3, NULL, 78925, NULL, NULL);
INSERT INTO MovieGenres (MovieID, GenreID) VALUES (93, 7);
INSERT INTO MovieGenres (MovieID, GenreID) VALUES (93, 8);
INSERT INTO MoviePeople (MovieID, PersonID, RoleID) VALUES (93, 3197, 1);
INSERT INTO MoviePeople (MovieID, PersonID, RoleID) VALUES (93, 3198, 2);
INSERT INTO MoviePeople (MovieID, PersonID, RoleID) VALUES (93, 872, 3);
INSERT INTO MoviePeople (MovieID, PersonID, RoleID) VALUES (93, 1157, 4);
INSERT INTO MoviePeople (MovieID, PersonID, RoleID) VALUES (93, 759, 5);

INSERT INTO Movies (MovieID, Series_Title, Released_Year, RuntimeMinutes, Overview, Poster_Link, IMDB_Rating, Meta_score, No_of_Votes, Gross_Revenue, CertificateID) VALUES (94, 'Inglourious Basterds', 2009.0, 153, 'In Nazi-occupied France during World War II, a plan to assassinate Nazi leaders by a group of Jewish U.S. soldiers coincides with a theatre owner''s vengeful plans for the same.', 'https://m.media-amazon.com/images/M/MV5BOTJiNDEzOWYtMTVjOC00ZjlmLWE0NGMtZmE1OWVmZDQ2OWJhXkEyXkFqcGdeQXVyNTIzOTk5ODM@._V1_UX67_CR0,0,67,98_AL_.jpg', 8.3, 69.0, 1267869, 120540719.0, 2);
INSERT INTO MovieGenres (MovieID, GenreID) VALUES (94, 2);
INSERT INTO MovieGenres (MovieID, GenreID) VALUES (94, 7);
INSERT INTO MovieGenres (MovieID, GenreID) VALUES (94, 20);
INSERT INTO MoviePeople (MovieID, PersonID, RoleID) VALUES (94, 2391, 1);
INSERT INTO MoviePeople (MovieID, PersonID, RoleID) VALUES (94, 351, 2);
INSERT INTO MoviePeople (MovieID, PersonID, RoleID) VALUES (94, 683, 3);
INSERT INTO MoviePeople (MovieID, PersonID, RoleID) VALUES (94, 773, 4);
INSERT INTO MoviePeople (MovieID, PersonID, RoleID) VALUES (94, 2152, 5);

INSERT INTO Movies (MovieID, Series_Title, Released_Year, RuntimeMinutes, Overview, Poster_Link, IMDB_Rating, Meta_score, No_of_Votes, Gross_Revenue, CertificateID) VALUES (95, 'Eternal Sunshine of the Spotless Mind', 2004.0, 108, 'When their relationship turns sour, a couple undergoes a medical procedure to have each other erased from their memories.', 'https://m.media-amazon.com/images/M/MV5BMTY4NzcwODg3Nl5BMl5BanBnXkFtZTcwNTEwOTMyMw@@._V1_UX67_CR0,0,67,98_AL_.jpg', 8.3, 89.0, 911664, 34400301.0, 15);
INSERT INTO MovieGenres (MovieID, GenreID) VALUES (95, 7);
INSERT INTO MovieGenres (MovieID, GenreID) VALUES (95, 16);
INSERT INTO MovieGenres (MovieID, GenreID) VALUES (95, 17);
INSERT INTO MoviePeople (MovieID, PersonID, RoleID) VALUES (95, 2079, 1);
INSERT INTO MoviePeople (MovieID, PersonID, RoleID) VALUES (95, 1385, 2);
INSERT INTO MoviePeople (MovieID, PersonID, RoleID) VALUES (95, 1619, 3);
INSERT INTO MoviePeople (MovieID, PersonID, RoleID) VALUES (95, 2962, 4);
INSERT INTO MoviePeople (MovieID, PersonID, RoleID) VALUES (95, 998, 5);

INSERT INTO Movies (MovieID, Series_Title, Released_Year, RuntimeMinutes, Overview, Poster_Link, IMDB_Rating, Meta_score, No_of_Votes, Gross_Revenue, CertificateID) VALUES (96, 'Amélie', 2001.0, 122, 'Amélie is an innocent and naive girl in Paris with her own sense of justice. She decides to help those around her and, along the way, discovers love.', 'https://m.media-amazon.com/images/M/MV5BNDg4NjM1YjMtYmNhZC00MjM0LWFiZmYtNGY1YjA3MzZmODc5XkEyXkFqcGdeQXVyNDk3NzU2MTQ@._V1_UX67_CR0,0,67,98_AL_.jpg', 8.3, 69.0, 703810, 33225499.0, 13);
INSERT INTO MovieGenres (MovieID, GenreID) VALUES (96, 5);
INSERT INTO MovieGenres (MovieID, GenreID) VALUES (96, 16);
INSERT INTO MoviePeople (MovieID, PersonID, RoleID) VALUES (96, 1331, 1);
INSERT INTO MoviePeople (MovieID, PersonID, RoleID) VALUES (96, 242, 2);
INSERT INTO MoviePeople (MovieID, PersonID, RoleID) VALUES (96, 1984, 3);
INSERT INTO MoviePeople (MovieID, PersonID, RoleID) VALUES (96, 2592, 4);
INSERT INTO MoviePeople (MovieID, PersonID, RoleID) VALUES (96, 1823, 5);

INSERT INTO Movies (MovieID, Series_Title, Released_Year, RuntimeMinutes, Overview, Poster_Link, IMDB_Rating, Meta_score, No_of_Votes, Gross_Revenue, CertificateID) VALUES (97, 'Snatch', 2000.0, 104, 'Unscrupulous boxing promoters, violent bookmakers, a Russian gangster, incompetent amateur robbers and supposedly Jewish jewelers fight to track down a priceless stolen diamond.', 'https://m.media-amazon.com/images/M/MV5BMTA2NDYxOGYtYjU1Mi00Y2QzLTgxMTQtMWI1MGI0ZGQ5MmU4XkEyXkFqcGdeQXVyNDk3NzU2MTQ@._V1_UY98_CR0,0,67,98_AL_.jpg', 8.3, 55.0, 782001, 30328156.0, 15);
INSERT INTO MovieGenres (MovieID, GenreID) VALUES (97, 5);
INSERT INTO MovieGenres (MovieID, GenreID) VALUES (97, 6);
INSERT INTO MoviePeople (MovieID, PersonID, RoleID) VALUES (97, 1056, 1);
INSERT INTO MoviePeople (MovieID, PersonID, RoleID) VALUES (97, 1303, 2);
INSERT INTO MoviePeople (MovieID, PersonID, RoleID) VALUES (97, 351, 3);
INSERT INTO MoviePeople (MovieID, PersonID, RoleID) VALUES (97, 289, 4);
INSERT INTO MoviePeople (MovieID, PersonID, RoleID) VALUES (97, 670, 5);

INSERT INTO Movies (MovieID, Series_Title, Released_Year, RuntimeMinutes, Overview, Poster_Link, IMDB_Rating, Meta_score, No_of_Votes, Gross_Revenue, CertificateID) VALUES (98, 'Requiem for a Dream', 2000.0, 102, 'The drug-induced utopias of four Coney Island people are shattered when their addictions run deep.', 'https://m.media-amazon.com/images/M/MV5BOTdiNzJlOWUtNWMwNS00NmFlLWI0YTEtZmI3YjIzZWUyY2Y3XkEyXkFqcGdeQXVyNjU0OTQ0OTY@._V1_UX67_CR0,0,67,98_AL_.jpg', 8.3, 68.0, 766870, 3635482.0, 2);
INSERT INTO MovieGenres (MovieID, GenreID) VALUES (98, 7);
INSERT INTO MoviePeople (MovieID, PersonID, RoleID) VALUES (98, 615, 1);
INSERT INTO MoviePeople (MovieID, PersonID, RoleID) VALUES (98, 788, 2);
INSERT INTO MoviePeople (MovieID, PersonID, RoleID) VALUES (98, 1292, 3);
INSERT INTO MoviePeople (MovieID, PersonID, RoleID) VALUES (98, 1352, 4);
INSERT INTO MoviePeople (MovieID, PersonID, RoleID) VALUES (98, 1945, 5);

INSERT INTO Movies (MovieID, Series_Title, Released_Year, RuntimeMinutes, Overview, Poster_Link, IMDB_Rating, Meta_score, No_of_Votes, Gross_Revenue, CertificateID) VALUES (99, 'American Beauty', 1999.0, 122, 'A sexually frustrated suburban father has a mid-life crisis after becoming infatuated with his daughter''s best friend.', 'https://m.media-amazon.com/images/M/MV5BNTBmZWJkNjctNDhiNC00MGE2LWEwOTctZTk5OGVhMWMyNmVhXkEyXkFqcGdeQXVyMTMxODk2OTU@._V1_UX67_CR0,0,67,98_AL_.jpg', 8.3, 84.0, 1069738, 130096601.0, 15);
INSERT INTO MovieGenres (MovieID, GenreID) VALUES (99, 7);
INSERT INTO MoviePeople (MovieID, PersonID, RoleID) VALUES (99, 2640, 1);
INSERT INTO MoviePeople (MovieID, PersonID, RoleID) VALUES (99, 1672, 2);
INSERT INTO MoviePeople (MovieID, PersonID, RoleID) VALUES (99, 181, 3);
INSERT INTO MoviePeople (MovieID, PersonID, RoleID) VALUES (99, 2919, 4);
INSERT INTO MoviePeople (MovieID, PersonID, RoleID) VALUES (99, 3089, 5);

INSERT INTO Movies (MovieID, Series_Title, Released_Year, RuntimeMinutes, Overview, Poster_Link, IMDB_Rating, Meta_score, No_of_Votes, Gross_Revenue, CertificateID) VALUES (100, 'Good Will Hunting', 1997.0, 126, 'Will Hunting, a janitor at M.I.T., has a gift for mathematics, but needs help from a psychologist to find direction in his life.', 'https://m.media-amazon.com/images/M/MV5BOTI0MzcxMTYtZDVkMy00NjY1LTgyMTYtZmUxN2M3NmQ2NWJhXkEyXkFqcGdeQXVyMTQxNzMzNDI@._V1_UX67_CR0,0,67,98_AL_.jpg', 8.3, 70.0, 861606, 138433435.0, 13);
INSERT INTO MovieGenres (MovieID, GenreID) VALUES (100, 7);
INSERT INTO MovieGenres (MovieID, GenreID) VALUES (100, 16);
INSERT INTO MoviePeople (MovieID, PersonID, RoleID) VALUES (100, 1049, 1);
INSERT INTO MoviePeople (MovieID, PersonID, RoleID) VALUES (100, 2545, 2);
INSERT INTO MoviePeople (MovieID, PersonID, RoleID) VALUES (100, 1985, 3);
INSERT INTO MoviePeople (MovieID, PersonID, RoleID) VALUES (100, 278, 4);
INSERT INTO MoviePeople (MovieID, PersonID, RoleID) VALUES (100, 2797, 5);

INSERT INTO Movies (MovieID, Series_Title, Released_Year, RuntimeMinutes, Overview, Poster_Link, IMDB_Rating, Meta_score, No_of_Votes, Gross_Revenue, CertificateID) VALUES (101, 'Bacheha-Ye aseman', 1997.0, 89, 'After a boy loses his sister''s pair of shoes, he goes on a series of adventures in order to find them. When he can''t, he tries a new way to "win" a new pair.', 'https://m.media-amazon.com/images/M/MV5BZTYwZWQ4ZTQtZWU0MS00N2YwLWEzMDItZWFkZWY0MWVjODVhXkEyXkFqcGdeQXVyNjU0OTQ0OTY@._V1_UX67_CR0,0,67,98_AL_.jpg', 8.3, 77.0, 65341, 933933.0, 6);
INSERT INTO MovieGenres (MovieID, GenreID) VALUES (101, 7);
INSERT INTO MovieGenres (MovieID, GenreID) VALUES (101, 8);
INSERT INTO MovieGenres (MovieID, GenreID) VALUES (101, 18);
INSERT INTO MoviePeople (MovieID, PersonID, RoleID) VALUES (101, 1877, 1);
INSERT INTO MoviePeople (MovieID, PersonID, RoleID) VALUES (101, 2131, 2);
INSERT INTO MoviePeople (MovieID, PersonID, RoleID) VALUES (101, 108, 3);
INSERT INTO MoviePeople (MovieID, PersonID, RoleID) VALUES (101, 258, 4);
INSERT INTO MoviePeople (MovieID, PersonID, RoleID) VALUES (101, 2158, 5);

INSERT INTO Movies (MovieID, Series_Title, Released_Year, RuntimeMinutes, Overview, Poster_Link, IMDB_Rating, Meta_score, No_of_Votes, Gross_Revenue, CertificateID) VALUES (102, 'Toy Story', 1995.0, 81, 'A cowboy doll is profoundly threatened and jealous when a new spaceman figure supplants him as top toy in a boy''s room.', 'https://m.media-amazon.com/images/M/MV5BMDU2ZWJlMjktMTRhMy00ZTA5LWEzNDgtYmNmZTEwZTViZWJkXkEyXkFqcGdeQXVyNDQ2OTk4MzI@._V1_UX67_CR0,0,67,98_AL_.jpg', 8.3, 95.0, 887429, 191796233.0, 13);
INSERT INTO MovieGenres (MovieID, GenreID) VALUES (102, 3);
INSERT INTO MovieGenres (MovieID, GenreID) VALUES (102, 2);
INSERT INTO MovieGenres (MovieID, GenreID) VALUES (102, 5);
INSERT INTO MoviePeople (MovieID, PersonID, RoleID) VALUES (102, 1463, 1);
INSERT INTO MoviePeople (MovieID, PersonID, RoleID) VALUES (102, 2949, 2);
INSERT INTO MoviePeople (MovieID, PersonID, RoleID) VALUES (102, 2923, 3);
INSERT INTO MoviePeople (MovieID, PersonID, RoleID) VALUES (102, 709, 4);
INSERT INTO MoviePeople (MovieID, PersonID, RoleID) VALUES (102, 1392, 5);

INSERT INTO Movies (MovieID, Series_Title, Released_Year, RuntimeMinutes, Overview, Poster_Link, IMDB_Rating, Meta_score, No_of_Votes, Gross_Revenue, CertificateID) VALUES (103, 'Braveheart', 1995.0, 178, 'Scottish warrior William Wallace leads his countrymen in a rebellion to free his homeland from the tyranny of King Edward I of England.', 'https://m.media-amazon.com/images/M/MV5BMzkzMmU0YTYtOWM3My00YzBmLWI0YzctOGYyNTkwMWE5MTJkXkEyXkFqcGdeQXVyNzkwMjQ5NzM@._V1_UX67_CR0,0,67,98_AL_.jpg', 8.3, 68.0, 959181, 75600000.0, 2);
INSERT INTO MovieGenres (MovieID, GenreID) VALUES (103, 4);
INSERT INTO MovieGenres (MovieID, GenreID) VALUES (103, 7);
INSERT INTO MovieGenres (MovieID, GenreID) VALUES (103, 11);
INSERT INTO MoviePeople (MovieID, PersonID, RoleID) VALUES (103, 2023, 1);
INSERT INTO MoviePeople (MovieID, PersonID, RoleID) VALUES (103, 2023, 2);
INSERT INTO MoviePeople (MovieID, PersonID, RoleID) VALUES (103, 2779, 3);
INSERT INTO MoviePeople (MovieID, PersonID, RoleID) VALUES (103, 2289, 4);
INSERT INTO MoviePeople (MovieID, PersonID, RoleID) VALUES (103, 161, 5);

INSERT INTO Movies (MovieID, Series_Title, Released_Year, RuntimeMinutes, Overview, Poster_Link, IMDB_Rating, Meta_score, No_of_Votes, Gross_Revenue, CertificateID) VALUES (104, 'Reservoir Dogs', 1992.0, 99, 'When a simple jewelry heist goes horribly wrong, the surviving criminals begin to suspect that one of them is a police informant.', 'https://m.media-amazon.com/images/M/MV5BZmExNmEwYWItYmQzOS00YjA5LTk2MjktZjEyZDE1Y2QxNjA1XkEyXkFqcGdeQXVyMTQxNzMzNDI@._V1_UX67_CR0,0,67,98_AL_.jpg', 8.3, 79.0, 918562, 2832029.0, 9);
INSERT INTO MovieGenres (MovieID, GenreID) VALUES (104, 6);
INSERT INTO MovieGenres (MovieID, GenreID) VALUES (104, 7);
INSERT INTO MovieGenres (MovieID, GenreID) VALUES (104, 19);
INSERT INTO MoviePeople (MovieID, PersonID, RoleID) VALUES (104, 2391, 1);
INSERT INTO MoviePeople (MovieID, PersonID, RoleID) VALUES (104, 1089, 2);
INSERT INTO MoviePeople (MovieID, PersonID, RoleID) VALUES (104, 2930, 3);
INSERT INTO MoviePeople (MovieID, PersonID, RoleID) VALUES (104, 2060, 4);
INSERT INTO MoviePeople (MovieID, PersonID, RoleID) VALUES (104, 502, 5);

INSERT INTO Movies (MovieID, Series_Title, Released_Year, RuntimeMinutes, Overview, Poster_Link, IMDB_Rating, Meta_score, No_of_Votes, Gross_Revenue, CertificateID) VALUES (105, 'Full Metal Jacket', 1987.0, 116, 'A pragmatic U.S. Marine observes the dehumanizing effects the Vietnam War has on his fellow recruits from their brutal boot camp training to the bloody street fighting in Hue.', 'https://m.media-amazon.com/images/M/MV5BNzkxODk0NjEtYjc4Mi00ZDI0LTgyYjEtYzc1NDkxY2YzYTgyXkEyXkFqcGdeQXVyNzkwMjQ5NzM@._V1_UX67_CR0,0,67,98_AL_.jpg', 8.3, 76.0, 675146, 46357676.0, 15);
INSERT INTO MovieGenres (MovieID, GenreID) VALUES (105, 7);
INSERT INTO MovieGenres (MovieID, GenreID) VALUES (105, 20);
INSERT INTO MoviePeople (MovieID, PersonID, RoleID) VALUES (105, 2794, 1);
INSERT INTO MoviePeople (MovieID, PersonID, RoleID) VALUES (105, 1994, 2);
INSERT INTO MoviePeople (MovieID, PersonID, RoleID) VALUES (105, 2393, 3);
INSERT INTO MoviePeople (MovieID, PersonID, RoleID) VALUES (105, 3045, 4);
INSERT INTO MoviePeople (MovieID, PersonID, RoleID) VALUES (105, 13, 5);

INSERT INTO Movies (MovieID, Series_Title, Released_Year, RuntimeMinutes, Overview, Poster_Link, IMDB_Rating, Meta_score, No_of_Votes, Gross_Revenue, CertificateID) VALUES (106, 'Idi i smotri', 1985.0, 142, 'After finding an old rifle, a young boy joins the Soviet resistance movement against ruthless German forces and experiences the horrors of World War II.', 'https://m.media-amazon.com/images/M/MV5BODM4Njg0NTAtYjI5Ny00ZjAxLTkwNmItZTMxMWU5M2U3M2RjXkEyXkFqcGdeQXVyNzkwMjQ5NzM@._V1_UX67_CR0,0,67,98_AL_.jpg', 8.3, NULL, 59056, NULL, 2);
INSERT INTO MovieGenres (MovieID, GenreID) VALUES (106, 7);
INSERT INTO MovieGenres (MovieID, GenreID) VALUES (106, 19);
INSERT INTO MovieGenres (MovieID, GenreID) VALUES (106, 20);
INSERT INTO MoviePeople (MovieID, PersonID, RoleID) VALUES (106, 768, 1);
INSERT INTO MoviePeople (MovieID, PersonID, RoleID) VALUES (106, 74, 2);
INSERT INTO MoviePeople (MovieID, PersonID, RoleID) VALUES (106, 2243, 3);
INSERT INTO MoviePeople (MovieID, PersonID, RoleID) VALUES (106, 1814, 4);
INSERT INTO MoviePeople (MovieID, PersonID, RoleID) VALUES (106, 3058, 5);

INSERT INTO Movies (MovieID, Series_Title, Released_Year, RuntimeMinutes, Overview, Poster_Link, IMDB_Rating, Meta_score, No_of_Votes, Gross_Revenue, CertificateID) VALUES (107, 'Aliens', 1986.0, 137, 'Fifty-seven years after surviving an apocalyptic attack aboard her space vessel by merciless space creatures, Officer Ripley awakens from hyper-sleep and tries to warn anyone who will listen about the predators.', 'https://m.media-amazon.com/images/M/MV5BZGU2OGY5ZTYtMWNhYy00NjZiLWI0NjUtZmNhY2JhNDRmODU3XkEyXkFqcGdeQXVyNzkwMjQ5NzM@._V1_UX67_CR0,0,67,98_AL_.jpg', 8.3, 84.0, 652719, 85160248.0, 13);
INSERT INTO MovieGenres (MovieID, GenreID) VALUES (107, 1);
INSERT INTO MovieGenres (MovieID, GenreID) VALUES (107, 2);
INSERT INTO MovieGenres (MovieID, GenreID) VALUES (107, 17);
INSERT INTO MoviePeople (MovieID, PersonID, RoleID) VALUES (107, 1239, 1);
INSERT INTO MoviePeople (MovieID, PersonID, RoleID) VALUES (107, 2756, 2);
INSERT INTO MoviePeople (MovieID, PersonID, RoleID) VALUES (107, 2045, 3);
INSERT INTO MoviePeople (MovieID, PersonID, RoleID) VALUES (107, 435, 4);
INSERT INTO MoviePeople (MovieID, PersonID, RoleID) VALUES (107, 2313, 5);

INSERT INTO Movies (MovieID, Series_Title, Released_Year, RuntimeMinutes, Overview, Poster_Link, IMDB_Rating, Meta_score, No_of_Votes, Gross_Revenue, CertificateID) VALUES (108, 'Amadeus', 1984.0, 160, 'The life, success and troubles of Wolfgang Amadeus Mozart, as told by Antonio Salieri, the contemporaneous composer who was insanely jealous of Mozart''s talent and claimed to have murdered him.', 'https://m.media-amazon.com/images/M/MV5BNWJlNzUzNGMtYTAwMS00ZjI2LWFmNWQtODcxNWUxODA5YmU1XkEyXkFqcGdeQXVyNTIzOTk5ODM@._V1_UX67_CR0,0,67,98_AL_.jpg', 8.3, 88.0, 369007, 51973029.0, 9);
INSERT INTO MovieGenres (MovieID, GenreID) VALUES (108, 4);
INSERT INTO MovieGenres (MovieID, GenreID) VALUES (108, 7);
INSERT INTO MovieGenres (MovieID, GenreID) VALUES (108, 11);
INSERT INTO MoviePeople (MovieID, PersonID, RoleID) VALUES (108, 2111, 1);
INSERT INTO MoviePeople (MovieID, PersonID, RoleID) VALUES (108, 850, 2);
INSERT INTO MoviePeople (MovieID, PersonID, RoleID) VALUES (108, 2954, 3);
INSERT INTO MoviePeople (MovieID, PersonID, RoleID) VALUES (108, 783, 4);
INSERT INTO MoviePeople (MovieID, PersonID, RoleID) VALUES (108, 2585, 5);

INSERT INTO Movies (MovieID, Series_Title, Released_Year, RuntimeMinutes, Overview, Poster_Link, IMDB_Rating, Meta_score, No_of_Votes, Gross_Revenue, CertificateID) VALUES (109, 'Scarface', 1983.0, 170, 'In 1980 Miami, a determined Cuban immigrant takes over a drug cartel and succumbs to greed.', 'https://m.media-amazon.com/images/M/MV5BNjdjNGQ4NDEtNTEwYS00MTgxLTliYzQtYzE2ZDRiZjFhZmNlXkEyXkFqcGdeQXVyNjU0OTQ0OTY@._V1_UX67_CR0,0,67,98_AL_.jpg', 8.3, 65.0, 740911, 45598982.0, 2);
INSERT INTO MovieGenres (MovieID, GenreID) VALUES (109, 6);
INSERT INTO MovieGenres (MovieID, GenreID) VALUES (109, 7);
INSERT INTO MoviePeople (MovieID, PersonID, RoleID) VALUES (109, 363, 1);
INSERT INTO MoviePeople (MovieID, PersonID, RoleID) VALUES (109, 45, 2);
INSERT INTO MoviePeople (MovieID, PersonID, RoleID) VALUES (109, 2087, 3);
INSERT INTO MoviePeople (MovieID, PersonID, RoleID) VALUES (109, 2816, 4);
INSERT INTO MoviePeople (MovieID, PersonID, RoleID) VALUES (109, 1962, 5);

INSERT INTO Movies (MovieID, Series_Title, Released_Year, RuntimeMinutes, Overview, Poster_Link, IMDB_Rating, Meta_score, No_of_Votes, Gross_Revenue, CertificateID) VALUES (110, 'Star Wars: Episode VI - Return of the Jedi', 1983.0, 131, 'After a daring mission to rescue Han Solo from Jabba the Hutt, the Rebels dispatch to Endor to destroy the second Death Star. Meanwhile, Luke struggles to help Darth Vader back from the dark side without falling into the Emperor''s trap.', 'https://m.media-amazon.com/images/M/MV5BOWZlMjFiYzgtMTUzNC00Y2IzLTk1NTMtZmNhMTczNTk0ODk1XkEyXkFqcGdeQXVyNTAyODkwOQ@@._V1_UX67_CR0,0,67,98_AL_.jpg', 8.3, 58.0, 950470, 309125409.0, 13);
INSERT INTO MovieGenres (MovieID, GenreID) VALUES (110, 1);
INSERT INTO MovieGenres (MovieID, GenreID) VALUES (110, 2);
INSERT INTO MovieGenres (MovieID, GenreID) VALUES (110, 9);
INSERT INTO MoviePeople (MovieID, PersonID, RoleID) VALUES (110, 2490, 1);
INSERT INTO MoviePeople (MovieID, PersonID, RoleID) VALUES (110, 1932, 2);
INSERT INTO MoviePeople (MovieID, PersonID, RoleID) VALUES (110, 1079, 3);
INSERT INTO MoviePeople (MovieID, PersonID, RoleID) VALUES (110, 434, 4);
INSERT INTO MoviePeople (MovieID, PersonID, RoleID) VALUES (110, 315, 5);

INSERT INTO Movies (MovieID, Series_Title, Released_Year, RuntimeMinutes, Overview, Poster_Link, IMDB_Rating, Meta_score, No_of_Votes, Gross_Revenue, CertificateID) VALUES (111, 'Das Boot', 1981.0, 149, 'The claustrophobic world of a WWII German U-boat; boredom, filth and sheer terror.', 'https://m.media-amazon.com/images/M/MV5BOGZhZDIzNWMtNjkxMS00MDQ1LThkMTYtZWQzYWU3MWMxMGU5XkEyXkFqcGdeQXVyNjc1NTYyMjg@._V1_UX67_CR0,0,67,98_AL_.jpg', 8.3, 86.0, 231855, 11487676.0, 9);
INSERT INTO MovieGenres (MovieID, GenreID) VALUES (111, 2);
INSERT INTO MovieGenres (MovieID, GenreID) VALUES (111, 7);
INSERT INTO MovieGenres (MovieID, GenreID) VALUES (111, 19);
INSERT INTO MoviePeople (MovieID, PersonID, RoleID) VALUES (111, 3125, 1);
INSERT INTO MoviePeople (MovieID, PersonID, RoleID) VALUES (111, 1584, 2);
INSERT INTO MoviePeople (MovieID, PersonID, RoleID) VALUES (111, 1118, 3);
INSERT INTO MoviePeople (MovieID, PersonID, RoleID) VALUES (111, 1701, 4);
INSERT INTO MoviePeople (MovieID, PersonID, RoleID) VALUES (111, 1141, 5);

INSERT INTO Movies (MovieID, Series_Title, Released_Year, RuntimeMinutes, Overview, Poster_Link, IMDB_Rating, Meta_score, No_of_Votes, Gross_Revenue, CertificateID) VALUES (112, 'Taxi Driver', 1976.0, 114, 'A mentally unstable veteran works as a nighttime taxi driver in New York City, where the perceived decadence and sleaze fuels his urge for violent action by attempting to liberate a presidential campaign worker and an underage prostitute.', 'https://m.media-amazon.com/images/M/MV5BM2M1MmVhNDgtNmI0YS00ZDNmLTkyNjctNTJiYTQ2N2NmYzc2XkEyXkFqcGdeQXVyNzkwMjQ5NzM@._V1_UX67_CR0,0,67,98_AL_.jpg', 8.3, 94.0, 724636, 28262574.0, 2);
INSERT INTO MovieGenres (MovieID, GenreID) VALUES (112, 6);
INSERT INTO MovieGenres (MovieID, GenreID) VALUES (112, 7);
INSERT INTO MoviePeople (MovieID, PersonID, RoleID) VALUES (112, 1955, 1);
INSERT INTO MoviePeople (MovieID, PersonID, RoleID) VALUES (112, 2517, 2);
INSERT INTO MoviePeople (MovieID, PersonID, RoleID) VALUES (112, 1410, 3);
INSERT INTO MoviePeople (MovieID, PersonID, RoleID) VALUES (112, 571, 4);
INSERT INTO MoviePeople (MovieID, PersonID, RoleID) VALUES (112, 59, 5);

INSERT INTO Movies (MovieID, Series_Title, Released_Year, RuntimeMinutes, Overview, Poster_Link, IMDB_Rating, Meta_score, No_of_Votes, Gross_Revenue, CertificateID) VALUES (113, 'The Sting', 1973.0, 129, 'Two grifters team up to pull off the ultimate con.', 'https://m.media-amazon.com/images/M/MV5BNGU3NjQ4YTMtZGJjOS00YTQ3LThmNmItMTI5MDE2ODI3NzY3XkEyXkFqcGdeQXVyMjUzOTY1NTc@._V1_UX67_CR0,0,67,98_AL_.jpg', 8.3, 83.0, 241513, 159600000.0, 13);
INSERT INTO MovieGenres (MovieID, GenreID) VALUES (113, 5);
INSERT INTO MovieGenres (MovieID, GenreID) VALUES (113, 6);
INSERT INTO MovieGenres (MovieID, GenreID) VALUES (113, 7);
INSERT INTO MoviePeople (MovieID, PersonID, RoleID) VALUES (113, 983, 1);
INSERT INTO MoviePeople (MovieID, PersonID, RoleID) VALUES (113, 2311, 2);
INSERT INTO MoviePeople (MovieID, PersonID, RoleID) VALUES (113, 2529, 3);
INSERT INTO MoviePeople (MovieID, PersonID, RoleID) VALUES (113, 2534, 4);
INSERT INTO MoviePeople (MovieID, PersonID, RoleID) VALUES (113, 461, 5);

INSERT INTO Movies (MovieID, Series_Title, Released_Year, RuntimeMinutes, Overview, Poster_Link, IMDB_Rating, Meta_score, No_of_Votes, Gross_Revenue, CertificateID) VALUES (114, 'A Clockwork Orange', 1971.0, 136, 'In the future, a sadistic gang leader is imprisoned and volunteers for a conduct-aversion experiment, but it doesn''t go as planned.', 'https://m.media-amazon.com/images/M/MV5BMTY3MjM1Mzc4N15BMl5BanBnXkFtZTgwODM0NzAxMDE@._V1_UX67_CR0,0,67,98_AL_.jpg', 8.3, 77.0, 757904, 6207725.0, 2);
INSERT INTO MovieGenres (MovieID, GenreID) VALUES (114, 6);
INSERT INTO MovieGenres (MovieID, GenreID) VALUES (114, 7);
INSERT INTO MovieGenres (MovieID, GenreID) VALUES (114, 17);
INSERT INTO MoviePeople (MovieID, PersonID, RoleID) VALUES (114, 2794, 1);
INSERT INTO MoviePeople (MovieID, PersonID, RoleID) VALUES (114, 1880, 2);
INSERT INTO MoviePeople (MovieID, PersonID, RoleID) VALUES (114, 2288, 3);
INSERT INTO MoviePeople (MovieID, PersonID, RoleID) VALUES (114, 2042, 4);
INSERT INTO MoviePeople (MovieID, PersonID, RoleID) VALUES (114, 3080, 5);

INSERT INTO Movies (MovieID, Series_Title, Released_Year, RuntimeMinutes, Overview, Poster_Link, IMDB_Rating, Meta_score, No_of_Votes, Gross_Revenue, CertificateID) VALUES (115, '2001: A Space Odyssey', 1968.0, 149, 'After discovering a mysterious artifact buried beneath the Lunar surface, mankind sets off on a quest to find its origins with help from intelligent supercomputer H.A.L. 9000.', 'https://m.media-amazon.com/images/M/MV5BMmNlYzRiNDctZWNhMi00MzI4LThkZTctMTUzMmZkMmFmNThmXkEyXkFqcGdeQXVyNzkwMjQ5NzM@._V1_UX67_CR0,0,67,98_AL_.jpg', 8.3, 84.0, 603517, 56954992.0, 13);
INSERT INTO MovieGenres (MovieID, GenreID) VALUES (115, 2);
INSERT INTO MovieGenres (MovieID, GenreID) VALUES (115, 17);
INSERT INTO MoviePeople (MovieID, PersonID, RoleID) VALUES (115, 2794, 1);
INSERT INTO MoviePeople (MovieID, PersonID, RoleID) VALUES (115, 1643, 2);
INSERT INTO MoviePeople (MovieID, PersonID, RoleID) VALUES (115, 941, 3);
INSERT INTO MoviePeople (MovieID, PersonID, RoleID) VALUES (115, 3117, 4);
INSERT INTO MoviePeople (MovieID, PersonID, RoleID) VALUES (115, 601, 5);

INSERT INTO Movies (MovieID, Series_Title, Released_Year, RuntimeMinutes, Overview, Poster_Link, IMDB_Rating, Meta_score, No_of_Votes, Gross_Revenue, CertificateID) VALUES (116, 'Per qualche dollaro in più', 1965.0, 132, 'Two bounty hunters with the same intentions team up to track down a Western outlaw.', 'https://m.media-amazon.com/images/M/MV5BNWM1NmYyM2ItMTFhNy00NDU0LThlYWUtYjQyYTJmOTY0ZmM0XkEyXkFqcGdeQXVyNjU0OTQ0OTY@._V1_UX67_CR0,0,67,98_AL_.jpg', 8.3, 74.0, 232772, 15000000.0, 13);
INSERT INTO MovieGenres (MovieID, GenreID) VALUES (116, 21);
INSERT INTO MoviePeople (MovieID, PersonID, RoleID) VALUES (116, 2707, 1);
INSERT INTO MoviePeople (MovieID, PersonID, RoleID) VALUES (116, 547, 2);
INSERT INTO MoviePeople (MovieID, PersonID, RoleID) VALUES (116, 1757, 3);
INSERT INTO MoviePeople (MovieID, PersonID, RoleID) VALUES (116, 1000, 4);
INSERT INTO MoviePeople (MovieID, PersonID, RoleID) VALUES (116, 1891, 5);

INSERT INTO Movies (MovieID, Series_Title, Released_Year, RuntimeMinutes, Overview, Poster_Link, IMDB_Rating, Meta_score, No_of_Votes, Gross_Revenue, CertificateID) VALUES (117, 'Lawrence of Arabia', 1962.0, 228, 'The story of T.E. Lawrence, the English officer who successfully united and led the diverse, often warring, Arab tribes during World War I in order to fight the Turks.', 'https://m.media-amazon.com/images/M/MV5BYWY5ZjhjNGYtZmI2Ny00ODM0LWFkNzgtZmI1YzA2N2MxMzA0XkEyXkFqcGdeQXVyNjUwNzk3NDc@._V1_UY98_CR0,0,67,98_AL_.jpg', 8.3, 100.0, 268085, 44824144.0, 13);
INSERT INTO MovieGenres (MovieID, GenreID) VALUES (117, 2);
INSERT INTO MovieGenres (MovieID, GenreID) VALUES (117, 4);
INSERT INTO MovieGenres (MovieID, GenreID) VALUES (117, 7);
INSERT INTO MoviePeople (MovieID, PersonID, RoleID) VALUES (117, 635, 1);
INSERT INTO MoviePeople (MovieID, PersonID, RoleID) VALUES (117, 2348, 2);
INSERT INTO MoviePeople (MovieID, PersonID, RoleID) VALUES (117, 67, 3);
INSERT INTO MoviePeople (MovieID, PersonID, RoleID) VALUES (117, 196, 4);
INSERT INTO MoviePeople (MovieID, PersonID, RoleID) VALUES (117, 1210, 5);

INSERT INTO Movies (MovieID, Series_Title, Released_Year, RuntimeMinutes, Overview, Poster_Link, IMDB_Rating, Meta_score, No_of_Votes, Gross_Revenue, CertificateID) VALUES (118, 'The Apartment', 1960.0, 125, 'A man tries to rise in his company by letting its executives use his apartment for trysts, but complications and a romance of his own ensue.', 'https://m.media-amazon.com/images/M/MV5BNzkwODFjNzItMmMwNi00MTU5LWE2MzktM2M4ZDczZGM1MmViXkEyXkFqcGdeQXVyNDY2MTk1ODk@._V1_UX67_CR0,0,67,98_AL_.jpg', 8.3, 94.0, 164363, 18600000.0, 13);
INSERT INTO MovieGenres (MovieID, GenreID) VALUES (118, 5);
INSERT INTO MovieGenres (MovieID, GenreID) VALUES (118, 7);
INSERT INTO MovieGenres (MovieID, GenreID) VALUES (118, 16);
INSERT INTO MoviePeople (MovieID, PersonID, RoleID) VALUES (118, 316, 1);
INSERT INTO MoviePeople (MovieID, PersonID, RoleID) VALUES (118, 1212, 2);
INSERT INTO MoviePeople (MovieID, PersonID, RoleID) VALUES (118, 2740, 3);
INSERT INTO MoviePeople (MovieID, PersonID, RoleID) VALUES (118, 918, 4);
INSERT INTO MoviePeople (MovieID, PersonID, RoleID) VALUES (118, 2441, 5);

INSERT INTO Movies (MovieID, Series_Title, Released_Year, RuntimeMinutes, Overview, Poster_Link, IMDB_Rating, Meta_score, No_of_Votes, Gross_Revenue, CertificateID) VALUES (119, 'North by Northwest', 1959.0, 136, 'A New York City advertising executive goes on the run after being mistaken for a government agent by a group of foreign spies.', 'https://m.media-amazon.com/images/M/MV5BZDA3NDExMTUtMDlhOC00MmQ5LWExZGUtYmI1NGVlZWI4OWNiXkEyXkFqcGdeQXVyNjc1NTYyMjg@._V1_UX67_CR0,0,67,98_AL_.jpg', 8.3, 98.0, 299198, 13275000.0, 13);
INSERT INTO MovieGenres (MovieID, GenreID) VALUES (119, 2);
INSERT INTO MovieGenres (MovieID, GenreID) VALUES (119, 15);
INSERT INTO MovieGenres (MovieID, GenreID) VALUES (119, 19);
INSERT INTO MoviePeople (MovieID, PersonID, RoleID) VALUES (119, 93, 1);
INSERT INTO MoviePeople (MovieID, PersonID, RoleID) VALUES (119, 440, 2);
INSERT INTO MoviePeople (MovieID, PersonID, RoleID) VALUES (119, 841, 3);
INSERT INTO MoviePeople (MovieID, PersonID, RoleID) VALUES (119, 1257, 4);
INSERT INTO MoviePeople (MovieID, PersonID, RoleID) VALUES (119, 1380, 5);

INSERT INTO Movies (MovieID, Series_Title, Released_Year, RuntimeMinutes, Overview, Poster_Link, IMDB_Rating, Meta_score, No_of_Votes, Gross_Revenue, CertificateID) VALUES (120, 'Vertigo', 1958.0, 128, 'A former police detective juggles wrestling with his personal demons and becoming obsessed with a hauntingly beautiful woman.', 'https://m.media-amazon.com/images/M/MV5BYTE4ODEwZDUtNDFjOC00NjAxLWEzYTQtYTI1NGVmZmFlNjdiL2ltYWdlL2ltYWdlXkEyXkFqcGdeQXVyNjc1NTYyMjg@._V1_UX67_CR0,0,67,98_AL_.jpg', 8.3, 100.0, 364368, 3200000.0, 2);
INSERT INTO MovieGenres (MovieID, GenreID) VALUES (120, 15);
INSERT INTO MovieGenres (MovieID, GenreID) VALUES (120, 16);
INSERT INTO MovieGenres (MovieID, GenreID) VALUES (120, 19);
INSERT INTO MoviePeople (MovieID, PersonID, RoleID) VALUES (120, 93, 1);
INSERT INTO MoviePeople (MovieID, PersonID, RoleID) VALUES (120, 1263, 2);
INSERT INTO MoviePeople (MovieID, PersonID, RoleID) VALUES (120, 1681, 3);
INSERT INTO MoviePeople (MovieID, PersonID, RoleID) VALUES (120, 261, 4);
INSERT INTO MoviePeople (MovieID, PersonID, RoleID) VALUES (120, 2951, 5);

INSERT INTO Movies (MovieID, Series_Title, Released_Year, RuntimeMinutes, Overview, Poster_Link, IMDB_Rating, Meta_score, No_of_Votes, Gross_Revenue, CertificateID) VALUES (121, 'Singin'' in the Rain', 1952.0, 103, 'A silent film production company and cast make a difficult transition to sound.', 'https://m.media-amazon.com/images/M/MV5BZDRjNGViMjQtOThlMi00MTA3LThkYzQtNzJkYjBkMGE0YzE1XkEyXkFqcGdeQXVyNDYyMDk5MTU@._V1_UY98_CR0,0,67,98_AL_.jpg', 8.3, 99.0, 218957, 8819028.0, 4);
INSERT INTO MovieGenres (MovieID, GenreID) VALUES (121, 5);
INSERT INTO MovieGenres (MovieID, GenreID) VALUES (121, 14);
INSERT INTO MovieGenres (MovieID, GenreID) VALUES (121, 16);
INSERT INTO MoviePeople (MovieID, PersonID, RoleID) VALUES (121, 2791, 1);
INSERT INTO MoviePeople (MovieID, PersonID, RoleID) VALUES (121, 961, 2);
INSERT INTO MoviePeople (MovieID, PersonID, RoleID) VALUES (121, 961, 3);
INSERT INTO MoviePeople (MovieID, PersonID, RoleID) VALUES (121, 712, 4);
INSERT INTO MoviePeople (MovieID, PersonID, RoleID) VALUES (121, 656, 5);

INSERT INTO Movies (MovieID, Series_Title, Released_Year, RuntimeMinutes, Overview, Poster_Link, IMDB_Rating, Meta_score, No_of_Votes, Gross_Revenue, CertificateID) VALUES (122, 'Ikiru', 1952.0, 143, 'A bureaucrat tries to find a meaning in his life after he discovers he has terminal cancer.', 'https://m.media-amazon.com/images/M/MV5BZmM0NGY3Y2MtMTA1YS00YmQzLTk2YTctYWFhMDkzMDRjZWQzXkEyXkFqcGdeQXVyNTA4NzY1MzY@._V1_UX67_CR0,0,67,98_AL_.jpg', 8.3, NULL, 68463, 55240.0, NULL);
INSERT INTO MovieGenres (MovieID, GenreID) VALUES (122, 7);
INSERT INTO MoviePeople (MovieID, PersonID, RoleID) VALUES (122, 40, 1);
INSERT INTO MoviePeople (MovieID, PersonID, RoleID) VALUES (122, 2854, 2);
INSERT INTO MoviePeople (MovieID, PersonID, RoleID) VALUES (122, 2220, 3);
INSERT INTO MoviePeople (MovieID, PersonID, RoleID) VALUES (122, 2736, 4);
INSERT INTO MoviePeople (MovieID, PersonID, RoleID) VALUES (122, 1088, 5);

INSERT INTO Movies (MovieID, Series_Title, Released_Year, RuntimeMinutes, Overview, Poster_Link, IMDB_Rating, Meta_score, No_of_Votes, Gross_Revenue, CertificateID) VALUES (123, 'Ladri di biciclette', 1948.0, 89, 'In post-war Italy, a working-class man''s bicycle is stolen. He and his son set out to find it.', 'https://m.media-amazon.com/images/M/MV5BNmI1ODdjODctMDlmMC00ZWViLWI5MzYtYzRhNDdjYmM3MzFjXkEyXkFqcGdeQXVyMTMxODk2OTU@._V1_UY98_CR0,0,67,98_AL_.jpg', 8.3, NULL, 146427, 332930.0, NULL);
INSERT INTO MovieGenres (MovieID, GenreID) VALUES (123, 7);
INSERT INTO MoviePeople (MovieID, PersonID, RoleID) VALUES (123, 3054, 1);
INSERT INTO MoviePeople (MovieID, PersonID, RoleID) VALUES (123, 1724, 2);
INSERT INTO MoviePeople (MovieID, PersonID, RoleID) VALUES (123, 818, 3);
INSERT INTO MoviePeople (MovieID, PersonID, RoleID) VALUES (123, 1790, 4);
INSERT INTO MoviePeople (MovieID, PersonID, RoleID) VALUES (123, 769, 5);

INSERT INTO Movies (MovieID, Series_Title, Released_Year, RuntimeMinutes, Overview, Poster_Link, IMDB_Rating, Meta_score, No_of_Votes, Gross_Revenue, CertificateID) VALUES (124, 'Double Indemnity', 1944.0, 107, 'An insurance representative lets himself be talked by a seductive housewife into a murder/insurance fraud scheme that arouses the suspicion of an insurance investigator.', 'https://m.media-amazon.com/images/M/MV5BOTdlNjgyZGUtOTczYi00MDdhLTljZmMtYTEwZmRiOWFkYjRhXkEyXkFqcGdeQXVyNDY2MTk1ODk@._V1_UX67_CR0,0,67,98_AL_.jpg', 8.3, 95.0, 143525, 5720000.0, 8);
INSERT INTO MovieGenres (MovieID, GenreID) VALUES (124, 6);
INSERT INTO MovieGenres (MovieID, GenreID) VALUES (124, 7);
INSERT INTO MovieGenres (MovieID, GenreID) VALUES (124, 10);
INSERT INTO MoviePeople (MovieID, PersonID, RoleID) VALUES (124, 316, 1);
INSERT INTO MoviePeople (MovieID, PersonID, RoleID) VALUES (124, 918, 2);
INSERT INTO MoviePeople (MovieID, PersonID, RoleID) VALUES (124, 263, 3);
INSERT INTO MoviePeople (MovieID, PersonID, RoleID) VALUES (124, 754, 4);
INSERT INTO MoviePeople (MovieID, PersonID, RoleID) VALUES (124, 403, 5);

INSERT INTO Movies (MovieID, Series_Title, Released_Year, RuntimeMinutes, Overview, Poster_Link, IMDB_Rating, Meta_score, No_of_Votes, Gross_Revenue, CertificateID) VALUES (125, 'Citizen Kane', 1941.0, 119, 'Following the death of publishing tycoon Charles Foster Kane, reporters scramble to uncover the meaning of his final utterance; ''Rosebud''.', 'https://m.media-amazon.com/images/M/MV5BYjBiOTYxZWItMzdiZi00NjlkLWIzZTYtYmFhZjhiMTljOTdkXkEyXkFqcGdeQXVyNzkwMjQ5NzM@._V1_UX67_CR0,0,67,98_AL_.jpg', 8.3, 100.0, 403351, 1585634.0, 15);
INSERT INTO MovieGenres (MovieID, GenreID) VALUES (125, 7);
INSERT INTO MovieGenres (MovieID, GenreID) VALUES (125, 15);
INSERT INTO MoviePeople (MovieID, PersonID, RoleID) VALUES (125, 2259, 1);
INSERT INTO MoviePeople (MovieID, PersonID, RoleID) VALUES (125, 2259, 2);
INSERT INTO MoviePeople (MovieID, PersonID, RoleID) VALUES (125, 1519, 3);
INSERT INTO MoviePeople (MovieID, PersonID, RoleID) VALUES (125, 722, 4);
INSERT INTO MoviePeople (MovieID, PersonID, RoleID) VALUES (125, 27, 5);

INSERT INTO Movies (MovieID, Series_Title, Released_Year, RuntimeMinutes, Overview, Poster_Link, IMDB_Rating, Meta_score, No_of_Votes, Gross_Revenue, CertificateID) VALUES (126, 'M - Eine Stadt sucht einen Mörder', 1931.0, 117, 'When the police in a German city are unable to catch a child-murderer, other criminals join in the manhunt.', 'https://m.media-amazon.com/images/M/MV5BODA4ODk3OTEzMF5BMl5BanBnXkFtZTgwMTQ2ODMwMzE@._V1_UX67_CR0,0,67,98_AL_.jpg', 8.3, NULL, 143434, 28877.0, 8);
INSERT INTO MovieGenres (MovieID, GenreID) VALUES (126, 6);
INSERT INTO MovieGenres (MovieID, GenreID) VALUES (126, 15);
INSERT INTO MovieGenres (MovieID, GenreID) VALUES (126, 19);
INSERT INTO MoviePeople (MovieID, PersonID, RoleID) VALUES (126, 926, 1);
INSERT INTO MoviePeople (MovieID, PersonID, RoleID) VALUES (126, 2346, 2);
INSERT INTO MoviePeople (MovieID, PersonID, RoleID) VALUES (126, 791, 3);
INSERT INTO MoviePeople (MovieID, PersonID, RoleID) VALUES (126, 1173, 4);
INSERT INTO MoviePeople (MovieID, PersonID, RoleID) VALUES (126, 2267, 5);

INSERT INTO Movies (MovieID, Series_Title, Released_Year, RuntimeMinutes, Overview, Poster_Link, IMDB_Rating, Meta_score, No_of_Votes, Gross_Revenue, CertificateID) VALUES (127, 'Metropolis', 1927.0, 153, 'In a futuristic city sharply divided between the working class and the city planners, the son of the city''s mastermind falls in love with a working-class prophet who predicts the coming of a savior to mediate their differences.', 'https://m.media-amazon.com/images/M/MV5BMTg5YWIyMWUtZDY5My00Zjc1LTljOTctYmI0MWRmY2M2NmRkXkEyXkFqcGdeQXVyMTMxODk2OTU@._V1_UX67_CR0,0,67,98_AL_.jpg', 8.3, 98.0, 159992, 1236166.0, NULL);
INSERT INTO MovieGenres (MovieID, GenreID) VALUES (127, 7);
INSERT INTO MovieGenres (MovieID, GenreID) VALUES (127, 17);
INSERT INTO MoviePeople (MovieID, PersonID, RoleID) VALUES (127, 926, 1);
INSERT INTO MoviePeople (MovieID, PersonID, RoleID) VALUES (127, 372, 2);
INSERT INTO MoviePeople (MovieID, PersonID, RoleID) VALUES (127, 92, 3);
INSERT INTO MoviePeople (MovieID, PersonID, RoleID) VALUES (127, 1051, 4);
INSERT INTO MoviePeople (MovieID, PersonID, RoleID) VALUES (127, 2590, 5);

INSERT INTO Movies (MovieID, Series_Title, Released_Year, RuntimeMinutes, Overview, Poster_Link, IMDB_Rating, Meta_score, No_of_Votes, Gross_Revenue, CertificateID) VALUES (128, 'The Kid', 1921.0, 68, 'The Tramp cares for an abandoned child, but events put that relationship in jeopardy.', 'https://m.media-amazon.com/images/M/MV5BZjhhMThhNDItNTY2MC00MmU1LTliNDEtNDdhZjdlNTY5ZDQ1XkEyXkFqcGdeQXVyNjc1NTYyMjg@._V1_UX67_CR0,0,67,98_AL_.jpg', 8.3, NULL, 113314, 5450000.0, 8);
INSERT INTO MovieGenres (MovieID, GenreID) VALUES (128, 5);
INSERT INTO MovieGenres (MovieID, GenreID) VALUES (128, 7);
INSERT INTO MovieGenres (MovieID, GenreID) VALUES (128, 8);
INSERT INTO MoviePeople (MovieID, PersonID, RoleID) VALUES (128, 460, 1);
INSERT INTO MoviePeople (MovieID, PersonID, RoleID) VALUES (128, 460, 2);
INSERT INTO MoviePeople (MovieID, PersonID, RoleID) VALUES (128, 745, 3);
INSERT INTO MoviePeople (MovieID, PersonID, RoleID) VALUES (128, 1220, 4);
INSERT INTO MoviePeople (MovieID, PersonID, RoleID) VALUES (128, 420, 5);

INSERT INTO Movies (MovieID, Series_Title, Released_Year, RuntimeMinutes, Overview, Poster_Link, IMDB_Rating, Meta_score, No_of_Votes, Gross_Revenue, CertificateID) VALUES (129, 'Chhichhore', 2019.0, 143, 'A tragic incident forces Anirudh, a middle-aged man, to take a trip down memory lane and reminisce his college days along with his friends, who were labelled as losers.', 'https://m.media-amazon.com/images/M/MV5BYjg2ZDI2YTYtN2EwYi00YWI5LTgyMWQtMWFkYmE3NmJkOGVhXkEyXkFqcGdeQXVyODE5NzE3OTE@._V1_UY98_CR0,0,67,98_AL_.jpg', 8.2, NULL, 33893, 898575.0, 15);
INSERT INTO MovieGenres (MovieID, GenreID) VALUES (129, 5);
INSERT INTO MovieGenres (MovieID, GenreID) VALUES (129, 7);
INSERT INTO MoviePeople (MovieID, PersonID, RoleID) VALUES (129, 2217, 1);
INSERT INTO MoviePeople (MovieID, PersonID, RoleID) VALUES (129, 2835, 2);
INSERT INTO MoviePeople (MovieID, PersonID, RoleID) VALUES (129, 2743, 3);
INSERT INTO MoviePeople (MovieID, PersonID, RoleID) VALUES (129, 3018, 4);
INSERT INTO MoviePeople (MovieID, PersonID, RoleID) VALUES (129, 2379, 5);

INSERT INTO Movies (MovieID, Series_Title, Released_Year, RuntimeMinutes, Overview, Poster_Link, IMDB_Rating, Meta_score, No_of_Votes, Gross_Revenue, CertificateID) VALUES (130, 'Uri: The Surgical Strike', 2018.0, 138, 'Indian army special forces execute a covert operation, avenging the killing of fellow army men at their base by a terrorist group.', 'https://m.media-amazon.com/images/M/MV5BMWU4ZjNlNTQtOGE2MS00NDI0LWFlYjMtMmY3ZWVkMjJkNGRmXkEyXkFqcGdeQXVyNjE1OTQ0NjA@._V1_UY98_CR0,0,67,98_AL_.jpg', 8.2, NULL, 43444, 4186168.0, 15);
INSERT INTO MovieGenres (MovieID, GenreID) VALUES (130, 1);
INSERT INTO MovieGenres (MovieID, GenreID) VALUES (130, 7);
INSERT INTO MovieGenres (MovieID, GenreID) VALUES (130, 20);
INSERT INTO MoviePeople (MovieID, PersonID, RoleID) VALUES (130, 21, 1);
INSERT INTO MoviePeople (MovieID, PersonID, RoleID) VALUES (130, 3026, 2);
INSERT INTO MoviePeople (MovieID, PersonID, RoleID) VALUES (130, 2279, 3);
INSERT INTO MoviePeople (MovieID, PersonID, RoleID) VALUES (130, 2133, 4);
INSERT INTO MoviePeople (MovieID, PersonID, RoleID) VALUES (130, 3136, 5);

INSERT INTO Movies (MovieID, Series_Title, Released_Year, RuntimeMinutes, Overview, Poster_Link, IMDB_Rating, Meta_score, No_of_Votes, Gross_Revenue, CertificateID) VALUES (131, 'K.G.F: Chapter 1', 2018.0, 156, 'In the 1970s, a fierce rebel rises against brutal oppression and becomes the symbol of hope to legions of downtrodden people.', 'https://m.media-amazon.com/images/M/MV5BZDNlNzBjMGUtYTA0Yy00OTI2LWJmZjMtODliYmUyYTI0OGFmXkEyXkFqcGdeQXVyODIwMDI1NjM@._V1_UX67_CR0,0,67,98_AL_.jpg', 8.2, NULL, 36680, NULL, 15);
INSERT INTO MovieGenres (MovieID, GenreID) VALUES (131, 1);
INSERT INTO MovieGenres (MovieID, GenreID) VALUES (131, 7);
INSERT INTO MoviePeople (MovieID, PersonID, RoleID) VALUES (131, 2378, 1);
INSERT INTO MoviePeople (MovieID, PersonID, RoleID) VALUES (131, 3138, 2);
INSERT INTO MoviePeople (MovieID, PersonID, RoleID) VALUES (131, 2787, 3);
INSERT INTO MoviePeople (MovieID, PersonID, RoleID) VALUES (131, 2422, 4);
INSERT INTO MoviePeople (MovieID, PersonID, RoleID) VALUES (131, 215, 5);

INSERT INTO Movies (MovieID, Series_Title, Released_Year, RuntimeMinutes, Overview, Poster_Link, IMDB_Rating, Meta_score, No_of_Votes, Gross_Revenue, CertificateID) VALUES (132, 'Green Book', 2018.0, 130, 'A working-class Italian-American bouncer becomes the driver of an African-American classical pianist on a tour of venues through the 1960s American South.', 'https://m.media-amazon.com/images/M/MV5BYzIzYmJlYTYtNGNiYy00N2EwLTk4ZjItMGYyZTJiOTVkM2RlXkEyXkFqcGdeQXVyODY1NDk1NjE@._V1_UX67_CR0,0,67,98_AL_.jpg', 8.2, 69.0, 377884, 85080171.0, 15);
INSERT INTO MovieGenres (MovieID, GenreID) VALUES (132, 4);
INSERT INTO MovieGenres (MovieID, GenreID) VALUES (132, 5);
INSERT INTO MovieGenres (MovieID, GenreID) VALUES (132, 7);
INSERT INTO MoviePeople (MovieID, PersonID, RoleID) VALUES (132, 2343, 1);
INSERT INTO MoviePeople (MovieID, PersonID, RoleID) VALUES (132, 3035, 2);
INSERT INTO MoviePeople (MovieID, PersonID, RoleID) VALUES (132, 1873, 3);
INSERT INTO MoviePeople (MovieID, PersonID, RoleID) VALUES (132, 1802, 4);
INSERT INTO MoviePeople (MovieID, PersonID, RoleID) VALUES (132, 2701, 5);

INSERT INTO Movies (MovieID, Series_Title, Released_Year, RuntimeMinutes, Overview, Poster_Link, IMDB_Rating, Meta_score, No_of_Votes, Gross_Revenue, CertificateID) VALUES (133, 'Three Billboards Outside Ebbing, Missouri', 2017.0, 115, 'A mother personally challenges the local authorities to solve her daughter''s murder when they fail to catch the culprit.', 'https://m.media-amazon.com/images/M/MV5BMjI0ODcxNzM1N15BMl5BanBnXkFtZTgwMzIwMTEwNDI@._V1_UX67_CR0,0,67,98_AL_.jpg', 8.2, 88.0, 432610, 54513740.0, 2);
INSERT INTO MovieGenres (MovieID, GenreID) VALUES (133, 5);
INSERT INTO MovieGenres (MovieID, GenreID) VALUES (133, 6);
INSERT INTO MovieGenres (MovieID, GenreID) VALUES (133, 7);
INSERT INTO MoviePeople (MovieID, PersonID, RoleID) VALUES (133, 1952, 1);
INSERT INTO MoviePeople (MovieID, PersonID, RoleID) VALUES (133, 888, 2);
INSERT INTO MoviePeople (MovieID, PersonID, RoleID) VALUES (133, 3130, 3);
INSERT INTO MoviePeople (MovieID, PersonID, RoleID) VALUES (133, 2645, 4);
INSERT INTO MoviePeople (MovieID, PersonID, RoleID) VALUES (133, 411, 5);

INSERT INTO Movies (MovieID, Series_Title, Released_Year, RuntimeMinutes, Overview, Poster_Link, IMDB_Rating, Meta_score, No_of_Votes, Gross_Revenue, CertificateID) VALUES (134, 'Talvar', 2015.0, 132, 'An experienced investigator confronts several conflicting theories about the perpetrators of a violent double homicide.', 'https://m.media-amazon.com/images/M/MV5BMTYzODg0Mjc4M15BMl5BanBnXkFtZTgwNzY4Mzc3NjE@._V1_UY98_CR2,0,67,98_AL_.jpg', 8.2, NULL, 31142, 342370.0, 15);
INSERT INTO MovieGenres (MovieID, GenreID) VALUES (134, 6);
INSERT INTO MovieGenres (MovieID, GenreID) VALUES (134, 7);
INSERT INTO MovieGenres (MovieID, GenreID) VALUES (134, 15);
INSERT INTO MoviePeople (MovieID, PersonID, RoleID) VALUES (134, 2016, 1);
INSERT INTO MoviePeople (MovieID, PersonID, RoleID) VALUES (134, 1180, 2);
INSERT INTO MoviePeople (MovieID, PersonID, RoleID) VALUES (134, 1704, 3);
INSERT INTO MoviePeople (MovieID, PersonID, RoleID) VALUES (134, 2183, 4);
INSERT INTO MoviePeople (MovieID, PersonID, RoleID) VALUES (134, 2769, 5);

INSERT INTO Movies (MovieID, Series_Title, Released_Year, RuntimeMinutes, Overview, Poster_Link, IMDB_Rating, Meta_score, No_of_Votes, Gross_Revenue, CertificateID) VALUES (135, 'Baahubali 2: The Conclusion', 2017.0, 167, 'When Shiva, the son of Bahubali, learns about his heritage, he begins to look for answers. His story is juxtaposed with past events that unfolded in the Mahishmati Kingdom.', 'https://m.media-amazon.com/images/M/MV5BOGNlNmRkMjctNDgxMC00NzFhLWIzY2YtZDk3ZDE0NWZhZDBlXkEyXkFqcGdeQXVyODIwMDI1NjM@._V1_UX67_CR0,0,67,98_AL_.jpg', 8.2, NULL, 75348, 20186659.0, 15);
INSERT INTO MovieGenres (MovieID, GenreID) VALUES (135, 1);
INSERT INTO MovieGenres (MovieID, GenreID) VALUES (135, 7);
INSERT INTO MoviePeople (MovieID, PersonID, RoleID) VALUES (135, 2619, 1);
INSERT INTO MoviePeople (MovieID, PersonID, RoleID) VALUES (135, 2376, 2);
INSERT INTO MoviePeople (MovieID, PersonID, RoleID) VALUES (135, 2428, 3);
INSERT INTO MoviePeople (MovieID, PersonID, RoleID) VALUES (135, 210, 4);
INSERT INTO MoviePeople (MovieID, PersonID, RoleID) VALUES (135, 2863, 5);

INSERT INTO Movies (MovieID, Series_Title, Released_Year, RuntimeMinutes, Overview, Poster_Link, IMDB_Rating, Meta_score, No_of_Votes, Gross_Revenue, CertificateID) VALUES (136, 'Klaus', 2019.0, 96, 'A simple act of kindness always sparks another, even in a frozen, faraway place. When Smeerensburg''s new postman, Jesper, befriends toymaker Klaus, their gifts melt an age-old feud and deliver a sleigh full of holiday traditions.', 'https://m.media-amazon.com/images/M/MV5BMWYwOThjM2ItZGYxNy00NTQwLWFlZWEtM2MzM2Q5MmY3NDU5XkEyXkFqcGdeQXVyMTkxNjUyNQ@@._V1_UX67_CR0,0,67,98_AL_.jpg', 8.2, 65.0, 104761, NULL, 6);
INSERT INTO MovieGenres (MovieID, GenreID) VALUES (136, 3);
INSERT INTO MovieGenres (MovieID, GenreID) VALUES (136, 2);
INSERT INTO MovieGenres (MovieID, GenreID) VALUES (136, 5);
INSERT INTO MoviePeople (MovieID, PersonID, RoleID) VALUES (136, 2708, 1);
INSERT INTO MoviePeople (MovieID, PersonID, RoleID) VALUES (136, 428, 2);
INSERT INTO MoviePeople (MovieID, PersonID, RoleID) VALUES (136, 1301, 3);
INSERT INTO MoviePeople (MovieID, PersonID, RoleID) VALUES (136, 1203, 4);
INSERT INTO MoviePeople (MovieID, PersonID, RoleID) VALUES (136, 2436, 5);

INSERT INTO Movies (MovieID, Series_Title, Released_Year, RuntimeMinutes, Overview, Poster_Link, IMDB_Rating, Meta_score, No_of_Votes, Gross_Revenue, CertificateID) VALUES (137, 'Drishyam', 2015.0, 163, 'Desperate measures are taken by a man who tries to save his family from the dark side of the law, after they commit an unexpected crime.', 'https://m.media-amazon.com/images/M/MV5BYmJhZmJlYTItZmZlNy00MGY0LTg0ZGMtNWFkYWU5NTA1YTNhXkEyXkFqcGdeQXVyODE5NzE3OTE@._V1_UY98_CR0,0,67,98_AL_.jpg', 8.2, NULL, 70367, 739478.0, 15);
INSERT INTO MovieGenres (MovieID, GenreID) VALUES (137, 6);
INSERT INTO MovieGenres (MovieID, GenreID) VALUES (137, 7);
INSERT INTO MovieGenres (MovieID, GenreID) VALUES (137, 15);
INSERT INTO MoviePeople (MovieID, PersonID, RoleID) VALUES (137, 2216, 1);
INSERT INTO MoviePeople (MovieID, PersonID, RoleID) VALUES (137, 33, 2);
INSERT INTO MoviePeople (MovieID, PersonID, RoleID) VALUES (137, 2745, 3);
INSERT INTO MoviePeople (MovieID, PersonID, RoleID) VALUES (137, 2847, 4);
INSERT INTO MoviePeople (MovieID, PersonID, RoleID) VALUES (137, 2407, 5);

INSERT INTO Movies (MovieID, Series_Title, Released_Year, RuntimeMinutes, Overview, Poster_Link, IMDB_Rating, Meta_score, No_of_Votes, Gross_Revenue, CertificateID) VALUES (138, 'Queen', 2013.0, 146, 'A Delhi girl from a traditional family sets out on a solo honeymoon after her marriage gets cancelled.', 'https://m.media-amazon.com/images/M/MV5BNWYyOWRlOWItZWM5MS00ZjJkLWI0MTUtYTE3NTI5MDAwYjgyXkEyXkFqcGdeQXVyODE5NzE3OTE@._V1_UY98_CR0,0,67,98_AL_.jpg', 8.2, NULL, 60701, 1429534.0, 15);
INSERT INTO MovieGenres (MovieID, GenreID) VALUES (138, 2);
INSERT INTO MovieGenres (MovieID, GenreID) VALUES (138, 5);
INSERT INTO MovieGenres (MovieID, GenreID) VALUES (138, 7);
INSERT INTO MoviePeople (MovieID, PersonID, RoleID) VALUES (138, 3039, 1);
INSERT INTO MoviePeople (MovieID, PersonID, RoleID) VALUES (138, 1599, 2);
INSERT INTO MoviePeople (MovieID, PersonID, RoleID) VALUES (138, 2413, 3);
INSERT INTO MoviePeople (MovieID, PersonID, RoleID) VALUES (138, 1811, 4);
INSERT INTO MoviePeople (MovieID, PersonID, RoleID) VALUES (138, 1345, 5);

INSERT INTO Movies (MovieID, Series_Title, Released_Year, RuntimeMinutes, Overview, Poster_Link, IMDB_Rating, Meta_score, No_of_Votes, Gross_Revenue, CertificateID) VALUES (139, 'Mandariinid', 2013.0, 87, 'In 1992, war rages in Abkhazia, a breakaway region of Georgia. An Estonian man Ivo has decided to stay behind and harvest his crops of tangerines. In a bloody conflict at his door, a wounded man is left behind, and Ivo takes him in.', 'https://m.media-amazon.com/images/M/MV5BMTgwNzA3MDQzOV5BMl5BanBnXkFtZTgwNTE5MDE5NDE@._V1_UX67_CR0,0,67,98_AL_.jpg', 8.2, 73.0, 40382, 144501.0, NULL);
INSERT INTO MovieGenres (MovieID, GenreID) VALUES (139, 7);
INSERT INTO MovieGenres (MovieID, GenreID) VALUES (139, 20);
INSERT INTO MoviePeople (MovieID, PersonID, RoleID) VALUES (139, 3187, 1);
INSERT INTO MoviePeople (MovieID, PersonID, RoleID) VALUES (139, 1764, 2);
INSERT INTO MoviePeople (MovieID, PersonID, RoleID) VALUES (139, 794, 3);
INSERT INTO MoviePeople (MovieID, PersonID, RoleID) VALUES (139, 1006, 4);
INSERT INTO MoviePeople (MovieID, PersonID, RoleID) VALUES (139, 2123, 5);

INSERT INTO Movies (MovieID, Series_Title, Released_Year, RuntimeMinutes, Overview, Poster_Link, IMDB_Rating, Meta_score, No_of_Votes, Gross_Revenue, CertificateID) VALUES (140, 'Bhaag Milkha Bhaag', 2013.0, 186, 'The truth behind the ascension of Milkha Singh who was scarred because of the India-Pakistan partition.', 'https://m.media-amazon.com/images/M/MV5BMTY1Nzg4MjcwN15BMl5BanBnXkFtZTcwOTc1NTk1OQ@@._V1_UY98_CR0,0,67,98_AL_.jpg', 8.2, NULL, 61137, 1626289.0, 13);
INSERT INTO MovieGenres (MovieID, GenreID) VALUES (140, 4);
INSERT INTO MovieGenres (MovieID, GenreID) VALUES (140, 7);
INSERT INTO MovieGenres (MovieID, GenreID) VALUES (140, 18);
INSERT INTO MoviePeople (MovieID, PersonID, RoleID) VALUES (140, 2414, 1);
INSERT INTO MoviePeople (MovieID, PersonID, RoleID) VALUES (140, 854, 2);
INSERT INTO MoviePeople (MovieID, PersonID, RoleID) VALUES (140, 2773, 3);
INSERT INTO MoviePeople (MovieID, PersonID, RoleID) VALUES (140, 2324, 4);
INSERT INTO MoviePeople (MovieID, PersonID, RoleID) VALUES (140, 227, 5);

INSERT INTO Movies (MovieID, Series_Title, Released_Year, RuntimeMinutes, Overview, Poster_Link, IMDB_Rating, Meta_score, No_of_Votes, Gross_Revenue, CertificateID) VALUES (141, 'Gangs of Wasseypur', 2012.0, 321, 'A clash between Sultan and Shahid Khan leads to the expulsion of Khan from Wasseypur, and ignites a deadly blood feud spanning three generations.', 'https://m.media-amazon.com/images/M/MV5BMTc5NjY4MjUwNF5BMl5BanBnXkFtZTgwODM3NzM5MzE@._V1_UX67_CR0,0,67,98_AL_.jpg', 8.2, 89.0, 82365, NULL, 2);
INSERT INTO MovieGenres (MovieID, GenreID) VALUES (141, 1);
INSERT INTO MovieGenres (MovieID, GenreID) VALUES (141, 5);
INSERT INTO MovieGenres (MovieID, GenreID) VALUES (141, 6);
INSERT INTO MoviePeople (MovieID, PersonID, RoleID) VALUES (141, 208, 1);
INSERT INTO MoviePeople (MovieID, PersonID, RoleID) VALUES (141, 1889, 2);
INSERT INTO MoviePeople (MovieID, PersonID, RoleID) VALUES (141, 2466, 3);
INSERT INTO MoviePeople (MovieID, PersonID, RoleID) VALUES (141, 2180, 4);
INSERT INTO MoviePeople (MovieID, PersonID, RoleID) VALUES (141, 2920, 5);

INSERT INTO Movies (MovieID, Series_Title, Released_Year, RuntimeMinutes, Overview, Poster_Link, IMDB_Rating, Meta_score, No_of_Votes, Gross_Revenue, CertificateID) VALUES (142, 'Udaan', 2010.0, 134, 'Expelled from his school, a 16-year old boy returns home to his abusive and oppressive father.', 'https://m.media-amazon.com/images/M/MV5BNzgxMzExMzUwNV5BMl5BanBnXkFtZTcwMDc2MjUwNA@@._V1_UY98_CR0,0,67,98_AL_.jpg', 8.2, NULL, 42341, 7461.0, 15);
INSERT INTO MovieGenres (MovieID, GenreID) VALUES (142, 7);
INSERT INTO MoviePeople (MovieID, PersonID, RoleID) VALUES (142, 3040, 1);
INSERT INTO MoviePeople (MovieID, PersonID, RoleID) VALUES (142, 2406, 2);
INSERT INTO MoviePeople (MovieID, PersonID, RoleID) VALUES (142, 2568, 3);
INSERT INTO MoviePeople (MovieID, PersonID, RoleID) VALUES (142, 1888, 4);
INSERT INTO MoviePeople (MovieID, PersonID, RoleID) VALUES (142, 2421, 5);

INSERT INTO Movies (MovieID, Series_Title, Released_Year, RuntimeMinutes, Overview, Poster_Link, IMDB_Rating, Meta_score, No_of_Votes, Gross_Revenue, CertificateID) VALUES (143, 'Paan Singh Tomar', 2012.0, 135, 'The story of Paan Singh Tomar, an Indian athlete and seven-time national steeplechase champion who becomes one of the most feared dacoits in Chambal Valley after his retirement.', 'https://m.media-amazon.com/images/M/MV5BNTgwODM5OTMzN15BMl5BanBnXkFtZTcwMTA3NzI1Nw@@._V1_UY98_CR0,0,67,98_AL_.jpg', 8.2, NULL, 33237, 39567.0, 15);
INSERT INTO MovieGenres (MovieID, GenreID) VALUES (143, 1);
INSERT INTO MovieGenres (MovieID, GenreID) VALUES (143, 4);
INSERT INTO MovieGenres (MovieID, GenreID) VALUES (143, 6);
INSERT INTO MoviePeople (MovieID, PersonID, RoleID) VALUES (143, 2920, 1);
INSERT INTO MoviePeople (MovieID, PersonID, RoleID) VALUES (143, 1180, 2);
INSERT INTO MoviePeople (MovieID, PersonID, RoleID) VALUES (143, 1875, 3);
INSERT INTO MoviePeople (MovieID, PersonID, RoleID) VALUES (143, 2408, 4);
INSERT INTO MoviePeople (MovieID, PersonID, RoleID) VALUES (143, 1103, 5);

INSERT INTO Movies (MovieID, Series_Title, Released_Year, RuntimeMinutes, Overview, Poster_Link, IMDB_Rating, Meta_score, No_of_Votes, Gross_Revenue, CertificateID) VALUES (144, 'El secreto de sus ojos', 2009.0, 129, 'A retired legal counselor writes a novel hoping to find closure for one of his past unresolved homicide cases and for his unreciprocated love with his superior - both of which still haunt him decades later.', 'https://m.media-amazon.com/images/M/MV5BY2FhZGI5M2QtZWFiZS00NjkwLWE4NWQtMzg3ZDZjNjdkYTJiXkEyXkFqcGdeQXVyMTMxODk2OTU@._V1_UX67_CR0,0,67,98_AL_.jpg', 8.2, 80.0, 193217, 6391436.0, 9);
INSERT INTO MovieGenres (MovieID, GenreID) VALUES (144, 7);
INSERT INTO MovieGenres (MovieID, GenreID) VALUES (144, 15);
INSERT INTO MovieGenres (MovieID, GenreID) VALUES (144, 16);
INSERT INTO MoviePeople (MovieID, PersonID, RoleID) VALUES (144, 1542, 1);
INSERT INTO MoviePeople (MovieID, PersonID, RoleID) VALUES (144, 2463, 2);
INSERT INTO MoviePeople (MovieID, PersonID, RoleID) VALUES (144, 2771, 3);
INSERT INTO MoviePeople (MovieID, PersonID, RoleID) VALUES (144, 2270, 4);
INSERT INTO MoviePeople (MovieID, PersonID, RoleID) VALUES (144, 425, 5);

INSERT INTO Movies (MovieID, Series_Title, Released_Year, RuntimeMinutes, Overview, Poster_Link, IMDB_Rating, Meta_score, No_of_Votes, Gross_Revenue, CertificateID) VALUES (145, 'Warrior', 2011.0, 140, 'The youngest son of an alcoholic former boxer returns home, where he''s trained by his father for competition in a mixed martial arts tournament - a path that puts the fighter on a collision course with his estranged, older brother.', 'https://m.media-amazon.com/images/M/MV5BMTk4ODk5MTMyNV5BMl5BanBnXkFtZTcwMDMyNTg0Ng@@._V1_UX67_CR0,0,67,98_AL_.jpg', 8.2, 71.0, 435950, 13657115.0, 15);
INSERT INTO MovieGenres (MovieID, GenreID) VALUES (145, 1);
INSERT INTO MovieGenres (MovieID, GenreID) VALUES (145, 7);
INSERT INTO MovieGenres (MovieID, GenreID) VALUES (145, 18);
INSERT INTO MoviePeople (MovieID, PersonID, RoleID) VALUES (145, 952, 1);
INSERT INTO MoviePeople (MovieID, PersonID, RoleID) VALUES (145, 2950, 2);
INSERT INTO MoviePeople (MovieID, PersonID, RoleID) VALUES (145, 2197, 3);
INSERT INTO MoviePeople (MovieID, PersonID, RoleID) VALUES (145, 1419, 4);
INSERT INTO MoviePeople (MovieID, PersonID, RoleID) VALUES (145, 1358, 5);

INSERT INTO Movies (MovieID, Series_Title, Released_Year, RuntimeMinutes, Overview, Poster_Link, IMDB_Rating, Meta_score, No_of_Votes, Gross_Revenue, CertificateID) VALUES (146, 'Shutter Island', 2010.0, 138, 'In 1954, a U.S. Marshal investigates the disappearance of a murderer who escaped from a hospital for the criminally insane.', 'https://m.media-amazon.com/images/M/MV5BYzhiNDkyNzktNTZmYS00ZTBkLTk2MDAtM2U0YjU1MzgxZjgzXkEyXkFqcGdeQXVyMTMxODk2OTU@._V1_UX67_CR0,0,67,98_AL_.jpg', 8.2, 63.0, 1129894, 128012934.0, 2);
INSERT INTO MovieGenres (MovieID, GenreID) VALUES (146, 15);
INSERT INTO MovieGenres (MovieID, GenreID) VALUES (146, 19);
INSERT INTO MoviePeople (MovieID, PersonID, RoleID) VALUES (146, 1955, 1);
INSERT INTO MoviePeople (MovieID, PersonID, RoleID) VALUES (146, 1775, 2);
INSERT INTO MoviePeople (MovieID, PersonID, RoleID) VALUES (146, 805, 3);
INSERT INTO MoviePeople (MovieID, PersonID, RoleID) VALUES (146, 1936, 4);
INSERT INTO MoviePeople (MovieID, PersonID, RoleID) VALUES (146, 284, 5);

INSERT INTO Movies (MovieID, Series_Title, Released_Year, RuntimeMinutes, Overview, Poster_Link, IMDB_Rating, Meta_score, No_of_Votes, Gross_Revenue, CertificateID) VALUES (147, 'Up', 2009.0, 96, '78-year-old Carl Fredricksen travels to Paradise Falls in his house equipped with balloons, inadvertently taking a young stowaway.', 'https://m.media-amazon.com/images/M/MV5BMTk3NDE2NzI4NF5BMl5BanBnXkFtZTgwNzE1MzEyMTE@._V1_UX67_CR0,0,67,98_AL_.jpg', 8.2, 88.0, 935507, 293004164.0, 13);
INSERT INTO MovieGenres (MovieID, GenreID) VALUES (147, 3);
INSERT INTO MovieGenres (MovieID, GenreID) VALUES (147, 2);
INSERT INTO MovieGenres (MovieID, GenreID) VALUES (147, 5);
INSERT INTO MoviePeople (MovieID, PersonID, RoleID) VALUES (147, 2334, 1);
INSERT INTO MoviePeople (MovieID, PersonID, RoleID) VALUES (147, 334, 2);
INSERT INTO MoviePeople (MovieID, PersonID, RoleID) VALUES (147, 750, 3);
INSERT INTO MoviePeople (MovieID, PersonID, RoleID) VALUES (147, 1513, 4);
INSERT INTO MoviePeople (MovieID, PersonID, RoleID) VALUES (147, 1479, 5);

INSERT INTO Movies (MovieID, Series_Title, Released_Year, RuntimeMinutes, Overview, Poster_Link, IMDB_Rating, Meta_score, No_of_Votes, Gross_Revenue, CertificateID) VALUES (148, 'The Wolf of Wall Street', 2013.0, 180, 'Based on the true story of Jordan Belfort, from his rise to a wealthy stock-broker living the high life to his fall involving crime, corruption and the federal government.', 'https://m.media-amazon.com/images/M/MV5BMjIxMjgxNTk0MF5BMl5BanBnXkFtZTgwNjIyOTg2MDE@._V1_UX67_CR0,0,67,98_AL_.jpg', 8.2, 75.0, 1187498, 116900694.0, 2);
INSERT INTO MovieGenres (MovieID, GenreID) VALUES (148, 4);
INSERT INTO MovieGenres (MovieID, GenreID) VALUES (148, 6);
INSERT INTO MovieGenres (MovieID, GenreID) VALUES (148, 7);
INSERT INTO MoviePeople (MovieID, PersonID, RoleID) VALUES (148, 1955, 1);
INSERT INTO MoviePeople (MovieID, PersonID, RoleID) VALUES (148, 1775, 2);
INSERT INTO MoviePeople (MovieID, PersonID, RoleID) VALUES (148, 1504, 3);
INSERT INTO MoviePeople (MovieID, PersonID, RoleID) VALUES (148, 1908, 4);
INSERT INTO MoviePeople (MovieID, PersonID, RoleID) VALUES (148, 1993, 5);

INSERT INTO Movies (MovieID, Series_Title, Released_Year, RuntimeMinutes, Overview, Poster_Link, IMDB_Rating, Meta_score, No_of_Votes, Gross_Revenue, CertificateID) VALUES (149, 'Chak De! India', 2007.0, 153, 'Kabir Khan is the coach of the Indian Women''s National Hockey Team and his dream is to make his all girls team emerge victorious against all odds.', 'https://m.media-amazon.com/images/M/MV5BMTUzODMyNzk4NV5BMl5BanBnXkFtZTgwNTk1NTYyNTM@._V1_UY98_CR3,0,67,98_AL_.jpg', 8.2, 68.0, 74129, 1113541.0, 13);
INSERT INTO MovieGenres (MovieID, GenreID) VALUES (149, 7);
INSERT INTO MovieGenres (MovieID, GenreID) VALUES (149, 8);
INSERT INTO MovieGenres (MovieID, GenreID) VALUES (149, 18);
INSERT INTO MoviePeople (MovieID, PersonID, RoleID) VALUES (149, 2734, 1);
INSERT INTO MoviePeople (MovieID, PersonID, RoleID) VALUES (149, 2715, 2);
INSERT INTO MoviePeople (MovieID, PersonID, RoleID) VALUES (149, 3034, 3);
INSERT INTO MoviePeople (MovieID, PersonID, RoleID) VALUES (149, 2626, 4);
INSERT INTO MoviePeople (MovieID, PersonID, RoleID) VALUES (149, 2732, 5);

INSERT INTO Movies (MovieID, Series_Title, Released_Year, RuntimeMinutes, Overview, Poster_Link, IMDB_Rating, Meta_score, No_of_Votes, Gross_Revenue, CertificateID) VALUES (150, 'There Will Be Blood', 2007.0, 158, 'A story of family, religion, hatred, oil and madness, focusing on a turn-of-the-century prospector in the early days of the business.', 'https://m.media-amazon.com/images/M/MV5BMjAxODQ4MDU5NV5BMl5BanBnXkFtZTcwMDU4MjU1MQ@@._V1_UX67_CR0,0,67,98_AL_.jpg', 8.2, 93.0, 517359, 40222514.0, 2);
INSERT INTO MovieGenres (MovieID, GenreID) VALUES (150, 7);
INSERT INTO MoviePeople (MovieID, PersonID, RoleID) VALUES (150, 2317, 1);
INSERT INTO MoviePeople (MovieID, PersonID, RoleID) VALUES (150, 594, 2);
INSERT INTO MoviePeople (MovieID, PersonID, RoleID) VALUES (150, 2297, 3);
INSERT INTO MoviePeople (MovieID, PersonID, RoleID) VALUES (150, 533, 4);
INSERT INTO MoviePeople (MovieID, PersonID, RoleID) VALUES (150, 1957, 5);

INSERT INTO Movies (MovieID, Series_Title, Released_Year, RuntimeMinutes, Overview, Poster_Link, IMDB_Rating, Meta_score, No_of_Votes, Gross_Revenue, CertificateID) VALUES (151, 'Pan''s Labyrinth', 2006.0, 118, 'In the Falangist Spain of 1944, the bookish young stepdaughter of a sadistic army officer escapes into an eerie but captivating fantasy world.', 'https://m.media-amazon.com/images/M/MV5BMTU3ODg2NjQ5NF5BMl5BanBnXkFtZTcwMDEwODgzMQ@@._V1_UX67_CR0,0,67,98_AL_.jpg', 8.2, 98.0, 618623, 37634615.0, 15);
INSERT INTO MovieGenres (MovieID, GenreID) VALUES (151, 7);
INSERT INTO MovieGenres (MovieID, GenreID) VALUES (151, 9);
INSERT INTO MovieGenres (MovieID, GenreID) VALUES (151, 20);
INSERT INTO MoviePeople (MovieID, PersonID, RoleID) VALUES (151, 1046, 1);
INSERT INTO MoviePeople (MovieID, PersonID, RoleID) VALUES (151, 1197, 2);
INSERT INTO MoviePeople (MovieID, PersonID, RoleID) VALUES (151, 216, 3);
INSERT INTO MoviePeople (MovieID, PersonID, RoleID) VALUES (151, 2706, 4);
INSERT INTO MoviePeople (MovieID, PersonID, RoleID) VALUES (151, 1914, 5);

INSERT INTO Movies (MovieID, Series_Title, Released_Year, RuntimeMinutes, Overview, Poster_Link, IMDB_Rating, Meta_score, No_of_Votes, Gross_Revenue, CertificateID) VALUES (152, 'Toy Story 3', 2010.0, 103, 'The toys are mistakenly delivered to a day-care center instead of the attic right before Andy leaves for college, and it''s up to Woody to convince the other toys that they weren''t abandoned and to return home.', 'https://m.media-amazon.com/images/M/MV5BMTgxOTY4Mjc0MF5BMl5BanBnXkFtZTcwNTA4MDQyMw@@._V1_UY98_CR1,0,67,98_AL_.jpg', 8.2, 92.0, 757032, 415004880.0, 13);
INSERT INTO MovieGenres (MovieID, GenreID) VALUES (152, 3);
INSERT INTO MovieGenres (MovieID, GenreID) VALUES (152, 2);
INSERT INTO MovieGenres (MovieID, GenreID) VALUES (152, 5);
INSERT INTO MoviePeople (MovieID, PersonID, RoleID) VALUES (152, 1756, 1);
INSERT INTO MoviePeople (MovieID, PersonID, RoleID) VALUES (152, 2949, 2);
INSERT INTO MoviePeople (MovieID, PersonID, RoleID) VALUES (152, 2923, 3);
INSERT INTO MoviePeople (MovieID, PersonID, RoleID) VALUES (152, 1403, 4);
INSERT INTO MoviePeople (MovieID, PersonID, RoleID) VALUES (152, 2181, 5);

INSERT INTO Movies (MovieID, Series_Title, Released_Year, RuntimeMinutes, Overview, Poster_Link, IMDB_Rating, Meta_score, No_of_Votes, Gross_Revenue, CertificateID) VALUES (153, 'V for Vendetta', 2005.0, 132, 'In a future British tyranny, a shadowy freedom fighter, known only by the alias of "V", plots to overthrow it with the help of a young woman.', 'https://m.media-amazon.com/images/M/MV5BOTI5ODc3NzExNV5BMl5BanBnXkFtZTcwNzYxNzQzMw@@._V1_UX67_CR0,0,67,98_AL_.jpg', 8.2, 62.0, 1032749, 70511035.0, 2);
INSERT INTO MovieGenres (MovieID, GenreID) VALUES (153, 1);
INSERT INTO MovieGenres (MovieID, GenreID) VALUES (153, 7);
INSERT INTO MovieGenres (MovieID, GenreID) VALUES (153, 17);
INSERT INTO MoviePeople (MovieID, PersonID, RoleID) VALUES (153, 1259, 1);
INSERT INTO MoviePeople (MovieID, PersonID, RoleID) VALUES (153, 1151, 2);
INSERT INTO MoviePeople (MovieID, PersonID, RoleID) VALUES (153, 2172, 3);
INSERT INTO MoviePeople (MovieID, PersonID, RoleID) VALUES (153, 2597, 4);
INSERT INTO MoviePeople (MovieID, PersonID, RoleID) VALUES (153, 2805, 5);

INSERT INTO Movies (MovieID, Series_Title, Released_Year, RuntimeMinutes, Overview, Poster_Link, IMDB_Rating, Meta_score, No_of_Votes, Gross_Revenue, CertificateID) VALUES (154, 'Rang De Basanti', 2006.0, 167, 'The story of six young Indians who assist an English woman to film a documentary on the freedom fighters from their past, and the events that lead them to relive the long-forgotten saga of freedom.', 'https://m.media-amazon.com/images/M/MV5BYThmZDA0YmQtMWJhNy00MDQwLTk0Y2YtMDhmZTE5ZjhlNjliXkEyXkFqcGdeQXVyODE5NzE3OTE@._V1_UY98_CR1,0,67,98_AL_.jpg', 8.2, NULL, 111937, 2197331.0, 15);
INSERT INTO MovieGenres (MovieID, GenreID) VALUES (154, 5);
INSERT INTO MovieGenres (MovieID, GenreID) VALUES (154, 6);
INSERT INTO MovieGenres (MovieID, GenreID) VALUES (154, 7);
INSERT INTO MoviePeople (MovieID, PersonID, RoleID) VALUES (154, 2414, 1);
INSERT INTO MoviePeople (MovieID, PersonID, RoleID) VALUES (154, 2, 2);
INSERT INTO MoviePeople (MovieID, PersonID, RoleID) VALUES (154, 2768, 3);
INSERT INTO MoviePeople (MovieID, PersonID, RoleID) VALUES (154, 2750, 4);
INSERT INTO MoviePeople (MovieID, PersonID, RoleID) VALUES (154, 2723, 5);

INSERT INTO Movies (MovieID, Series_Title, Released_Year, RuntimeMinutes, Overview, Poster_Link, IMDB_Rating, Meta_score, No_of_Votes, Gross_Revenue, CertificateID) VALUES (155, 'Black', 2005.0, 122, 'The cathartic tale of a young woman who can''t see, hear or talk and the teacher who brings a ray of light into her dark world.', 'https://m.media-amazon.com/images/M/MV5BNTI5MmE5M2UtZjIzYS00M2JjLWIwNDItYTY2ZWNiODBmYTBiXkEyXkFqcGdeQXVyNjQ2MjQ5NzM@._V1_UY98_CR0,0,67,98_AL_.jpg', 8.2, NULL, 33354, 733094.0, 13);
INSERT INTO MovieGenres (MovieID, GenreID) VALUES (155, 7);
INSERT INTO MoviePeople (MovieID, PersonID, RoleID) VALUES (155, 2662, 1);
INSERT INTO MoviePeople (MovieID, PersonID, RoleID) VALUES (155, 112, 2);
INSERT INTO MoviePeople (MovieID, PersonID, RoleID) VALUES (155, 2431, 3);
INSERT INTO MoviePeople (MovieID, PersonID, RoleID) VALUES (155, 2729, 4);
INSERT INTO MoviePeople (MovieID, PersonID, RoleID) VALUES (155, 251, 5);

INSERT INTO Movies (MovieID, Series_Title, Released_Year, RuntimeMinutes, Overview, Poster_Link, IMDB_Rating, Meta_score, No_of_Votes, Gross_Revenue, CertificateID) VALUES (156, 'Batman Begins', 2005.0, 140, 'After training with his mentor, Batman begins his fight to free crime-ridden Gotham City from corruption.', 'https://m.media-amazon.com/images/M/MV5BOTY4YjI2N2MtYmFlMC00ZjcyLTg3YjEtMDQyM2ZjYzQ5YWFkXkEyXkFqcGdeQXVyMTQxNzMzNDI@._V1_UX67_CR0,0,67,98_AL_.jpg', 8.2, 70.0, 1308302, 206852432.0, 15);
INSERT INTO MovieGenres (MovieID, GenreID) VALUES (156, 1);
INSERT INTO MovieGenres (MovieID, GenreID) VALUES (156, 2);
INSERT INTO MoviePeople (MovieID, PersonID, RoleID) VALUES (156, 527, 1);
INSERT INTO MoviePeople (MovieID, PersonID, RoleID) VALUES (156, 509, 2);
INSERT INTO MoviePeople (MovieID, PersonID, RoleID) VALUES (156, 2046, 3);
INSERT INTO MoviePeople (MovieID, PersonID, RoleID) VALUES (156, 1653, 4);
INSERT INTO MoviePeople (MovieID, PersonID, RoleID) VALUES (156, 1789, 5);

INSERT INTO Movies (MovieID, Series_Title, Released_Year, RuntimeMinutes, Overview, Poster_Link, IMDB_Rating, Meta_score, No_of_Votes, Gross_Revenue, CertificateID) VALUES (157, 'Swades: We, the People', 2004.0, 210, 'A successful Indian scientist returns to an Indian village to take his nanny to America with him and in the process rediscovers his roots.', 'https://m.media-amazon.com/images/M/MV5BYzExOTcwNjYtZTljMC00YTQ2LWI2YjYtNWFlYzQ0YTJhNzJmXkEyXkFqcGdeQXVyNjQ2MjQ5NzM@._V1_UY98_CR0,0,67,98_AL_.jpg', 8.2, NULL, 83005, 1223240.0, 13);
INSERT INTO MovieGenres (MovieID, GenreID) VALUES (157, 7);
INSERT INTO MoviePeople (MovieID, PersonID, RoleID) VALUES (157, 239, 1);
INSERT INTO MoviePeople (MovieID, PersonID, RoleID) VALUES (157, 2715, 2);
INSERT INTO MoviePeople (MovieID, PersonID, RoleID) VALUES (157, 954, 3);
INSERT INTO MoviePeople (MovieID, PersonID, RoleID) VALUES (157, 1698, 4);
INSERT INTO MoviePeople (MovieID, PersonID, RoleID) VALUES (157, 2766, 5);

INSERT INTO Movies (MovieID, Series_Title, Released_Year, RuntimeMinutes, Overview, Poster_Link, IMDB_Rating, Meta_score, No_of_Votes, Gross_Revenue, CertificateID) VALUES (158, 'Der Untergang', 2004.0, 156, 'Traudl Junge, the final secretary for Adolf Hitler, tells of the Nazi dictator''s final days in his Berlin bunker at the end of WWII.', 'https://m.media-amazon.com/images/M/MV5BMTU0NTU5NTAyMl5BMl5BanBnXkFtZTYwNzYwMDg2._V1_UX67_CR0,0,67,98_AL_.jpg', 8.2, 82.0, 331308, 5509040.0, 9);
INSERT INTO MovieGenres (MovieID, GenreID) VALUES (158, 4);
INSERT INTO MovieGenres (MovieID, GenreID) VALUES (158, 7);
INSERT INTO MovieGenres (MovieID, GenreID) VALUES (158, 11);
INSERT INTO MoviePeople (MovieID, PersonID, RoleID) VALUES (158, 2244, 1);
INSERT INTO MoviePeople (MovieID, PersonID, RoleID) VALUES (158, 386, 2);
INSERT INTO MoviePeople (MovieID, PersonID, RoleID) VALUES (158, 85, 3);
INSERT INTO MoviePeople (MovieID, PersonID, RoleID) VALUES (158, 3005, 4);
INSERT INTO MoviePeople (MovieID, PersonID, RoleID) VALUES (158, 1560, 5);

INSERT INTO Movies (MovieID, Series_Title, Released_Year, RuntimeMinutes, Overview, Poster_Link, IMDB_Rating, Meta_score, No_of_Votes, Gross_Revenue, CertificateID) VALUES (159, 'Hauru no ugoku shiro', 2004.0, 119, 'When an unconfident young woman is cursed with an old body by a spiteful witch, her only chance of breaking the spell lies with a self-indulgent yet insecure young wizard and his companions in his legged, walking castle.', 'https://m.media-amazon.com/images/M/MV5BNmM4YTFmMmItMGE3Yy00MmRkLTlmZGEtMzZlOTQzYjk3MzA2XkEyXkFqcGdeQXVyMTMxODk2OTU@._V1_UX67_CR0,0,67,98_AL_.jpg', 8.2, 80.0, 333915, 4711096.0, 13);
INSERT INTO MovieGenres (MovieID, GenreID) VALUES (159, 3);
INSERT INTO MovieGenres (MovieID, GenreID) VALUES (159, 2);
INSERT INTO MovieGenres (MovieID, GenreID) VALUES (159, 8);
INSERT INTO MoviePeople (MovieID, PersonID, RoleID) VALUES (159, 1092, 1);
INSERT INTO MoviePeople (MovieID, PersonID, RoleID) VALUES (159, 485, 2);
INSERT INTO MoviePeople (MovieID, PersonID, RoleID) VALUES (159, 2860, 3);
INSERT INTO MoviePeople (MovieID, PersonID, RoleID) VALUES (159, 2873, 4);
INSERT INTO MoviePeople (MovieID, PersonID, RoleID) VALUES (159, 37, 5);

INSERT INTO Movies (MovieID, Series_Title, Released_Year, RuntimeMinutes, Overview, Poster_Link, IMDB_Rating, Meta_score, No_of_Votes, Gross_Revenue, CertificateID) VALUES (160, 'A Beautiful Mind', 2001.0, 135, 'After John Nash, a brilliant but asocial mathematician, accepts secret work in cryptography, his life takes a turn for the nightmarish.', 'https://m.media-amazon.com/images/M/MV5BMzcwYWFkYzktZjAzNC00OGY1LWI4YTgtNzc5MzVjMDVmNjY0XkEyXkFqcGdeQXVyMTQxNzMzNDI@._V1_UX67_CR0,0,67,98_AL_.jpg', 8.2, 72.0, 848920, 170742341.0, 15);
INSERT INTO MovieGenres (MovieID, GenreID) VALUES (160, 4);
INSERT INTO MovieGenres (MovieID, GenreID) VALUES (160, 7);
INSERT INTO MoviePeople (MovieID, PersonID, RoleID) VALUES (160, 2566, 1);
INSERT INTO MoviePeople (MovieID, PersonID, RoleID) VALUES (160, 2600, 2);
INSERT INTO MoviePeople (MovieID, PersonID, RoleID) VALUES (160, 734, 3);
INSERT INTO MoviePeople (MovieID, PersonID, RoleID) VALUES (160, 1352, 4);
INSERT INTO MoviePeople (MovieID, PersonID, RoleID) VALUES (160, 528, 5);

INSERT INTO Movies (MovieID, Series_Title, Released_Year, RuntimeMinutes, Overview, Poster_Link, IMDB_Rating, Meta_score, No_of_Votes, Gross_Revenue, CertificateID) VALUES (161, 'Hera Pheri', 2000.0, 156, 'Three unemployed men look for answers to all their money problems - but when their opportunity arrives, will they know what to do with it?', 'https://m.media-amazon.com/images/M/MV5BMGMzZjY2ZWQtZjQxYS00NWY3LThhNjItNWQzNTkzOTllODljXkEyXkFqcGdeQXVyNjY1MTg4Mzc@._V1_UY98_CR1,0,67,98_AL_.jpg', 8.2, NULL, 57057, NULL, 13);
INSERT INTO MovieGenres (MovieID, GenreID) VALUES (161, 1);
INSERT INTO MovieGenres (MovieID, GenreID) VALUES (161, 5);
INSERT INTO MovieGenres (MovieID, GenreID) VALUES (161, 6);
INSERT INTO MoviePeople (MovieID, PersonID, RoleID) VALUES (161, 2385, 1);
INSERT INTO MoviePeople (MovieID, PersonID, RoleID) VALUES (161, 42, 2);
INSERT INTO MoviePeople (MovieID, PersonID, RoleID) VALUES (161, 2828, 3);
INSERT INTO MoviePeople (MovieID, PersonID, RoleID) VALUES (161, 2279, 4);
INSERT INTO MoviePeople (MovieID, PersonID, RoleID) VALUES (161, 2847, 5);

INSERT INTO Movies (MovieID, Series_Title, Released_Year, RuntimeMinutes, Overview, Poster_Link, IMDB_Rating, Meta_score, No_of_Votes, Gross_Revenue, CertificateID) VALUES (162, 'Lock, Stock and Two Smoking Barrels', 1998.0, 107, 'A botched card game in London triggers four friends, thugs, weed-growers, hard gangsters, loan sharks and debt collectors to collide with each other in a series of unexpected events, all for the sake of weed, cash and two antique shotguns.', 'https://m.media-amazon.com/images/M/MV5BMTAyN2JmZmEtNjAyMy00NzYwLThmY2MtYWQ3OGNhNjExMmM4XkEyXkFqcGdeQXVyNDk3NzU2MTQ@._V1_UX67_CR0,0,67,98_AL_.jpg', 8.2, 66.0, 535216, 3897569.0, 2);
INSERT INTO MovieGenres (MovieID, GenreID) VALUES (162, 1);
INSERT INTO MovieGenres (MovieID, GenreID) VALUES (162, 5);
INSERT INTO MovieGenres (MovieID, GenreID) VALUES (162, 6);
INSERT INTO MoviePeople (MovieID, PersonID, RoleID) VALUES (162, 1056, 1);
INSERT INTO MoviePeople (MovieID, PersonID, RoleID) VALUES (162, 1295, 2);
INSERT INTO MoviePeople (MovieID, PersonID, RoleID) VALUES (162, 679, 3);
INSERT INTO MoviePeople (MovieID, PersonID, RoleID) VALUES (162, 2196, 4);
INSERT INTO MoviePeople (MovieID, PersonID, RoleID) VALUES (162, 1303, 5);

INSERT INTO Movies (MovieID, Series_Title, Released_Year, RuntimeMinutes, Overview, Poster_Link, IMDB_Rating, Meta_score, No_of_Votes, Gross_Revenue, CertificateID) VALUES (163, 'L.A. Confidential', 1997.0, 138, 'As corruption grows in 1950s Los Angeles, three policemen - one strait-laced, one brutal, and one sleazy - investigate a series of murders with their own brand of justice.', 'https://m.media-amazon.com/images/M/MV5BMDQ2YzEyZGItYWRhOS00MjBmLTkzMDUtMTdjYzkyMmQxZTJlXkEyXkFqcGdeQXVyNjU0OTQ0OTY@._V1_UX67_CR0,0,67,98_AL_.jpg', 8.2, 90.0, 531967, 64616940.0, 2);
INSERT INTO MovieGenres (MovieID, GenreID) VALUES (163, 6);
INSERT INTO MovieGenres (MovieID, GenreID) VALUES (163, 7);
INSERT INTO MovieGenres (MovieID, GenreID) VALUES (163, 15);
INSERT INTO MoviePeople (MovieID, PersonID, RoleID) VALUES (163, 569, 1);
INSERT INTO MoviePeople (MovieID, PersonID, RoleID) VALUES (163, 1672, 2);
INSERT INTO MoviePeople (MovieID, PersonID, RoleID) VALUES (163, 2600, 3);
INSERT INTO MoviePeople (MovieID, PersonID, RoleID) VALUES (163, 1055, 4);
INSERT INTO MoviePeople (MovieID, PersonID, RoleID) VALUES (163, 1676, 5);

INSERT INTO Movies (MovieID, Series_Title, Released_Year, RuntimeMinutes, Overview, Poster_Link, IMDB_Rating, Meta_score, No_of_Votes, Gross_Revenue, CertificateID) VALUES (164, 'Eskiya', 1996.0, 128, 'Baran the Bandit, released from prison after 35 years, searches for vengeance and his lover.', 'https://m.media-amazon.com/images/M/MV5BOGQ4ZjFmYjktOGNkNS00OWYyLWIyZjgtMGJjM2U1ZTA0ZTlhXkEyXkFqcGdeQXVyNTA4NzY1MzY@._V1_UY98_CR1,0,67,98_AL_.jpg', 8.2, NULL, 64118, NULL, NULL);
INSERT INTO MovieGenres (MovieID, GenreID) VALUES (164, 6);
INSERT INTO MovieGenres (MovieID, GenreID) VALUES (164, 7);
INSERT INTO MovieGenres (MovieID, GenreID) VALUES (164, 19);
INSERT INTO MoviePeople (MovieID, PersonID, RoleID) VALUES (164, 3142, 1);
INSERT INTO MoviePeople (MovieID, PersonID, RoleID) VALUES (164, 2704, 2);
INSERT INTO MoviePeople (MovieID, PersonID, RoleID) VALUES (164, 3003, 3);
INSERT INTO MoviePeople (MovieID, PersonID, RoleID) VALUES (164, 2709, 4);
INSERT INTO MoviePeople (MovieID, PersonID, RoleID) VALUES (164, 3146, 5);

INSERT INTO Movies (MovieID, Series_Title, Released_Year, RuntimeMinutes, Overview, Poster_Link, IMDB_Rating, Meta_score, No_of_Votes, Gross_Revenue, CertificateID) VALUES (165, 'Heat', 1995.0, 170, 'A group of professional bank robbers start to feel the heat from police when they unknowingly leave a clue at their latest heist.', 'https://m.media-amazon.com/images/M/MV5BNGMwNzUwNjYtZWM5NS00YzMyLWI4NjAtNjM0ZDBiMzE1YWExXkEyXkFqcGdeQXVyNDk3NzU2MTQ@._V1_UX67_CR0,0,67,98_AL_.jpg', 8.2, 76.0, 577113, 67436818.0, 2);
INSERT INTO MovieGenres (MovieID, GenreID) VALUES (165, 6);
INSERT INTO MovieGenres (MovieID, GenreID) VALUES (165, 7);
INSERT INTO MovieGenres (MovieID, GenreID) VALUES (165, 19);
INSERT INTO MoviePeople (MovieID, PersonID, RoleID) VALUES (165, 2061, 1);
INSERT INTO MoviePeople (MovieID, PersonID, RoleID) VALUES (165, 45, 2);
INSERT INTO MoviePeople (MovieID, PersonID, RoleID) VALUES (165, 2517, 3);
INSERT INTO MoviePeople (MovieID, PersonID, RoleID) VALUES (165, 3011, 4);
INSERT INTO MoviePeople (MovieID, PersonID, RoleID) VALUES (165, 1503, 5);

INSERT INTO Movies (MovieID, Series_Title, Released_Year, RuntimeMinutes, Overview, Poster_Link, IMDB_Rating, Meta_score, No_of_Votes, Gross_Revenue, CertificateID) VALUES (166, 'Casino', 1995.0, 178, 'A tale of greed, deception, money, power, and murder occur between two best friends: a mafia enforcer and a casino executive compete against each other over a gambling empire, and over a fast-living and fast-loving socialite.', 'https://m.media-amazon.com/images/M/MV5BMTcxOWYzNDYtYmM4YS00N2NkLTk0NTAtNjg1ODgwZjAxYzI3XkEyXkFqcGdeQXVyNTA4NzY1MzY@._V1_UX67_CR0,0,67,98_AL_.jpg', 8.2, 73.0, 466276, 42438300.0, 2);
INSERT INTO MovieGenres (MovieID, GenreID) VALUES (166, 6);
INSERT INTO MovieGenres (MovieID, GenreID) VALUES (166, 7);
INSERT INTO MoviePeople (MovieID, PersonID, RoleID) VALUES (166, 1955, 1);
INSERT INTO MoviePeople (MovieID, PersonID, RoleID) VALUES (166, 2517, 2);
INSERT INTO MoviePeople (MovieID, PersonID, RoleID) VALUES (166, 2725, 3);
INSERT INTO MoviePeople (MovieID, PersonID, RoleID) VALUES (166, 1414, 4);
INSERT INTO MoviePeople (MovieID, PersonID, RoleID) VALUES (166, 1266, 5);

INSERT INTO Movies (MovieID, Series_Title, Released_Year, RuntimeMinutes, Overview, Poster_Link, IMDB_Rating, Meta_score, No_of_Votes, Gross_Revenue, CertificateID) VALUES (167, 'Andaz Apna Apna', 1994.0, 160, 'Two slackers competing for the affections of an heiress inadvertently become her protectors from an evil criminal.', 'https://m.media-amazon.com/images/M/MV5BZTIwYzRjMGYtZWQ0Ni00NDZhLThhZDYtOGViZGJiZTkwMzk2XkEyXkFqcGdeQXVyODE5NzE3OTE@._V1_UY98_CR3,0,67,98_AL_.jpg', 8.2, NULL, 49300, NULL, 13);
INSERT INTO MovieGenres (MovieID, GenreID) VALUES (167, 1);
INSERT INTO MovieGenres (MovieID, GenreID) VALUES (167, 5);
INSERT INTO MovieGenres (MovieID, GenreID) VALUES (167, 16);
INSERT INTO MoviePeople (MovieID, PersonID, RoleID) VALUES (167, 2412, 1);
INSERT INTO MoviePeople (MovieID, PersonID, RoleID) VALUES (167, 2, 2);
INSERT INTO MoviePeople (MovieID, PersonID, RoleID) VALUES (167, 2637, 3);
INSERT INTO MoviePeople (MovieID, PersonID, RoleID) VALUES (167, 2437, 4);
INSERT INTO MoviePeople (MovieID, PersonID, RoleID) VALUES (167, 1609, 5);

INSERT INTO Movies (MovieID, Series_Title, Released_Year, RuntimeMinutes, Overview, Poster_Link, IMDB_Rating, Meta_score, No_of_Votes, Gross_Revenue, CertificateID) VALUES (168, 'Unforgiven', 1992.0, 130, 'Retired Old West gunslinger William Munny reluctantly takes on one last job, with the help of his old partner Ned Logan and a young man, The "Schofield Kid."', 'https://m.media-amazon.com/images/M/MV5BODM3YWY4NmQtN2Y3Ni00OTg0LWFhZGQtZWE3ZWY4MTJlOWU4XkEyXkFqcGdeQXVyNjU0OTQ0OTY@._V1_UX67_CR0,0,67,98_AL_.jpg', 8.2, 85.0, 375935, 101157447.0, 2);
INSERT INTO MovieGenres (MovieID, GenreID) VALUES (168, 7);
INSERT INTO MovieGenres (MovieID, GenreID) VALUES (168, 21);
INSERT INTO MoviePeople (MovieID, PersonID, RoleID) VALUES (168, 547, 1);
INSERT INTO MoviePeople (MovieID, PersonID, RoleID) VALUES (168, 547, 2);
INSERT INTO MoviePeople (MovieID, PersonID, RoleID) VALUES (168, 960, 3);
INSERT INTO MoviePeople (MovieID, PersonID, RoleID) VALUES (168, 2144, 4);
INSERT INTO MoviePeople (MovieID, PersonID, RoleID) VALUES (168, 2483, 5);

INSERT INTO Movies (MovieID, Series_Title, Released_Year, RuntimeMinutes, Overview, Poster_Link, IMDB_Rating, Meta_score, No_of_Votes, Gross_Revenue, CertificateID) VALUES (169, 'Indiana Jones and the Last Crusade', 1989.0, 127, 'In 1938, after his father Professor Henry Jones, Sr. goes missing while pursuing the Holy Grail, Professor Henry "Indiana" Jones, Jr. finds himself up against Adolf Hitler''s Nazis again to stop them from obtaining its powers.', 'https://m.media-amazon.com/images/M/MV5BMjNkMzc2N2QtNjVlNS00ZTk5LTg0MTgtODY2MDAwNTMwZjBjXkEyXkFqcGdeQXVyNDk3NzU2MTQ@._V1_UX67_CR0,0,67,98_AL_.jpg', 8.2, 65.0, 692366, 197171806.0, 13);
INSERT INTO MovieGenres (MovieID, GenreID) VALUES (169, 1);
INSERT INTO MovieGenres (MovieID, GenreID) VALUES (169, 2);
INSERT INTO MoviePeople (MovieID, PersonID, RoleID) VALUES (169, 2818, 1);
INSERT INTO MoviePeople (MovieID, PersonID, RoleID) VALUES (169, 1079, 2);
INSERT INTO MoviePeople (MovieID, PersonID, RoleID) VALUES (169, 2695, 3);
INSERT INTO MoviePeople (MovieID, PersonID, RoleID) VALUES (169, 100, 4);
INSERT INTO MoviePeople (MovieID, PersonID, RoleID) VALUES (169, 666, 5);

INSERT INTO Movies (MovieID, Series_Title, Released_Year, RuntimeMinutes, Overview, Poster_Link, IMDB_Rating, Meta_score, No_of_Votes, Gross_Revenue, CertificateID) VALUES (170, 'Dom za vesanje', 1988.0, 142, 'In this luminous tale set in the area around Sarajevo and in Italy, Perhan, an engaging young Romany (gypsy) with telekinetic powers, is seduced by the quick-cash world of petty crime, which threatens to destroy him and those he loves.', 'https://m.media-amazon.com/images/M/MV5BODI2ZjVlMGQtMWE5ZS00MjJiLWIyMWYtMGU5NmIxNDc0OTMyXkEyXkFqcGdeQXVyMTQ3Njg3MQ@@._V1_UX67_CR0,0,67,98_AL_.jpg', 8.2, NULL, 26402, 280015.0, 9);
INSERT INTO MovieGenres (MovieID, GenreID) VALUES (170, 5);
INSERT INTO MovieGenres (MovieID, GenreID) VALUES (170, 6);
INSERT INTO MovieGenres (MovieID, GenreID) VALUES (170, 7);
INSERT INTO MoviePeople (MovieID, PersonID, RoleID) VALUES (170, 807, 1);
INSERT INTO MoviePeople (MovieID, PersonID, RoleID) VALUES (170, 650, 2);
INSERT INTO MoviePeople (MovieID, PersonID, RoleID) VALUES (170, 342, 3);
INSERT INTO MoviePeople (MovieID, PersonID, RoleID) VALUES (170, 1817, 4);
INSERT INTO MoviePeople (MovieID, PersonID, RoleID) VALUES (170, 1153, 5);

INSERT INTO Movies (MovieID, Series_Title, Released_Year, RuntimeMinutes, Overview, Poster_Link, IMDB_Rating, Meta_score, No_of_Votes, Gross_Revenue, CertificateID) VALUES (171, 'Tonari no Totoro', 1988.0, 86, 'When two girls move to the country to be near their ailing mother, they have adventures with the wondrous forest spirits who live nearby.', 'https://m.media-amazon.com/images/M/MV5BYzJjMTYyMjQtZDI0My00ZjE2LTkyNGYtOTllNGQxNDMyZjE0XkEyXkFqcGdeQXVyMTMxODk2OTU@._V1_UY98_CR1,0,67,98_AL_.jpg', 8.2, 86.0, 291180, 1105564.0, 13);
INSERT INTO MovieGenres (MovieID, GenreID) VALUES (171, 3);
INSERT INTO MovieGenres (MovieID, GenreID) VALUES (171, 8);
INSERT INTO MovieGenres (MovieID, GenreID) VALUES (171, 9);
INSERT INTO MoviePeople (MovieID, PersonID, RoleID) VALUES (171, 1092, 1);
INSERT INTO MoviePeople (MovieID, PersonID, RoleID) VALUES (171, 1129, 2);
INSERT INTO MoviePeople (MovieID, PersonID, RoleID) VALUES (171, 2225, 3);
INSERT INTO MoviePeople (MovieID, PersonID, RoleID) VALUES (171, 487, 4);
INSERT INTO MoviePeople (MovieID, PersonID, RoleID) VALUES (171, 2731, 5);

INSERT INTO Movies (MovieID, Series_Title, Released_Year, RuntimeMinutes, Overview, Poster_Link, IMDB_Rating, Meta_score, No_of_Votes, Gross_Revenue, CertificateID) VALUES (172, 'Die Hard', 1988.0, 132, 'An NYPD officer tries to save his wife and several others taken hostage by German terrorists during a Christmas party at the Nakatomi Plaza in Los Angeles.', 'https://m.media-amazon.com/images/M/MV5BZjRlNDUxZjAtOGQ4OC00OTNlLTgxNmQtYTBmMDgwZmNmNjkxXkEyXkFqcGdeQXVyNzkwMjQ5NzM@._V1_UX67_CR0,0,67,98_AL_.jpg', 8.2, 72.0, 793164, 83008852.0, 2);
INSERT INTO MovieGenres (MovieID, GenreID) VALUES (172, 1);
INSERT INTO MovieGenres (MovieID, GenreID) VALUES (172, 19);
INSERT INTO MoviePeople (MovieID, PersonID, RoleID) VALUES (172, 1473, 1);
INSERT INTO MoviePeople (MovieID, PersonID, RoleID) VALUES (172, 385, 2);
INSERT INTO MoviePeople (MovieID, PersonID, RoleID) VALUES (172, 56, 3);
INSERT INTO MoviePeople (MovieID, PersonID, RoleID) VALUES (172, 340, 4);
INSERT INTO MoviePeople (MovieID, PersonID, RoleID) VALUES (172, 2448, 5);

INSERT INTO Movies (MovieID, Series_Title, Released_Year, RuntimeMinutes, Overview, Poster_Link, IMDB_Rating, Meta_score, No_of_Votes, Gross_Revenue, CertificateID) VALUES (173, 'Ran', 1985.0, 162, 'In Medieval Japan, an elderly warlord retires, handing over his empire to his three sons. However, he vastly underestimates how the new-found power will corrupt them and cause them to turn on each other...and him.', 'https://m.media-amazon.com/images/M/MV5BZDBjZTM4ZmEtOTA5ZC00NTQzLTkyNzYtMmUxNGU2YjI5YjU5L2ltYWdlXkEyXkFqcGdeQXVyNTAyODkwOQ@@._V1_UY98_CR1,0,67,98_AL_.jpg', 8.2, 96.0, 112505, 4135750.0, 13);
INSERT INTO MovieGenres (MovieID, GenreID) VALUES (173, 1);
INSERT INTO MovieGenres (MovieID, GenreID) VALUES (173, 7);
INSERT INTO MovieGenres (MovieID, GenreID) VALUES (173, 20);
INSERT INTO MoviePeople (MovieID, PersonID, RoleID) VALUES (173, 40, 1);
INSERT INTO MoviePeople (MovieID, PersonID, RoleID) VALUES (173, 2874, 2);
INSERT INTO MoviePeople (MovieID, PersonID, RoleID) VALUES (173, 41, 3);
INSERT INTO MoviePeople (MovieID, PersonID, RoleID) VALUES (173, 1397, 4);
INSERT INTO MoviePeople (MovieID, PersonID, RoleID) VALUES (173, 575, 5);

INSERT INTO Movies (MovieID, Series_Title, Released_Year, RuntimeMinutes, Overview, Poster_Link, IMDB_Rating, Meta_score, No_of_Votes, Gross_Revenue, CertificateID) VALUES (174, 'Raging Bull', 1980.0, 129, 'The life of boxer Jake LaMotta, whose violence and temper that led him to the top in the ring destroyed his life outside of it.', 'https://m.media-amazon.com/images/M/MV5BYjRmODkzNDItMTNhNi00YjJlLTg0ZjAtODlhZTM0YzgzYThlXkEyXkFqcGdeQXVyNzQ1ODk3MTQ@._V1_UX67_CR0,0,67,98_AL_.jpg', 8.2, 89.0, 321860, 23383987.0, 2);
INSERT INTO MovieGenres (MovieID, GenreID) VALUES (174, 4);
INSERT INTO MovieGenres (MovieID, GenreID) VALUES (174, 7);
INSERT INTO MovieGenres (MovieID, GenreID) VALUES (174, 18);
INSERT INTO MoviePeople (MovieID, PersonID, RoleID) VALUES (174, 1955, 1);
INSERT INTO MoviePeople (MovieID, PersonID, RoleID) VALUES (174, 2517, 2);
INSERT INTO MoviePeople (MovieID, PersonID, RoleID) VALUES (174, 448, 3);
INSERT INTO MoviePeople (MovieID, PersonID, RoleID) VALUES (174, 1414, 4);
INSERT INTO MoviePeople (MovieID, PersonID, RoleID) VALUES (174, 909, 5);

INSERT INTO Movies (MovieID, Series_Title, Released_Year, RuntimeMinutes, Overview, Poster_Link, IMDB_Rating, Meta_score, No_of_Votes, Gross_Revenue, CertificateID) VALUES (175, 'Stalker', 1979.0, 162, 'A guide leads two men through an area known as the Zone to find a room that grants wishes.', 'https://m.media-amazon.com/images/M/MV5BMDgwODNmMGItMDcwYi00OWZjLTgyZjAtMGYwMmI4N2Q0NmJmXkEyXkFqcGdeQXVyNzY1MTU0Njk@._V1_UY98_CR1,0,67,98_AL_.jpg', 8.2, NULL, 116945, 234723.0, 13);
INSERT INTO MovieGenres (MovieID, GenreID) VALUES (175, 7);
INSERT INTO MovieGenres (MovieID, GenreID) VALUES (175, 17);
INSERT INTO MoviePeople (MovieID, PersonID, RoleID) VALUES (175, 134, 1);
INSERT INTO MoviePeople (MovieID, PersonID, RoleID) VALUES (175, 98, 2);
INSERT INTO MoviePeople (MovieID, PersonID, RoleID) VALUES (175, 73, 3);
INSERT INTO MoviePeople (MovieID, PersonID, RoleID) VALUES (175, 127, 4);
INSERT INTO MoviePeople (MovieID, PersonID, RoleID) VALUES (175, 2209, 5);

INSERT INTO Movies (MovieID, Series_Title, Released_Year, RuntimeMinutes, Overview, Poster_Link, IMDB_Rating, Meta_score, No_of_Votes, Gross_Revenue, CertificateID) VALUES (176, 'Höstsonaten', 1978.0, 99, 'A married daughter who longs for her mother''s love is visited by the latter, a successful concert pianist.', 'https://m.media-amazon.com/images/M/MV5BNGIyMWRlYTctMWNlMi00ZGIzLThjOTgtZjQzZjRjNmRhMDdlXkEyXkFqcGdeQXVyMTAwMzUyOTc@._V1_UX67_CR0,0,67,98_AL_.jpg', 8.2, NULL, 26875, NULL, 13);
INSERT INTO MovieGenres (MovieID, GenreID) VALUES (176, 7);
INSERT INTO MovieGenres (MovieID, GenreID) VALUES (176, 13);
INSERT INTO MoviePeople (MovieID, PersonID, RoleID) VALUES (176, 1174, 1);
INSERT INTO MoviePeople (MovieID, PersonID, RoleID) VALUES (176, 1175, 2);
INSERT INTO MoviePeople (MovieID, PersonID, RoleID) VALUES (176, 1815, 3);
INSERT INTO MoviePeople (MovieID, PersonID, RoleID) VALUES (176, 1767, 4);
INSERT INTO MoviePeople (MovieID, PersonID, RoleID) VALUES (176, 1072, 5);

INSERT INTO Movies (MovieID, Series_Title, Released_Year, RuntimeMinutes, Overview, Poster_Link, IMDB_Rating, Meta_score, No_of_Votes, Gross_Revenue, CertificateID) VALUES (177, 'The Message', 1976.0, 177, 'This epic historical drama chronicles the life and times of Prophet Muhammad and serves as an introduction to early Islamic history.', 'https://m.media-amazon.com/images/M/MV5BMjk3YjJmYTctMTAzZC00MzE4LWFlZGMtNDM5OTMyMDEzZWIxXkEyXkFqcGdeQXVyNTI4MjkwNjA@._V1_UX67_CR0,0,67,98_AL_.jpg', 8.2, NULL, 43885, NULL, 6);
INSERT INTO MovieGenres (MovieID, GenreID) VALUES (177, 4);
INSERT INTO MovieGenres (MovieID, GenreID) VALUES (177, 7);
INSERT INTO MovieGenres (MovieID, GenreID) VALUES (177, 11);
INSERT INTO MoviePeople (MovieID, PersonID, RoleID) VALUES (177, 2147, 1);
INSERT INTO MoviePeople (MovieID, PersonID, RoleID) VALUES (177, 196, 2);
INSERT INTO MoviePeople (MovieID, PersonID, RoleID) VALUES (177, 1179, 3);
INSERT INTO MoviePeople (MovieID, PersonID, RoleID) VALUES (177, 2040, 4);
INSERT INTO MoviePeople (MovieID, PersonID, RoleID) VALUES (177, 1497, 5);

INSERT INTO Movies (MovieID, Series_Title, Released_Year, RuntimeMinutes, Overview, Poster_Link, IMDB_Rating, Meta_score, No_of_Votes, Gross_Revenue, CertificateID) VALUES (178, 'Sholay', 1975.0, 204, 'After his family is murdered by a notorious and ruthless bandit, a former police officer enlists the services of two outlaws to capture the bandit.', 'https://m.media-amazon.com/images/M/MV5BOGZiM2IwODktNTdiMC00MGU1LWEyZTYtOTk4NTkwYmJkNmI1L2ltYWdlL2ltYWdlXkEyXkFqcGdeQXVyNjU0OTQ0OTY@._V1_UY98_CR2,0,67,98_AL_.jpg', 8.2, NULL, 51284, NULL, 13);
INSERT INTO MovieGenres (MovieID, GenreID) VALUES (178, 1);
INSERT INTO MovieGenres (MovieID, GenreID) VALUES (178, 2);
INSERT INTO MovieGenres (MovieID, GenreID) VALUES (178, 5);
INSERT INTO MoviePeople (MovieID, PersonID, RoleID) VALUES (178, 2424, 1);
INSERT INTO MoviePeople (MovieID, PersonID, RoleID) VALUES (178, 2663, 2);
INSERT INTO MoviePeople (MovieID, PersonID, RoleID) VALUES (178, 680, 3);
INSERT INTO MoviePeople (MovieID, PersonID, RoleID) VALUES (178, 112, 4);
INSERT INTO MoviePeople (MovieID, PersonID, RoleID) VALUES (178, 113, 5);

INSERT INTO Movies (MovieID, Series_Title, Released_Year, RuntimeMinutes, Overview, Poster_Link, IMDB_Rating, Meta_score, No_of_Votes, Gross_Revenue, CertificateID) VALUES (179, 'Monty Python and the Holy Grail', 1975.0, 91, 'King Arthur and his Knights of the Round Table embark on a surreal, low-budget search for the Holy Grail, encountering many, very silly obstacles.', 'https://m.media-amazon.com/images/M/MV5BN2IyNTE4YzUtZWU0Mi00MGIwLTgyMmQtMzQ4YzQxYWNlYWE2XkEyXkFqcGdeQXVyNjU0OTQ0OTY@._V1_UX67_CR0,0,67,98_AL_.jpg', 8.2, 91.0, 500875, 1229197.0, 6);
INSERT INTO MovieGenres (MovieID, GenreID) VALUES (179, 2);
INSERT INTO MovieGenres (MovieID, GenreID) VALUES (179, 5);
INSERT INTO MovieGenres (MovieID, GenreID) VALUES (179, 9);
INSERT INTO MoviePeople (MovieID, PersonID, RoleID) VALUES (179, 2894, 1);
INSERT INTO MoviePeople (MovieID, PersonID, RoleID) VALUES (179, 2895, 2);
INSERT INTO MoviePeople (MovieID, PersonID, RoleID) VALUES (179, 1031, 3);
INSERT INTO MoviePeople (MovieID, PersonID, RoleID) VALUES (179, 1440, 4);
INSERT INTO MoviePeople (MovieID, PersonID, RoleID) VALUES (179, 824, 5);

INSERT INTO Movies (MovieID, Series_Title, Released_Year, RuntimeMinutes, Overview, Poster_Link, IMDB_Rating, Meta_score, No_of_Votes, Gross_Revenue, CertificateID) VALUES (180, 'The Great Escape', 1963.0, 172, 'Allied prisoners of war plan for several hundred of their number to escape from a German camp during World War II.', 'https://m.media-amazon.com/images/M/MV5BNzA2NmYxMWUtNzBlMC00MWM2LTkwNmQtYTFlZjQwODNhOWE0XkEyXkFqcGdeQXVyNTIzOTk5ODM@._V1_UX67_CR0,0,67,98_AL_.jpg', 8.2, 86.0, 224730, 12100000.0, 13);
INSERT INTO MovieGenres (MovieID, GenreID) VALUES (180, 2);
INSERT INTO MovieGenres (MovieID, GenreID) VALUES (180, 7);
INSERT INTO MovieGenres (MovieID, GenreID) VALUES (180, 11);
INSERT INTO MoviePeople (MovieID, PersonID, RoleID) VALUES (180, 1489, 1);
INSERT INTO MoviePeople (MovieID, PersonID, RoleID) VALUES (180, 2814, 2);
INSERT INTO MoviePeople (MovieID, PersonID, RoleID) VALUES (180, 1248, 3);
INSERT INTO MoviePeople (MovieID, PersonID, RoleID) VALUES (180, 2468, 4);
INSERT INTO MoviePeople (MovieID, PersonID, RoleID) VALUES (180, 459, 5);

INSERT INTO Movies (MovieID, Series_Title, Released_Year, RuntimeMinutes, Overview, Poster_Link, IMDB_Rating, Meta_score, No_of_Votes, Gross_Revenue, CertificateID) VALUES (181, 'To Kill a Mockingbird', 1962.0, 129, 'Atticus Finch, a lawyer in the Depression-era South, defends a black man against an undeserved rape charge, and his children against prejudice.', 'https://m.media-amazon.com/images/M/MV5BNmVmYzcwNzMtMWM1NS00MWIyLThlMDEtYzUwZDgzODE1NmE2XkEyXkFqcGdeQXVyNzkwMjQ5NzM@._V1_UX67_CR0,0,67,98_AL_.jpg', 8.2, 88.0, 293811, NULL, 13);
INSERT INTO MovieGenres (MovieID, GenreID) VALUES (181, 6);
INSERT INTO MovieGenres (MovieID, GenreID) VALUES (181, 7);
INSERT INTO MoviePeople (MovieID, PersonID, RoleID) VALUES (181, 2527, 1);
INSERT INTO MoviePeople (MovieID, PersonID, RoleID) VALUES (181, 1039, 2);
INSERT INTO MoviePeople (MovieID, PersonID, RoleID) VALUES (181, 1474, 3);
INSERT INTO MoviePeople (MovieID, PersonID, RoleID) VALUES (181, 905, 4);
INSERT INTO MoviePeople (MovieID, PersonID, RoleID) VALUES (181, 2582, 5);

INSERT INTO Movies (MovieID, Series_Title, Released_Year, RuntimeMinutes, Overview, Poster_Link, IMDB_Rating, Meta_score, No_of_Votes, Gross_Revenue, CertificateID) VALUES (182, 'Yôjinbô', 1961.0, 110, 'A crafty ronin comes to a town divided by two criminal gangs and decides to play them against each other to free the town.', 'https://m.media-amazon.com/images/M/MV5BZThiZjAzZjgtNDU3MC00YThhLThjYWUtZGRkYjc2ZWZlOTVjXkEyXkFqcGdeQXVyNTA4NzY1MzY@._V1_UX67_CR0,0,67,98_AL_.jpg', 8.2, NULL, 111244, NULL, NULL);
INSERT INTO MovieGenres (MovieID, GenreID) VALUES (182, 1);
INSERT INTO MovieGenres (MovieID, GenreID) VALUES (182, 7);
INSERT INTO MovieGenres (MovieID, GenreID) VALUES (182, 19);
INSERT INTO MoviePeople (MovieID, PersonID, RoleID) VALUES (182, 40, 1);
INSERT INTO MoviePeople (MovieID, PersonID, RoleID) VALUES (182, 2981, 2);
INSERT INTO MoviePeople (MovieID, PersonID, RoleID) VALUES (182, 761, 3);
INSERT INTO MoviePeople (MovieID, PersonID, RoleID) VALUES (182, 2874, 4);
INSERT INTO MoviePeople (MovieID, PersonID, RoleID) VALUES (182, 3172, 5);

INSERT INTO Movies (MovieID, Series_Title, Released_Year, RuntimeMinutes, Overview, Poster_Link, IMDB_Rating, Meta_score, No_of_Votes, Gross_Revenue, CertificateID) VALUES (183, 'Judgment at Nuremberg', 1961.0, 179, 'In 1948, an American court in occupied Germany tries four Nazis judged for war crimes.', 'https://m.media-amazon.com/images/M/MV5BNDc2ODQ5NTE2MV5BMl5BanBnXkFtZTcwODExMjUyNA@@._V1_UX67_CR0,0,67,98_AL_.jpg', 8.2, 60.0, 69458, NULL, 2);
INSERT INTO MovieGenres (MovieID, GenreID) VALUES (183, 7);
INSERT INTO MovieGenres (MovieID, GenreID) VALUES (183, 20);
INSERT INTO MoviePeople (MovieID, PersonID, RoleID) VALUES (183, 2793, 1);
INSERT INTO MoviePeople (MovieID, PersonID, RoleID) VALUES (183, 2782, 2);
INSERT INTO MoviePeople (MovieID, PersonID, RoleID) VALUES (183, 398, 3);
INSERT INTO MoviePeople (MovieID, PersonID, RoleID) VALUES (183, 2495, 4);
INSERT INTO MoviePeople (MovieID, PersonID, RoleID) VALUES (183, 1943, 5);

INSERT INTO Movies (MovieID, Series_Title, Released_Year, RuntimeMinutes, Overview, Poster_Link, IMDB_Rating, Meta_score, No_of_Votes, Gross_Revenue, CertificateID) VALUES (184, 'Some Like It Hot', 1959.0, 121, 'After two male musicians witness a mob hit, they flee the state in an all-female band disguised as women, but further complications set in.', 'https://m.media-amazon.com/images/M/MV5BNzAyOGIxYjAtMGY2NC00ZTgyLWIwMWEtYzY0OWQ4NDFjOTc5XkEyXkFqcGdeQXVyNjU0OTQ0OTY@._V1_UX67_CR0,0,67,98_AL_.jpg', 8.2, 98.0, 243943, 25000000.0, 13);
INSERT INTO MovieGenres (MovieID, GenreID) VALUES (184, 5);
INSERT INTO MovieGenres (MovieID, GenreID) VALUES (184, 13);
INSERT INTO MovieGenres (MovieID, GenreID) VALUES (184, 16);
INSERT INTO MoviePeople (MovieID, PersonID, RoleID) VALUES (184, 316, 1);
INSERT INTO MoviePeople (MovieID, PersonID, RoleID) VALUES (184, 1920, 2);
INSERT INTO MoviePeople (MovieID, PersonID, RoleID) VALUES (184, 2972, 3);
INSERT INTO MoviePeople (MovieID, PersonID, RoleID) VALUES (184, 1212, 4);
INSERT INTO MoviePeople (MovieID, PersonID, RoleID) VALUES (184, 982, 5);

INSERT INTO Movies (MovieID, Series_Title, Released_Year, RuntimeMinutes, Overview, Poster_Link, IMDB_Rating, Meta_score, No_of_Votes, Gross_Revenue, CertificateID) VALUES (185, 'Smultronstället', 1957.0, 91, 'After living a life marked by coldness, an aging professor is forced to confront the emptiness of his existence.', 'https://m.media-amazon.com/images/M/MV5BZjJhNTBmNTgtMDViOC00NDY2LWE4N2ItMDJiM2ZiYmQzYzliXkEyXkFqcGdeQXVyMzg1ODEwNQ@@._V1_UY98_CR0,0,67,98_AL_.jpg', 8.2, 88.0, 96381, NULL, 13);
INSERT INTO MovieGenres (MovieID, GenreID) VALUES (185, 7);
INSERT INTO MovieGenres (MovieID, GenreID) VALUES (185, 16);
INSERT INTO MoviePeople (MovieID, PersonID, RoleID) VALUES (185, 1174, 1);
INSERT INTO MoviePeople (MovieID, PersonID, RoleID) VALUES (185, 3030, 2);
INSERT INTO MoviePeople (MovieID, PersonID, RoleID) VALUES (185, 300, 3);
INSERT INTO MoviePeople (MovieID, PersonID, RoleID) VALUES (185, 1176, 4);
INSERT INTO MoviePeople (MovieID, PersonID, RoleID) VALUES (185, 1047, 5);

INSERT INTO Movies (MovieID, Series_Title, Released_Year, RuntimeMinutes, Overview, Poster_Link, IMDB_Rating, Meta_score, No_of_Votes, Gross_Revenue, CertificateID) VALUES (186, 'Det sjunde inseglet', 1957.0, 96, 'A man seeks answers about life, death, and the existence of God as he plays chess against the Grim Reaper during the Black Plague.', 'https://m.media-amazon.com/images/M/MV5BM2I1ZWU4YjMtYzU0My00YmMzLWFmNTAtZDJhZGYwMmI3YWQ5XkEyXkFqcGdeQXVyNjU0OTQ0OTY@._V1_UX67_CR0,0,67,98_AL_.jpg', 8.2, 88.0, 164939, NULL, 2);
INSERT INTO MovieGenres (MovieID, GenreID) VALUES (186, 7);
INSERT INTO MovieGenres (MovieID, GenreID) VALUES (186, 9);
INSERT INTO MovieGenres (MovieID, GenreID) VALUES (186, 11);
INSERT INTO MoviePeople (MovieID, PersonID, RoleID) VALUES (186, 1174, 1);
INSERT INTO MoviePeople (MovieID, PersonID, RoleID) VALUES (186, 2005, 2);
INSERT INTO MoviePeople (MovieID, PersonID, RoleID) VALUES (186, 1047, 3);
INSERT INTO MoviePeople (MovieID, PersonID, RoleID) VALUES (186, 288, 4);
INSERT INTO MoviePeople (MovieID, PersonID, RoleID) VALUES (186, 2211, 5);

INSERT INTO Movies (MovieID, Series_Title, Released_Year, RuntimeMinutes, Overview, Poster_Link, IMDB_Rating, Meta_score, No_of_Votes, Gross_Revenue, CertificateID) VALUES (187, 'Du rififi chez les hommes', 1955.0, 118, 'Four men plan a technically perfect crime, but the human element intervenes...', 'https://m.media-amazon.com/images/M/MV5BNjZmZGRiMDgtNDkwNi00OTZhLWFhZmMtYTdkYjgyNThhOWY3XkEyXkFqcGdeQXVyMTA1NTM1NDI2._V1_UX67_CR0,0,67,98_AL_.jpg', 8.2, 97.0, 28810, 57226.0, NULL);
INSERT INTO MovieGenres (MovieID, GenreID) VALUES (187, 6);
INSERT INTO MovieGenres (MovieID, GenreID) VALUES (187, 7);
INSERT INTO MovieGenres (MovieID, GenreID) VALUES (187, 19);
INSERT INTO MoviePeople (MovieID, PersonID, RoleID) VALUES (187, 1550, 1);
INSERT INTO MoviePeople (MovieID, PersonID, RoleID) VALUES (187, 1319, 2);
INSERT INTO MoviePeople (MovieID, PersonID, RoleID) VALUES (187, 421, 3);
INSERT INTO MoviePeople (MovieID, PersonID, RoleID) VALUES (187, 2524, 4);
INSERT INTO MoviePeople (MovieID, PersonID, RoleID) VALUES (187, 1288, 5);

INSERT INTO Movies (MovieID, Series_Title, Released_Year, RuntimeMinutes, Overview, Poster_Link, IMDB_Rating, Meta_score, No_of_Votes, Gross_Revenue, CertificateID) VALUES (188, 'Dial M for Murder', 1954.0, 105, 'A former tennis player tries to arrange his wife''s murder after learning of her affair.', 'https://m.media-amazon.com/images/M/MV5BOWIwODIxYWItZDI4MS00YzhhLWE3MmYtMzlhZDIwOTMzZmE5L2ltYWdlXkEyXkFqcGdeQXVyNjc1NTYyMjg@._V1_UX67_CR0,0,67,98_AL_.jpg', 8.2, 75.0, 158335, 12562.0, 2);
INSERT INTO MovieGenres (MovieID, GenreID) VALUES (188, 6);
INSERT INTO MovieGenres (MovieID, GenreID) VALUES (188, 19);
INSERT INTO MoviePeople (MovieID, PersonID, RoleID) VALUES (188, 93, 1);
INSERT INTO MoviePeople (MovieID, PersonID, RoleID) VALUES (188, 2439, 2);
INSERT INTO MoviePeople (MovieID, PersonID, RoleID) VALUES (188, 1028, 3);
INSERT INTO MoviePeople (MovieID, PersonID, RoleID) VALUES (188, 2516, 4);
INSERT INTO MoviePeople (MovieID, PersonID, RoleID) VALUES (188, 1493, 5);

INSERT INTO Movies (MovieID, Series_Title, Released_Year, RuntimeMinutes, Overview, Poster_Link, IMDB_Rating, Meta_score, No_of_Votes, Gross_Revenue, CertificateID) VALUES (189, 'Tôkyô monogatari', 1953.0, 136, 'An old couple visit their children and grandchildren in the city, but receive little attention.', 'https://m.media-amazon.com/images/M/MV5BYWQ4ZTRiODktNjAzZC00Nzg1LTk1YWQtNDFmNDI0NmZiNGIwXkEyXkFqcGdeQXVyNzkwMjQ5NzM@._V1_UY98_CR0,0,67,98_AL_.jpg', 8.2, NULL, 53153, NULL, 13);
INSERT INTO MovieGenres (MovieID, GenreID) VALUES (189, 7);
INSERT INTO MoviePeople (MovieID, PersonID, RoleID) VALUES (189, 3140, 1);
INSERT INTO MoviePeople (MovieID, PersonID, RoleID) VALUES (189, 488, 2);
INSERT INTO MoviePeople (MovieID, PersonID, RoleID) VALUES (189, 486, 3);
INSERT INTO MoviePeople (MovieID, PersonID, RoleID) VALUES (189, 2844, 4);
INSERT INTO MoviePeople (MovieID, PersonID, RoleID) VALUES (189, 2712, 5);

INSERT INTO Movies (MovieID, Series_Title, Released_Year, RuntimeMinutes, Overview, Poster_Link, IMDB_Rating, Meta_score, No_of_Votes, Gross_Revenue, CertificateID) VALUES (190, 'Rashômon', 1950.0, 88, 'The rape of a bride and the murder of her samurai husband are recalled from the perspectives of a bandit, the bride, the samurai''s ghost and a woodcutter.', 'https://m.media-amazon.com/images/M/MV5BMjEzMzA4NDE2OF5BMl5BanBnXkFtZTcwNTc5MDI2NQ@@._V1_UX67_CR0,0,67,98_AL_.jpg', 8.2, 98.0, 152572, 96568.0, NULL);
INSERT INTO MovieGenres (MovieID, GenreID) VALUES (190, 6);
INSERT INTO MovieGenres (MovieID, GenreID) VALUES (190, 7);
INSERT INTO MovieGenres (MovieID, GenreID) VALUES (190, 15);
INSERT INTO MoviePeople (MovieID, PersonID, RoleID) VALUES (190, 40, 1);
INSERT INTO MoviePeople (MovieID, PersonID, RoleID) VALUES (190, 2981, 2);
INSERT INTO MoviePeople (MovieID, PersonID, RoleID) VALUES (190, 1858, 3);
INSERT INTO MoviePeople (MovieID, PersonID, RoleID) VALUES (190, 1980, 4);
INSERT INTO MoviePeople (MovieID, PersonID, RoleID) VALUES (190, 2854, 5);

INSERT INTO Movies (MovieID, Series_Title, Released_Year, RuntimeMinutes, Overview, Poster_Link, IMDB_Rating, Meta_score, No_of_Votes, Gross_Revenue, CertificateID) VALUES (191, 'All About Eve', 1950.0, 138, 'A seemingly timid but secretly ruthless ingénue insinuates herself into the lives of an aging Broadway star and her circle of theater friends.', 'https://m.media-amazon.com/images/M/MV5BMTY2MTAzODI5NV5BMl5BanBnXkFtZTgwMjM4NzQ0MjE@._V1_UX67_CR0,0,67,98_AL_.jpg', 8.2, 98.0, 120539, 10177.0, 8);
INSERT INTO MovieGenres (MovieID, GenreID) VALUES (191, 7);
INSERT INTO MoviePeople (MovieID, PersonID, RoleID) VALUES (191, 1523, 1);
INSERT INTO MoviePeople (MovieID, PersonID, RoleID) VALUES (191, 298, 2);
INSERT INTO MoviePeople (MovieID, PersonID, RoleID) VALUES (191, 176, 3);
INSERT INTO MoviePeople (MovieID, PersonID, RoleID) VALUES (191, 984, 4);
INSERT INTO MoviePeople (MovieID, PersonID, RoleID) VALUES (191, 454, 5);

INSERT INTO Movies (MovieID, Series_Title, Released_Year, RuntimeMinutes, Overview, Poster_Link, IMDB_Rating, Meta_score, No_of_Votes, Gross_Revenue, CertificateID) VALUES (192, 'The Treasure of the Sierra Madre', 1948.0, 126, 'Two Americans searching for work in Mexico convince an old prospector to help them mine for gold in the Sierra Madre Mountains.', 'https://m.media-amazon.com/images/M/MV5BOTJlZWMxYzEtMjlkMS00ODE0LThlM2ItMDI3NGQ2YjhmMzkxXkEyXkFqcGdeQXVyMDI2NDg0NQ@@._V1_UX67_CR0,0,67,98_AL_.jpg', 8.2, 98.0, 114304, 5014000.0, 8);
INSERT INTO MovieGenres (MovieID, GenreID) VALUES (192, 2);
INSERT INTO MovieGenres (MovieID, GenreID) VALUES (192, 7);
INSERT INTO MovieGenres (MovieID, GenreID) VALUES (192, 21);
INSERT INTO MoviePeople (MovieID, PersonID, RoleID) VALUES (192, 1461, 1);
INSERT INTO MoviePeople (MovieID, PersonID, RoleID) VALUES (192, 1152, 2);
INSERT INTO MoviePeople (MovieID, PersonID, RoleID) VALUES (192, 3073, 3);
INSERT INTO MoviePeople (MovieID, PersonID, RoleID) VALUES (192, 2926, 4);
INSERT INTO MoviePeople (MovieID, PersonID, RoleID) VALUES (192, 376, 5);

INSERT INTO Movies (MovieID, Series_Title, Released_Year, RuntimeMinutes, Overview, Poster_Link, IMDB_Rating, Meta_score, No_of_Votes, Gross_Revenue, CertificateID) VALUES (193, 'To Be or Not to Be', 1942.0, 99, 'During the Nazi occupation of Poland, an acting troupe becomes embroiled in a Polish soldier''s efforts to track down a German spy.', 'https://m.media-amazon.com/images/M/MV5BYTIwNDcyMjktMTczMy00NDM5LTlhNDEtMmE3NGVjOTM2YjQ3XkEyXkFqcGdeQXVyNjc0MzMzNjA@._V1_UX67_CR0,0,67,98_AL_.jpg', 8.2, 86.0, 29915, NULL, 8);
INSERT INTO MovieGenres (MovieID, GenreID) VALUES (193, 5);
INSERT INTO MovieGenres (MovieID, GenreID) VALUES (193, 20);
INSERT INTO MoviePeople (MovieID, PersonID, RoleID) VALUES (193, 833, 1);
INSERT INTO MoviePeople (MovieID, PersonID, RoleID) VALUES (193, 432, 2);
INSERT INTO MoviePeople (MovieID, PersonID, RoleID) VALUES (193, 1207, 3);
INSERT INTO MoviePeople (MovieID, PersonID, RoleID) VALUES (193, 2535, 4);
INSERT INTO MoviePeople (MovieID, PersonID, RoleID) VALUES (193, 865, 5);

INSERT INTO Movies (MovieID, Series_Title, Released_Year, RuntimeMinutes, Overview, Poster_Link, IMDB_Rating, Meta_score, No_of_Votes, Gross_Revenue, CertificateID) VALUES (194, 'The Gold Rush', 1925.0, 95, 'A prospector goes to the Klondike in search of gold and finds it and more.', 'https://m.media-amazon.com/images/M/MV5BZjEyOTE4MzMtNmMzMy00Mzc3LWJlOTQtOGJiNDE0ZmJiOTU4L2ltYWdlXkEyXkFqcGdeQXVyNTAyODkwOQ@@._V1_UY98_CR2,0,67,98_AL_.jpg', 8.2, NULL, 101053, 5450000.0, 8);
INSERT INTO MovieGenres (MovieID, GenreID) VALUES (194, 2);
INSERT INTO MovieGenres (MovieID, GenreID) VALUES (194, 5);
INSERT INTO MovieGenres (MovieID, GenreID) VALUES (194, 7);
INSERT INTO MoviePeople (MovieID, PersonID, RoleID) VALUES (194, 460, 1);
INSERT INTO MoviePeople (MovieID, PersonID, RoleID) VALUES (194, 460, 2);
INSERT INTO MoviePeople (MovieID, PersonID, RoleID) VALUES (194, 1859, 3);
INSERT INTO MoviePeople (MovieID, PersonID, RoleID) VALUES (194, 2956, 4);
INSERT INTO MoviePeople (MovieID, PersonID, RoleID) VALUES (194, 1110, 5);

INSERT INTO Movies (MovieID, Series_Title, Released_Year, RuntimeMinutes, Overview, Poster_Link, IMDB_Rating, Meta_score, No_of_Votes, Gross_Revenue, CertificateID) VALUES (195, 'Sherlock Jr.', 1924.0, 45, 'A film projectionist longs to be a detective, and puts his meagre skills to work when he is framed by a rival for stealing his girlfriend''s father''s pocketwatch.', 'https://m.media-amazon.com/images/M/MV5BZWFhOGU5NDctY2Q3YS00Y2VlLWI1NzEtZmIwY2ZiZjY4OTA2XkEyXkFqcGdeQXVyMDI2NDg0NQ@@._V1_UX67_CR0,0,67,98_AL_.jpg', 8.2, NULL, 41985, 977375.0, 8);
INSERT INTO MovieGenres (MovieID, GenreID) VALUES (195, 1);
INSERT INTO MovieGenres (MovieID, GenreID) VALUES (195, 5);
INSERT INTO MovieGenres (MovieID, GenreID) VALUES (195, 16);
INSERT INTO MoviePeople (MovieID, PersonID, RoleID) VALUES (195, 401, 1);
INSERT INTO MoviePeople (MovieID, PersonID, RoleID) VALUES (195, 401, 2);
INSERT INTO MoviePeople (MovieID, PersonID, RoleID) VALUES (195, 1624, 3);
INSERT INTO MoviePeople (MovieID, PersonID, RoleID) VALUES (195, 1412, 4);
INSERT INTO MoviePeople (MovieID, PersonID, RoleID) VALUES (195, 835, 5);

INSERT INTO Movies (MovieID, Series_Title, Released_Year, RuntimeMinutes, Overview, Poster_Link, IMDB_Rating, Meta_score, No_of_Votes, Gross_Revenue, CertificateID) VALUES (196, 'Portrait de la jeune fille en feu', 2019.0, 122, 'On an isolated island in Brittany at the end of the eighteenth century, a female painter is obliged to paint a wedding portrait of a young woman.', 'https://m.media-amazon.com/images/M/MV5BNjgwNjkwOWYtYmM3My00NzI1LTk5OGItYWY0OTMyZTY4OTg2XkEyXkFqcGdeQXVyODk4OTc3MTY@._V1_UX67_CR0,0,67,98_AL_.jpg', 8.1, 95.0, 63134, 3759854.0, 9);
INSERT INTO MovieGenres (MovieID, GenreID) VALUES (196, 7);
INSERT INTO MovieGenres (MovieID, GenreID) VALUES (196, 16);
INSERT INTO MoviePeople (MovieID, PersonID, RoleID) VALUES (196, 573, 1);
INSERT INTO MoviePeople (MovieID, PersonID, RoleID) VALUES (196, 2232, 2);
INSERT INTO MoviePeople (MovieID, PersonID, RoleID) VALUES (196, 26, 3);
INSERT INTO MoviePeople (MovieID, PersonID, RoleID) VALUES (196, 1850, 4);
INSERT INTO MoviePeople (MovieID, PersonID, RoleID) VALUES (196, 3013, 5);

INSERT INTO Movies (MovieID, Series_Title, Released_Year, RuntimeMinutes, Overview, Poster_Link, IMDB_Rating, Meta_score, No_of_Votes, Gross_Revenue, CertificateID) VALUES (197, 'Pink', 2016.0, 136, 'When three young women are implicated in a crime, a retired lawyer steps forward to help them clear their names.', 'https://m.media-amazon.com/images/M/MV5BNGI1MTI1YTQtY2QwYi00YzUzLTg3NWYtNzExZDlhOTZmZWU0XkEyXkFqcGdeQXVyMDkwNTkwNg@@._V1_UY98_CR3,0,67,98_AL_.jpg', 8.1, NULL, 39216, 1241223.0, 15);
INSERT INTO MovieGenres (MovieID, GenreID) VALUES (197, 7);
INSERT INTO MovieGenres (MovieID, GenreID) VALUES (197, 19);
INSERT INTO MoviePeople (MovieID, PersonID, RoleID) VALUES (197, 163, 1);
INSERT INTO MoviePeople (MovieID, PersonID, RoleID) VALUES (197, 2846, 2);
INSERT INTO MoviePeople (MovieID, PersonID, RoleID) VALUES (197, 112, 3);
INSERT INTO MoviePeople (MovieID, PersonID, RoleID) VALUES (197, 1697, 4);
INSERT INTO MoviePeople (MovieID, PersonID, RoleID) VALUES (197, 132, 5);

INSERT INTO Movies (MovieID, Series_Title, Released_Year, RuntimeMinutes, Overview, Poster_Link, IMDB_Rating, Meta_score, No_of_Votes, Gross_Revenue, CertificateID) VALUES (198, 'Koe no katachi', 2016.0, 130, 'A young man is ostracized by his classmates after he bullies a deaf girl to the point where she moves away. Years later, he sets off on a path for redemption.', 'https://m.media-amazon.com/images/M/MV5BZGRkOGMxYTUtZTBhYS00NzI3LWEzMDQtOWRhMmNjNjJjMzM4XkEyXkFqcGdeQXVyMTMxODk2OTU@._V1_UY98_CR0,0,67,98_AL_.jpg', 8.1, 78.0, 47708, NULL, 1);
INSERT INTO MovieGenres (MovieID, GenreID) VALUES (198, 3);
INSERT INTO MovieGenres (MovieID, GenreID) VALUES (198, 7);
INSERT INTO MovieGenres (MovieID, GenreID) VALUES (198, 8);
INSERT INTO MoviePeople (MovieID, PersonID, RoleID) VALUES (198, 2163, 1);
INSERT INTO MoviePeople (MovieID, PersonID, RoleID) VALUES (198, 2130, 2);
INSERT INTO MoviePeople (MovieID, PersonID, RoleID) VALUES (198, 2666, 3);
INSERT INTO MoviePeople (MovieID, PersonID, RoleID) VALUES (198, 212, 4);
INSERT INTO MoviePeople (MovieID, PersonID, RoleID) VALUES (198, 1658, 5);

INSERT INTO Movies (MovieID, Series_Title, Released_Year, RuntimeMinutes, Overview, Poster_Link, IMDB_Rating, Meta_score, No_of_Votes, Gross_Revenue, CertificateID) VALUES (199, 'Contratiempo', 2016.0, 106, 'A successful entrepreneur accused of murder and a witness preparation expert have less than three hours to come up with an impregnable defense.', 'https://m.media-amazon.com/images/M/MV5BMDk0YzAwYjktMWFiZi00Y2FmLWJmMmMtMzUyZDZmMmU5MjkzXkEyXkFqcGdeQXVyMTMxODk2OTU@._V1_UY98_CR1,0,67,98_AL_.jpg', 8.1, NULL, 141516, NULL, 11);
INSERT INTO MovieGenres (MovieID, GenreID) VALUES (199, 6);
INSERT INTO MovieGenres (MovieID, GenreID) VALUES (199, 7);
INSERT INTO MovieGenres (MovieID, GenreID) VALUES (199, 15);
INSERT INTO MoviePeople (MovieID, PersonID, RoleID) VALUES (199, 2257, 1);
INSERT INTO MoviePeople (MovieID, PersonID, RoleID) VALUES (199, 1923, 2);
INSERT INTO MoviePeople (MovieID, PersonID, RoleID) VALUES (199, 122, 3);
INSERT INTO MoviePeople (MovieID, PersonID, RoleID) VALUES (199, 1515, 4);
INSERT INTO MoviePeople (MovieID, PersonID, RoleID) VALUES (199, 405, 5);

INSERT INTO Movies (MovieID, Series_Title, Released_Year, RuntimeMinutes, Overview, Poster_Link, IMDB_Rating, Meta_score, No_of_Votes, Gross_Revenue, CertificateID) VALUES (200, 'Ah-ga-ssi', 2016.0, 145, 'A woman is hired as a handmaiden to a Japanese heiress, but secretly she is involved in a plot to defraud her.', 'https://m.media-amazon.com/images/M/MV5BNDJhYTk2MTctZmVmOS00OTViLTgxNjQtMzQxOTRiMDdmNGRjXkEyXkFqcGdeQXVyMTMxODk2OTU@._V1_UY98_CR0,0,67,98_AL_.jpg', 8.1, 84.0, 113649, 2006788.0, 2);
INSERT INTO MovieGenres (MovieID, GenreID) VALUES (200, 7);
INSERT INTO MovieGenres (MovieID, GenreID) VALUES (200, 16);
INSERT INTO MovieGenres (MovieID, GenreID) VALUES (200, 19);
INSERT INTO MoviePeople (MovieID, PersonID, RoleID) VALUES (200, 458, 1);
INSERT INTO MoviePeople (MovieID, PersonID, RoleID) VALUES (200, 1680, 2);
INSERT INTO MoviePeople (MovieID, PersonID, RoleID) VALUES (200, 1575, 3);
INSERT INTO MoviePeople (MovieID, PersonID, RoleID) VALUES (200, 491, 4);
INSERT INTO MoviePeople (MovieID, PersonID, RoleID) VALUES (200, 2142, 5);

INSERT INTO Movies (MovieID, Series_Title, Released_Year, RuntimeMinutes, Overview, Poster_Link, IMDB_Rating, Meta_score, No_of_Votes, Gross_Revenue, CertificateID) VALUES (201, 'Mommy', 2014.0, 139, 'A widowed single mother, raising her violent son alone, finds new hope when a mysterious neighbor inserts herself into their household.', 'https://m.media-amazon.com/images/M/MV5BMGI3YWFmNDQtNjc0Ny00ZDBjLThlNjYtZTc1ZTk5MzU2YTVjXkEyXkFqcGdeQXVyNzA4ODc3ODU@._V1_UY98_CR1,0,67,98_AL_.jpg', 8.1, 74.0, 50700, 3492754.0, 9);
INSERT INTO MovieGenres (MovieID, GenreID) VALUES (201, 7);
INSERT INTO MoviePeople (MovieID, PersonID, RoleID) VALUES (201, 3132, 1);
INSERT INTO MoviePeople (MovieID, PersonID, RoleID) VALUES (201, 177, 2);
INSERT INTO MoviePeople (MovieID, PersonID, RoleID) VALUES (201, 199, 3);
INSERT INTO MoviePeople (MovieID, PersonID, RoleID) VALUES (201, 2837, 4);
INSERT INTO MoviePeople (MovieID, PersonID, RoleID) VALUES (201, 2287, 5);

INSERT INTO Movies (MovieID, Series_Title, Released_Year, RuntimeMinutes, Overview, Poster_Link, IMDB_Rating, Meta_score, No_of_Votes, Gross_Revenue, CertificateID) VALUES (202, 'Haider', 2014.0, 160, 'A young man returns to Kashmir after his father''s disappearance to confront his uncle, whom he suspects of playing a role in his father''s fate.', 'https://m.media-amazon.com/images/M/MV5BMjA1NTEwMDMxMF5BMl5BanBnXkFtZTgwODkzMzI0MjE@._V1_UY98_CR0,0,67,98_AL_.jpg', 8.1, NULL, 50445, 901610.0, 15);
INSERT INTO MovieGenres (MovieID, GenreID) VALUES (202, 1);
INSERT INTO MovieGenres (MovieID, GenreID) VALUES (202, 6);
INSERT INTO MovieGenres (MovieID, GenreID) VALUES (202, 7);
INSERT INTO MoviePeople (MovieID, PersonID, RoleID) VALUES (202, 3053, 1);
INSERT INTO MoviePeople (MovieID, PersonID, RoleID) VALUES (202, 2717, 2);
INSERT INTO MoviePeople (MovieID, PersonID, RoleID) VALUES (202, 2847, 3);
INSERT INTO MoviePeople (MovieID, PersonID, RoleID) VALUES (202, 2743, 4);
INSERT INTO MoviePeople (MovieID, PersonID, RoleID) VALUES (202, 1633, 5);

INSERT INTO Movies (MovieID, Series_Title, Released_Year, RuntimeMinutes, Overview, Poster_Link, IMDB_Rating, Meta_score, No_of_Votes, Gross_Revenue, CertificateID) VALUES (203, 'Logan', 2017.0, 137, 'In a future where mutants are nearly extinct, an elderly and weary Logan leads a quiet life. But when Laura, a mutant child pursued by scientists, comes to him for help, he must get her to safety.', 'https://m.media-amazon.com/images/M/MV5BYzc5MTU4N2EtYTkyMi00NjdhLTg3NWEtMTY4OTEyMzJhZTAzXkEyXkFqcGdeQXVyNjc1NTYyMjg@._V1_UX67_CR0,0,67,98_AL_.jpg', 8.1, 77.0, 647884, 226277068.0, 2);
INSERT INTO MovieGenres (MovieID, GenreID) VALUES (203, 1);
INSERT INTO MovieGenres (MovieID, GenreID) VALUES (203, 7);
INSERT INTO MovieGenres (MovieID, GenreID) VALUES (203, 17);
INSERT INTO MoviePeople (MovieID, PersonID, RoleID) VALUES (203, 1254, 1);
INSERT INTO MoviePeople (MovieID, PersonID, RoleID) VALUES (203, 1146, 2);
INSERT INTO MoviePeople (MovieID, PersonID, RoleID) VALUES (203, 2291, 3);
INSERT INTO MoviePeople (MovieID, PersonID, RoleID) VALUES (203, 574, 4);
INSERT INTO MoviePeople (MovieID, PersonID, RoleID) VALUES (203, 344, 5);

INSERT INTO Movies (MovieID, Series_Title, Released_Year, RuntimeMinutes, Overview, Poster_Link, IMDB_Rating, Meta_score, No_of_Votes, Gross_Revenue, CertificateID) VALUES (204, 'Room', 2015.0, 118, 'Held captive for 7 years in an enclosed space, a woman and her young son finally gain their freedom, allowing the boy to experience the outside world for the first time.', 'https://m.media-amazon.com/images/M/MV5BMjE4NzgzNzEwMl5BMl5BanBnXkFtZTgwMTMzMDE0NjE@._V1_UX67_CR0,0,67,98_AL_.jpg', 8.1, 86.0, 371538, 14677674.0, 9);
INSERT INTO MovieGenres (MovieID, GenreID) VALUES (204, 7);
INSERT INTO MovieGenres (MovieID, GenreID) VALUES (204, 19);
INSERT INTO MoviePeople (MovieID, PersonID, RoleID) VALUES (204, 1768, 1);
INSERT INTO MoviePeople (MovieID, PersonID, RoleID) VALUES (204, 371, 2);
INSERT INTO MoviePeople (MovieID, PersonID, RoleID) VALUES (204, 1224, 3);
INSERT INTO MoviePeople (MovieID, PersonID, RoleID) VALUES (204, 2694, 4);
INSERT INTO MoviePeople (MovieID, PersonID, RoleID) VALUES (204, 3084, 5);

INSERT INTO Movies (MovieID, Series_Title, Released_Year, RuntimeMinutes, Overview, Poster_Link, IMDB_Rating, Meta_score, No_of_Votes, Gross_Revenue, CertificateID) VALUES (205, 'Relatos salvajes', 2014.0, 122, 'Six short stories that explore the extremities of human behavior involving people in distress.', 'https://m.media-amazon.com/images/M/MV5BNGQzY2Y0MTgtMDA4OC00NjM3LWI0ZGQtNTJlM2UxZDQxZjI0XkEyXkFqcGdeQXVyNDUzOTQ5MjY@._V1_UY98_CR1,0,67,98_AL_.jpg', 8.1, 77.0, 177059, 3107072.0, 9);
INSERT INTO MovieGenres (MovieID, GenreID) VALUES (205, 5);
INSERT INTO MovieGenres (MovieID, GenreID) VALUES (205, 7);
INSERT INTO MovieGenres (MovieID, GenreID) VALUES (205, 19);
INSERT INTO MoviePeople (MovieID, PersonID, RoleID) VALUES (205, 582, 1);
INSERT INTO MoviePeople (MovieID, PersonID, RoleID) VALUES (205, 620, 2);
INSERT INTO MoviePeople (MovieID, PersonID, RoleID) VALUES (205, 1972, 3);
INSERT INTO MoviePeople (MovieID, PersonID, RoleID) VALUES (205, 2156, 4);
INSERT INTO MoviePeople (MovieID, PersonID, RoleID) VALUES (205, 693, 5);

INSERT INTO Movies (MovieID, Series_Title, Released_Year, RuntimeMinutes, Overview, Poster_Link, IMDB_Rating, Meta_score, No_of_Votes, Gross_Revenue, CertificateID) VALUES (206, 'Soul', 2020.0, 100, 'After landing the gig of a lifetime, a New York jazz pianist suddenly finds himself trapped in a strange land between Earth and the afterlife.', 'https://m.media-amazon.com/images/M/MV5BZGE1MDg5M2MtNTkyZS00MTY5LTg1YzUtZTlhZmM1Y2EwNmFmXkEyXkFqcGdeQXVyNjA3OTI0MDc@._V1_UX67_CR0,0,67,98_AL_.jpg', 8.1, 83.0, 159171, NULL, 13);
INSERT INTO MovieGenres (MovieID, GenreID) VALUES (206, 3);
INSERT INTO MovieGenres (MovieID, GenreID) VALUES (206, 2);
INSERT INTO MovieGenres (MovieID, GenreID) VALUES (206, 5);
INSERT INTO MoviePeople (MovieID, PersonID, RoleID) VALUES (206, 2334, 1);
INSERT INTO MoviePeople (MovieID, PersonID, RoleID) VALUES (206, 1647, 2);
INSERT INTO MoviePeople (MovieID, PersonID, RoleID) VALUES (206, 1270, 3);
INSERT INTO MoviePeople (MovieID, PersonID, RoleID) VALUES (206, 2935, 4);
INSERT INTO MoviePeople (MovieID, PersonID, RoleID) VALUES (206, 1033, 5);

INSERT INTO Movies (MovieID, Series_Title, Released_Year, RuntimeMinutes, Overview, Poster_Link, IMDB_Rating, Meta_score, No_of_Votes, Gross_Revenue, CertificateID) VALUES (207, 'Kis Uykusu', 2014.0, 196, 'A hotel owner and landlord in a remote Turkish village deals with conflicts within his family and a tenant behind on his rent.', 'https://m.media-amazon.com/images/M/MV5BYzE2MjEwMTQtOTQ2Mi00ZWExLTkyMjUtNmJjMjBlYWFjZDdlXkEyXkFqcGdeQXVyMTI3ODAyMzE2._V1_UY98_CR0,0,67,98_AL_.jpg', 8.1, 88.0, 46547, 165520.0, NULL);
INSERT INTO MovieGenres (MovieID, GenreID) VALUES (207, 7);
INSERT INTO MoviePeople (MovieID, PersonID, RoleID) VALUES (207, 2234, 1);
INSERT INTO MoviePeople (MovieID, PersonID, RoleID) VALUES (207, 1071, 2);
INSERT INTO MoviePeople (MovieID, PersonID, RoleID) VALUES (207, 2026, 3);
INSERT INTO MoviePeople (MovieID, PersonID, RoleID) VALUES (207, 664, 4);
INSERT INTO MoviePeople (MovieID, PersonID, RoleID) VALUES (207, 250, 5);

INSERT INTO Movies (MovieID, Series_Title, Released_Year, RuntimeMinutes, Overview, Poster_Link, IMDB_Rating, Meta_score, No_of_Votes, Gross_Revenue, CertificateID) VALUES (208, 'PK', 2014.0, 153, 'An alien on Earth loses the only device he can use to communicate with his spaceship. His innocent nature and child-like questions force the country to evaluate the impact of religion on its people.', 'https://m.media-amazon.com/images/M/MV5BMTYzOTE2NjkxN15BMl5BanBnXkFtZTgwMDgzMTg0MzE@._V1_UY98_CR0,0,67,98_AL_.jpg', 8.1, NULL, 163061, 10616104.0, 15);
INSERT INTO MovieGenres (MovieID, GenreID) VALUES (208, 5);
INSERT INTO MovieGenres (MovieID, GenreID) VALUES (208, 7);
INSERT INTO MovieGenres (MovieID, GenreID) VALUES (208, 14);
INSERT INTO MoviePeople (MovieID, PersonID, RoleID) VALUES (208, 2411, 1);
INSERT INTO MoviePeople (MovieID, PersonID, RoleID) VALUES (208, 2, 2);
INSERT INTO MoviePeople (MovieID, PersonID, RoleID) VALUES (208, 209, 3);
INSERT INTO MoviePeople (MovieID, PersonID, RoleID) VALUES (208, 2661, 4);
INSERT INTO MoviePeople (MovieID, PersonID, RoleID) VALUES (208, 338, 5);

INSERT INTO Movies (MovieID, Series_Title, Released_Year, RuntimeMinutes, Overview, Poster_Link, IMDB_Rating, Meta_score, No_of_Votes, Gross_Revenue, CertificateID) VALUES (209, 'OMG: Oh My God!', 2012.0, 125, 'A shopkeeper takes God to court when his shop is destroyed by an earthquake.', 'https://m.media-amazon.com/images/M/MV5BMGNhYjUwNmYtNDQxNi00NDdmLTljMDAtZWM1NDQyZTk3ZDYwXkEyXkFqcGdeQXVyODE5NzE3OTE@._V1_UY98_CR0,0,67,98_AL_.jpg', 8.1, NULL, 51739, 923221.0, 13);
INSERT INTO MovieGenres (MovieID, GenreID) VALUES (209, 5);
INSERT INTO MovieGenres (MovieID, GenreID) VALUES (209, 7);
INSERT INTO MovieGenres (MovieID, GenreID) VALUES (209, 9);
INSERT INTO MoviePeople (MovieID, PersonID, RoleID) VALUES (209, 3010, 1);
INSERT INTO MoviePeople (MovieID, PersonID, RoleID) VALUES (209, 2279, 2);
INSERT INTO MoviePeople (MovieID, PersonID, RoleID) VALUES (209, 42, 3);
INSERT INTO MoviePeople (MovieID, PersonID, RoleID) VALUES (209, 2127, 4);
INSERT INTO MoviePeople (MovieID, PersonID, RoleID) VALUES (209, 1874, 5);

INSERT INTO Movies (MovieID, Series_Title, Released_Year, RuntimeMinutes, Overview, Poster_Link, IMDB_Rating, Meta_score, No_of_Votes, Gross_Revenue, CertificateID) VALUES (210, 'The Grand Budapest Hotel', 2014.0, 99, 'A writer encounters the owner of an aging high-class hotel, who tells him of his early years serving as a lobby boy in the hotel''s glorious years under an exceptional concierge.', 'https://m.media-amazon.com/images/M/MV5BMzM5NjUxOTEyMl5BMl5BanBnXkFtZTgwNjEyMDM0MDE@._V1_UX67_CR0,0,67,98_AL_.jpg', 8.1, 88.0, 707630, 59100318.0, 15);
INSERT INTO MovieGenres (MovieID, GenreID) VALUES (210, 2);
INSERT INTO MovieGenres (MovieID, GenreID) VALUES (210, 5);
INSERT INTO MovieGenres (MovieID, GenreID) VALUES (210, 6);
INSERT INTO MoviePeople (MovieID, PersonID, RoleID) VALUES (210, 3088, 1);
INSERT INTO MoviePeople (MovieID, PersonID, RoleID) VALUES (210, 2417, 2);
INSERT INTO MoviePeople (MovieID, PersonID, RoleID) VALUES (210, 850, 3);
INSERT INTO MoviePeople (MovieID, PersonID, RoleID) VALUES (210, 1983, 4);
INSERT INTO MoviePeople (MovieID, PersonID, RoleID) VALUES (210, 24, 5);

INSERT INTO Movies (MovieID, Series_Title, Released_Year, RuntimeMinutes, Overview, Poster_Link, IMDB_Rating, Meta_score, No_of_Votes, Gross_Revenue, CertificateID) VALUES (211, 'Gone Girl', 2014.0, 149, 'With his wife''s disappearance having become the focus of an intense media circus, a man sees the spotlight turned on him when it''s suspected that he may not be innocent.', 'https://m.media-amazon.com/images/M/MV5BMTk0MDQ3MzAzOV5BMl5BanBnXkFtZTgwNzU1NzE3MjE@._V1_UX67_CR0,0,67,98_AL_.jpg', 8.1, 79.0, 859695, 167767189.0, 2);
INSERT INTO MovieGenres (MovieID, GenreID) VALUES (211, 7);
INSERT INTO MovieGenres (MovieID, GenreID) VALUES (211, 15);
INSERT INTO MovieGenres (MovieID, GenreID) VALUES (211, 19);
INSERT INTO MoviePeople (MovieID, PersonID, RoleID) VALUES (211, 630, 1);
INSERT INTO MoviePeople (MovieID, PersonID, RoleID) VALUES (211, 278, 2);
INSERT INTO MoviePeople (MovieID, PersonID, RoleID) VALUES (211, 2575, 3);
INSERT INTO MoviePeople (MovieID, PersonID, RoleID) VALUES (211, 2188, 4);
INSERT INTO MoviePeople (MovieID, PersonID, RoleID) VALUES (211, 2999, 5);

INSERT INTO Movies (MovieID, Series_Title, Released_Year, RuntimeMinutes, Overview, Poster_Link, IMDB_Rating, Meta_score, No_of_Votes, Gross_Revenue, CertificateID) VALUES (212, 'Ôkami kodomo no Ame to Yuki', 2012.0, 117, 'After her werewolf lover unexpectedly dies in an accident while hunting for food for their children, a young woman must find ways to raise the werewolf son and daughter that she had with him while keeping their trait hidden from society.', 'https://m.media-amazon.com/images/M/MV5BYzQxNDZhNDUtNDUwOC00NjQyLTg2OWUtZWVlYThjYjYyMTc2XkEyXkFqcGdeQXVyNTAyODkwOQ@@._V1_UY98_CR1,0,67,98_AL_.jpg', 8.1, 71.0, 38803, NULL, 13);
INSERT INTO MovieGenres (MovieID, GenreID) VALUES (212, 3);
INSERT INTO MovieGenres (MovieID, GenreID) VALUES (212, 7);
INSERT INTO MovieGenres (MovieID, GenreID) VALUES (212, 9);
INSERT INTO MoviePeople (MovieID, PersonID, RoleID) VALUES (212, 1884, 1);
INSERT INTO MoviePeople (MovieID, PersonID, RoleID) VALUES (212, 211, 2);
INSERT INTO MoviePeople (MovieID, PersonID, RoleID) VALUES (212, 2853, 3);
INSERT INTO MoviePeople (MovieID, PersonID, RoleID) VALUES (212, 1087, 4);
INSERT INTO MoviePeople (MovieID, PersonID, RoleID) VALUES (212, 3162, 5);

INSERT INTO Movies (MovieID, Series_Title, Released_Year, RuntimeMinutes, Overview, Poster_Link, IMDB_Rating, Meta_score, No_of_Votes, Gross_Revenue, CertificateID) VALUES (213, 'Hacksaw Ridge', 2016.0, 139, 'World War II American Army Medic Desmond T. Doss, who served during the Battle of Okinawa, refuses to kill people, and becomes the first man in American history to receive the Medal of Honor without firing a shot.', 'https://m.media-amazon.com/images/M/MV5BMjQ1NjM3MTUxNV5BMl5BanBnXkFtZTgwMDc5MTY5OTE@._V1_UX67_CR0,0,67,98_AL_.jpg', 8.1, 71.0, 435928, 67209615.0, 2);
INSERT INTO MovieGenres (MovieID, GenreID) VALUES (213, 4);
INSERT INTO MovieGenres (MovieID, GenreID) VALUES (213, 7);
INSERT INTO MovieGenres (MovieID, GenreID) VALUES (213, 11);
INSERT INTO MoviePeople (MovieID, PersonID, RoleID) VALUES (213, 2023, 1);
INSERT INTO MoviePeople (MovieID, PersonID, RoleID) VALUES (213, 138, 2);
INSERT INTO MoviePeople (MovieID, PersonID, RoleID) VALUES (213, 2649, 3);
INSERT INTO MoviePeople (MovieID, PersonID, RoleID) VALUES (213, 1849, 4);
INSERT INTO MoviePeople (MovieID, PersonID, RoleID) VALUES (213, 2887, 5);

INSERT INTO Movies (MovieID, Series_Title, Released_Year, RuntimeMinutes, Overview, Poster_Link, IMDB_Rating, Meta_score, No_of_Votes, Gross_Revenue, CertificateID) VALUES (214, 'Inside Out', 2015.0, 95, 'After young Riley is uprooted from her Midwest life and moved to San Francisco, her emotions - Joy, Fear, Anger, Disgust and Sadness - conflict on how best to navigate a new city, house, and school.', 'https://m.media-amazon.com/images/M/MV5BOTgxMDQwMDk0OF5BMl5BanBnXkFtZTgwNjU5OTg2NDE@._V1_UX67_CR0,0,67,98_AL_.jpg', 8.1, 94.0, 616228, 356461711.0, 13);
INSERT INTO MovieGenres (MovieID, GenreID) VALUES (214, 3);
INSERT INTO MovieGenres (MovieID, GenreID) VALUES (214, 2);
INSERT INTO MovieGenres (MovieID, GenreID) VALUES (214, 5);
INSERT INTO MoviePeople (MovieID, PersonID, RoleID) VALUES (214, 2334, 1);
INSERT INTO MoviePeople (MovieID, PersonID, RoleID) VALUES (214, 2569, 2);
INSERT INTO MoviePeople (MovieID, PersonID, RoleID) VALUES (214, 118, 3);
INSERT INTO MoviePeople (MovieID, PersonID, RoleID) VALUES (214, 303, 4);
INSERT INTO MoviePeople (MovieID, PersonID, RoleID) VALUES (214, 1784, 5);

INSERT INTO Movies (MovieID, Series_Title, Released_Year, RuntimeMinutes, Overview, Poster_Link, IMDB_Rating, Meta_score, No_of_Votes, Gross_Revenue, CertificateID) VALUES (215, 'Barfi!', 2012.0, 151, 'Three young people learn that love can neither be defined nor contained by society''s definition of normal and abnormal.', 'https://m.media-amazon.com/images/M/MV5BMTQzMTEyODY2Ml5BMl5BanBnXkFtZTgwMjA0MDUyMjE@._V1_UY98_CR0,0,67,98_AL_.jpg', 8.1, NULL, 75721, 2804874.0, 13);
INSERT INTO MovieGenres (MovieID, GenreID) VALUES (215, 5);
INSERT INTO MovieGenres (MovieID, GenreID) VALUES (215, 7);
INSERT INTO MovieGenres (MovieID, GenreID) VALUES (215, 16);
INSERT INTO MoviePeople (MovieID, PersonID, RoleID) VALUES (215, 207, 1);
INSERT INTO MoviePeople (MovieID, PersonID, RoleID) VALUES (215, 2429, 2);
INSERT INTO MoviePeople (MovieID, PersonID, RoleID) VALUES (215, 2386, 3);
INSERT INTO MoviePeople (MovieID, PersonID, RoleID) VALUES (215, 1167, 4);
INSERT INTO MoviePeople (MovieID, PersonID, RoleID) VALUES (215, 2680, 5);

INSERT INTO Movies (MovieID, Series_Title, Released_Year, RuntimeMinutes, Overview, Poster_Link, IMDB_Rating, Meta_score, No_of_Votes, Gross_Revenue, CertificateID) VALUES (216, '12 Years a Slave', 2013.0, 134, 'In the antebellum United States, Solomon Northup, a free black man from upstate New York, is abducted and sold into slavery.', 'https://m.media-amazon.com/images/M/MV5BMjExMTEzODkyN15BMl5BanBnXkFtZTcwNTU4NTc4OQ@@._V1_UX67_CR0,0,67,98_AL_.jpg', 8.1, 96.0, 640533, 56671993.0, 2);
INSERT INTO MovieGenres (MovieID, GenreID) VALUES (216, 4);
INSERT INTO MovieGenres (MovieID, GenreID) VALUES (216, 7);
INSERT INTO MovieGenres (MovieID, GenreID) VALUES (216, 11);
INSERT INTO MoviePeople (MovieID, PersonID, RoleID) VALUES (216, 2814, 1);
INSERT INTO MoviePeople (MovieID, PersonID, RoleID) VALUES (216, 489, 2);
INSERT INTO MoviePeople (MovieID, PersonID, RoleID) VALUES (216, 2058, 3);
INSERT INTO MoviePeople (MovieID, PersonID, RoleID) VALUES (216, 2052, 4);
INSERT INTO MoviePeople (MovieID, PersonID, RoleID) VALUES (216, 351, 5);

INSERT INTO Movies (MovieID, Series_Title, Released_Year, RuntimeMinutes, Overview, Poster_Link, IMDB_Rating, Meta_score, No_of_Votes, Gross_Revenue, CertificateID) VALUES (217, 'Rush', 2013.0, 123, 'The merciless 1970s rivalry between Formula One rivals James Hunt and Niki Lauda.', 'https://m.media-amazon.com/images/M/MV5BOWEwODJmZDItYTNmZC00OGM4LThlNDktOTQzZjIzMGQxODA4XkEyXkFqcGdeQXVyNjU0OTQ0OTY@._V1_UX67_CR0,0,67,98_AL_.jpg', 8.1, 74.0, 432811, 26947624.0, 15);
INSERT INTO MovieGenres (MovieID, GenreID) VALUES (217, 1);
INSERT INTO MovieGenres (MovieID, GenreID) VALUES (217, 4);
INSERT INTO MovieGenres (MovieID, GenreID) VALUES (217, 7);
INSERT INTO MoviePeople (MovieID, PersonID, RoleID) VALUES (217, 2566, 1);
INSERT INTO MoviePeople (MovieID, PersonID, RoleID) VALUES (217, 592, 2);
INSERT INTO MoviePeople (MovieID, PersonID, RoleID) VALUES (217, 499, 3);
INSERT INTO MoviePeople (MovieID, PersonID, RoleID) VALUES (217, 2249, 4);
INSERT INTO MoviePeople (MovieID, PersonID, RoleID) VALUES (217, 85, 5);

INSERT INTO Movies (MovieID, Series_Title, Released_Year, RuntimeMinutes, Overview, Poster_Link, IMDB_Rating, Meta_score, No_of_Votes, Gross_Revenue, CertificateID) VALUES (218, 'Ford v Ferrari', 2019.0, 152, 'American car designer Carroll Shelby and driver Ken Miles battle corporate interference and the laws of physics to build a revolutionary race car for Ford in order to defeat Ferrari at the 24 Hours of Le Mans in 1966.', 'https://m.media-amazon.com/images/M/MV5BM2UwMDVmMDItM2I2Yi00NGZmLTk4ZTUtY2JjNTQ3OGQ5ZjM2XkEyXkFqcGdeQXVyMTA1OTYzOTUx._V1_UX67_CR0,0,67,98_AL_.jpg', 8.1, 81.0, 291289, 117624028.0, 15);
INSERT INTO MovieGenres (MovieID, GenreID) VALUES (218, 1);
INSERT INTO MovieGenres (MovieID, GenreID) VALUES (218, 4);
INSERT INTO MovieGenres (MovieID, GenreID) VALUES (218, 7);
INSERT INTO MoviePeople (MovieID, PersonID, RoleID) VALUES (218, 1254, 1);
INSERT INTO MoviePeople (MovieID, PersonID, RoleID) VALUES (218, 1985, 2);
INSERT INTO MoviePeople (MovieID, PersonID, RoleID) VALUES (218, 509, 3);
INSERT INTO MoviePeople (MovieID, PersonID, RoleID) VALUES (218, 1499, 4);
INSERT INTO MoviePeople (MovieID, PersonID, RoleID) VALUES (218, 410, 5);

INSERT INTO Movies (MovieID, Series_Title, Released_Year, RuntimeMinutes, Overview, Poster_Link, IMDB_Rating, Meta_score, No_of_Votes, Gross_Revenue, CertificateID) VALUES (219, 'Spotlight', 2015.0, 129, 'The true story of how the Boston Globe uncovered the massive scandal of child molestation and cover-up within the local Catholic Archdiocese, shaking the entire Catholic Church to its core.', 'https://m.media-amazon.com/images/M/MV5BMjIyOTM5OTIzNV5BMl5BanBnXkFtZTgwMDkzODE2NjE@._V1_UX67_CR0,0,67,98_AL_.jpg', 8.1, 93.0, 420316, 45055776.0, 2);
INSERT INTO MovieGenres (MovieID, GenreID) VALUES (219, 4);
INSERT INTO MovieGenres (MovieID, GenreID) VALUES (219, 6);
INSERT INTO MovieGenres (MovieID, GenreID) VALUES (219, 7);
INSERT INTO MoviePeople (MovieID, PersonID, RoleID) VALUES (219, 2955, 1);
INSERT INTO MoviePeople (MovieID, PersonID, RoleID) VALUES (219, 1936, 2);
INSERT INTO MoviePeople (MovieID, PersonID, RoleID) VALUES (219, 2057, 3);
INSERT INTO MoviePeople (MovieID, PersonID, RoleID) VALUES (219, 2397, 4);
INSERT INTO MoviePeople (MovieID, PersonID, RoleID) VALUES (219, 1792, 5);

INSERT INTO Movies (MovieID, Series_Title, Released_Year, RuntimeMinutes, Overview, Poster_Link, IMDB_Rating, Meta_score, No_of_Votes, Gross_Revenue, CertificateID) VALUES (220, 'Song of the Sea', 2014.0, 93, 'Ben, a young Irish boy, and his little sister Saoirse, a girl who can turn into a seal, go on an adventure to free the fairies and save the spirit world.', 'https://m.media-amazon.com/images/M/MV5BMTQ2MDMwNjEwNV5BMl5BanBnXkFtZTgwOTkxMzI0MzE@._V1_UY98_CR0,0,67,98_AL_.jpg', 8.1, 85.0, 51679, 857524.0, 6);
INSERT INTO MovieGenres (MovieID, GenreID) VALUES (220, 3);
INSERT INTO MovieGenres (MovieID, GenreID) VALUES (220, 2);
INSERT INTO MovieGenres (MovieID, GenreID) VALUES (220, 7);
INSERT INTO MoviePeople (MovieID, PersonID, RoleID) VALUES (220, 2964, 1);
INSERT INTO MoviePeople (MovieID, PersonID, RoleID) VALUES (220, 643, 2);
INSERT INTO MoviePeople (MovieID, PersonID, RoleID) VALUES (220, 360, 3);
INSERT INTO MoviePeople (MovieID, PersonID, RoleID) VALUES (220, 1810, 4);
INSERT INTO MoviePeople (MovieID, PersonID, RoleID) VALUES (220, 877, 5);

INSERT INTO Movies (MovieID, Series_Title, Released_Year, RuntimeMinutes, Overview, Poster_Link, IMDB_Rating, Meta_score, No_of_Votes, Gross_Revenue, CertificateID) VALUES (221, 'Kahaani', 2012.0, 122, 'A pregnant woman''s search for her missing husband takes her from London to Kolkata, but everyone she questions denies having ever met him.', 'https://m.media-amazon.com/images/M/MV5BMTQ1NDI0NzkyOF5BMl5BanBnXkFtZTcwNzAyNzE2Nw@@._V1_UY98_CR0,0,67,98_AL_.jpg', 8.1, NULL, 57806, 1035953.0, 15);
INSERT INTO MovieGenres (MovieID, GenreID) VALUES (221, 15);
INSERT INTO MovieGenres (MovieID, GenreID) VALUES (221, 19);
INSERT INTO MoviePeople (MovieID, PersonID, RoleID) VALUES (221, 2823, 1);
INSERT INTO MoviePeople (MovieID, PersonID, RoleID) VALUES (221, 3033, 2);
INSERT INTO MoviePeople (MovieID, PersonID, RoleID) VALUES (221, 2278, 3);
INSERT INTO MoviePeople (MovieID, PersonID, RoleID) VALUES (221, 1172, 4);
INSERT INTO MoviePeople (MovieID, PersonID, RoleID) VALUES (221, 2180, 5);

INSERT INTO Movies (MovieID, Series_Title, Released_Year, RuntimeMinutes, Overview, Poster_Link, IMDB_Rating, Meta_score, No_of_Votes, Gross_Revenue, CertificateID) VALUES (222, 'Zindagi Na Milegi Dobara', 2011.0, 155, 'Three friends decide to turn their fantasy vacation into reality after one of their friends gets engaged.', 'https://m.media-amazon.com/images/M/MV5BZGFmMjM5OWMtZTRiNC00ODhlLThlYTItYTcyZDMyYmMyYjFjXkEyXkFqcGdeQXVyNDUzOTQ5MjY@._V1_UY98_CR0,0,67,98_AL_.jpg', 8.1, NULL, 67927, 3108485.0, 13);
INSERT INTO MovieGenres (MovieID, GenreID) VALUES (222, 5);
INSERT INTO MovieGenres (MovieID, GenreID) VALUES (222, 7);
INSERT INTO MoviePeople (MovieID, PersonID, RoleID) VALUES (222, 3194, 1);
INSERT INTO MoviePeople (MovieID, PersonID, RoleID) VALUES (222, 1139, 2);
INSERT INTO MoviePeople (MovieID, PersonID, RoleID) VALUES (222, 854, 3);
INSERT INTO MoviePeople (MovieID, PersonID, RoleID) VALUES (222, 8, 4);
INSERT INTO MoviePeople (MovieID, PersonID, RoleID) VALUES (222, 1629, 5);

INSERT INTO Movies (MovieID, Series_Title, Released_Year, RuntimeMinutes, Overview, Poster_Link, IMDB_Rating, Meta_score, No_of_Votes, Gross_Revenue, CertificateID) VALUES (223, 'Prisoners', 2013.0, 153, 'When Keller Dover''s daughter and her friend go missing, he takes matters into his own hands as the police pursue multiple leads and the pressure mounts.', 'https://m.media-amazon.com/images/M/MV5BMTg0NTIzMjQ1NV5BMl5BanBnXkFtZTcwNDc3MzM5OQ@@._V1_UX67_CR0,0,67,98_AL_.jpg', 8.1, 70.0, 601149, 61002302.0, 2);
INSERT INTO MovieGenres (MovieID, GenreID) VALUES (223, 6);
INSERT INTO MovieGenres (MovieID, GenreID) VALUES (223, 7);
INSERT INTO MovieGenres (MovieID, GenreID) VALUES (223, 15);
INSERT INTO MoviePeople (MovieID, PersonID, RoleID) VALUES (223, 667, 1);
INSERT INTO MoviePeople (MovieID, PersonID, RoleID) VALUES (223, 1146, 2);
INSERT INTO MoviePeople (MovieID, PersonID, RoleID) VALUES (223, 1233, 3);
INSERT INTO MoviePeople (MovieID, PersonID, RoleID) VALUES (223, 3050, 4);
INSERT INTO MoviePeople (MovieID, PersonID, RoleID) VALUES (223, 2028, 5);

INSERT INTO Movies (MovieID, Series_Title, Released_Year, RuntimeMinutes, Overview, Poster_Link, IMDB_Rating, Meta_score, No_of_Votes, Gross_Revenue, CertificateID) VALUES (224, 'Mad Max: Fury Road', 2015.0, 120, 'In a post-apocalyptic wasteland, a woman rebels against a tyrannical ruler in search for her homeland with the aid of a group of female prisoners, a psychotic worshiper, and a drifter named Max.', 'https://m.media-amazon.com/images/M/MV5BN2EwM2I5OWMtMGQyMi00Zjg1LWJkNTctZTdjYTA4OGUwZjMyXkEyXkFqcGdeQXVyMTMxODk2OTU@._V1_UX67_CR0,0,67,98_AL_.jpg', 8.1, 90.0, 882316, 154058340.0, 15);
INSERT INTO MovieGenres (MovieID, GenreID) VALUES (224, 1);
INSERT INTO MovieGenres (MovieID, GenreID) VALUES (224, 2);
INSERT INTO MovieGenres (MovieID, GenreID) VALUES (224, 17);
INSERT INTO MoviePeople (MovieID, PersonID, RoleID) VALUES (224, 978, 1);
INSERT INTO MoviePeople (MovieID, PersonID, RoleID) VALUES (224, 2950, 2);
INSERT INTO MoviePeople (MovieID, PersonID, RoleID) VALUES (224, 475, 3);
INSERT INTO MoviePeople (MovieID, PersonID, RoleID) VALUES (224, 2191, 4);
INSERT INTO MoviePeople (MovieID, PersonID, RoleID) VALUES (224, 3195, 5);

INSERT INTO Movies (MovieID, Series_Title, Released_Year, RuntimeMinutes, Overview, Poster_Link, IMDB_Rating, Meta_score, No_of_Votes, Gross_Revenue, CertificateID) VALUES (225, 'A Wednesday', 2008.0, 104, 'A retiring police officer reminisces about the most astounding day of his career. About a case that was never filed but continues to haunt him in his memories - the case of a man and a Wednesday.', 'https://m.media-amazon.com/images/M/MV5BOTcwMzdiMWItMjZlOS00MzAzLTg5OTItNTA4OGYyMjBhMmRiXkEyXkFqcGdeQXVyODE5NzE3OTE@._V1_UY98_CR1,0,67,98_AL_.jpg', 8.1, NULL, 73891, NULL, 15);
INSERT INTO MovieGenres (MovieID, GenreID) VALUES (225, 1);
INSERT INTO MovieGenres (MovieID, GenreID) VALUES (225, 6);
INSERT INTO MovieGenres (MovieID, GenreID) VALUES (225, 7);
INSERT INTO MoviePeople (MovieID, PersonID, RoleID) VALUES (225, 2184, 1);
INSERT INTO MoviePeople (MovieID, PersonID, RoleID) VALUES (225, 206, 2);
INSERT INTO MoviePeople (MovieID, PersonID, RoleID) VALUES (225, 2167, 3);
INSERT INTO MoviePeople (MovieID, PersonID, RoleID) VALUES (225, 1393, 4);
INSERT INTO MoviePeople (MovieID, PersonID, RoleID) VALUES (225, 1, 5);

INSERT INTO Movies (MovieID, Series_Title, Released_Year, RuntimeMinutes, Overview, Poster_Link, IMDB_Rating, Meta_score, No_of_Votes, Gross_Revenue, CertificateID) VALUES (226, 'Gran Torino', 2008.0, 116, 'Disgruntled Korean War veteran Walt Kowalski sets out to reform his neighbor, Thao Lor, a Hmong teenager who tried to steal Kowalski''s prized possession: a 1972 Gran Torino.', 'https://m.media-amazon.com/images/M/MV5BMTc5NTk2OTU1Nl5BMl5BanBnXkFtZTcwMDc3NjAwMg@@._V1_UX67_CR0,0,67,98_AL_.jpg', 8.1, 72.0, 720450, 148095302.0, 9);
INSERT INTO MovieGenres (MovieID, GenreID) VALUES (226, 7);
INSERT INTO MoviePeople (MovieID, PersonID, RoleID) VALUES (226, 547, 1);
INSERT INTO MoviePeople (MovieID, PersonID, RoleID) VALUES (226, 547, 2);
INSERT INTO MoviePeople (MovieID, PersonID, RoleID) VALUES (226, 276, 3);
INSERT INTO MoviePeople (MovieID, PersonID, RoleID) VALUES (226, 519, 4);
INSERT INTO MoviePeople (MovieID, PersonID, RoleID) VALUES (226, 30, 5);

INSERT INTO Movies (MovieID, Series_Title, Released_Year, RuntimeMinutes, Overview, Poster_Link, IMDB_Rating, Meta_score, No_of_Votes, Gross_Revenue, CertificateID) VALUES (227, 'Harry Potter and the Deathly Hallows: Part 2', 2011.0, 130, 'Harry, Ron, and Hermione search for Voldemort''s remaining Horcruxes in their effort to destroy the Dark Lord as the final battle rages on at Hogwarts.', 'https://m.media-amazon.com/images/M/MV5BMGVmMWNiMDktYjQ0Mi00MWIxLTk0N2UtN2ZlYTdkN2IzNDNlXkEyXkFqcGdeQXVyODE5NzE3OTE@._V1_UX67_CR0,0,67,98_AL_.jpg', 8.1, 85.0, 764493, 381011219.0, 15);
INSERT INTO MovieGenres (MovieID, GenreID) VALUES (227, 2);
INSERT INTO MovieGenres (MovieID, GenreID) VALUES (227, 7);
INSERT INTO MovieGenres (MovieID, GenreID) VALUES (227, 9);
INSERT INTO MoviePeople (MovieID, PersonID, RoleID) VALUES (227, 648, 1);
INSERT INTO MoviePeople (MovieID, PersonID, RoleID) VALUES (227, 600, 2);
INSERT INTO MoviePeople (MovieID, PersonID, RoleID) VALUES (227, 810, 3);
INSERT INTO MoviePeople (MovieID, PersonID, RoleID) VALUES (227, 2598, 4);
INSERT INTO MoviePeople (MovieID, PersonID, RoleID) VALUES (227, 2053, 5);

INSERT INTO Movies (MovieID, Series_Title, Released_Year, RuntimeMinutes, Overview, Poster_Link, IMDB_Rating, Meta_score, No_of_Votes, Gross_Revenue, CertificateID) VALUES (228, 'Okuribito', 2008.0, 130, 'A newly unemployed cellist takes a job preparing the dead for funerals.', 'https://m.media-amazon.com/images/M/MV5BMTUzOTcwOTA2NV5BMl5BanBnXkFtZTcwNDczMzczMg@@._V1_UY98_CR0,0,67,98_AL_.jpg', 8.1, 68.0, 48582, 1498210.0, 7);
INSERT INTO MovieGenres (MovieID, GenreID) VALUES (228, 7);
INSERT INTO MovieGenres (MovieID, GenreID) VALUES (228, 13);
INSERT INTO MoviePeople (MovieID, PersonID, RoleID) VALUES (228, 3171, 1);
INSERT INTO MoviePeople (MovieID, PersonID, RoleID) VALUES (228, 1977, 2);
INSERT INTO MoviePeople (MovieID, PersonID, RoleID) VALUES (228, 2617, 3);
INSERT INTO MoviePeople (MovieID, PersonID, RoleID) VALUES (228, 2992, 4);
INSERT INTO MoviePeople (MovieID, PersonID, RoleID) VALUES (228, 1635, 5);

INSERT INTO Movies (MovieID, Series_Title, Released_Year, RuntimeMinutes, Overview, Poster_Link, IMDB_Rating, Meta_score, No_of_Votes, Gross_Revenue, CertificateID) VALUES (229, 'Hachi: A Dog''s Tale', 2009.0, 93, 'A college professor bonds with an abandoned dog he takes into his home.', 'https://m.media-amazon.com/images/M/MV5BNzE4NDg5OWMtMzg3NC00ZDRjLTllMDMtZTRjNWZmNjBmMGZlXkEyXkFqcGdeQXVyMTMxODk2OTU@._V1_UY98_CR1,0,67,98_AL_.jpg', 8.1, NULL, 253575, NULL, 4);
INSERT INTO MovieGenres (MovieID, GenreID) VALUES (229, 4);
INSERT INTO MovieGenres (MovieID, GenreID) VALUES (229, 7);
INSERT INTO MovieGenres (MovieID, GenreID) VALUES (229, 8);
INSERT INTO MoviePeople (MovieID, PersonID, RoleID) VALUES (229, 1732, 1);
INSERT INTO MoviePeople (MovieID, PersonID, RoleID) VALUES (229, 2481, 2);
INSERT INTO MoviePeople (MovieID, PersonID, RoleID) VALUES (229, 1400, 3);
INSERT INTO MoviePeople (MovieID, PersonID, RoleID) VALUES (229, 442, 4);
INSERT INTO MoviePeople (MovieID, PersonID, RoleID) VALUES (229, 2673, 5);

INSERT INTO Movies (MovieID, Series_Title, Released_Year, RuntimeMinutes, Overview, Poster_Link, IMDB_Rating, Meta_score, No_of_Votes, Gross_Revenue, CertificateID) VALUES (230, 'Mary and Max', 2009.0, 92, 'A tale of friendship between two unlikely pen pals: Mary, a lonely, eight-year-old girl living in the suburbs of Melbourne, and Max, a forty-four-year old, severely obese man living in New York.', 'https://m.media-amazon.com/images/M/MV5BMDgzYjQwMDMtNGUzYi00MTRmLWIyMGMtNjE1OGZkNzY2YWIzL2ltYWdlXkEyXkFqcGdeQXVyNjU0OTQ0OTY@._V1_UY98_CR1,0,67,98_AL_.jpg', 8.1, NULL, 164462, NULL, NULL);
INSERT INTO MovieGenres (MovieID, GenreID) VALUES (230, 3);
INSERT INTO MovieGenres (MovieID, GenreID) VALUES (230, 5);
INSERT INTO MovieGenres (MovieID, GenreID) VALUES (230, 7);
INSERT INTO MoviePeople (MovieID, PersonID, RoleID) VALUES (230, 15, 1);
INSERT INTO MoviePeople (MovieID, PersonID, RoleID) VALUES (230, 2968, 2);
INSERT INTO MoviePeople (MovieID, PersonID, RoleID) VALUES (230, 2361, 3);
INSERT INTO MoviePeople (MovieID, PersonID, RoleID) VALUES (230, 821, 4);
INSERT INTO MoviePeople (MovieID, PersonID, RoleID) VALUES (230, 270, 5);

INSERT INTO Movies (MovieID, Series_Title, Released_Year, RuntimeMinutes, Overview, Poster_Link, IMDB_Rating, Meta_score, No_of_Votes, Gross_Revenue, CertificateID) VALUES (231, 'How to Train Your Dragon', 2010.0, 98, 'A hapless young Viking who aspires to hunt dragons becomes the unlikely friend of a young dragon himself, and learns there may be more to the creatures than he assumed.', 'https://m.media-amazon.com/images/M/MV5BMjA5NDQyMjc2NF5BMl5BanBnXkFtZTcwMjg5ODcyMw@@._V1_UX67_CR0,0,67,98_AL_.jpg', 8.1, 75.0, 666773, 217581231.0, 13);
INSERT INTO MovieGenres (MovieID, GenreID) VALUES (231, 3);
INSERT INTO MovieGenres (MovieID, GenreID) VALUES (231, 1);
INSERT INTO MovieGenres (MovieID, GenreID) VALUES (231, 2);
INSERT INTO MoviePeople (MovieID, PersonID, RoleID) VALUES (231, 652, 1);
INSERT INTO MoviePeople (MovieID, PersonID, RoleID) VALUES (231, 506, 2);
INSERT INTO MoviePeople (MovieID, PersonID, RoleID) VALUES (231, 1306, 3);
INSERT INTO MoviePeople (MovieID, PersonID, RoleID) VALUES (231, 994, 4);
INSERT INTO MoviePeople (MovieID, PersonID, RoleID) VALUES (231, 526, 5);

INSERT INTO Movies (MovieID, Series_Title, Released_Year, RuntimeMinutes, Overview, Poster_Link, IMDB_Rating, Meta_score, No_of_Votes, Gross_Revenue, CertificateID) VALUES (232, 'Into the Wild', 2007.0, 148, 'After graduating from Emory University, top student and athlete Christopher McCandless abandons his possessions, gives his entire $24,000 savings account to charity and hitchhikes to Alaska to live in the wilderness. Along the way, Christopher encounters a series of characters that shape his life.', 'https://m.media-amazon.com/images/M/MV5BMTAwNDEyODU1MjheQTJeQWpwZ15BbWU2MDc3NDQwNw@@._V1_UX67_CR0,0,67,98_AL_.jpg', 8.1, 73.0, 572921, 18354356.0, 9);
INSERT INTO MovieGenres (MovieID, GenreID) VALUES (232, 2);
INSERT INTO MovieGenres (MovieID, GenreID) VALUES (232, 4);
INSERT INTO MovieGenres (MovieID, GenreID) VALUES (232, 7);
INSERT INTO MoviePeople (MovieID, PersonID, RoleID) VALUES (232, 2697, 1);
INSERT INTO MoviePeople (MovieID, PersonID, RoleID) VALUES (232, 800, 2);
INSERT INTO MoviePeople (MovieID, PersonID, RoleID) VALUES (232, 3043, 3);
INSERT INTO MoviePeople (MovieID, PersonID, RoleID) VALUES (232, 446, 4);
INSERT INTO MoviePeople (MovieID, PersonID, RoleID) VALUES (232, 1898, 5);

INSERT INTO Movies (MovieID, Series_Title, Released_Year, RuntimeMinutes, Overview, Poster_Link, IMDB_Rating, Meta_score, No_of_Votes, Gross_Revenue, CertificateID) VALUES (233, 'No Country for Old Men', 2007.0, 122, 'Violence and mayhem ensue after a hunter stumbles upon a drug deal gone wrong and more than two million dollars in cash near the Rio Grande.', 'https://m.media-amazon.com/images/M/MV5BMjA5Njk3MjM4OV5BMl5BanBnXkFtZTcwMTc5MTE1MQ@@._V1_UX67_CR0,0,67,98_AL_.jpg', 8.1, 91.0, 856916, 74283625.0, 9);
INSERT INTO MovieGenres (MovieID, GenreID) VALUES (233, 6);
INSERT INTO MovieGenres (MovieID, GenreID) VALUES (233, 7);
INSERT INTO MovieGenres (MovieID, GenreID) VALUES (233, 19);
INSERT INTO MoviePeople (MovieID, PersonID, RoleID) VALUES (233, 836, 1);
INSERT INTO MoviePeople (MovieID, PersonID, RoleID) VALUES (233, 1418, 2);
INSERT INTO MoviePeople (MovieID, PersonID, RoleID) VALUES (233, 2966, 3);
INSERT INTO MoviePeople (MovieID, PersonID, RoleID) VALUES (233, 1304, 4);
INSERT INTO MoviePeople (MovieID, PersonID, RoleID) VALUES (233, 1529, 5);

INSERT INTO Movies (MovieID, Series_Title, Released_Year, RuntimeMinutes, Overview, Poster_Link, IMDB_Rating, Meta_score, No_of_Votes, Gross_Revenue, CertificateID) VALUES (234, 'Lage Raho Munna Bhai', 2006.0, 144, 'Munna Bhai embarks on a journey with Mahatma Gandhi in order to fight against a corrupt property dealer.', 'https://m.media-amazon.com/images/M/MV5BN2ZmMDMwODgtMzA5MS00MGU0LWEyYTgtYzQ5MmQzMzU2NTVkXkEyXkFqcGdeQXVyODE5NzE3OTE@._V1_UY98_CR0,0,67,98_AL_.jpg', 8.1, NULL, 43137, 2217561.0, 13);
INSERT INTO MovieGenres (MovieID, GenreID) VALUES (234, 5);
INSERT INTO MovieGenres (MovieID, GenreID) VALUES (234, 7);
INSERT INTO MovieGenres (MovieID, GenreID) VALUES (234, 16);
INSERT INTO MoviePeople (MovieID, PersonID, RoleID) VALUES (234, 2411, 1);
INSERT INTO MoviePeople (MovieID, PersonID, RoleID) VALUES (234, 2661, 2);
INSERT INTO MoviePeople (MovieID, PersonID, RoleID) VALUES (234, 225, 3);
INSERT INTO MoviePeople (MovieID, PersonID, RoleID) VALUES (234, 3033, 4);
INSERT INTO MoviePeople (MovieID, PersonID, RoleID) VALUES (234, 338, 5);

INSERT INTO Movies (MovieID, Series_Title, Released_Year, RuntimeMinutes, Overview, Poster_Link, IMDB_Rating, Meta_score, No_of_Votes, Gross_Revenue, CertificateID) VALUES (235, 'Million Dollar Baby', 2004.0, 132, 'A determined woman works with a hardened boxing trainer to become a professional.', 'https://m.media-amazon.com/images/M/MV5BMTkxNzA1NDQxOV5BMl5BanBnXkFtZTcwNTkyMTIzMw@@._V1_UX67_CR0,0,67,98_AL_.jpg', 8.1, 86.0, 635975, 100492203.0, 15);
INSERT INTO MovieGenres (MovieID, GenreID) VALUES (235, 7);
INSERT INTO MovieGenres (MovieID, GenreID) VALUES (235, 18);
INSERT INTO MoviePeople (MovieID, PersonID, RoleID) VALUES (235, 547, 1);
INSERT INTO MoviePeople (MovieID, PersonID, RoleID) VALUES (235, 1124, 2);
INSERT INTO MoviePeople (MovieID, PersonID, RoleID) VALUES (235, 547, 3);
INSERT INTO MoviePeople (MovieID, PersonID, RoleID) VALUES (235, 2144, 4);
INSERT INTO MoviePeople (MovieID, PersonID, RoleID) VALUES (235, 1306, 5);

INSERT INTO Movies (MovieID, Series_Title, Released_Year, RuntimeMinutes, Overview, Poster_Link, IMDB_Rating, Meta_score, No_of_Votes, Gross_Revenue, CertificateID) VALUES (236, 'Hotel Rwanda', 2004.0, 121, 'Paul Rusesabagina, a hotel manager, houses over a thousand Tutsi refugees during their struggle against the Hutu militia in Rwanda, Africa.', 'https://m.media-amazon.com/images/M/MV5BZGJjYmIzZmQtNWE4Yy00ZGVmLWJkZGEtMzUzNmQ4ZWFlMjRhXkEyXkFqcGdeQXVyMTMxODk2OTU@._V1_UX67_CR0,0,67,98_AL_.jpg', 8.1, 79.0, 334320, 23530892.0, 7);
INSERT INTO MovieGenres (MovieID, GenreID) VALUES (236, 4);
INSERT INTO MovieGenres (MovieID, GenreID) VALUES (236, 7);
INSERT INTO MovieGenres (MovieID, GenreID) VALUES (236, 11);
INSERT INTO MoviePeople (MovieID, PersonID, RoleID) VALUES (236, 2893, 1);
INSERT INTO MoviePeople (MovieID, PersonID, RoleID) VALUES (236, 706, 2);
INSERT INTO MoviePeople (MovieID, PersonID, RoleID) VALUES (236, 2780, 3);
INSERT INTO MoviePeople (MovieID, PersonID, RoleID) VALUES (236, 1408, 4);
INSERT INTO MoviePeople (MovieID, PersonID, RoleID) VALUES (236, 3133, 5);

INSERT INTO Movies (MovieID, Series_Title, Released_Year, RuntimeMinutes, Overview, Poster_Link, IMDB_Rating, Meta_score, No_of_Votes, Gross_Revenue, CertificateID) VALUES (237, 'Taegukgi hwinalrimyeo', 2004.0, 140, 'When two brothers are forced to fight in the Korean War, the elder decides to take the riskiest missions if it will help shield the younger from battle.', 'https://m.media-amazon.com/images/M/MV5BNjAxZTEzNzQtYjdlNy00ZTJmLTkwZDUtOTAwNTM3YjI2MWUyL2ltYWdlXkEyXkFqcGdeQXVyNTAyODkwOQ@@._V1_UX67_CR0,0,67,98_AL_.jpg', 8.1, 64.0, 37820, 1111061.0, 9);
INSERT INTO MovieGenres (MovieID, GenreID) VALUES (237, 1);
INSERT INTO MovieGenres (MovieID, GenreID) VALUES (237, 7);
INSERT INTO MovieGenres (MovieID, GenreID) VALUES (237, 20);
INSERT INTO MoviePeople (MovieID, PersonID, RoleID) VALUES (237, 1309, 1);
INSERT INTO MoviePeople (MovieID, PersonID, RoleID) VALUES (237, 1287, 2);
INSERT INTO MoviePeople (MovieID, PersonID, RoleID) VALUES (237, 3127, 3);
INSERT INTO MoviePeople (MovieID, PersonID, RoleID) VALUES (237, 839, 4);
INSERT INTO MoviePeople (MovieID, PersonID, RoleID) VALUES (237, 1155, 5);

INSERT INTO Movies (MovieID, Series_Title, Released_Year, RuntimeMinutes, Overview, Poster_Link, IMDB_Rating, Meta_score, No_of_Votes, Gross_Revenue, CertificateID) VALUES (238, 'Before Sunset', 2004.0, 80, 'Nine years after Jesse and Celine first met, they encounter each other again on the French leg of Jesse''s book tour.', 'https://m.media-amazon.com/images/M/MV5BMTQ1MjAwNTM5Ml5BMl5BanBnXkFtZTYwNDM0MTc3._V1_UX67_CR0,0,67,98_AL_.jpg', 8.1, 90.0, 236311, 5820649.0, 9);
INSERT INTO MovieGenres (MovieID, GenreID) VALUES (238, 7);
INSERT INTO MovieGenres (MovieID, GenreID) VALUES (238, 16);
INSERT INTO MoviePeople (MovieID, PersonID, RoleID) VALUES (238, 2489, 1);
INSERT INTO MoviePeople (MovieID, PersonID, RoleID) VALUES (238, 837, 2);
INSERT INTO MoviePeople (MovieID, PersonID, RoleID) VALUES (238, 1565, 3);
INSERT INTO MoviePeople (MovieID, PersonID, RoleID) VALUES (238, 3022, 4);
INSERT INTO MoviePeople (MovieID, PersonID, RoleID) VALUES (238, 1835, 5);

INSERT INTO Movies (MovieID, Series_Title, Released_Year, RuntimeMinutes, Overview, Poster_Link, IMDB_Rating, Meta_score, No_of_Votes, Gross_Revenue, CertificateID) VALUES (239, 'Munna Bhai M.B.B.S.', 2003.0, 156, 'A gangster sets out to fulfill his father''s dream of becoming a doctor.', 'https://m.media-amazon.com/images/M/MV5BMzQ4MTBlYTQtMzJkYS00OGNjLTk1MWYtNzQ0OTQ0OWEyOWU1XkEyXkFqcGdeQXVyNDgyODgxNjE@._V1_UY98_CR1,0,67,98_AL_.jpg', 8.1, NULL, 73992, NULL, 13);
INSERT INTO MovieGenres (MovieID, GenreID) VALUES (239, 5);
INSERT INTO MovieGenres (MovieID, GenreID) VALUES (239, 7);
INSERT INTO MovieGenres (MovieID, GenreID) VALUES (239, 14);
INSERT INTO MoviePeople (MovieID, PersonID, RoleID) VALUES (239, 2411, 1);
INSERT INTO MoviePeople (MovieID, PersonID, RoleID) VALUES (239, 2661, 2);
INSERT INTO MoviePeople (MovieID, PersonID, RoleID) VALUES (239, 225, 3);
INSERT INTO MoviePeople (MovieID, PersonID, RoleID) VALUES (239, 1030, 4);
INSERT INTO MoviePeople (MovieID, PersonID, RoleID) VALUES (239, 2827, 5);

INSERT INTO Movies (MovieID, Series_Title, Released_Year, RuntimeMinutes, Overview, Poster_Link, IMDB_Rating, Meta_score, No_of_Votes, Gross_Revenue, CertificateID) VALUES (240, 'Salinui chueok', 2003.0, 131, 'In a small Korean province in 1986, two detectives struggle with the case of multiple young women being found raped and murdered by an unknown culprit.', 'https://m.media-amazon.com/images/M/MV5BOGViNTg4YTktYTQ2Ni00MTU0LTk2NWUtMTI4OTc1YTM0NzQ2XkEyXkFqcGdeQXVyMDM2NDM2MQ@@._V1_UX67_CR0,0,67,98_AL_.jpg', 8.1, 82.0, 139558, 14131.0, 15);
INSERT INTO MovieGenres (MovieID, GenreID) VALUES (240, 6);
INSERT INTO MovieGenres (MovieID, GenreID) VALUES (240, 7);
INSERT INTO MovieGenres (MovieID, GenreID) VALUES (240, 15);
INSERT INTO MoviePeople (MovieID, PersonID, RoleID) VALUES (240, 339, 1);
INSERT INTO MoviePeople (MovieID, PersonID, RoleID) VALUES (240, 1598, 2);
INSERT INTO MoviePeople (MovieID, PersonID, RoleID) VALUES (240, 1682, 3);
INSERT INTO MoviePeople (MovieID, PersonID, RoleID) VALUES (240, 2554, 4);
INSERT INTO MoviePeople (MovieID, PersonID, RoleID) VALUES (240, 1231, 5);

INSERT INTO Movies (MovieID, Series_Title, Released_Year, RuntimeMinutes, Overview, Poster_Link, IMDB_Rating, Meta_score, No_of_Votes, Gross_Revenue, CertificateID) VALUES (241, 'Dil Chahta Hai', 2001.0, 183, 'Three inseparable childhood friends are just out of college. Nothing comes between them - until they each fall in love, and their wildly different approaches to relationships creates tension.', 'https://m.media-amazon.com/images/M/MV5BMjRjMTYwMTYtMmRkNi00MmVkLWE0MjQtNmM3YjI0NWFhZDNmXkEyXkFqcGdeQXVyODE5NzE3OTE@._V1_UX67_CR0,0,67,98_AL_.jpg', 8.1, NULL, 66803, 300000.0, 16);
INSERT INTO MovieGenres (MovieID, GenreID) VALUES (241, 5);
INSERT INTO MovieGenres (MovieID, GenreID) VALUES (241, 7);
INSERT INTO MovieGenres (MovieID, GenreID) VALUES (241, 16);
INSERT INTO MoviePeople (MovieID, PersonID, RoleID) VALUES (241, 854, 1);
INSERT INTO MoviePeople (MovieID, PersonID, RoleID) VALUES (241, 2, 2);
INSERT INTO MoviePeople (MovieID, PersonID, RoleID) VALUES (241, 2628, 3);
INSERT INTO MoviePeople (MovieID, PersonID, RoleID) VALUES (241, 43, 4);
INSERT INTO MoviePeople (MovieID, PersonID, RoleID) VALUES (241, 2381, 5);

INSERT INTO Movies (MovieID, Series_Title, Released_Year, RuntimeMinutes, Overview, Poster_Link, IMDB_Rating, Meta_score, No_of_Votes, Gross_Revenue, CertificateID) VALUES (242, 'Kill Bill: Vol. 1', 2003.0, 111, 'After awakening from a four-year coma, a former assassin wreaks vengeance on the team of assassins who betrayed her.', 'https://m.media-amazon.com/images/M/MV5BNzM3NDFhYTAtYmU5Mi00NGRmLTljYjgtMDkyODQ4MjNkMGY2XkEyXkFqcGdeQXVyNzkwMjQ5NzM@._V1_UX67_CR0,0,67,98_AL_.jpg', 8.1, 69.0, 1000639, 70099045.0, 9);
INSERT INTO MovieGenres (MovieID, GenreID) VALUES (242, 1);
INSERT INTO MovieGenres (MovieID, GenreID) VALUES (242, 6);
INSERT INTO MovieGenres (MovieID, GenreID) VALUES (242, 7);
INSERT INTO MoviePeople (MovieID, PersonID, RoleID) VALUES (242, 2391, 1);
INSERT INTO MoviePeople (MovieID, PersonID, RoleID) VALUES (242, 3009, 2);
INSERT INTO MoviePeople (MovieID, PersonID, RoleID) VALUES (242, 626, 3);
INSERT INTO MoviePeople (MovieID, PersonID, RoleID) VALUES (242, 619, 4);
INSERT INTO MoviePeople (MovieID, PersonID, RoleID) VALUES (242, 2060, 5);

INSERT INTO Movies (MovieID, Series_Title, Released_Year, RuntimeMinutes, Overview, Poster_Link, IMDB_Rating, Meta_score, No_of_Votes, Gross_Revenue, CertificateID) VALUES (243, 'Finding Nemo', 2003.0, 100, 'After his son is captured in the Great Barrier Reef and taken to Sydney, a timid clownfish sets out on a journey to bring him home.', 'https://m.media-amazon.com/images/M/MV5BZTAzNWZlNmUtZDEzYi00ZjA5LWIwYjEtZGM1NWE1MjE4YWRhXkEyXkFqcGdeQXVyNjU0OTQ0OTY@._V1_UX67_CR0,0,67,98_AL_.jpg', 8.1, 90.0, 949565, 380843261.0, 13);
INSERT INTO MovieGenres (MovieID, GenreID) VALUES (243, 3);
INSERT INTO MovieGenres (MovieID, GenreID) VALUES (243, 2);
INSERT INTO MovieGenres (MovieID, GenreID) VALUES (243, 5);
INSERT INTO MoviePeople (MovieID, PersonID, RoleID) VALUES (243, 146, 1);
INSERT INTO MoviePeople (MovieID, PersonID, RoleID) VALUES (243, 1756, 2);
INSERT INTO MoviePeople (MovieID, PersonID, RoleID) VALUES (243, 59, 3);
INSERT INTO MoviePeople (MovieID, PersonID, RoleID) VALUES (243, 790, 4);
INSERT INTO MoviePeople (MovieID, PersonID, RoleID) VALUES (243, 81, 5);

INSERT INTO Movies (MovieID, Series_Title, Released_Year, RuntimeMinutes, Overview, Poster_Link, IMDB_Rating, Meta_score, No_of_Votes, Gross_Revenue, CertificateID) VALUES (244, 'Catch Me If You Can', 2002.0, 141, 'Barely 21 yet, Frank is a skilled forger who has passed as a doctor, lawyer and pilot. FBI agent Carl becomes obsessed with tracking down the con man, who only revels in the pursuit.', 'https://m.media-amazon.com/images/M/MV5BMTY5MzYzNjc5NV5BMl5BanBnXkFtZTYwNTUyNTc2._V1_UX67_CR0,0,67,98_AL_.jpg', 8.1, 75.0, 832846, 164615351.0, 2);
INSERT INTO MovieGenres (MovieID, GenreID) VALUES (244, 4);
INSERT INTO MovieGenres (MovieID, GenreID) VALUES (244, 6);
INSERT INTO MovieGenres (MovieID, GenreID) VALUES (244, 7);
INSERT INTO MoviePeople (MovieID, PersonID, RoleID) VALUES (244, 2818, 1);
INSERT INTO MoviePeople (MovieID, PersonID, RoleID) VALUES (244, 1775, 2);
INSERT INTO MoviePeople (MovieID, PersonID, RoleID) VALUES (244, 2949, 3);
INSERT INTO MoviePeople (MovieID, PersonID, RoleID) VALUES (244, 531, 4);
INSERT INTO MoviePeople (MovieID, PersonID, RoleID) VALUES (244, 1956, 5);

INSERT INTO Movies (MovieID, Series_Title, Released_Year, RuntimeMinutes, Overview, Poster_Link, IMDB_Rating, Meta_score, No_of_Votes, Gross_Revenue, CertificateID) VALUES (245, 'Amores perros', 2000.0, 154, 'A horrific car accident connects three stories, each involving characters dealing with loss, regret, and life''s harsh realities, all in the name of love.', 'https://m.media-amazon.com/images/M/MV5BMjQxMWJhMzMtMzllZi00NzMwLTllYjktNTcwZmU4ZmU3NTA0XkEyXkFqcGdeQXVyMTAzMDM4MjM0._V1_UY98_CR3,0,67,98_AL_.jpg', 8.1, 83.0, 223741, 5383834.0, 2);
INSERT INTO MovieGenres (MovieID, GenreID) VALUES (245, 7);
INSERT INTO MovieGenres (MovieID, GenreID) VALUES (245, 19);
INSERT INTO MoviePeople (MovieID, PersonID, RoleID) VALUES (245, 70, 1);
INSERT INTO MoviePeople (MovieID, PersonID, RoleID) VALUES (245, 802, 2);
INSERT INTO MoviePeople (MovieID, PersonID, RoleID) VALUES (245, 932, 3);
INSERT INTO MoviePeople (MovieID, PersonID, RoleID) VALUES (245, 1027, 4);
INSERT INTO MoviePeople (MovieID, PersonID, RoleID) VALUES (245, 3196, 5);

INSERT INTO Movies (MovieID, Series_Title, Released_Year, RuntimeMinutes, Overview, Poster_Link, IMDB_Rating, Meta_score, No_of_Votes, Gross_Revenue, CertificateID) VALUES (246, 'Monsters, Inc.', 2001.0, 92, 'In order to power the city, monsters have to scare children so that they scream. However, the children are toxic to the monsters, and after a child gets through, 2 monsters realize things may not be what they think.', 'https://m.media-amazon.com/images/M/MV5BMTY1NTI0ODUyOF5BMl5BanBnXkFtZTgwNTEyNjQ0MDE@._V1_UX67_CR0,0,67,98_AL_.jpg', 8.1, 79.0, 815505, 289916256.0, 13);
INSERT INTO MovieGenres (MovieID, GenreID) VALUES (246, 3);
INSERT INTO MovieGenres (MovieID, GenreID) VALUES (246, 2);
INSERT INTO MovieGenres (MovieID, GenreID) VALUES (246, 5);
INSERT INTO MoviePeople (MovieID, PersonID, RoleID) VALUES (246, 2334, 1);
INSERT INTO MoviePeople (MovieID, PersonID, RoleID) VALUES (246, 644, 2);
INSERT INTO MoviePeople (MovieID, PersonID, RoleID) VALUES (246, 1756, 3);
INSERT INTO MoviePeople (MovieID, PersonID, RoleID) VALUES (246, 314, 4);
INSERT INTO MoviePeople (MovieID, PersonID, RoleID) VALUES (246, 1452, 5);

INSERT INTO Movies (MovieID, Series_Title, Released_Year, RuntimeMinutes, Overview, Poster_Link, IMDB_Rating, Meta_score, No_of_Votes, Gross_Revenue, CertificateID) VALUES (247, 'Shin seiki Evangelion Gekijô-ban: Air/Magokoro wo, kimi ni', 1997.0, 87, 'Concurrent theatrical ending of the TV series Shin seiki evangerion (1995).', 'https://m.media-amazon.com/images/M/MV5BZjJhMThkNTQtNjkxNy00MDdjLTg4MWQtMTI2MmQ3MDVmODUzXkEyXkFqcGdeQXVyMTAwOTA3NzY3._V1_UY98_CR1,0,67,98_AL_.jpg', 8.1, NULL, 38847, NULL, 15);
INSERT INTO MovieGenres (MovieID, GenreID) VALUES (247, 3);
INSERT INTO MovieGenres (MovieID, GenreID) VALUES (247, 1);
INSERT INTO MovieGenres (MovieID, GenreID) VALUES (247, 7);
INSERT INTO MoviePeople (MovieID, PersonID, RoleID) VALUES (247, 1122, 1);
INSERT INTO MoviePeople (MovieID, PersonID, RoleID) VALUES (247, 1637, 2);
INSERT INTO MoviePeople (MovieID, PersonID, RoleID) VALUES (247, 2019, 3);
INSERT INTO MoviePeople (MovieID, PersonID, RoleID) VALUES (247, 2018, 4);
INSERT INTO MoviePeople (MovieID, PersonID, RoleID) VALUES (247, 3174, 5);

INSERT INTO Movies (MovieID, Series_Title, Released_Year, RuntimeMinutes, Overview, Poster_Link, IMDB_Rating, Meta_score, No_of_Votes, Gross_Revenue, CertificateID) VALUES (248, 'Lagaan: Once Upon a Time in India', 2001.0, 224, 'The people of a small village in Victorian India stake their future on a game of cricket against their ruthless British rulers.', 'https://m.media-amazon.com/images/M/MV5BNDYxNWUzZmYtOGQxMC00MTdkLTkxOTctYzkyOGIwNWQxZjhmXkEyXkFqcGdeQXVyNjU0OTQ0OTY@._V1_UX67_CR0,0,67,98_AL_.jpg', 8.1, 84.0, 105036, 70147.0, 13);
INSERT INTO MovieGenres (MovieID, GenreID) VALUES (248, 2);
INSERT INTO MovieGenres (MovieID, GenreID) VALUES (248, 7);
INSERT INTO MovieGenres (MovieID, GenreID) VALUES (248, 14);
INSERT INTO MoviePeople (MovieID, PersonID, RoleID) VALUES (248, 239, 1);
INSERT INTO MoviePeople (MovieID, PersonID, RoleID) VALUES (248, 2, 2);
INSERT INTO MoviePeople (MovieID, PersonID, RoleID) VALUES (248, 2403, 3);
INSERT INTO MoviePeople (MovieID, PersonID, RoleID) VALUES (248, 1030, 4);
INSERT INTO MoviePeople (MovieID, PersonID, RoleID) VALUES (248, 2398, 5);

INSERT INTO Movies (MovieID, Series_Title, Released_Year, RuntimeMinutes, Overview, Poster_Link, IMDB_Rating, Meta_score, No_of_Votes, Gross_Revenue, CertificateID) VALUES (249, 'The Sixth Sense', 1999.0, 107, 'A boy who communicates with spirits seeks the help of a disheartened child psychologist.', 'https://m.media-amazon.com/images/M/MV5BMWM4NTFhYjctNzUyNi00NGMwLTk3NTYtMDIyNTZmMzRlYmQyXkEyXkFqcGdeQXVyMTAwMzUyOTc@._V1_UX67_CR0,0,67,98_AL_.jpg', 8.1, 64.0, 911573, 293506292.0, 2);
INSERT INTO MovieGenres (MovieID, GenreID) VALUES (249, 7);
INSERT INTO MovieGenres (MovieID, GenreID) VALUES (249, 15);
INSERT INTO MovieGenres (MovieID, GenreID) VALUES (249, 19);
INSERT INTO MoviePeople (MovieID, PersonID, RoleID) VALUES (249, 1854, 1);
INSERT INTO MoviePeople (MovieID, PersonID, RoleID) VALUES (249, 385, 2);
INSERT INTO MoviePeople (MovieID, PersonID, RoleID) VALUES (249, 1068, 3);
INSERT INTO MoviePeople (MovieID, PersonID, RoleID) VALUES (249, 2968, 4);
INSERT INTO MoviePeople (MovieID, PersonID, RoleID) VALUES (249, 2250, 5);

INSERT INTO Movies (MovieID, Series_Title, Released_Year, RuntimeMinutes, Overview, Poster_Link, IMDB_Rating, Meta_score, No_of_Votes, Gross_Revenue, CertificateID) VALUES (250, 'La leggenda del pianista sull''oceano', 1998.0, 169, 'A baby boy, discovered in 1900 on an ocean liner, grows into a musical prodigy, never setting foot on land.', 'https://m.media-amazon.com/images/M/MV5BMzIwOTdmNjQtOWQ1ZS00ZWQ4LWIxYTMtOWFkM2NjODJiMGY4L2ltYWdlL2ltYWdlXkEyXkFqcGdeQXVyNTI4MjkwNjA@._V1_UX67_CR0,0,67,98_AL_.jpg', 8.1, 58.0, 59020, 259127.0, 13);
INSERT INTO MovieGenres (MovieID, GenreID) VALUES (250, 7);
INSERT INTO MovieGenres (MovieID, GenreID) VALUES (250, 13);
INSERT INTO MovieGenres (MovieID, GenreID) VALUES (250, 16);
INSERT INTO MoviePeople (MovieID, PersonID, RoleID) VALUES (250, 1011, 1);
INSERT INTO MoviePeople (MovieID, PersonID, RoleID) VALUES (250, 2930, 2);
INSERT INTO MoviePeople (MovieID, PersonID, RoleID) VALUES (250, 2387, 3);
INSERT INTO MoviePeople (MovieID, PersonID, RoleID) VALUES (250, 2153, 4);
INSERT INTO MoviePeople (MovieID, PersonID, RoleID) VALUES (250, 307, 5);

INSERT INTO Movies (MovieID, Series_Title, Released_Year, RuntimeMinutes, Overview, Poster_Link, IMDB_Rating, Meta_score, No_of_Votes, Gross_Revenue, CertificateID) VALUES (251, 'The Truman Show', 1998.0, 103, 'An insurance salesman discovers his whole life is actually a reality TV show.', 'https://m.media-amazon.com/images/M/MV5BMDIzODcyY2EtMmY2MC00ZWVlLTgwMzAtMjQwOWUyNmJjNTYyXkEyXkFqcGdeQXVyNDk3NzU2MTQ@._V1_UX67_CR0,0,67,98_AL_.jpg', 8.1, 90.0, 939631, 125618201.0, 13);
INSERT INTO MovieGenres (MovieID, GenreID) VALUES (251, 5);
INSERT INTO MovieGenres (MovieID, GenreID) VALUES (251, 7);
INSERT INTO MoviePeople (MovieID, PersonID, RoleID) VALUES (251, 2353, 1);
INSERT INTO MoviePeople (MovieID, PersonID, RoleID) VALUES (251, 1385, 2);
INSERT INTO MoviePeople (MovieID, PersonID, RoleID) VALUES (251, 734, 3);
INSERT INTO MoviePeople (MovieID, PersonID, RoleID) VALUES (251, 1735, 4);
INSERT INTO MoviePeople (MovieID, PersonID, RoleID) VALUES (251, 2219, 5);

INSERT INTO Movies (MovieID, Series_Title, Released_Year, RuntimeMinutes, Overview, Poster_Link, IMDB_Rating, Meta_score, No_of_Votes, Gross_Revenue, CertificateID) VALUES (252, 'Crna macka, beli macor', 1998.0, 127, 'Matko and his son Zare live on the banks of the Danube river and get by through hustling and basically doing anything to make a living. In order to pay off a business debt Matko agrees to marry off Zare to the sister of a local gangster.', 'https://m.media-amazon.com/images/M/MV5BMmExZTZhN2QtMzg5Mi00Y2M5LTlmMWYtNTUzMzUwMGM2OGQ3XkEyXkFqcGdeQXVyNTA4NzY1MzY@._V1_UX67_CR0,0,67,98_AL_.jpg', 8.1, 73.0, 50862, 348660.0, 9);
INSERT INTO MovieGenres (MovieID, GenreID) VALUES (252, 5);
INSERT INTO MovieGenres (MovieID, GenreID) VALUES (252, 6);
INSERT INTO MovieGenres (MovieID, GenreID) VALUES (252, 16);
INSERT INTO MoviePeople (MovieID, PersonID, RoleID) VALUES (252, 807, 1);
INSERT INTO MoviePeople (MovieID, PersonID, RoleID) VALUES (252, 259, 2);
INSERT INTO MoviePeople (MovieID, PersonID, RoleID) VALUES (252, 2785, 3);
INSERT INTO MoviePeople (MovieID, PersonID, RoleID) VALUES (252, 356, 4);
INSERT INTO MoviePeople (MovieID, PersonID, RoleID) VALUES (252, 882, 5);

INSERT INTO Movies (MovieID, Series_Title, Released_Year, RuntimeMinutes, Overview, Poster_Link, IMDB_Rating, Meta_score, No_of_Votes, Gross_Revenue, CertificateID) VALUES (253, 'The Big Lebowski', 1998.0, 117, 'Jeff "The Dude" Lebowski, mistaken for a millionaire of the same name, seeks restitution for his ruined rug and enlists his bowling buddies to help get it.', 'https://m.media-amazon.com/images/M/MV5BMTQ0NjUzMDMyOF5BMl5BanBnXkFtZTgwODA1OTU0MDE@._V1_UX67_CR0,0,67,98_AL_.jpg', 8.1, 71.0, 732620, 17498804.0, 9);
INSERT INTO MovieGenres (MovieID, GenreID) VALUES (253, 5);
INSERT INTO MovieGenres (MovieID, GenreID) VALUES (253, 6);
INSERT INTO MovieGenres (MovieID, GenreID) VALUES (253, 18);
INSERT INTO MoviePeople (MovieID, PersonID, RoleID) VALUES (253, 1418, 1);
INSERT INTO MoviePeople (MovieID, PersonID, RoleID) VALUES (253, 836, 2);
INSERT INTO MoviePeople (MovieID, PersonID, RoleID) VALUES (253, 1340, 3);
INSERT INTO MoviePeople (MovieID, PersonID, RoleID) VALUES (253, 1452, 4);
INSERT INTO MoviePeople (MovieID, PersonID, RoleID) VALUES (253, 1561, 5);

INSERT INTO Movies (MovieID, Series_Title, Released_Year, RuntimeMinutes, Overview, Poster_Link, IMDB_Rating, Meta_score, No_of_Votes, Gross_Revenue, CertificateID) VALUES (254, 'Fa yeung nin wah', 2000.0, 98, 'Two neighbors, a woman and a man, form a strong bond after both suspect extramarital activities of their spouses. However, they agree to keep their bond platonic so as not to commit similar wrongs.', 'https://m.media-amazon.com/images/M/MV5BYjZjODRlMjQtMjJlYy00ZDBjLTkyYTQtZGQxZTk5NzJhYmNmXkEyXkFqcGdeQXVyMTQxNzMzNDI@._V1_UY98_CR1,0,67,98_AL_.jpg', 8.1, 85.0, 124383, 2734044.0, 13);
INSERT INTO MovieGenres (MovieID, GenreID) VALUES (254, 7);
INSERT INTO MovieGenres (MovieID, GenreID) VALUES (254, 16);
INSERT INTO MoviePeople (MovieID, PersonID, RoleID) VALUES (254, 1601, 1);
INSERT INTO MoviePeople (MovieID, PersonID, RoleID) VALUES (254, 2971, 2);
INSERT INTO MoviePeople (MovieID, PersonID, RoleID) VALUES (254, 1869, 3);
INSERT INTO MoviePeople (MovieID, PersonID, RoleID) VALUES (254, 2372, 4);
INSERT INTO MoviePeople (MovieID, PersonID, RoleID) VALUES (254, 2996, 5);

INSERT INTO Movies (MovieID, Series_Title, Released_Year, RuntimeMinutes, Overview, Poster_Link, IMDB_Rating, Meta_score, No_of_Votes, Gross_Revenue, CertificateID) VALUES (255, 'Trainspotting', 1996.0, 93, 'Renton, deeply immersed in the Edinburgh drug scene, tries to clean up and get out, despite the allure of the drugs and influence of friends.', 'https://m.media-amazon.com/images/M/MV5BMzA5Zjc3ZTMtMmU5YS00YTMwLWI4MWUtYTU0YTVmNjVmODZhXkEyXkFqcGdeQXVyNjU0OTQ0OTY@._V1_UX67_CR0,0,67,98_AL_.jpg', 8.1, 83.0, 634716, 16501785.0, 2);
INSERT INTO MovieGenres (MovieID, GenreID) VALUES (255, 7);
INSERT INTO MoviePeople (MovieID, PersonID, RoleID) VALUES (255, 606, 1);
INSERT INTO MoviePeople (MovieID, PersonID, RoleID) VALUES (255, 846, 2);
INSERT INTO MoviePeople (MovieID, PersonID, RoleID) VALUES (255, 847, 3);
INSERT INTO MoviePeople (MovieID, PersonID, RoleID) VALUES (255, 1512, 4);
INSERT INTO MoviePeople (MovieID, PersonID, RoleID) VALUES (255, 1668, 5);

INSERT INTO Movies (MovieID, Series_Title, Released_Year, RuntimeMinutes, Overview, Poster_Link, IMDB_Rating, Meta_score, No_of_Votes, Gross_Revenue, CertificateID) VALUES (256, 'Fargo', 1996.0, 98, 'Jerry Lundegaard''s inept crime falls apart due to his and his henchmen''s bungling and the persistent police work of the quite pregnant Marge Gunderson.', 'https://m.media-amazon.com/images/M/MV5BNDJiZDgyZjctYmRjMS00ZjdkLTkwMTEtNGU1NDg3NDQ0Yzk1XkEyXkFqcGdeQXVyNzkwMjQ5NzM@._V1_UX67_CR0,0,67,98_AL_.jpg', 8.1, 85.0, 617444, 24611975.0, 2);
INSERT INTO MovieGenres (MovieID, GenreID) VALUES (256, 6);
INSERT INTO MovieGenres (MovieID, GenreID) VALUES (256, 7);
INSERT INTO MovieGenres (MovieID, GenreID) VALUES (256, 19);
INSERT INTO MoviePeople (MovieID, PersonID, RoleID) VALUES (256, 1418, 1);
INSERT INTO MoviePeople (MovieID, PersonID, RoleID) VALUES (256, 836, 2);
INSERT INTO MoviePeople (MovieID, PersonID, RoleID) VALUES (256, 3108, 3);
INSERT INTO MoviePeople (MovieID, PersonID, RoleID) VALUES (256, 888, 4);
INSERT INTO MoviePeople (MovieID, PersonID, RoleID) VALUES (256, 2810, 5);

INSERT INTO Movies (MovieID, Series_Title, Released_Year, RuntimeMinutes, Overview, Poster_Link, IMDB_Rating, Meta_score, No_of_Votes, Gross_Revenue, CertificateID) VALUES (257, 'Underground', 1995.0, 170, 'A group of Serbian socialists prepares for the war in a surreal underground filled by parties, tragedies, love and hate.', 'https://m.media-amazon.com/images/M/MV5BNzI4YTVmMWEtMWQ3MS00OGE1LWE5YjMtNjc4NWJmYjRmZTQyXkEyXkFqcGdeQXVyNTA4NzY1MzY@._V1_UY98_CR0,0,67,98_AL_.jpg', 8.1, NULL, 55220, 171082.0, NULL);
INSERT INTO MovieGenres (MovieID, GenreID) VALUES (257, 5);
INSERT INTO MovieGenres (MovieID, GenreID) VALUES (257, 7);
INSERT INTO MovieGenres (MovieID, GenreID) VALUES (257, 20);
INSERT INTO MoviePeople (MovieID, PersonID, RoleID) VALUES (257, 807, 1);
INSERT INTO MoviePeople (MovieID, PersonID, RoleID) VALUES (257, 2380, 2);
INSERT INTO MoviePeople (MovieID, PersonID, RoleID) VALUES (257, 1744, 3);
INSERT INTO MoviePeople (MovieID, PersonID, RoleID) VALUES (257, 2121, 4);
INSERT INTO MoviePeople (MovieID, PersonID, RoleID) VALUES (257, 2764, 5);

INSERT INTO Movies (MovieID, Series_Title, Released_Year, RuntimeMinutes, Overview, Poster_Link, IMDB_Rating, Meta_score, No_of_Votes, Gross_Revenue, CertificateID) VALUES (258, 'La haine', 1995.0, 98, '24 hours in the lives of three young men in the French suburbs the day after a violent riot.', 'https://m.media-amazon.com/images/M/MV5BNDNiOTA5YjktY2Q0Ni00ODgzLWE5MWItNGExOWRlYjY2MjBlXkEyXkFqcGdeQXVyNjQ2MjQ5NzM@._V1_UY98_CR1,0,67,98_AL_.jpg', 8.1, NULL, 150345, 309811.0, 15);
INSERT INTO MovieGenres (MovieID, GenreID) VALUES (258, 6);
INSERT INTO MovieGenres (MovieID, GenreID) VALUES (258, 7);
INSERT INTO MoviePeople (MovieID, PersonID, RoleID) VALUES (258, 1984, 1);
INSERT INTO MoviePeople (MovieID, PersonID, RoleID) VALUES (258, 3044, 2);
INSERT INTO MoviePeople (MovieID, PersonID, RoleID) VALUES (258, 1140, 3);
INSERT INTO MoviePeople (MovieID, PersonID, RoleID) VALUES (258, 2681, 4);
INSERT INTO MoviePeople (MovieID, PersonID, RoleID) VALUES (258, 6, 5);

INSERT INTO Movies (MovieID, Series_Title, Released_Year, RuntimeMinutes, Overview, Poster_Link, IMDB_Rating, Meta_score, No_of_Votes, Gross_Revenue, CertificateID) VALUES (259, 'Dilwale Dulhania Le Jayenge', 1995.0, 189, 'When Raj meets Simran in Europe, it isn''t love at first sight but when Simran moves to India for an arranged marriage, love makes its presence felt.', 'https://m.media-amazon.com/images/M/MV5BYmNjYzRlM2YtZTZjZC00ODVmLTljZWMtODg1YmYyNDBiNzU3XkEyXkFqcGdeQXVyNTkzNDQ4ODc@._V1_UY98_CR3,0,67,98_AL_.jpg', 8.1, NULL, 63516, NULL, 13);
INSERT INTO MovieGenres (MovieID, GenreID) VALUES (259, 7);
INSERT INTO MovieGenres (MovieID, GenreID) VALUES (259, 16);
INSERT INTO MoviePeople (MovieID, PersonID, RoleID) VALUES (259, 20, 1);
INSERT INTO MoviePeople (MovieID, PersonID, RoleID) VALUES (259, 2715, 2);
INSERT INTO MoviePeople (MovieID, PersonID, RoleID) VALUES (259, 1593, 3);
INSERT INTO MoviePeople (MovieID, PersonID, RoleID) VALUES (259, 115, 4);
INSERT INTO MoviePeople (MovieID, PersonID, RoleID) VALUES (259, 855, 5);

INSERT INTO Movies (MovieID, Series_Title, Released_Year, RuntimeMinutes, Overview, Poster_Link, IMDB_Rating, Meta_score, No_of_Votes, Gross_Revenue, CertificateID) VALUES (260, 'Before Sunrise', 1995.0, 101, 'A young man and woman meet on a train in Europe, and wind up spending one evening together in Vienna. Unfortunately, both know that this will probably be their only night together.', 'https://m.media-amazon.com/images/M/MV5BZDdiZTAwYzAtMDI3Ni00OTRjLTkzN2UtMGE3MDMyZmU4NTU4XkEyXkFqcGdeQXVyNjU0OTQ0OTY@._V1_UX67_CR0,0,67,98_AL_.jpg', 8.1, 77.0, 272291, 5535405.0, 9);
INSERT INTO MovieGenres (MovieID, GenreID) VALUES (260, 7);
INSERT INTO MovieGenres (MovieID, GenreID) VALUES (260, 16);
INSERT INTO MoviePeople (MovieID, PersonID, RoleID) VALUES (260, 2489, 1);
INSERT INTO MoviePeople (MovieID, PersonID, RoleID) VALUES (260, 837, 2);
INSERT INTO MoviePeople (MovieID, PersonID, RoleID) VALUES (260, 1565, 3);
INSERT INTO MoviePeople (MovieID, PersonID, RoleID) VALUES (260, 130, 4);
INSERT INTO MoviePeople (MovieID, PersonID, RoleID) VALUES (260, 1074, 5);

INSERT INTO Movies (MovieID, Series_Title, Released_Year, RuntimeMinutes, Overview, Poster_Link, IMDB_Rating, Meta_score, No_of_Votes, Gross_Revenue, CertificateID) VALUES (261, 'Trois couleurs: Rouge', 1994.0, 99, 'A model discovers a retired judge is keen on invading people''s privacy.', 'https://m.media-amazon.com/images/M/MV5BYTg1MmNiMjItMmY4Yy00ZDQ3LThjMzYtZGQ0ZTQzNTdkMGQ1L2ltYWdlL2ltYWdlXkEyXkFqcGdeQXVyMTQxNzMzNDI@._V1_UX67_CR0,0,67,98_AL_.jpg', 8.1, 100.0, 90729, 4043686.0, 13);
INSERT INTO MovieGenres (MovieID, GenreID) VALUES (261, 7);
INSERT INTO MovieGenres (MovieID, GenreID) VALUES (261, 15);
INSERT INTO MovieGenres (MovieID, GenreID) VALUES (261, 16);
INSERT INTO MoviePeople (MovieID, PersonID, RoleID) VALUES (261, 1710, 1);
INSERT INTO MoviePeople (MovieID, PersonID, RoleID) VALUES (261, 1183, 2);
INSERT INTO MoviePeople (MovieID, PersonID, RoleID) VALUES (261, 1326, 3);
INSERT INTO MoviePeople (MovieID, PersonID, RoleID) VALUES (261, 927, 4);
INSERT INTO MoviePeople (MovieID, PersonID, RoleID) VALUES (261, 1332, 5);

INSERT INTO Movies (MovieID, Series_Title, Released_Year, RuntimeMinutes, Overview, Poster_Link, IMDB_Rating, Meta_score, No_of_Votes, Gross_Revenue, CertificateID) VALUES (262, 'Chung Hing sam lam', 1994.0, 102, 'Two melancholy Hong Kong policemen fall in love: one with a mysterious female underworld figure, the other with a beautiful and ethereal server at a late-night restaurant he frequents.', 'https://m.media-amazon.com/images/M/MV5BMGQ5MzljNzYtMDM1My00NmI0LThlYzQtMTg0ZmQ0MTk1YjkxXkEyXkFqcGdeQXVyNTAyODkwOQ@@._V1_UY98_CR1,0,67,98_AL_.jpg', 8.1, 77.0, 63122, 600200.0, 13);
INSERT INTO MovieGenres (MovieID, GenreID) VALUES (262, 5);
INSERT INTO MovieGenres (MovieID, GenreID) VALUES (262, 6);
INSERT INTO MovieGenres (MovieID, GenreID) VALUES (262, 7);
INSERT INTO MoviePeople (MovieID, PersonID, RoleID) VALUES (262, 1601, 1);
INSERT INTO MoviePeople (MovieID, PersonID, RoleID) VALUES (262, 373, 2);
INSERT INTO MoviePeople (MovieID, PersonID, RoleID) VALUES (262, 2857, 3);
INSERT INTO MoviePeople (MovieID, PersonID, RoleID) VALUES (262, 2971, 4);
INSERT INTO MoviePeople (MovieID, PersonID, RoleID) VALUES (262, 861, 5);

INSERT INTO Movies (MovieID, Series_Title, Released_Year, RuntimeMinutes, Overview, Poster_Link, IMDB_Rating, Meta_score, No_of_Votes, Gross_Revenue, CertificateID) VALUES (263, 'Jurassic Park', 1993.0, 127, 'A pragmatic paleontologist visiting an almost complete theme park is tasked with protecting a couple of kids after a power failure causes the park''s cloned dinosaurs to run loose.', 'https://m.media-amazon.com/images/M/MV5BMjM2MDgxMDg0Nl5BMl5BanBnXkFtZTgwNTM2OTM5NDE@._V1_UX67_CR0,0,67,98_AL_.jpg', 8.1, 68.0, 867615, 402453882.0, 15);
INSERT INTO MovieGenres (MovieID, GenreID) VALUES (263, 1);
INSERT INTO MovieGenres (MovieID, GenreID) VALUES (263, 2);
INSERT INTO MovieGenres (MovieID, GenreID) VALUES (263, 17);
INSERT INTO MoviePeople (MovieID, PersonID, RoleID) VALUES (263, 2818, 1);
INSERT INTO MoviePeople (MovieID, PersonID, RoleID) VALUES (263, 2641, 2);
INSERT INTO MoviePeople (MovieID, PersonID, RoleID) VALUES (263, 1733, 3);
INSERT INTO MoviePeople (MovieID, PersonID, RoleID) VALUES (263, 1344, 4);
INSERT INTO MoviePeople (MovieID, PersonID, RoleID) VALUES (263, 2468, 5);

INSERT INTO Movies (MovieID, Series_Title, Released_Year, RuntimeMinutes, Overview, Poster_Link, IMDB_Rating, Meta_score, No_of_Votes, Gross_Revenue, CertificateID) VALUES (264, 'In the Name of the Father', 1993.0, 133, 'A man''s coerced confession to an I.R.A. bombing he did not commit results in the imprisonment of his father as well. An English lawyer fights to free them.', 'https://m.media-amazon.com/images/M/MV5BMmYyOTgwYWItYmU3Ny00M2E2LTk0NWMtMDVlNmQ0MWZiMTMxXkEyXkFqcGdeQXVyNzkwMjQ5NzM@._V1_UX67_CR0,0,67,98_AL_.jpg', 8.1, 84.0, 156842, 25010410.0, 15);
INSERT INTO MovieGenres (MovieID, GenreID) VALUES (264, 4);
INSERT INTO MovieGenres (MovieID, GenreID) VALUES (264, 6);
INSERT INTO MovieGenres (MovieID, GenreID) VALUES (264, 7);
INSERT INTO MoviePeople (MovieID, PersonID, RoleID) VALUES (264, 1390, 1);
INSERT INTO MoviePeople (MovieID, PersonID, RoleID) VALUES (264, 594, 2);
INSERT INTO MoviePeople (MovieID, PersonID, RoleID) VALUES (264, 2335, 3);
INSERT INTO MoviePeople (MovieID, PersonID, RoleID) VALUES (264, 99, 4);
INSERT INTO MoviePeople (MovieID, PersonID, RoleID) VALUES (264, 2360, 5);

INSERT INTO Movies (MovieID, Series_Title, Released_Year, RuntimeMinutes, Overview, Poster_Link, IMDB_Rating, Meta_score, No_of_Votes, Gross_Revenue, CertificateID) VALUES (265, 'Ba wang bie ji', 1993.0, 171, 'Two boys meet at an opera training school in Peking in 1924. Their resulting friendship will span nearly 70 years and will endure some of the most troublesome times in China''s history.', 'https://m.media-amazon.com/images/M/MV5BYmFhZmM3Y2MtNDA1Ny00NjkzLWJkM2EtYWU1ZjEwYmNjZDQ0XkEyXkFqcGdeQXVyMTMxMTY0OTQ@._V1_UX67_CR0,0,67,98_AL_.jpg', 8.1, NULL, 25088, 5216888.0, 9);
INSERT INTO MovieGenres (MovieID, GenreID) VALUES (265, 7);
INSERT INTO MovieGenres (MovieID, GenreID) VALUES (265, 13);
INSERT INTO MovieGenres (MovieID, GenreID) VALUES (265, 16);
INSERT INTO MoviePeople (MovieID, PersonID, RoleID) VALUES (265, 1591, 1);
INSERT INTO MoviePeople (MovieID, PersonID, RoleID) VALUES (265, 1779, 2);
INSERT INTO MoviePeople (MovieID, PersonID, RoleID) VALUES (265, 867, 3);
INSERT INTO MoviePeople (MovieID, PersonID, RoleID) VALUES (265, 1023, 4);
INSERT INTO MoviePeople (MovieID, PersonID, RoleID) VALUES (265, 3160, 5);

INSERT INTO Movies (MovieID, Series_Title, Released_Year, RuntimeMinutes, Overview, Poster_Link, IMDB_Rating, Meta_score, No_of_Votes, Gross_Revenue, CertificateID) VALUES (266, 'Dà hóng denglong gaogao guà', 1991.0, 125, 'A young woman becomes the fourth wife of a wealthy lord, and must learn to live with the strict rules and tensions within the household.', 'https://m.media-amazon.com/images/M/MV5BMjEzNjY5NDcwNV5BMl5BanBnXkFtZTcwNzEwMzg4NA@@._V1_UX67_CR0,0,67,98_AL_.jpg', 8.1, NULL, 29662, 2603061.0, 6);
INSERT INTO MovieGenres (MovieID, GenreID) VALUES (266, 7);
INSERT INTO MovieGenres (MovieID, GenreID) VALUES (266, 11);
INSERT INTO MovieGenres (MovieID, GenreID) VALUES (266, 16);
INSERT INTO MoviePeople (MovieID, PersonID, RoleID) VALUES (266, 3148, 1);
INSERT INTO MoviePeople (MovieID, PersonID, RoleID) VALUES (266, 1023, 2);
INSERT INTO MoviePeople (MovieID, PersonID, RoleID) VALUES (266, 1396, 3);
INSERT INTO MoviePeople (MovieID, PersonID, RoleID) VALUES (266, 2629, 4);
INSERT INTO MoviePeople (MovieID, PersonID, RoleID) VALUES (266, 567, 5);

INSERT INTO Movies (MovieID, Series_Title, Released_Year, RuntimeMinutes, Overview, Poster_Link, IMDB_Rating, Meta_score, No_of_Votes, Gross_Revenue, CertificateID) VALUES (267, 'Dead Poets Society', 1989.0, 128, 'Maverick teacher John Keating uses poetry to embolden his boarding school students to new heights of self-expression.', 'https://m.media-amazon.com/images/M/MV5BOGYwYWNjMzgtNGU4ZC00NWQ2LWEwZjUtMzE1Zjc3NjY3YTU1XkEyXkFqcGdeQXVyMTQxNzMzNDI@._V1_UX67_CR0,0,67,98_AL_.jpg', 8.1, 79.0, 425457, 95860116.0, 13);
INSERT INTO MovieGenres (MovieID, GenreID) VALUES (267, 5);
INSERT INTO MovieGenres (MovieID, GenreID) VALUES (267, 7);
INSERT INTO MoviePeople (MovieID, PersonID, RoleID) VALUES (267, 2353, 1);
INSERT INTO MoviePeople (MovieID, PersonID, RoleID) VALUES (267, 2545, 2);
INSERT INTO MoviePeople (MovieID, PersonID, RoleID) VALUES (267, 2533, 3);
INSERT INTO MoviePeople (MovieID, PersonID, RoleID) VALUES (267, 837, 4);
INSERT INTO MoviePeople (MovieID, PersonID, RoleID) VALUES (267, 1530, 5);

INSERT INTO Movies (MovieID, Series_Title, Released_Year, RuntimeMinutes, Overview, Poster_Link, IMDB_Rating, Meta_score, No_of_Votes, Gross_Revenue, CertificateID) VALUES (268, 'Stand by Me', 1986.0, 89, 'After the death of one of his friends, a writer recounts a childhood journey with his friends to find the body of a missing boy.', 'https://m.media-amazon.com/images/M/MV5BODJmY2Y2OGQtMDg2My00N2Q3LWJmZTUtYTc2ODBjZDVlNDlhXkEyXkFqcGdeQXVyMTQxNzMzNDI@._V1_UX67_CR0,0,67,98_AL_.jpg', 8.1, 75.0, 363401, 52287414.0, 13);
INSERT INTO MovieGenres (MovieID, GenreID) VALUES (268, 2);
INSERT INTO MovieGenres (MovieID, GenreID) VALUES (268, 7);
INSERT INTO MoviePeople (MovieID, PersonID, RoleID) VALUES (268, 2508, 1);
INSERT INTO MoviePeople (MovieID, PersonID, RoleID) VALUES (268, 3093, 2);
INSERT INTO MoviePeople (MovieID, PersonID, RoleID) VALUES (268, 2504, 3);
INSERT INTO MoviePeople (MovieID, PersonID, RoleID) VALUES (268, 557, 4);
INSERT INTO MoviePeople (MovieID, PersonID, RoleID) VALUES (268, 1369, 5);

INSERT INTO Movies (MovieID, Series_Title, Released_Year, RuntimeMinutes, Overview, Poster_Link, IMDB_Rating, Meta_score, No_of_Votes, Gross_Revenue, CertificateID) VALUES (269, 'Platoon', 1986.0, 120, 'Chris Taylor, a neophyte recruit in Vietnam, finds himself caught in a battle of wills between two sergeants, one good and the other evil. A shrewd examination of the brutality of war and the duality of man in conflict.', 'https://m.media-amazon.com/images/M/MV5BMzRjZjdlMjQtODVkYS00N2YzLWJlYWYtMGVlN2E5MWEwMWQzXkEyXkFqcGdeQXVyMTQxNzMzNDI@._V1_UX67_CR0,0,67,98_AL_.jpg', 8.1, 92.0, 381222, 138530565.0, 2);
INSERT INTO MovieGenres (MovieID, GenreID) VALUES (269, 7);
INSERT INTO MovieGenres (MovieID, GenreID) VALUES (269, 20);
INSERT INTO MoviePeople (MovieID, PersonID, RoleID) VALUES (269, 2247, 1);
INSERT INTO MoviePeople (MovieID, PersonID, RoleID) VALUES (269, 473, 2);
INSERT INTO MoviePeople (MovieID, PersonID, RoleID) VALUES (269, 2946, 3);
INSERT INTO MoviePeople (MovieID, PersonID, RoleID) VALUES (269, 3102, 4);
INSERT INTO MoviePeople (MovieID, PersonID, RoleID) VALUES (269, 1645, 5);

INSERT INTO Movies (MovieID, Series_Title, Released_Year, RuntimeMinutes, Overview, Poster_Link, IMDB_Rating, Meta_score, No_of_Votes, Gross_Revenue, CertificateID) VALUES (270, 'Paris, Texas', 1984.0, 145, 'Travis Henderson, an aimless drifter who has been missing for four years, wanders out of the desert and must reconnect with society, himself, his life, and his family.', 'https://m.media-amazon.com/images/M/MV5BM2RjMmU3ZWItYzBlMy00ZmJkLWE5YzgtNTVkODdhOWM3NGZhXkEyXkFqcGdeQXVyNDA5Mjg5MjA@._V1_UX67_CR0,0,67,98_AL_.jpg', 8.1, 78.0, 91188, 2181987.0, 13);
INSERT INTO MovieGenres (MovieID, GenreID) VALUES (270, 7);
INSERT INTO MoviePeople (MovieID, PersonID, RoleID) VALUES (270, 3120, 1);
INSERT INTO MoviePeople (MovieID, PersonID, RoleID) VALUES (270, 1082, 2);
INSERT INTO MoviePeople (MovieID, PersonID, RoleID) VALUES (270, 2168, 3);
INSERT INTO MoviePeople (MovieID, PersonID, RoleID) VALUES (270, 654, 4);
INSERT INTO MoviePeople (MovieID, PersonID, RoleID) VALUES (270, 245, 5);

INSERT INTO Movies (MovieID, Series_Title, Released_Year, RuntimeMinutes, Overview, Poster_Link, IMDB_Rating, Meta_score, No_of_Votes, Gross_Revenue, CertificateID) VALUES (271, 'Kaze no tani no Naushika', 1984.0, 117, 'Warrior and pacifist Princess Nausicaä desperately struggles to prevent two warring nations from destroying themselves and their dying planet.', 'https://m.media-amazon.com/images/M/MV5BZWFkN2ZhODAtYTNkZS00Y2NjLWIzNDYtNzJjNDNlMzAyNTIyXkEyXkFqcGdeQXVyODEzNjM5OTQ@._V1_UY98_CR1,0,67,98_AL_.jpg', 8.1, 86.0, 150924, 495770.0, 13);
INSERT INTO MovieGenres (MovieID, GenreID) VALUES (271, 3);
INSERT INTO MovieGenres (MovieID, GenreID) VALUES (271, 2);
INSERT INTO MovieGenres (MovieID, GenreID) VALUES (271, 9);
INSERT INTO MoviePeople (MovieID, PersonID, RoleID) VALUES (271, 1092, 1);
INSERT INTO MoviePeople (MovieID, PersonID, RoleID) VALUES (271, 2825, 2);
INSERT INTO MoviePeople (MovieID, PersonID, RoleID) VALUES (271, 1876, 3);
INSERT INTO MoviePeople (MovieID, PersonID, RoleID) VALUES (271, 1128, 4);
INSERT INTO MoviePeople (MovieID, PersonID, RoleID) VALUES (271, 1026, 5);

INSERT INTO Movies (MovieID, Series_Title, Released_Year, RuntimeMinutes, Overview, Poster_Link, IMDB_Rating, Meta_score, No_of_Votes, Gross_Revenue, CertificateID) VALUES (272, 'The Thing', 1982.0, 109, 'A research team in Antarctica is hunted by a shape-shifting alien that assumes the appearance of its victims.', 'https://m.media-amazon.com/images/M/MV5BNGViZWZmM2EtNGYzZi00ZDAyLTk3ODMtNzIyZTBjN2Y1NmM1XkEyXkFqcGdeQXVyNTAyODkwOQ@@._V1_UX67_CR0,0,67,98_AL_.jpg', 8.1, 57.0, 371271, 13782838.0, 2);
INSERT INTO MovieGenres (MovieID, GenreID) VALUES (272, 12);
INSERT INTO MovieGenres (MovieID, GenreID) VALUES (272, 15);
INSERT INTO MovieGenres (MovieID, GenreID) VALUES (272, 17);
INSERT INTO MoviePeople (MovieID, PersonID, RoleID) VALUES (272, 1434, 1);
INSERT INTO MoviePeople (MovieID, PersonID, RoleID) VALUES (272, 1713, 2);
INSERT INTO MoviePeople (MovieID, PersonID, RoleID) VALUES (272, 3095, 3);
INSERT INTO MoviePeople (MovieID, PersonID, RoleID) VALUES (272, 1645, 4);
INSERT INTO MoviePeople (MovieID, PersonID, RoleID) VALUES (272, 2491, 5);

INSERT INTO Movies (MovieID, Series_Title, Released_Year, RuntimeMinutes, Overview, Poster_Link, IMDB_Rating, Meta_score, No_of_Votes, Gross_Revenue, CertificateID) VALUES (273, 'Pink Floyd: The Wall', 1982.0, 95, 'A confined but troubled rock star descends into madness in the midst of his physical and social isolation from everyone.', 'https://m.media-amazon.com/images/M/MV5BZDhlZTYxOTYtYTk3Ny00ZDljLTk3ZmItZTcxZWU5YTIyYmFkXkEyXkFqcGdeQXVyMTQxNzMzNDI@._V1_UX67_CR0,0,67,98_AL_.jpg', 8.1, 47.0, 76081, 22244207.0, 15);
INSERT INTO MovieGenres (MovieID, GenreID) VALUES (273, 7);
INSERT INTO MovieGenres (MovieID, GenreID) VALUES (273, 9);
INSERT INTO MovieGenres (MovieID, GenreID) VALUES (273, 13);
INSERT INTO MoviePeople (MovieID, PersonID, RoleID) VALUES (273, 54, 1);
INSERT INTO MoviePeople (MovieID, PersonID, RoleID) VALUES (273, 329, 2);
INSERT INTO MoviePeople (MovieID, PersonID, RoleID) VALUES (273, 515, 3);
INSERT INTO MoviePeople (MovieID, PersonID, RoleID) VALUES (273, 1253, 4);
INSERT INTO MoviePeople (MovieID, PersonID, RoleID) VALUES (273, 766, 5);

INSERT INTO Movies (MovieID, Series_Title, Released_Year, RuntimeMinutes, Overview, Poster_Link, IMDB_Rating, Meta_score, No_of_Votes, Gross_Revenue, CertificateID) VALUES (274, 'Fitzcarraldo', 1982.0, 158, 'The story of Brian Sweeney Fitzgerald, an extremely determined man who intends to build an opera house in the middle of a jungle.', 'https://m.media-amazon.com/images/M/MV5BYjIzNTYxMTctZjAwNS00YzI3LWExMGMtMGQxNGM5ZTc1NzhlXkEyXkFqcGdeQXVyMTQxNzMzNDI@._V1_UX67_CR0,0,67,98_AL_.jpg', 8.1, NULL, 31595, NULL, 9);
INSERT INTO MovieGenres (MovieID, GenreID) VALUES (274, 2);
INSERT INTO MovieGenres (MovieID, GenreID) VALUES (274, 7);
INSERT INTO MoviePeople (MovieID, PersonID, RoleID) VALUES (274, 3086, 1);
INSERT INTO MoviePeople (MovieID, PersonID, RoleID) VALUES (274, 1700, 2);
INSERT INTO MoviePeople (MovieID, PersonID, RoleID) VALUES (274, 543, 3);
INSERT INTO MoviePeople (MovieID, PersonID, RoleID) VALUES (274, 1537, 4);
INSERT INTO MoviePeople (MovieID, PersonID, RoleID) VALUES (274, 2095, 5);

INSERT INTO Movies (MovieID, Series_Title, Released_Year, RuntimeMinutes, Overview, Poster_Link, IMDB_Rating, Meta_score, No_of_Votes, Gross_Revenue, CertificateID) VALUES (275, 'Fanny och Alexander', 1982.0, 188, 'Two young Swedish children experience the many comedies and tragedies of their family, the Ekdahls.', 'https://m.media-amazon.com/images/M/MV5BZmQzMDE5ZWQtOTU3ZS00ZjdhLWI0OTctZDNkODk4YThmOTRhL2ltYWdlXkEyXkFqcGdeQXVyNjc1NTYyMjg@._V1_UX67_CR0,0,67,98_AL_.jpg', 8.1, 100.0, 57784, 4971340.0, 2);
INSERT INTO MovieGenres (MovieID, GenreID) VALUES (275, 7);
INSERT INTO MoviePeople (MovieID, PersonID, RoleID) VALUES (275, 1174, 1);
INSERT INTO MoviePeople (MovieID, PersonID, RoleID) VALUES (275, 297, 2);
INSERT INTO MoviePeople (MovieID, PersonID, RoleID) VALUES (275, 2332, 3);
INSERT INTO MoviePeople (MovieID, PersonID, RoleID) VALUES (275, 1709, 4);
INSERT INTO MoviePeople (MovieID, PersonID, RoleID) VALUES (275, 407, 5);

INSERT INTO Movies (MovieID, Series_Title, Released_Year, RuntimeMinutes, Overview, Poster_Link, IMDB_Rating, Meta_score, No_of_Votes, Gross_Revenue, CertificateID) VALUES (276, 'Blade Runner', 1982.0, 117, 'A blade runner must pursue and terminate four replicants who stole a ship in space, and have returned to Earth to find their creator.', 'https://m.media-amazon.com/images/M/MV5BNzQzMzJhZTEtOWM4NS00MTdhLTg0YjgtMjM4MDRkZjUwZDBlXkEyXkFqcGdeQXVyNjU0OTQ0OTY@._V1_UX67_CR0,0,67,98_AL_.jpg', 8.1, 84.0, 693827, 32868943.0, 15);
INSERT INTO MovieGenres (MovieID, GenreID) VALUES (276, 1);
INSERT INTO MovieGenres (MovieID, GenreID) VALUES (276, 17);
INSERT INTO MovieGenres (MovieID, GenreID) VALUES (276, 19);
INSERT INTO MoviePeople (MovieID, PersonID, RoleID) VALUES (276, 2498, 1);
INSERT INTO MoviePeople (MovieID, PersonID, RoleID) VALUES (276, 1079, 2);
INSERT INTO MoviePeople (MovieID, PersonID, RoleID) VALUES (276, 2603, 3);
INSERT INTO MoviePeople (MovieID, PersonID, RoleID) VALUES (276, 2698, 4);
INSERT INTO MoviePeople (MovieID, PersonID, RoleID) VALUES (276, 755, 5);

INSERT INTO Movies (MovieID, Series_Title, Released_Year, RuntimeMinutes, Overview, Poster_Link, IMDB_Rating, Meta_score, No_of_Votes, Gross_Revenue, CertificateID) VALUES (277, 'The Elephant Man', 1980.0, 124, 'A Victorian surgeon rescues a heavily disfigured man who is mistreated while scraping a living as a side-show freak. Behind his monstrous façade, there is revealed a person of kindness, intelligence and sophistication.', 'https://m.media-amazon.com/images/M/MV5BMDVjNjIwOGItNDE3Ny00OThjLWE0NzQtZTU3YjMzZTZjMzhkXkEyXkFqcGdeQXVyMTQxNzMzNDI@._V1_UX67_CR0,0,67,98_AL_.jpg', 8.1, 78.0, 220078, NULL, 15);
INSERT INTO MovieGenres (MovieID, GenreID) VALUES (277, 4);
INSERT INTO MovieGenres (MovieID, GenreID) VALUES (277, 7);
INSERT INTO MoviePeople (MovieID, PersonID, RoleID) VALUES (277, 638, 1);
INSERT INTO MoviePeople (MovieID, PersonID, RoleID) VALUES (277, 193, 2);
INSERT INTO MoviePeople (MovieID, PersonID, RoleID) VALUES (277, 1460, 3);
INSERT INTO MoviePeople (MovieID, PersonID, RoleID) VALUES (277, 175, 4);
INSERT INTO MoviePeople (MovieID, PersonID, RoleID) VALUES (277, 1451, 5);

INSERT INTO Movies (MovieID, Series_Title, Released_Year, RuntimeMinutes, Overview, Poster_Link, IMDB_Rating, Meta_score, No_of_Votes, Gross_Revenue, CertificateID) VALUES (278, 'Life of Brian', 1979.0, 94, 'Born on the original Christmas in the stable next door to Jesus Christ, Brian of Nazareth spends his life being mistaken for a messiah.', 'https://m.media-amazon.com/images/M/MV5BMzAwNjU1OTktYjY3Mi00NDY5LWFlZWUtZjhjNGE0OTkwZDkwXkEyXkFqcGdeQXVyMTQxNzMzNDI@._V1_UX67_CR0,0,67,98_AL_.jpg', 8.1, 77.0, 367250, 20045115.0, 9);
INSERT INTO MovieGenres (MovieID, GenreID) VALUES (278, 5);
INSERT INTO MoviePeople (MovieID, PersonID, RoleID) VALUES (278, 2895, 1);
INSERT INTO MoviePeople (MovieID, PersonID, RoleID) VALUES (278, 1031, 2);
INSERT INTO MoviePeople (MovieID, PersonID, RoleID) VALUES (278, 1440, 3);
INSERT INTO MoviePeople (MovieID, PersonID, RoleID) VALUES (278, 2065, 4);
INSERT INTO MoviePeople (MovieID, PersonID, RoleID) VALUES (278, 2894, 5);

INSERT INTO Movies (MovieID, Series_Title, Released_Year, RuntimeMinutes, Overview, Poster_Link, IMDB_Rating, Meta_score, No_of_Votes, Gross_Revenue, CertificateID) VALUES (279, 'The Deer Hunter', 1978.0, 183, 'An in-depth examination of the ways in which the U.S. Vietnam War impacts and disrupts the lives of people in a small industrial town in Pennsylvania.', 'https://m.media-amazon.com/images/M/MV5BNDhmNTA0ZDMtYjhkNS00NzEzLWIzYTItOGNkMTVmYjE2YmI3XkEyXkFqcGdeQXVyNzkwMjQ5NzM@._V1_UX67_CR0,0,67,98_AL_.jpg', 8.1, 86.0, 311361, 48979328.0, 2);
INSERT INTO MovieGenres (MovieID, GenreID) VALUES (279, 7);
INSERT INTO MovieGenres (MovieID, GenreID) VALUES (279, 20);
INSERT INTO MoviePeople (MovieID, PersonID, RoleID) VALUES (279, 2047, 1);
INSERT INTO MoviePeople (MovieID, PersonID, RoleID) VALUES (279, 2517, 2);
INSERT INTO MoviePeople (MovieID, PersonID, RoleID) VALUES (279, 531, 3);
INSERT INTO MoviePeople (MovieID, PersonID, RoleID) VALUES (279, 1438, 4);
INSERT INTO MoviePeople (MovieID, PersonID, RoleID) VALUES (279, 1484, 5);

INSERT INTO Movies (MovieID, Series_Title, Released_Year, RuntimeMinutes, Overview, Poster_Link, IMDB_Rating, Meta_score, No_of_Votes, Gross_Revenue, CertificateID) VALUES (280, 'Rocky', 1976.0, 120, 'A small-time boxer gets a supremely rare chance to fight a heavy-weight champion in a bout in which he strives to go the distance for his self-respect.', 'https://m.media-amazon.com/images/M/MV5BMTY5MDMzODUyOF5BMl5BanBnXkFtZTcwMTQ3NTMyNA@@._V1_UX67_CR0,0,67,98_AL_.jpg', 8.1, 70.0, 518546, 117235247.0, 13);
INSERT INTO MovieGenres (MovieID, GenreID) VALUES (280, 7);
INSERT INTO MovieGenres (MovieID, GenreID) VALUES (280, 18);
INSERT INTO MoviePeople (MovieID, PersonID, RoleID) VALUES (280, 1447, 1);
INSERT INTO MoviePeople (MovieID, PersonID, RoleID) VALUES (280, 2840, 2);
INSERT INTO MoviePeople (MovieID, PersonID, RoleID) VALUES (280, 2861, 3);
INSERT INTO MoviePeople (MovieID, PersonID, RoleID) VALUES (280, 400, 4);
INSERT INTO MoviePeople (MovieID, PersonID, RoleID) VALUES (280, 423, 5);

INSERT INTO Movies (MovieID, Series_Title, Released_Year, RuntimeMinutes, Overview, Poster_Link, IMDB_Rating, Meta_score, No_of_Votes, Gross_Revenue, CertificateID) VALUES (281, 'Network', 1976.0, 121, 'A television network cynically exploits a deranged former anchor''s ravings and revelations about the news media for its own profit.', 'https://m.media-amazon.com/images/M/MV5BZGNjYjM2MzItZGQzZi00NmY3LTgxOGUtMTQ2MWQxNWQ2MmMwXkEyXkFqcGdeQXVyNzM0MTUwNTY@._V1_UX67_CR0,0,67,98_AL_.jpg', 8.1, 83.0, 144911, NULL, 15);
INSERT INTO MovieGenres (MovieID, GenreID) VALUES (281, 7);
INSERT INTO MoviePeople (MovieID, PersonID, RoleID) VALUES (281, 2752, 1);
INSERT INTO MoviePeople (MovieID, PersonID, RoleID) VALUES (281, 860, 2);
INSERT INTO MoviePeople (MovieID, PersonID, RoleID) VALUES (281, 3111, 3);
INSERT INTO MoviePeople (MovieID, PersonID, RoleID) VALUES (281, 2344, 4);
INSERT INTO MoviePeople (MovieID, PersonID, RoleID) VALUES (281, 2520, 5);

INSERT INTO Movies (MovieID, Series_Title, Released_Year, RuntimeMinutes, Overview, Poster_Link, IMDB_Rating, Meta_score, No_of_Votes, Gross_Revenue, CertificateID) VALUES (282, 'Barry Lyndon', 1975.0, 185, 'An Irish rogue wins the heart of a rich widow and assumes her dead husband''s aristocratic position in 18th-century England.', 'https://m.media-amazon.com/images/M/MV5BNmY0MWY2NDctZDdmMi00MjA1LTk0ZTQtZDMyZTQ1NTNlYzVjXkEyXkFqcGdeQXVyMjUzOTY1NTc@._V1_UX67_CR0,0,67,98_AL_.jpg', 8.1, 89.0, 149843, NULL, 6);
INSERT INTO MovieGenres (MovieID, GenreID) VALUES (282, 2);
INSERT INTO MovieGenres (MovieID, GenreID) VALUES (282, 7);
INSERT INTO MovieGenres (MovieID, GenreID) VALUES (282, 11);
INSERT INTO MoviePeople (MovieID, PersonID, RoleID) VALUES (282, 2794, 1);
INSERT INTO MoviePeople (MovieID, PersonID, RoleID) VALUES (282, 2612, 2);
INSERT INTO MoviePeople (MovieID, PersonID, RoleID) VALUES (282, 1926, 3);
INSERT INTO MoviePeople (MovieID, PersonID, RoleID) VALUES (282, 2288, 4);
INSERT INTO MoviePeople (MovieID, PersonID, RoleID) VALUES (282, 1075, 5);

INSERT INTO Movies (MovieID, Series_Title, Released_Year, RuntimeMinutes, Overview, Poster_Link, IMDB_Rating, Meta_score, No_of_Votes, Gross_Revenue, CertificateID) VALUES (283, 'Zerkalo', 1975.0, 107, 'A dying man in his forties remembers his past. His childhood, his mother, the war, personal moments and things that tell of the recent history of all the Russian nation.', 'https://m.media-amazon.com/images/M/MV5BMTg1MDg3OTk3M15BMl5BanBnXkFtZTgwMDEzMzE5MTE@._V1_UY98_CR0,0,67,98_AL_.jpg', 8.1, NULL, 40081, 177345.0, 4);
INSERT INTO MovieGenres (MovieID, GenreID) VALUES (283, 4);
INSERT INTO MovieGenres (MovieID, GenreID) VALUES (283, 7);
INSERT INTO MoviePeople (MovieID, PersonID, RoleID) VALUES (283, 134, 1);
INSERT INTO MoviePeople (MovieID, PersonID, RoleID) VALUES (283, 1907, 2);
INSERT INTO MoviePeople (MovieID, PersonID, RoleID) VALUES (283, 875, 3);
INSERT INTO MoviePeople (MovieID, PersonID, RoleID) VALUES (283, 1165, 4);
INSERT INTO MoviePeople (MovieID, PersonID, RoleID) VALUES (283, 2241, 5);

INSERT INTO Movies (MovieID, Series_Title, Released_Year, RuntimeMinutes, Overview, Poster_Link, IMDB_Rating, Meta_score, No_of_Votes, Gross_Revenue, CertificateID) VALUES (284, 'Chinatown', 1974.0, 130, 'A private detective hired to expose an adulterer finds himself caught up in a web of deceit, corruption, and murder.', 'https://m.media-amazon.com/images/M/MV5BOGMwYmY5ZmEtMzY1Yi00OWJiLTk1Y2MtMzI2MjBhYmZkNTQ0XkEyXkFqcGdeQXVyNzkwMjQ5NzM@._V1_UX67_CR0,0,67,98_AL_.jpg', 8.1, 92.0, 294230, 29000000.0, 15);
INSERT INTO MovieGenres (MovieID, GenreID) VALUES (284, 7);
INSERT INTO MovieGenres (MovieID, GenreID) VALUES (284, 15);
INSERT INTO MovieGenres (MovieID, GenreID) VALUES (284, 19);
INSERT INTO MoviePeople (MovieID, PersonID, RoleID) VALUES (284, 2563, 1);
INSERT INTO MoviePeople (MovieID, PersonID, RoleID) VALUES (284, 1214, 2);
INSERT INTO MoviePeople (MovieID, PersonID, RoleID) VALUES (284, 860, 3);
INSERT INTO MoviePeople (MovieID, PersonID, RoleID) VALUES (284, 1461, 4);
INSERT INTO MoviePeople (MovieID, PersonID, RoleID) VALUES (284, 2333, 5);

INSERT INTO Movies (MovieID, Series_Title, Released_Year, RuntimeMinutes, Overview, Poster_Link, IMDB_Rating, Meta_score, No_of_Votes, Gross_Revenue, CertificateID) VALUES (285, 'Paper Moon', 1973.0, 102, 'During the Great Depression, a con man finds himself saddled with a young girl who may or may not be his daughter, and the two forge an unlikely partnership.', 'https://m.media-amazon.com/images/M/MV5BOWVmYzQwY2MtOTBjNi00MDNhLWI5OGMtN2RiMDYxODI3MjU5XkEyXkFqcGdeQXVyMjUzOTY1NTc@._V1_UX67_CR0,0,67,98_AL_.jpg', 8.1, 77.0, 42285, 30933743.0, 13);
INSERT INTO MovieGenres (MovieID, GenreID) VALUES (285, 5);
INSERT INTO MovieGenres (MovieID, GenreID) VALUES (285, 6);
INSERT INTO MovieGenres (MovieID, GenreID) VALUES (285, 7);
INSERT INTO MoviePeople (MovieID, PersonID, RoleID) VALUES (285, 2337, 1);
INSERT INTO MoviePeople (MovieID, PersonID, RoleID) VALUES (285, 2612, 2);
INSERT INTO MoviePeople (MovieID, PersonID, RoleID) VALUES (285, 2875, 3);
INSERT INTO MoviePeople (MovieID, PersonID, RoleID) VALUES (285, 1864, 4);
INSERT INTO MoviePeople (MovieID, PersonID, RoleID) VALUES (285, 1455, 5);

INSERT INTO Movies (MovieID, Series_Title, Released_Year, RuntimeMinutes, Overview, Poster_Link, IMDB_Rating, Meta_score, No_of_Votes, Gross_Revenue, CertificateID) VALUES (286, 'Viskningar och rop', 1972.0, 91, 'When a woman dying of cancer in early twentieth-century Sweden is visited by her two sisters, long-repressed feelings between the siblings rise to the surface.', 'https://m.media-amazon.com/images/M/MV5BMTg3NzYzOTEtNmE2Ni00M2EyLWJhMjctNjMyMTk4ZTViOGUzXkEyXkFqcGdeQXVyNzQxNDExNTU@._V1_UY98_CR0,0,67,98_AL_.jpg', 8.1, NULL, 30206, 1742348.0, 2);
INSERT INTO MovieGenres (MovieID, GenreID) VALUES (286, 7);
INSERT INTO MoviePeople (MovieID, PersonID, RoleID) VALUES (286, 1174, 1);
INSERT INTO MoviePeople (MovieID, PersonID, RoleID) VALUES (286, 1078, 2);
INSERT INTO MoviePeople (MovieID, PersonID, RoleID) VALUES (286, 1815, 3);
INSERT INTO MoviePeople (MovieID, PersonID, RoleID) VALUES (286, 1607, 4);
INSERT INTO MoviePeople (MovieID, PersonID, RoleID) VALUES (286, 1176, 5);

INSERT INTO Movies (MovieID, Series_Title, Released_Year, RuntimeMinutes, Overview, Poster_Link, IMDB_Rating, Meta_score, No_of_Votes, Gross_Revenue, CertificateID) VALUES (287, 'Solaris', 1972.0, 167, 'A psychologist is sent to a station orbiting a distant planet in order to discover what has caused the crew to go insane.', 'https://m.media-amazon.com/images/M/MV5BZmY4Yjc0OWQtZDRhMy00ODc2LWI2NGYtMWFlODYyN2VlNDQyXkEyXkFqcGdeQXVyNjU0OTQ0OTY@._V1_UY98_CR1,0,67,98_AL_.jpg', 8.1, 90.0, 81021, NULL, 6);
INSERT INTO MovieGenres (MovieID, GenreID) VALUES (287, 7);
INSERT INTO MovieGenres (MovieID, GenreID) VALUES (287, 15);
INSERT INTO MovieGenres (MovieID, GenreID) VALUES (287, 17);
INSERT INTO MoviePeople (MovieID, PersonID, RoleID) VALUES (287, 134, 1);
INSERT INTO MoviePeople (MovieID, PersonID, RoleID) VALUES (287, 2175, 2);
INSERT INTO MoviePeople (MovieID, PersonID, RoleID) VALUES (287, 715, 3);
INSERT INTO MoviePeople (MovieID, PersonID, RoleID) VALUES (287, 1586, 4);
INSERT INTO MoviePeople (MovieID, PersonID, RoleID) VALUES (287, 3062, 5);

INSERT INTO Movies (MovieID, Series_Title, Released_Year, RuntimeMinutes, Overview, Poster_Link, IMDB_Rating, Meta_score, No_of_Votes, Gross_Revenue, CertificateID) VALUES (288, 'Le samouraï', 1967.0, 105, 'After professional hitman Jef Costello is seen by witnesses his efforts to provide himself an alibi drive him further into a corner.', 'https://m.media-amazon.com/images/M/MV5BMWFjZjRiM2QtZmRkOC00MDUxLTlhYmQtYmY5ZTNiMTI5Nzc2L2ltYWdlXkEyXkFqcGdeQXVyNTAyODkwOQ@@._V1_UX67_CR0,0,67,98_AL_.jpg', 8.1, NULL, 45434, 39481.0, 5);
INSERT INTO MovieGenres (MovieID, GenreID) VALUES (288, 6);
INSERT INTO MovieGenres (MovieID, GenreID) VALUES (288, 7);
INSERT INTO MovieGenres (MovieID, GenreID) VALUES (288, 15);
INSERT INTO MoviePeople (MovieID, PersonID, RoleID) VALUES (288, 1334, 1);
INSERT INTO MoviePeople (MovieID, PersonID, RoleID) VALUES (288, 46, 2);
INSERT INTO MoviePeople (MovieID, PersonID, RoleID) VALUES (288, 916, 3);
INSERT INTO MoviePeople (MovieID, PersonID, RoleID) VALUES (288, 2177, 4);
INSERT INTO MoviePeople (MovieID, PersonID, RoleID) VALUES (288, 449, 5);

INSERT INTO Movies (MovieID, Series_Title, Released_Year, RuntimeMinutes, Overview, Poster_Link, IMDB_Rating, Meta_score, No_of_Votes, Gross_Revenue, CertificateID) VALUES (289, 'Cool Hand Luke', 1967.0, 127, 'A laid back Southern man is sentenced to two years in a rural prison, but refuses to conform.', 'https://m.media-amazon.com/images/M/MV5BOWFlNzZhYmYtYTI5YS00MDQyLWIyNTUtNTRjMWUwNTEzNjA0XkEyXkFqcGdeQXVyNjUwNzk3NDc@._V1_UX67_CR0,0,67,98_AL_.jpg', 8.1, 92.0, 161984, 16217773.0, 2);
INSERT INTO MovieGenres (MovieID, GenreID) VALUES (289, 6);
INSERT INTO MovieGenres (MovieID, GenreID) VALUES (289, 7);
INSERT INTO MoviePeople (MovieID, PersonID, RoleID) VALUES (289, 2820, 1);
INSERT INTO MoviePeople (MovieID, PersonID, RoleID) VALUES (289, 2311, 2);
INSERT INTO MoviePeople (MovieID, PersonID, RoleID) VALUES (289, 974, 3);
INSERT INTO MoviePeople (MovieID, PersonID, RoleID) VALUES (289, 2819, 4);
INSERT INTO MoviePeople (MovieID, PersonID, RoleID) VALUES (289, 1201, 5);

INSERT INTO Movies (MovieID, Series_Title, Released_Year, RuntimeMinutes, Overview, Poster_Link, IMDB_Rating, Meta_score, No_of_Votes, Gross_Revenue, CertificateID) VALUES (290, 'Persona', 1966.0, 85, 'A nurse is put in charge of a mute actress and finds that their personae are melding together.', 'https://m.media-amazon.com/images/M/MV5BMTM0YzExY2EtMjUyZi00ZmIwLWFkYTktNjY5NmVkYTdkMjI5XkEyXkFqcGdeQXVyNzQxNDExNTU@._V1_UY98_CR0,0,67,98_AL_.jpg', 8.1, 86.0, 103191, NULL, NULL);
INSERT INTO MovieGenres (MovieID, GenreID) VALUES (290, 7);
INSERT INTO MovieGenres (MovieID, GenreID) VALUES (290, 19);
INSERT INTO MoviePeople (MovieID, PersonID, RoleID) VALUES (290, 1174, 1);
INSERT INTO MoviePeople (MovieID, PersonID, RoleID) VALUES (290, 300, 2);
INSERT INTO MoviePeople (MovieID, PersonID, RoleID) VALUES (290, 1815, 3);
INSERT INTO MoviePeople (MovieID, PersonID, RoleID) VALUES (290, 1906, 4);
INSERT INTO MoviePeople (MovieID, PersonID, RoleID) VALUES (290, 1047, 5);

INSERT INTO Movies (MovieID, Series_Title, Released_Year, RuntimeMinutes, Overview, Poster_Link, IMDB_Rating, Meta_score, No_of_Votes, Gross_Revenue, CertificateID) VALUES (291, 'Andrei Rublev', 1966.0, 205, 'The life, times and afflictions of the fifteenth-century Russian iconographer St. Andrei Rublev.', 'https://m.media-amazon.com/images/M/MV5BNjM2MjMwNzUzN15BMl5BanBnXkFtZTgwMjEzMzE5MTE@._V1_UY98_CR2,0,67,98_AL_.jpg', 8.1, NULL, 46947, 102021.0, 9);
INSERT INTO MovieGenres (MovieID, GenreID) VALUES (291, 4);
INSERT INTO MovieGenres (MovieID, GenreID) VALUES (291, 7);
INSERT INTO MovieGenres (MovieID, GenreID) VALUES (291, 11);
INSERT INTO MoviePeople (MovieID, PersonID, RoleID) VALUES (291, 134, 1);
INSERT INTO MoviePeople (MovieID, PersonID, RoleID) VALUES (291, 127, 2);
INSERT INTO MoviePeople (MovieID, PersonID, RoleID) VALUES (291, 1195, 3);
INSERT INTO MoviePeople (MovieID, PersonID, RoleID) VALUES (291, 2209, 4);
INSERT INTO MoviePeople (MovieID, PersonID, RoleID) VALUES (291, 2210, 5);

INSERT INTO Movies (MovieID, Series_Title, Released_Year, RuntimeMinutes, Overview, Poster_Link, IMDB_Rating, Meta_score, No_of_Votes, Gross_Revenue, CertificateID) VALUES (292, 'La battaglia di Algeri', 1966.0, 121, 'In the 1950s, fear and violence escalate as the people of Algiers fight for independence from the French government.', 'https://m.media-amazon.com/images/M/MV5BZWEzMGY4OTQtYTdmMy00M2QwLTliYTQtYWUzYzc3OTA5YzIwXkEyXkFqcGdeQXVyNjc1NTYyMjg@._V1_UY98_CR1,0,67,98_AL_.jpg', 8.1, 96.0, 53089, 55908.0, NULL);
INSERT INTO MovieGenres (MovieID, GenreID) VALUES (292, 7);
INSERT INTO MovieGenres (MovieID, GenreID) VALUES (292, 20);
INSERT INTO MoviePeople (MovieID, PersonID, RoleID) VALUES (292, 1003, 1);
INSERT INTO MoviePeople (MovieID, PersonID, RoleID) VALUES (292, 355, 2);
INSERT INTO MoviePeople (MovieID, PersonID, RoleID) VALUES (292, 1315, 3);
INSERT INTO MoviePeople (MovieID, PersonID, RoleID) VALUES (292, 3134, 4);
INSERT INTO MoviePeople (MovieID, PersonID, RoleID) VALUES (292, 2652, 5);

INSERT INTO Movies (MovieID, Series_Title, Released_Year, RuntimeMinutes, Overview, Poster_Link, IMDB_Rating, Meta_score, No_of_Votes, Gross_Revenue, CertificateID) VALUES (293, 'El ángel exterminador', 1962.0, 95, 'The guests at an upper-class dinner party find themselves unable to leave.', 'https://m.media-amazon.com/images/M/MV5BZTg3M2ExY2EtZmI5Yy00YWM1LTg4NzItZWEzZTgxNzE2MjhhXkEyXkFqcGdeQXVyNDE5MTU2MDE@._V1_UX67_CR0,0,67,98_AL_.jpg', 8.1, NULL, 29682, NULL, NULL);
INSERT INTO MovieGenres (MovieID, GenreID) VALUES (293, 7);
INSERT INTO MovieGenres (MovieID, GenreID) VALUES (293, 9);
INSERT INTO MoviePeople (MovieID, PersonID, RoleID) VALUES (293, 1845, 1);
INSERT INTO MoviePeople (MovieID, PersonID, RoleID) VALUES (293, 2757, 2);
INSERT INTO MoviePeople (MovieID, PersonID, RoleID) VALUES (293, 1225, 3);
INSERT INTO MoviePeople (MovieID, PersonID, RoleID) VALUES (293, 816, 4);
INSERT INTO MoviePeople (MovieID, PersonID, RoleID) VALUES (293, 1536, 5);

INSERT INTO Movies (MovieID, Series_Title, Released_Year, RuntimeMinutes, Overview, Poster_Link, IMDB_Rating, Meta_score, No_of_Votes, Gross_Revenue, CertificateID) VALUES (294, 'What Ever Happened to Baby Jane?', 1962.0, 134, 'A former child star torments her paraplegic sister in their decaying Hollywood mansion.', 'https://m.media-amazon.com/images/M/MV5BZmI0M2VmNTgtMWVhYS00Zjg1LTk1YTYtNmJmMjRkZmMwYTc2XkEyXkFqcGdeQXVyNTA4NzY1MzY@._V1_UX67_CR0,0,67,98_AL_.jpg', 8.1, 75.0, 50058, 4050000.0, 8);
INSERT INTO MovieGenres (MovieID, GenreID) VALUES (294, 7);
INSERT INTO MovieGenres (MovieID, GenreID) VALUES (294, 12);
INSERT INTO MovieGenres (MovieID, GenreID) VALUES (294, 19);
INSERT INTO MoviePeople (MovieID, PersonID, RoleID) VALUES (294, 2510, 1);
INSERT INTO MoviePeople (MovieID, PersonID, RoleID) VALUES (294, 298, 2);
INSERT INTO MoviePeople (MovieID, PersonID, RoleID) VALUES (294, 1402, 3);
INSERT INTO MoviePeople (MovieID, PersonID, RoleID) VALUES (294, 3027, 4);
INSERT INTO MoviePeople (MovieID, PersonID, RoleID) VALUES (294, 3090, 5);

INSERT INTO Movies (MovieID, Series_Title, Released_Year, RuntimeMinutes, Overview, Poster_Link, IMDB_Rating, Meta_score, No_of_Votes, Gross_Revenue, CertificateID) VALUES (295, 'Sanjuro', 1962.0, 96, 'A crafty samurai helps a young man and his fellow clansmen save his uncle, who has been framed and imprisoned by a corrupt superintendent.', 'https://m.media-amazon.com/images/M/MV5BZmY3MDlmODctYTY3Yi00NzYyLWIxNTUtYjVlZWZjMmMwZTBkXkEyXkFqcGdeQXVyMzAxNjg3MjQ@._V1_UX67_CR0,0,67,98_AL_.jpg', 8.1, NULL, 33044, NULL, 13);
INSERT INTO MovieGenres (MovieID, GenreID) VALUES (295, 1);
INSERT INTO MovieGenres (MovieID, GenreID) VALUES (295, 5);
INSERT INTO MovieGenres (MovieID, GenreID) VALUES (295, 6);
INSERT INTO MoviePeople (MovieID, PersonID, RoleID) VALUES (295, 40, 1);
INSERT INTO MoviePeople (MovieID, PersonID, RoleID) VALUES (295, 2981, 2);
INSERT INTO MoviePeople (MovieID, PersonID, RoleID) VALUES (295, 2874, 3);
INSERT INTO MoviePeople (MovieID, PersonID, RoleID) VALUES (295, 1640, 4);
INSERT INTO MoviePeople (MovieID, PersonID, RoleID) VALUES (295, 3176, 5);

INSERT INTO Movies (MovieID, Series_Title, Released_Year, RuntimeMinutes, Overview, Poster_Link, IMDB_Rating, Meta_score, No_of_Votes, Gross_Revenue, CertificateID) VALUES (296, 'The Man Who Shot Liberty Valance', 1962.0, 123, 'A senator returns to a western town for the funeral of an old friend and tells the story of his origins.', 'https://m.media-amazon.com/images/M/MV5BMGEyNzhkYzktMGMyZS00YzRiLWJlYjktZjJkOTU5ZDY0ZGI4XkEyXkFqcGdeQXVyNjUwNzk3NDc@._V1_UX67_CR0,0,67,98_AL_.jpg', 8.1, 94.0, 68827, NULL, NULL);
INSERT INTO MovieGenres (MovieID, GenreID) VALUES (296, 7);
INSERT INTO MovieGenres (MovieID, GenreID) VALUES (296, 21);
INSERT INTO MoviePeople (MovieID, PersonID, RoleID) VALUES (296, 1444, 1);
INSERT INTO MoviePeople (MovieID, PersonID, RoleID) VALUES (296, 1263, 2);
INSERT INTO MoviePeople (MovieID, PersonID, RoleID) VALUES (296, 1492, 3);
INSERT INTO MoviePeople (MovieID, PersonID, RoleID) VALUES (296, 3020, 4);
INSERT INTO MoviePeople (MovieID, PersonID, RoleID) VALUES (296, 1751, 5);

INSERT INTO Movies (MovieID, Series_Title, Released_Year, RuntimeMinutes, Overview, Poster_Link, IMDB_Rating, Meta_score, No_of_Votes, Gross_Revenue, CertificateID) VALUES (297, 'Ivanovo detstvo', 1962.0, 95, 'In WW2, twelve year old Soviet orphan Ivan Bondarev works for the Soviet army as a scout behind the German lines and strikes a friendship with three sympathetic Soviet officers.', 'https://m.media-amazon.com/images/M/MV5BYTYzYzBhYjQtNDQxYS00MmUwLTkyZjgtZWVkOWFjNzE5OTI2XkEyXkFqcGdeQXVyNjMxMjkwMjI@._V1_UX67_CR0,0,67,98_AL_.jpg', 8.1, NULL, 31728, NULL, NULL);
INSERT INTO MovieGenres (MovieID, GenreID) VALUES (297, 7);
INSERT INTO MovieGenres (MovieID, GenreID) VALUES (297, 20);
INSERT INTO MoviePeople (MovieID, PersonID, RoleID) VALUES (297, 134, 1);
INSERT INTO MoviePeople (MovieID, PersonID, RoleID) VALUES (297, 747, 2);
INSERT INTO MoviePeople (MovieID, PersonID, RoleID) VALUES (297, 2208, 3);
INSERT INTO MoviePeople (MovieID, PersonID, RoleID) VALUES (297, 3012, 4);
INSERT INTO MoviePeople (MovieID, PersonID, RoleID) VALUES (297, 844, 5);

INSERT INTO Movies (MovieID, Series_Title, Released_Year, RuntimeMinutes, Overview, Poster_Link, IMDB_Rating, Meta_score, No_of_Votes, Gross_Revenue, CertificateID) VALUES (298, 'Jungfrukällan', 1960.0, 89, 'An innocent yet pampered young virgin and her family''s pregnant and jealous servant set out to deliver candles to church, but only one returns from events that transpire in the woods along the way.', 'https://m.media-amazon.com/images/M/MV5BZjgyMzZkMGUtNTBhZC00OTkzLWI4ZmMtYzcwMzc5MjQ0YTM3XkEyXkFqcGdeQXVyMTMxMTY0OTQ@._V1_UY98_CR3,0,67,98_AL_.jpg', 8.1, NULL, 26697, 1526000.0, 2);
INSERT INTO MovieGenres (MovieID, GenreID) VALUES (298, 7);
INSERT INTO MoviePeople (MovieID, PersonID, RoleID) VALUES (298, 1174, 1);
INSERT INTO MoviePeople (MovieID, PersonID, RoleID) VALUES (298, 2005, 2);
INSERT INTO MoviePeople (MovieID, PersonID, RoleID) VALUES (298, 319, 3);
INSERT INTO MoviePeople (MovieID, PersonID, RoleID) VALUES (298, 1048, 4);
INSERT INTO MoviePeople (MovieID, PersonID, RoleID) VALUES (298, 318, 5);

INSERT INTO Movies (MovieID, Series_Title, Released_Year, RuntimeMinutes, Overview, Poster_Link, IMDB_Rating, Meta_score, No_of_Votes, Gross_Revenue, CertificateID) VALUES (299, 'Inherit the Wind', 1960.0, 128, 'Based on a real-life case in 1925, two great lawyers argue the case for and against a science teacher accused of the crime of teaching evolution.', 'https://m.media-amazon.com/images/M/MV5BMGQ5ODNkNWYtYTgxZS00YjJkLThhODAtYzUwNGNiYjRmNjdkXkEyXkFqcGdeQXVyMTg2NTc4MzA@._V1_UY98_CR4,0,67,98_AL_.jpg', 8.1, 75.0, 27254, NULL, 8);
INSERT INTO MovieGenres (MovieID, GenreID) VALUES (299, 4);
INSERT INTO MovieGenres (MovieID, GenreID) VALUES (299, 7);
INSERT INTO MovieGenres (MovieID, GenreID) VALUES (299, 11);
INSERT INTO MoviePeople (MovieID, PersonID, RoleID) VALUES (299, 2793, 1);
INSERT INTO MoviePeople (MovieID, PersonID, RoleID) VALUES (299, 2782, 2);
INSERT INTO MoviePeople (MovieID, PersonID, RoleID) VALUES (299, 923, 3);
INSERT INTO MoviePeople (MovieID, PersonID, RoleID) VALUES (299, 961, 4);
INSERT INTO MoviePeople (MovieID, PersonID, RoleID) VALUES (299, 690, 5);

INSERT INTO Movies (MovieID, Series_Title, Released_Year, RuntimeMinutes, Overview, Poster_Link, IMDB_Rating, Meta_score, No_of_Votes, Gross_Revenue, CertificateID) VALUES (300, 'Les quatre cents coups', 1959.0, 99, 'A young boy, left without attention, delves into a life of petty crime.', 'https://m.media-amazon.com/images/M/MV5BYTQ4MjA4NmYtYjRhNi00MTEwLTg0NjgtNjk3ODJlZGU4NjRkL2ltYWdlL2ltYWdlXkEyXkFqcGdeQXVyNjU0OTQ0OTY@._V1_UY98_CR3,0,67,98_AL_.jpg', 8.1, NULL, 105291, NULL, NULL);
INSERT INTO MovieGenres (MovieID, GenreID) VALUES (300, 6);
INSERT INTO MovieGenres (MovieID, GenreID) VALUES (300, 7);
INSERT INTO MoviePeople (MovieID, PersonID, RoleID) VALUES (300, 917, 1);
INSERT INTO MoviePeople (MovieID, PersonID, RoleID) VALUES (300, 1333, 2);
INSERT INTO MoviePeople (MovieID, PersonID, RoleID) VALUES (300, 61, 3);
INSERT INTO MoviePeople (MovieID, PersonID, RoleID) VALUES (300, 537, 4);
INSERT INTO MoviePeople (MovieID, PersonID, RoleID) VALUES (300, 1053, 5);

INSERT INTO Movies (MovieID, Series_Title, Released_Year, RuntimeMinutes, Overview, Poster_Link, IMDB_Rating, Meta_score, No_of_Votes, Gross_Revenue, CertificateID) VALUES (301, 'Ben-Hur', 1959.0, 212, 'After a Jewish prince is betrayed and sent into slavery by a Roman friend, he regains his freedom and comes back for revenge.', 'https://m.media-amazon.com/images/M/MV5BNjgxY2JiZDYtZmMwOC00ZmJjLWJmODUtMTNmNWNmYWI5ODkwL2ltYWdlL2ltYWdlXkEyXkFqcGdeQXVyNjc1NTYyMjg@._V1_UX67_CR0,0,67,98_AL_.jpg', 8.1, 90.0, 219466, 74700000.0, 13);
INSERT INTO MovieGenres (MovieID, GenreID) VALUES (301, 2);
INSERT INTO MovieGenres (MovieID, GenreID) VALUES (301, 7);
INSERT INTO MovieGenres (MovieID, GenreID) VALUES (301, 11);
INSERT INTO MoviePeople (MovieID, PersonID, RoleID) VALUES (301, 3118, 1);
INSERT INTO MoviePeople (MovieID, PersonID, RoleID) VALUES (301, 477, 2);
INSERT INTO MoviePeople (MovieID, PersonID, RoleID) VALUES (301, 1210, 3);
INSERT INTO MoviePeople (MovieID, PersonID, RoleID) VALUES (301, 2799, 4);
INSERT INTO MoviePeople (MovieID, PersonID, RoleID) VALUES (301, 1091, 5);

INSERT INTO Movies (MovieID, Series_Title, Released_Year, RuntimeMinutes, Overview, Poster_Link, IMDB_Rating, Meta_score, No_of_Votes, Gross_Revenue, CertificateID) VALUES (302, 'Kakushi-toride no san-akunin', 1958.0, 139, 'Lured by gold, two greedy peasants unknowingly escort a princess and her general across enemy lines.', 'https://m.media-amazon.com/images/M/MV5BYjJkN2Y5MTktZDRhOS00NTUwLWFiMzEtMTVlNWU4ODM0Y2E5XkEyXkFqcGdeQXVyNjc1NTYyMjg@._V1_UY98_CR1,0,67,98_AL_.jpg', 8.1, NULL, 34797, NULL, NULL);
INSERT INTO MovieGenres (MovieID, GenreID) VALUES (302, 2);
INSERT INTO MovieGenres (MovieID, GenreID) VALUES (302, 7);
INSERT INTO MoviePeople (MovieID, PersonID, RoleID) VALUES (302, 40, 1);
INSERT INTO MoviePeople (MovieID, PersonID, RoleID) VALUES (302, 2981, 2);
INSERT INTO MoviePeople (MovieID, PersonID, RoleID) VALUES (302, 2122, 3);
INSERT INTO MoviePeople (MovieID, PersonID, RoleID) VALUES (302, 2116, 4);
INSERT INTO MoviePeople (MovieID, PersonID, RoleID) VALUES (302, 1596, 5);

INSERT INTO Movies (MovieID, Series_Title, Released_Year, RuntimeMinutes, Overview, Poster_Link, IMDB_Rating, Meta_score, No_of_Votes, Gross_Revenue, CertificateID) VALUES (303, 'Le notti di Cabiria', 1957.0, 110, 'A waifish prostitute wanders the streets of Rome looking for true love but finds only heartbreak.', 'https://m.media-amazon.com/images/M/MV5BOTdhNmUxZmQtNmMwNC00MzE3LWE1MTUtZDgxZTYwYjEzZjcwXkEyXkFqcGdeQXVyNTA1NjYyMDk@._V1_UY98_CR0,0,67,98_AL_.jpg', 8.1, NULL, 42940, 752045.0, NULL);
INSERT INTO MovieGenres (MovieID, GenreID) VALUES (303, 7);
INSERT INTO MoviePeople (MovieID, PersonID, RoleID) VALUES (303, 862, 1);
INSERT INTO MoviePeople (MovieID, PersonID, RoleID) VALUES (303, 1009, 2);
INSERT INTO MoviePeople (MovieID, PersonID, RoleID) VALUES (303, 916, 3);
INSERT INTO MoviePeople (MovieID, PersonID, RoleID) VALUES (303, 886, 4);
INSERT INTO MoviePeople (MovieID, PersonID, RoleID) VALUES (303, 720, 5);

INSERT INTO Movies (MovieID, Series_Title, Released_Year, RuntimeMinutes, Overview, Poster_Link, IMDB_Rating, Meta_score, No_of_Votes, Gross_Revenue, CertificateID) VALUES (304, 'Kumonosu-jô', 1957.0, 110, 'A war-hardened general, egged on by his ambitious wife, works to fulfill a prophecy that he would become lord of Spider''s Web Castle.', 'https://m.media-amazon.com/images/M/MV5BNGYxZjA2M2ItYTRmNS00NzRmLWJkYzgtYTdiNGFlZDI5ZjNmXkEyXkFqcGdeQXVyNDE5MTU2MDE@._V1_UY98_CR0,0,67,98_AL_.jpg', 8.1, NULL, 46678, NULL, NULL);
INSERT INTO MovieGenres (MovieID, GenreID) VALUES (304, 7);
INSERT INTO MovieGenres (MovieID, GenreID) VALUES (304, 11);
INSERT INTO MoviePeople (MovieID, PersonID, RoleID) VALUES (304, 40, 1);
INSERT INTO MoviePeople (MovieID, PersonID, RoleID) VALUES (304, 2981, 2);
INSERT INTO MoviePeople (MovieID, PersonID, RoleID) VALUES (304, 2116, 3);
INSERT INTO MoviePeople (MovieID, PersonID, RoleID) VALUES (304, 1192, 4);
INSERT INTO MoviePeople (MovieID, PersonID, RoleID) VALUES (304, 2854, 5);

INSERT INTO Movies (MovieID, Series_Title, Released_Year, RuntimeMinutes, Overview, Poster_Link, IMDB_Rating, Meta_score, No_of_Votes, Gross_Revenue, CertificateID) VALUES (305, 'The Bridge on the River Kwai', 1957.0, 161, 'British POWs are forced to build a railway bridge across the river Kwai for their Japanese captors, not knowing that the allied forces are planning to destroy it.', 'https://m.media-amazon.com/images/M/MV5BMGVhNjhjODktODgxYS00MDdhLTlkZjktYTkyNzQxMTU0ZDYxXkEyXkFqcGdeQXVyNzkwMjQ5NzM@._V1_UX67_CR0,0,67,98_AL_.jpg', 8.1, 87.0, 203463, 44908000.0, 6);
INSERT INTO MovieGenres (MovieID, GenreID) VALUES (305, 2);
INSERT INTO MovieGenres (MovieID, GenreID) VALUES (305, 7);
INSERT INTO MovieGenres (MovieID, GenreID) VALUES (305, 20);
INSERT INTO MoviePeople (MovieID, PersonID, RoleID) VALUES (305, 635, 1);
INSERT INTO MoviePeople (MovieID, PersonID, RoleID) VALUES (305, 3111, 2);
INSERT INTO MoviePeople (MovieID, PersonID, RoleID) VALUES (305, 67, 3);
INSERT INTO MoviePeople (MovieID, PersonID, RoleID) VALUES (305, 1210, 4);
INSERT INTO MoviePeople (MovieID, PersonID, RoleID) VALUES (305, 2710, 5);

INSERT INTO Movies (MovieID, Series_Title, Released_Year, RuntimeMinutes, Overview, Poster_Link, IMDB_Rating, Meta_score, No_of_Votes, Gross_Revenue, CertificateID) VALUES (306, 'On the Waterfront', 1954.0, 108, 'An ex-prize fighter turned longshoreman struggles to stand up to his corrupt union bosses.', 'https://m.media-amazon.com/images/M/MV5BY2I0MWFiZDMtNWQyYy00Njk5LTk3MDktZjZjNTNmZmVkYjkxXkEyXkFqcGdeQXVyNjc1NTYyMjg@._V1_UX67_CR0,0,67,98_AL_.jpg', 8.1, 91.0, 142107, 9600000.0, 2);
INSERT INTO MovieGenres (MovieID, GenreID) VALUES (306, 6);
INSERT INTO MovieGenres (MovieID, GenreID) VALUES (306, 7);
INSERT INTO MovieGenres (MovieID, GenreID) VALUES (306, 19);
INSERT INTO MoviePeople (MovieID, PersonID, RoleID) VALUES (306, 775, 1);
INSERT INTO MoviePeople (MovieID, PersonID, RoleID) VALUES (306, 1944, 2);
INSERT INTO MoviePeople (MovieID, PersonID, RoleID) VALUES (306, 1611, 3);
INSERT INTO MoviePeople (MovieID, PersonID, RoleID) VALUES (306, 1750, 4);
INSERT INTO MoviePeople (MovieID, PersonID, RoleID) VALUES (306, 2548, 5);

INSERT INTO Movies (MovieID, Series_Title, Released_Year, RuntimeMinutes, Overview, Poster_Link, IMDB_Rating, Meta_score, No_of_Votes, Gross_Revenue, CertificateID) VALUES (307, 'Le salaire de la peur', 1953.0, 131, 'In a decrepit South American village, four men are hired to transport an urgent nitroglycerine shipment without the equipment that would make it safe.', 'https://m.media-amazon.com/images/M/MV5BZDdkNzMwZmUtY2Q5MS00ZmM2LWJhYjItYTBjMWY0MGM4MDRjXkEyXkFqcGdeQXVyNTA4NzY1MzY@._V1_UY98_CR0,0,67,98_AL_.jpg', 8.1, 85.0, 54588, NULL, 13);
INSERT INTO MovieGenres (MovieID, GenreID) VALUES (307, 2);
INSERT INTO MovieGenres (MovieID, GenreID) VALUES (307, 7);
INSERT INTO MovieGenres (MovieID, GenreID) VALUES (307, 19);
INSERT INTO MoviePeople (MovieID, PersonID, RoleID) VALUES (307, 1106, 1);
INSERT INTO MoviePeople (MovieID, PersonID, RoleID) VALUES (307, 3168, 2);
INSERT INTO MoviePeople (MovieID, PersonID, RoleID) VALUES (307, 466, 3);
INSERT INTO MoviePeople (MovieID, PersonID, RoleID) VALUES (307, 2355, 4);
INSERT INTO MoviePeople (MovieID, PersonID, RoleID) VALUES (307, 883, 5);

INSERT INTO Movies (MovieID, Series_Title, Released_Year, RuntimeMinutes, Overview, Poster_Link, IMDB_Rating, Meta_score, No_of_Votes, Gross_Revenue, CertificateID) VALUES (308, 'Ace in the Hole', 1951.0, 111, 'A frustrated former big-city journalist now stuck working for an Albuquerque newspaper exploits a story about a man trapped in a cave to rekindle his career, but the situation quickly escalates into an out-of-control circus.', 'https://m.media-amazon.com/images/M/MV5BNDUzZjlhZTYtN2E5MS00ODQ3LWI1ZjgtNzdiZmI0NTZiZTljXkEyXkFqcGdeQXVyMjI4MjA5MzA@._V1_UX67_CR0,0,67,98_AL_.jpg', 8.1, 72.0, 31568, 3969893.0, 3);
INSERT INTO MovieGenres (MovieID, GenreID) VALUES (308, 7);
INSERT INTO MovieGenres (MovieID, GenreID) VALUES (308, 10);
INSERT INTO MoviePeople (MovieID, PersonID, RoleID) VALUES (308, 316, 1);
INSERT INTO MoviePeople (MovieID, PersonID, RoleID) VALUES (308, 1692, 2);
INSERT INTO MoviePeople (MovieID, PersonID, RoleID) VALUES (308, 1275, 3);
INSERT INTO MoviePeople (MovieID, PersonID, RoleID) VALUES (308, 2513, 4);
INSERT INTO MoviePeople (MovieID, PersonID, RoleID) VALUES (308, 2375, 5);

INSERT INTO Movies (MovieID, Series_Title, Released_Year, RuntimeMinutes, Overview, Poster_Link, IMDB_Rating, Meta_score, No_of_Votes, Gross_Revenue, CertificateID) VALUES (309, 'White Heat', 1949.0, 114, 'A psychopathic criminal with a mother complex makes a daring break from prison and leads his old gang in a chemical plant payroll heist.', 'https://m.media-amazon.com/images/M/MV5BZmI5NTA3MjItYzdhMi00MWMxLTg3OWMtYWQyYjg5MTFmM2U0L2ltYWdlL2ltYWdlXkEyXkFqcGdeQXVyNjc1NTYyMjg@._V1_UX67_CR0,0,67,98_AL_.jpg', 8.1, NULL, 29807, NULL, NULL);
INSERT INTO MovieGenres (MovieID, GenreID) VALUES (309, 1);
INSERT INTO MovieGenres (MovieID, GenreID) VALUES (309, 6);
INSERT INTO MovieGenres (MovieID, GenreID) VALUES (309, 7);
INSERT INTO MoviePeople (MovieID, PersonID, RoleID) VALUES (309, 2434, 1);
INSERT INTO MoviePeople (MovieID, PersonID, RoleID) VALUES (309, 1238, 2);
INSERT INTO MoviePeople (MovieID, PersonID, RoleID) VALUES (309, 3052, 3);
INSERT INTO MoviePeople (MovieID, PersonID, RoleID) VALUES (309, 742, 4);
INSERT INTO MoviePeople (MovieID, PersonID, RoleID) VALUES (309, 1905, 5);

INSERT INTO Movies (MovieID, Series_Title, Released_Year, RuntimeMinutes, Overview, Poster_Link, IMDB_Rating, Meta_score, No_of_Votes, Gross_Revenue, CertificateID) VALUES (310, 'The Third Man', 1949.0, 104, 'Pulp novelist Holly Martins travels to shadowy, postwar Vienna, only to find himself investigating the mysterious death of an old friend, Harry Lime.', 'https://m.media-amazon.com/images/M/MV5BYjE2OTdhMWUtOGJlMy00ZDViLWIzZjgtYjZkZGZmMDZjYmEyXkEyXkFqcGdeQXVyNzkwMjQ5NzM@._V1_UX67_CR0,0,67,98_AL_.jpg', 8.1, 97.0, 158731, 449191.0, 3);
INSERT INTO MovieGenres (MovieID, GenreID) VALUES (310, 10);
INSERT INTO MovieGenres (MovieID, GenreID) VALUES (310, 15);
INSERT INTO MovieGenres (MovieID, GenreID) VALUES (310, 19);
INSERT INTO MoviePeople (MovieID, PersonID, RoleID) VALUES (310, 431, 1);
INSERT INTO MoviePeople (MovieID, PersonID, RoleID) VALUES (310, 2259, 2);
INSERT INTO MoviePeople (MovieID, PersonID, RoleID) VALUES (310, 1519, 3);
INSERT INTO MoviePeople (MovieID, PersonID, RoleID) VALUES (310, 97, 4);
INSERT INTO MoviePeople (MovieID, PersonID, RoleID) VALUES (310, 2985, 5);

INSERT INTO Movies (MovieID, Series_Title, Released_Year, RuntimeMinutes, Overview, Poster_Link, IMDB_Rating, Meta_score, No_of_Votes, Gross_Revenue, CertificateID) VALUES (311, 'The Red Shoes', 1948.0, 135, 'A young ballet dancer is torn between the man she loves and her pursuit to become a prima ballerina.', 'https://m.media-amazon.com/images/M/MV5BOWRmNGEwZjUtZjEwNS00OGZmLThhMmEtZTJlMTU5MGQ3ZWUwXkEyXkFqcGdeQXVyNjc1NTYyMjg@._V1_UX67_CR0,0,67,98_AL_.jpg', 8.1, NULL, 30935, 10900000.0, NULL);
INSERT INTO MovieGenres (MovieID, GenreID) VALUES (311, 7);
INSERT INTO MovieGenres (MovieID, GenreID) VALUES (311, 13);
INSERT INTO MovieGenres (MovieID, GenreID) VALUES (311, 16);
INSERT INTO MoviePeople (MovieID, PersonID, RoleID) VALUES (311, 2067, 1);
INSERT INTO MoviePeople (MovieID, PersonID, RoleID) VALUES (311, 798, 2);
INSERT INTO MoviePeople (MovieID, PersonID, RoleID) VALUES (311, 201, 3);
INSERT INTO MoviePeople (MovieID, PersonID, RoleID) VALUES (311, 1929, 4);
INSERT INTO MoviePeople (MovieID, PersonID, RoleID) VALUES (311, 2134, 5);

INSERT INTO Movies (MovieID, Series_Title, Released_Year, RuntimeMinutes, Overview, Poster_Link, IMDB_Rating, Meta_score, No_of_Votes, Gross_Revenue, CertificateID) VALUES (312, 'The Shop Around the Corner', 1940.0, 99, 'Two employees at a gift shop can barely stand each other, without realizing that they are falling in love through the post as each other''s anonymous pen pal.', 'https://m.media-amazon.com/images/M/MV5BNzc1MTcyNTQ5N15BMl5BanBnXkFtZTgwMzgwMDI0MjE@._V1_UX67_CR0,0,67,98_AL_.jpg', 8.1, 96.0, 28450, 203300.0, NULL);
INSERT INTO MovieGenres (MovieID, GenreID) VALUES (312, 5);
INSERT INTO MovieGenres (MovieID, GenreID) VALUES (312, 7);
INSERT INTO MovieGenres (MovieID, GenreID) VALUES (312, 16);
INSERT INTO MoviePeople (MovieID, PersonID, RoleID) VALUES (312, 833, 1);
INSERT INTO MoviePeople (MovieID, PersonID, RoleID) VALUES (312, 1904, 2);
INSERT INTO MoviePeople (MovieID, PersonID, RoleID) VALUES (312, 1263, 3);
INSERT INTO MoviePeople (MovieID, PersonID, RoleID) VALUES (312, 904, 4);
INSERT INTO MoviePeople (MovieID, PersonID, RoleID) VALUES (312, 1527, 5);

INSERT INTO Movies (MovieID, Series_Title, Released_Year, RuntimeMinutes, Overview, Poster_Link, IMDB_Rating, Meta_score, No_of_Votes, Gross_Revenue, CertificateID) VALUES (313, 'Rebecca', 1940.0, 130, 'A self-conscious woman juggles adjusting to her new role as an aristocrat''s wife and avoiding being intimidated by his first wife''s spectral presence.', 'https://m.media-amazon.com/images/M/MV5BYTcxYWExOTMtMWFmYy00ZjgzLWI0YjktNWEzYzJkZTg0NDdmL2ltYWdlXkEyXkFqcGdeQXVyNjc1NTYyMjg@._V1_UY98_CR0,0,67,98_AL_.jpg', 8.1, 86.0, 123942, 4360000.0, 3);
INSERT INTO MovieGenres (MovieID, GenreID) VALUES (313, 7);
INSERT INTO MovieGenres (MovieID, GenreID) VALUES (313, 15);
INSERT INTO MovieGenres (MovieID, GenreID) VALUES (313, 16);
INSERT INTO MoviePeople (MovieID, PersonID, RoleID) VALUES (313, 93, 1);
INSERT INTO MoviePeople (MovieID, PersonID, RoleID) VALUES (313, 1742, 2);
INSERT INTO MoviePeople (MovieID, PersonID, RoleID) VALUES (313, 1404, 3);
INSERT INTO MoviePeople (MovieID, PersonID, RoleID) VALUES (313, 984, 4);
INSERT INTO MoviePeople (MovieID, PersonID, RoleID) VALUES (313, 1547, 5);

INSERT INTO Movies (MovieID, Series_Title, Released_Year, RuntimeMinutes, Overview, Poster_Link, IMDB_Rating, Meta_score, No_of_Votes, Gross_Revenue, CertificateID) VALUES (314, 'Mr. Smith Goes to Washington', 1939.0, 129, 'A naive man is appointed to fill a vacancy in the United States Senate. His plans promptly collide with political corruption, but he doesn''t back down.', 'https://m.media-amazon.com/images/M/MV5BZTYwYjYxYzgtMDE1Ni00NzU4LWJlMTEtODQ5YmJmMGJhZjI5L2ltYWdlXkEyXkFqcGdeQXVyMDI2NDg0NQ@@._V1_UX67_CR0,0,67,98_AL_.jpg', 8.1, 73.0, 107017, 9600000.0, 8);
INSERT INTO MovieGenres (MovieID, GenreID) VALUES (314, 5);
INSERT INTO MovieGenres (MovieID, GenreID) VALUES (314, 7);
INSERT INTO MoviePeople (MovieID, PersonID, RoleID) VALUES (314, 897, 1);
INSERT INTO MoviePeople (MovieID, PersonID, RoleID) VALUES (314, 1263, 2);
INSERT INTO MoviePeople (MovieID, PersonID, RoleID) VALUES (314, 1311, 3);
INSERT INTO MoviePeople (MovieID, PersonID, RoleID) VALUES (314, 541, 4);
INSERT INTO MoviePeople (MovieID, PersonID, RoleID) VALUES (314, 749, 5);

INSERT INTO Movies (MovieID, Series_Title, Released_Year, RuntimeMinutes, Overview, Poster_Link, IMDB_Rating, Meta_score, No_of_Votes, Gross_Revenue, CertificateID) VALUES (315, 'Gone with the Wind', 1939.0, 238, 'A manipulative woman and a roguish man conduct a turbulent romance during the American Civil War and Reconstruction periods.', 'https://m.media-amazon.com/images/M/MV5BYjUyZWZkM2UtMzYxYy00ZmQ3LWFmZTQtOGE2YjBkNjA3YWZlXkEyXkFqcGdeQXVyNzkwMjQ5NzM@._V1_UX67_CR0,0,67,98_AL_.jpg', 8.1, 97.0, 290074, 198676459.0, 13);
INSERT INTO MovieGenres (MovieID, GenreID) VALUES (315, 7);
INSERT INTO MovieGenres (MovieID, GenreID) VALUES (315, 11);
INSERT INTO MovieGenres (MovieID, GenreID) VALUES (315, 16);
INSERT INTO MoviePeople (MovieID, PersonID, RoleID) VALUES (315, 3028, 1);
INSERT INTO MoviePeople (MovieID, PersonID, RoleID) VALUES (315, 972, 2);
INSERT INTO MoviePeople (MovieID, PersonID, RoleID) VALUES (315, 2648, 3);
INSERT INTO MoviePeople (MovieID, PersonID, RoleID) VALUES (315, 540, 4);
INSERT INTO MoviePeople (MovieID, PersonID, RoleID) VALUES (315, 3056, 5);

INSERT INTO Movies (MovieID, Series_Title, Released_Year, RuntimeMinutes, Overview, Poster_Link, IMDB_Rating, Meta_score, No_of_Votes, Gross_Revenue, CertificateID) VALUES (316, 'La Grande Illusion', 1937.0, 113, 'During WWI, two French soldiers are captured and imprisoned in a German P.O.W. camp. Several escape attempts follow until they are eventually sent to a seemingly inescapable fortress.', 'https://m.media-amazon.com/images/M/MV5BMTg3MTI5NTk0N15BMl5BanBnXkFtZTgwMjU1MDM5MTE@._V1_UY98_CR2,0,67,98_AL_.jpg', 8.1, NULL, 33829, 172885.0, NULL);
INSERT INTO MovieGenres (MovieID, GenreID) VALUES (316, 7);
INSERT INTO MovieGenres (MovieID, GenreID) VALUES (316, 20);
INSERT INTO MoviePeople (MovieID, PersonID, RoleID) VALUES (316, 1317, 1);
INSERT INTO MoviePeople (MovieID, PersonID, RoleID) VALUES (316, 1313, 2);
INSERT INTO MoviePeople (MovieID, PersonID, RoleID) VALUES (316, 696, 3);
INSERT INTO MoviePeople (MovieID, PersonID, RoleID) VALUES (316, 2370, 4);
INSERT INTO MoviePeople (MovieID, PersonID, RoleID) VALUES (316, 828, 5);

INSERT INTO Movies (MovieID, Series_Title, Released_Year, RuntimeMinutes, Overview, Poster_Link, IMDB_Rating, Meta_score, No_of_Votes, Gross_Revenue, CertificateID) VALUES (317, 'It Happened One Night', 1934.0, 105, 'A renegade reporter and a crazy young heiress meet on a bus heading for New York, and end up stuck with each other when the bus leaves them behind at one of the stops.', 'https://m.media-amazon.com/images/M/MV5BYzJmMWE5NjAtNWMyZS00NmFiLWIwMDgtZDE2NzczYWFhNzIzXkEyXkFqcGdeQXVyNjc1NTYyMjg@._V1_UX67_CR0,0,67,98_AL_.jpg', 8.1, 87.0, 94016, 4360000.0, 3);
INSERT INTO MovieGenres (MovieID, GenreID) VALUES (317, 5);
INSERT INTO MovieGenres (MovieID, GenreID) VALUES (317, 16);
INSERT INTO MoviePeople (MovieID, PersonID, RoleID) VALUES (317, 897, 1);
INSERT INTO MoviePeople (MovieID, PersonID, RoleID) VALUES (317, 540, 2);
INSERT INTO MoviePeople (MovieID, PersonID, RoleID) VALUES (317, 542, 3);
INSERT INTO MoviePeople (MovieID, PersonID, RoleID) VALUES (317, 3070, 4);
INSERT INTO MoviePeople (MovieID, PersonID, RoleID) VALUES (317, 2580, 5);

INSERT INTO Movies (MovieID, Series_Title, Released_Year, RuntimeMinutes, Overview, Poster_Link, IMDB_Rating, Meta_score, No_of_Votes, Gross_Revenue, CertificateID) VALUES (318, 'La passion de Jeanne d''Arc', 1928.0, 110, 'In 1431, Jeanne d''Arc is placed on trial on charges of heresy. The ecclesiastical jurists attempt to force Jeanne to recant her claims of holy visions.', 'https://m.media-amazon.com/images/M/MV5BNjBjNDJiYTUtOWY0OS00OGVmLTg2YzctMTE0NzVhODM1ZWJmXkEyXkFqcGdeQXVyNjU0OTQ0OTY@._V1_UX67_CR0,0,67,98_AL_.jpg', 8.1, NULL, 47676, 21877.0, 8);
INSERT INTO MovieGenres (MovieID, GenreID) VALUES (318, 4);
INSERT INTO MovieGenres (MovieID, GenreID) VALUES (318, 7);
INSERT INTO MovieGenres (MovieID, GenreID) VALUES (318, 11);
INSERT INTO MoviePeople (MovieID, PersonID, RoleID) VALUES (318, 422, 1);
INSERT INTO MoviePeople (MovieID, PersonID, RoleID) VALUES (318, 1910, 2);
INSERT INTO MoviePeople (MovieID, PersonID, RoleID) VALUES (318, 838, 3);
INSERT INTO MoviePeople (MovieID, PersonID, RoleID) VALUES (318, 148, 4);
INSERT INTO MoviePeople (MovieID, PersonID, RoleID) VALUES (318, 2001, 5);

INSERT INTO Movies (MovieID, Series_Title, Released_Year, RuntimeMinutes, Overview, Poster_Link, IMDB_Rating, Meta_score, No_of_Votes, Gross_Revenue, CertificateID) VALUES (319, 'The Circus', 1928.0, 72, 'The Tramp finds work and the girl of his dreams at a circus.', 'https://m.media-amazon.com/images/M/MV5BM2QwYWQ0MWMtNzcwOC00N2Q2LWE1MDEtZmQxZjhiM2U1YzFhXkEyXkFqcGdeQXVyMTQxNzMzNDI@._V1_UX67_CR0,0,67,98_AL_.jpg', 8.1, 90.0, 30205, NULL, 8);
INSERT INTO MovieGenres (MovieID, GenreID) VALUES (319, 5);
INSERT INTO MovieGenres (MovieID, GenreID) VALUES (319, 16);
INSERT INTO MoviePeople (MovieID, PersonID, RoleID) VALUES (319, 460, 1);
INSERT INTO MoviePeople (MovieID, PersonID, RoleID) VALUES (319, 460, 2);
INSERT INTO MoviePeople (MovieID, PersonID, RoleID) VALUES (319, 2034, 3);
INSERT INTO MoviePeople (MovieID, PersonID, RoleID) VALUES (319, 44, 4);
INSERT INTO MoviePeople (MovieID, PersonID, RoleID) VALUES (319, 1081, 5);

INSERT INTO Movies (MovieID, Series_Title, Released_Year, RuntimeMinutes, Overview, Poster_Link, IMDB_Rating, Meta_score, No_of_Votes, Gross_Revenue, CertificateID) VALUES (320, 'Sunrise: A Song of Two Humans', 1927.0, 94, 'An allegorical tale about a man fighting the good and evil within him. Both sides are made flesh - one a sophisticated woman he is attracted to and the other his wife.', 'https://m.media-amazon.com/images/M/MV5BNDVkYmYwM2ItNzRiMy00NWQ4LTlhMjMtNDI1ZDYyOGVmMzJjXkEyXkFqcGdeQXVyNTgzMzU5MDI@._V1_UX67_CR0,0,67,98_AL_.jpg', 8.1, NULL, 46865, 539540.0, 8);
INSERT INTO MovieGenres (MovieID, GenreID) VALUES (320, 7);
INSERT INTO MovieGenres (MovieID, GenreID) VALUES (320, 16);
INSERT INTO MoviePeople (MovieID, PersonID, RoleID) VALUES (320, 851, 1);
INSERT INTO MoviePeople (MovieID, PersonID, RoleID) VALUES (320, 979, 2);
INSERT INTO MoviePeople (MovieID, PersonID, RoleID) VALUES (320, 1285, 3);
INSERT INTO MoviePeople (MovieID, PersonID, RoleID) VALUES (320, 1902, 4);
INSERT INTO MoviePeople (MovieID, PersonID, RoleID) VALUES (320, 336, 5);

INSERT INTO Movies (MovieID, Series_Title, Released_Year, RuntimeMinutes, Overview, Poster_Link, IMDB_Rating, Meta_score, No_of_Votes, Gross_Revenue, CertificateID) VALUES (321, 'The General', 1926.0, 67, 'When Union spies steal an engineer''s beloved locomotive, he pursues it single-handedly and straight through enemy lines.', 'https://m.media-amazon.com/images/M/MV5BYmRiMDFlYjYtOTMwYy00OGY2LWE0Y2QtYzQxOGNhZmUwNTIxXkEyXkFqcGdeQXVyNzkwMjQ5NzM@._V1_UX67_CR0,0,67,98_AL_.jpg', 8.1, NULL, 81156, 1033895.0, 8);
INSERT INTO MovieGenres (MovieID, GenreID) VALUES (321, 1);
INSERT INTO MovieGenres (MovieID, GenreID) VALUES (321, 2);
INSERT INTO MovieGenres (MovieID, GenreID) VALUES (321, 5);
INSERT INTO MoviePeople (MovieID, PersonID, RoleID) VALUES (321, 549, 1);
INSERT INTO MoviePeople (MovieID, PersonID, RoleID) VALUES (321, 401, 2);
INSERT INTO MoviePeople (MovieID, PersonID, RoleID) VALUES (321, 401, 3);
INSERT INTO MoviePeople (MovieID, PersonID, RoleID) VALUES (321, 1925, 4);
INSERT INTO MoviePeople (MovieID, PersonID, RoleID) VALUES (321, 1014, 5);

INSERT INTO Movies (MovieID, Series_Title, Released_Year, RuntimeMinutes, Overview, Poster_Link, IMDB_Rating, Meta_score, No_of_Votes, Gross_Revenue, CertificateID) VALUES (322, 'Das Cabinet des Dr. Caligari', 1920.0, 76, 'Hypnotist Dr. Caligari uses a somnambulist, Cesare, to commit murders.', 'https://m.media-amazon.com/images/M/MV5BNWJiNGJiMTEtMGM3OC00ZWNlLTgwZTgtMzdhNTRiZjk5MTQ1XkEyXkFqcGdeQXVyMTMxODk2OTU@._V1_UY98_CR1,0,67,98_AL_.jpg', 8.1, NULL, 57428, NULL, NULL);
INSERT INTO MovieGenres (MovieID, GenreID) VALUES (322, 9);
INSERT INTO MovieGenres (MovieID, GenreID) VALUES (322, 12);
INSERT INTO MovieGenres (MovieID, GenreID) VALUES (322, 15);
INSERT INTO MoviePeople (MovieID, PersonID, RoleID) VALUES (322, 2539, 1);
INSERT INTO MoviePeople (MovieID, PersonID, RoleID) VALUES (322, 3087, 2);
INSERT INTO MoviePeople (MovieID, PersonID, RoleID) VALUES (322, 556, 3);
INSERT INTO MoviePeople (MovieID, PersonID, RoleID) VALUES (322, 925, 4);
INSERT INTO MoviePeople (MovieID, PersonID, RoleID) VALUES (322, 1793, 5);

INSERT INTO Movies (MovieID, Series_Title, Released_Year, RuntimeMinutes, Overview, Poster_Link, IMDB_Rating, Meta_score, No_of_Votes, Gross_Revenue, CertificateID) VALUES (323, 'Badhaai ho', 2018.0, 124, 'A man is embarrassed when he finds out his mother is pregnant.', 'https://m.media-amazon.com/images/M/MV5BNjZlMDdmN2YtYThmZi00NGQzLTk0ZTQtNTUyZDFmODExOGNiXkEyXkFqcGdeQXVyODE5NzE3OTE@._V1_UY98_CR0,0,67,98_AL_.jpg', 8.0, NULL, 27978, NULL, 15);
INSERT INTO MovieGenres (MovieID, GenreID) VALUES (323, 5);
INSERT INTO MovieGenres (MovieID, GenreID) VALUES (323, 7);
INSERT INTO MoviePeople (MovieID, PersonID, RoleID) VALUES (323, 110, 1);
INSERT INTO MoviePeople (MovieID, PersonID, RoleID) VALUES (323, 252, 2);
INSERT INTO MoviePeople (MovieID, PersonID, RoleID) VALUES (323, 2182, 3);
INSERT INTO MoviePeople (MovieID, PersonID, RoleID) VALUES (323, 933, 4);
INSERT INTO MoviePeople (MovieID, PersonID, RoleID) VALUES (323, 2664, 5);

INSERT INTO Movies (MovieID, Series_Title, Released_Year, RuntimeMinutes, Overview, Poster_Link, IMDB_Rating, Meta_score, No_of_Votes, Gross_Revenue, CertificateID) VALUES (324, 'Togo', 2019.0, 113, 'The story of Togo, the sled dog who led the 1925 serum run yet was considered by most to be too small and weak to lead such an intense race.', 'https://m.media-amazon.com/images/M/MV5BNjJkYTc5N2UtMGRlMC00M2FmLTk0ZWMtOTYxNDUwNjI2YzljXkEyXkFqcGdeQXVyNDg4NjY5OTQ@._V1_UX67_CR0,0,67,98_AL_.jpg', 8.0, 69.0, 37556, NULL, 13);
INSERT INTO MovieGenres (MovieID, GenreID) VALUES (324, 2);
INSERT INTO MovieGenres (MovieID, GenreID) VALUES (324, 4);
INSERT INTO MovieGenres (MovieID, GenreID) VALUES (324, 7);
INSERT INTO MoviePeople (MovieID, PersonID, RoleID) VALUES (324, 829, 1);
INSERT INTO MoviePeople (MovieID, PersonID, RoleID) VALUES (324, 3102, 2);
INSERT INTO MoviePeople (MovieID, PersonID, RoleID) VALUES (324, 1562, 3);
INSERT INTO MoviePeople (MovieID, PersonID, RoleID) VALUES (324, 522, 4);
INSERT INTO MoviePeople (MovieID, PersonID, RoleID) VALUES (324, 2476, 5);

INSERT INTO Movies (MovieID, Series_Title, Released_Year, RuntimeMinutes, Overview, Poster_Link, IMDB_Rating, Meta_score, No_of_Votes, Gross_Revenue, CertificateID) VALUES (325, 'Airlift', 2016.0, 130, 'When Iraq invades Kuwait in August 1990, a callous Indian businessman becomes the spokesperson for more than 170,000 stranded countrymen.', 'https://m.media-amazon.com/images/M/MV5BMGE1ZTkyOTMtMTdiZS00YzI2LTlmYWQtOTE5YWY0NWVlNjlmXkEyXkFqcGdeQXVyNjQ3ODkxMjE@._V1_UY98_CR0,0,67,98_AL_.jpg', 8.0, NULL, 52897, NULL, 15);
INSERT INTO MovieGenres (MovieID, GenreID) VALUES (325, 7);
INSERT INTO MovieGenres (MovieID, GenreID) VALUES (325, 11);
INSERT INTO MoviePeople (MovieID, PersonID, RoleID) VALUES (325, 2405, 1);
INSERT INTO MoviePeople (MovieID, PersonID, RoleID) VALUES (325, 42, 2);
INSERT INTO MoviePeople (MovieID, PersonID, RoleID) VALUES (325, 2212, 3);
INSERT INTO MoviePeople (MovieID, PersonID, RoleID) VALUES (325, 1711, 4);
INSERT INTO MoviePeople (MovieID, PersonID, RoleID) VALUES (325, 2377, 5);

INSERT INTO Movies (MovieID, Series_Title, Released_Year, RuntimeMinutes, Overview, Poster_Link, IMDB_Rating, Meta_score, No_of_Votes, Gross_Revenue, CertificateID) VALUES (326, 'Bajrangi Bhaijaan', 2015.0, 163, 'An Indian man with a magnanimous heart takes a young mute Pakistani girl back to her homeland to reunite her with her family.', 'https://m.media-amazon.com/images/M/MV5BMjE1NjQ5ODc2NV5BMl5BanBnXkFtZTgwOTM5ODIxNjE@._V1_UY98_CR0,0,67,98_AL_.jpg', 8.0, NULL, 72245, 8178001.0, 15);
INSERT INTO MovieGenres (MovieID, GenreID) VALUES (326, 1);
INSERT INTO MovieGenres (MovieID, GenreID) VALUES (326, 2);
INSERT INTO MovieGenres (MovieID, GenreID) VALUES (326, 5);
INSERT INTO MoviePeople (MovieID, PersonID, RoleID) VALUES (326, 1588, 1);
INSERT INTO MoviePeople (MovieID, PersonID, RoleID) VALUES (326, 2637, 2);
INSERT INTO MoviePeople (MovieID, PersonID, RoleID) VALUES (326, 1085, 3);
INSERT INTO MoviePeople (MovieID, PersonID, RoleID) VALUES (326, 2180, 4);
INSERT INTO MoviePeople (MovieID, PersonID, RoleID) VALUES (326, 1604, 5);

INSERT INTO Movies (MovieID, Series_Title, Released_Year, RuntimeMinutes, Overview, Poster_Link, IMDB_Rating, Meta_score, No_of_Votes, Gross_Revenue, CertificateID) VALUES (327, 'Baby', 2015.0, 159, 'An elite counter-intelligence unit learns of a plot, masterminded by a maniacal madman. With the clock ticking, it''s up to them to track the terrorists'' international tentacles and prevent them from striking at the heart of India.', 'https://m.media-amazon.com/images/M/MV5BYTdhNjBjZDctYTlkYy00ZGIxLWFjYTktODk5ZjNlMzI4NjI3XkEyXkFqcGdeQXVyMjY1MjkzMjE@._V1_UY98_CR0,0,67,98_AL_.jpg', 8.0, NULL, 52848, NULL, 15);
INSERT INTO MovieGenres (MovieID, GenreID) VALUES (327, 1);
INSERT INTO MovieGenres (MovieID, GenreID) VALUES (327, 6);
INSERT INTO MovieGenres (MovieID, GenreID) VALUES (327, 19);
INSERT INTO MoviePeople (MovieID, PersonID, RoleID) VALUES (327, 2184, 1);
INSERT INTO MoviePeople (MovieID, PersonID, RoleID) VALUES (327, 42, 2);
INSERT INTO MoviePeople (MovieID, PersonID, RoleID) VALUES (327, 607, 3);
INSERT INTO MoviePeople (MovieID, PersonID, RoleID) VALUES (327, 2428, 4);
INSERT INTO MoviePeople (MovieID, PersonID, RoleID) VALUES (327, 2846, 5);

INSERT INTO Movies (MovieID, Series_Title, Released_Year, RuntimeMinutes, Overview, Poster_Link, IMDB_Rating, Meta_score, No_of_Votes, Gross_Revenue, CertificateID) VALUES (328, 'La La Land', 2016.0, 128, 'While navigating their careers in Los Angeles, a pianist and an actress fall in love while attempting to reconcile their aspirations for the future.', 'https://m.media-amazon.com/images/M/MV5BMzUzNDM2NzM2MV5BMl5BanBnXkFtZTgwNTM3NTg4OTE@._V1_UX67_CR0,0,67,98_AL_.jpg', 8.0, 94.0, 505918, 151101803.0, 2);
INSERT INTO MovieGenres (MovieID, GenreID) VALUES (328, 5);
INSERT INTO MovieGenres (MovieID, GenreID) VALUES (328, 7);
INSERT INTO MovieGenres (MovieID, GenreID) VALUES (328, 13);
INSERT INTO MoviePeople (MovieID, PersonID, RoleID) VALUES (328, 581, 1);
INSERT INTO MoviePeople (MovieID, PersonID, RoleID) VALUES (328, 2610, 2);
INSERT INTO MoviePeople (MovieID, PersonID, RoleID) VALUES (328, 808, 3);
INSERT INTO MoviePeople (MovieID, PersonID, RoleID) VALUES (328, 2581, 4);
INSERT INTO MoviePeople (MovieID, PersonID, RoleID) VALUES (328, 1203, 5);

INSERT INTO Movies (MovieID, Series_Title, Released_Year, RuntimeMinutes, Overview, Poster_Link, IMDB_Rating, Meta_score, No_of_Votes, Gross_Revenue, CertificateID) VALUES (329, 'Lion', 2016.0, 118, 'A five-year-old Indian boy is adopted by an Australian couple after getting lost hundreds of kilometers from home. 25 years later, he sets out to find his lost family.', 'https://m.media-amazon.com/images/M/MV5BMjA3NjkzNjg2MF5BMl5BanBnXkFtZTgwMDkyMzgzMDI@._V1_UX67_CR0,0,67,98_AL_.jpg', 8.0, 69.0, 213970, 51739495.0, 13);
INSERT INTO MovieGenres (MovieID, GenreID) VALUES (329, 4);
INSERT INTO MovieGenres (MovieID, GenreID) VALUES (329, 7);
INSERT INTO MoviePeople (MovieID, PersonID, RoleID) VALUES (329, 937, 1);
INSERT INTO MoviePeople (MovieID, PersonID, RoleID) VALUES (329, 678, 2);
INSERT INTO MoviePeople (MovieID, PersonID, RoleID) VALUES (329, 2202, 3);
INSERT INTO MoviePeople (MovieID, PersonID, RoleID) VALUES (329, 2572, 4);
INSERT INTO MoviePeople (MovieID, PersonID, RoleID) VALUES (329, 2829, 5);

INSERT INTO Movies (MovieID, Series_Title, Released_Year, RuntimeMinutes, Overview, Poster_Link, IMDB_Rating, Meta_score, No_of_Votes, Gross_Revenue, CertificateID) VALUES (330, 'The Martian', 2015.0, 144, 'An astronaut becomes stranded on Mars after his team assume him dead, and must rely on his ingenuity to find a way to signal to Earth that he is alive.', 'https://m.media-amazon.com/images/M/MV5BMTc2MTQ3MDA1Nl5BMl5BanBnXkFtZTgwODA3OTI4NjE@._V1_UX67_CR0,0,67,98_AL_.jpg', 8.0, 80.0, 760094, 228433663.0, 15);
INSERT INTO MovieGenres (MovieID, GenreID) VALUES (330, 2);
INSERT INTO MovieGenres (MovieID, GenreID) VALUES (330, 7);
INSERT INTO MovieGenres (MovieID, GenreID) VALUES (330, 17);
INSERT INTO MoviePeople (MovieID, PersonID, RoleID) VALUES (330, 2498, 1);
INSERT INTO MoviePeople (MovieID, PersonID, RoleID) VALUES (330, 1985, 2);
INSERT INTO MoviePeople (MovieID, PersonID, RoleID) VALUES (330, 1376, 3);
INSERT INTO MoviePeople (MovieID, PersonID, RoleID) VALUES (330, 1708, 4);
INSERT INTO MoviePeople (MovieID, PersonID, RoleID) VALUES (330, 1618, 5);

INSERT INTO Movies (MovieID, Series_Title, Released_Year, RuntimeMinutes, Overview, Poster_Link, IMDB_Rating, Meta_score, No_of_Votes, Gross_Revenue, CertificateID) VALUES (331, 'Zootopia', 2016.0, 108, 'In a city of anthropomorphic animals, a rookie bunny cop and a cynical con artist fox must work together to uncover a conspiracy.', 'https://m.media-amazon.com/images/M/MV5BOTMyMjEyNzIzMV5BMl5BanBnXkFtZTgwNzIyNjU0NzE@._V1_UX67_CR0,0,67,98_AL_.jpg', 8.0, 78.0, 434143, 341268248.0, 13);
INSERT INTO MovieGenres (MovieID, GenreID) VALUES (331, 3);
INSERT INTO MovieGenres (MovieID, GenreID) VALUES (331, 2);
INSERT INTO MovieGenres (MovieID, GenreID) VALUES (331, 5);
INSERT INTO MoviePeople (MovieID, PersonID, RoleID) VALUES (331, 404, 1);
INSERT INTO MoviePeople (MovieID, PersonID, RoleID) VALUES (331, 2465, 2);
INSERT INTO MoviePeople (MovieID, PersonID, RoleID) VALUES (331, 1290, 3);
INSERT INTO MoviePeople (MovieID, PersonID, RoleID) VALUES (331, 1005, 4);
INSERT INTO MoviePeople (MovieID, PersonID, RoleID) VALUES (331, 1293, 5);

INSERT INTO Movies (MovieID, Series_Title, Released_Year, RuntimeMinutes, Overview, Poster_Link, IMDB_Rating, Meta_score, No_of_Votes, Gross_Revenue, CertificateID) VALUES (332, 'Bãhubali: The Beginning', 2015.0, 159, 'In ancient India, an adventurous and daring man becomes involved in a decades-old feud between two warring peoples.', 'https://m.media-amazon.com/images/M/MV5BYWVlMjVhZWYtNWViNC00ODFkLTk1MmItYjU1MDY5ZDdhMTU3XkEyXkFqcGdeQXVyODIwMDI1NjM@._V1_UX67_CR0,0,67,98_AL_.jpg', 8.0, NULL, 102972, 6738000.0, 15);
INSERT INTO MovieGenres (MovieID, GenreID) VALUES (332, 1);
INSERT INTO MovieGenres (MovieID, GenreID) VALUES (332, 7);
INSERT INTO MoviePeople (MovieID, PersonID, RoleID) VALUES (332, 2619, 1);
INSERT INTO MoviePeople (MovieID, PersonID, RoleID) VALUES (332, 2376, 2);
INSERT INTO MoviePeople (MovieID, PersonID, RoleID) VALUES (332, 2428, 3);
INSERT INTO MoviePeople (MovieID, PersonID, RoleID) VALUES (332, 2427, 4);
INSERT INTO MoviePeople (MovieID, PersonID, RoleID) VALUES (332, 2678, 5);

INSERT INTO Movies (MovieID, Series_Title, Released_Year, RuntimeMinutes, Overview, Poster_Link, IMDB_Rating, Meta_score, No_of_Votes, Gross_Revenue, CertificateID) VALUES (333, 'Kaguyahime no monogatari', 2013.0, 137, 'Found inside a shining stalk of bamboo by an old bamboo cutter and his wife, a tiny girl grows rapidly into an exquisite young lady. The mysterious young princess enthralls all who encounter her, but ultimately she must confront her fate, the punishment for her crime.', 'https://m.media-amazon.com/images/M/MV5BNThmMWMyMWMtOWRiNy00MGY0LTg1OTUtNjYzODg2MjdlZGU5XkEyXkFqcGdeQXVyMTMxODk2OTU@._V1_UY98_CR1,0,67,98_AL_.jpg', 8.0, 89.0, 38746, 1506975.0, 13);
INSERT INTO MovieGenres (MovieID, GenreID) VALUES (333, 3);
INSERT INTO MovieGenres (MovieID, GenreID) VALUES (333, 2);
INSERT INTO MovieGenres (MovieID, GenreID) VALUES (333, 7);
INSERT INTO MoviePeople (MovieID, PersonID, RoleID) VALUES (333, 1189, 1);
INSERT INTO MoviePeople (MovieID, PersonID, RoleID) VALUES (333, 490, 2);
INSERT INTO MoviePeople (MovieID, PersonID, RoleID) VALUES (333, 1237, 3);
INSERT INTO MoviePeople (MovieID, PersonID, RoleID) VALUES (333, 1966, 4);
INSERT INTO MoviePeople (MovieID, PersonID, RoleID) VALUES (333, 1255, 5);

INSERT INTO Movies (MovieID, Series_Title, Released_Year, RuntimeMinutes, Overview, Poster_Link, IMDB_Rating, Meta_score, No_of_Votes, Gross_Revenue, CertificateID) VALUES (334, 'Wonder', 2017.0, 113, 'Based on the New York Times bestseller, this movie tells the incredibly inspiring and heartwarming story of August Pullman, a boy with facial differences who enters the fifth grade, attending a mainstream elementary school for the first time.', 'https://m.media-amazon.com/images/M/MV5BYjFhOWY0OTgtNDkzMC00YWJkLTk1NGEtYWUxNjhmMmQ5ZjYyXkEyXkFqcGdeQXVyMjMxOTE0ODA@._V1_UX67_CR0,0,67,98_AL_.jpg', 8.0, 66.0, 141923, 132422809.0, 13);
INSERT INTO MovieGenres (MovieID, GenreID) VALUES (334, 7);
INSERT INTO MovieGenres (MovieID, GenreID) VALUES (334, 8);
INSERT INTO MoviePeople (MovieID, PersonID, RoleID) VALUES (334, 2800, 1);
INSERT INTO MoviePeople (MovieID, PersonID, RoleID) VALUES (334, 1224, 2);
INSERT INTO MoviePeople (MovieID, PersonID, RoleID) VALUES (334, 2268, 3);
INSERT INTO MoviePeople (MovieID, PersonID, RoleID) VALUES (334, 1198, 4);
INSERT INTO MoviePeople (MovieID, PersonID, RoleID) VALUES (334, 1554, 5);

INSERT INTO Movies (MovieID, Series_Title, Released_Year, RuntimeMinutes, Overview, Poster_Link, IMDB_Rating, Meta_score, No_of_Votes, Gross_Revenue, CertificateID) VALUES (335, 'Gully Boy', 2019.0, 154, 'A coming-of-age story based on the lives of street rappers in Mumbai.', 'https://m.media-amazon.com/images/M/MV5BZDkzMTQ1YTMtMWY4Ny00MzExLTkzYzEtNzZhOTczNzU2NTU1XkEyXkFqcGdeQXVyODY3NjMyMDU@._V1_UY98_CR4,0,67,98_AL_.jpg', 8.0, 65.0, 31886, 5566534.0, 15);
INSERT INTO MovieGenres (MovieID, GenreID) VALUES (335, 7);
INSERT INTO MovieGenres (MovieID, GenreID) VALUES (335, 13);
INSERT INTO MovieGenres (MovieID, GenreID) VALUES (335, 16);
INSERT INTO MoviePeople (MovieID, PersonID, RoleID) VALUES (335, 3194, 1);
INSERT INTO MoviePeople (MovieID, PersonID, RoleID) VALUES (335, 3038, 2);
INSERT INTO MoviePeople (MovieID, PersonID, RoleID) VALUES (335, 2159, 3);
INSERT INTO MoviePeople (MovieID, PersonID, RoleID) VALUES (335, 2432, 4);
INSERT INTO MoviePeople (MovieID, PersonID, RoleID) VALUES (335, 3036, 5);

INSERT INTO Movies (MovieID, Series_Title, Released_Year, RuntimeMinutes, Overview, Poster_Link, IMDB_Rating, Meta_score, No_of_Votes, Gross_Revenue, CertificateID) VALUES (336, 'Special Chabbis', 2013.0, 144, 'A gang of con-men rob prominent rich businessmen and politicians by posing as C.B.I and income tax officers.', 'https://m.media-amazon.com/images/M/MV5BMTQ1NDI5MjMzNF5BMl5BanBnXkFtZTcwMTc0MDQwOQ@@._V1_UY98_CR0,0,67,98_AL_.jpg', 8.0, NULL, 51069, 1079369.0, 15);
INSERT INTO MovieGenres (MovieID, GenreID) VALUES (336, 6);
INSERT INTO MovieGenres (MovieID, GenreID) VALUES (336, 7);
INSERT INTO MovieGenres (MovieID, GenreID) VALUES (336, 19);
INSERT INTO MoviePeople (MovieID, PersonID, RoleID) VALUES (336, 2184, 1);
INSERT INTO MoviePeople (MovieID, PersonID, RoleID) VALUES (336, 42, 2);
INSERT INTO MoviePeople (MovieID, PersonID, RoleID) VALUES (336, 206, 3);
INSERT INTO MoviePeople (MovieID, PersonID, RoleID) VALUES (336, 1889, 4);
INSERT INTO MoviePeople (MovieID, PersonID, RoleID) VALUES (336, 1393, 5);

INSERT INTO Movies (MovieID, Series_Title, Released_Year, RuntimeMinutes, Overview, Poster_Link, IMDB_Rating, Meta_score, No_of_Votes, Gross_Revenue, CertificateID) VALUES (337, 'Short Term 12', 2013.0, 96, 'A 20-something supervising staff member of a residential treatment facility navigates the troubled waters of that world alongside her co-worker and longtime boyfriend.', 'https://m.media-amazon.com/images/M/MV5BMTEwNjE2OTM4NDZeQTJeQWpwZ15BbWU3MDE2MTE4OTk@._V1_UX67_CR0,0,67,98_AL_.jpg', 8.0, 82.0, 81770, 1010414.0, 9);
INSERT INTO MovieGenres (MovieID, GenreID) VALUES (337, 7);
INSERT INTO MoviePeople (MovieID, PersonID, RoleID) VALUES (337, 677, 1);
INSERT INTO MoviePeople (MovieID, PersonID, RoleID) VALUES (337, 371, 2);
INSERT INTO MoviePeople (MovieID, PersonID, RoleID) VALUES (337, 912, 3);
INSERT INTO MoviePeople (MovieID, PersonID, RoleID) VALUES (337, 1448, 4);
INSERT INTO MoviePeople (MovieID, PersonID, RoleID) VALUES (337, 1592, 5);

INSERT INTO Movies (MovieID, Series_Title, Released_Year, RuntimeMinutes, Overview, Poster_Link, IMDB_Rating, Meta_score, No_of_Votes, Gross_Revenue, CertificateID) VALUES (338, 'Serbuan maut 2: Berandal', 2014.0, 150, 'Only a short time after the first raid, Rama goes undercover with the thugs of Jakarta and plans to bring down the syndicate and uncover the corruption within his police force.', 'https://m.media-amazon.com/images/M/MV5BMTg5MTE2NjA4OV5BMl5BanBnXkFtZTgwMTUyMjczMTE@._V1_UX67_CR0,0,67,98_AL_.jpg', 8.0, 71.0, 114316, 2625803.0, 2);
INSERT INTO MovieGenres (MovieID, GenreID) VALUES (338, 1);
INSERT INTO MovieGenres (MovieID, GenreID) VALUES (338, 6);
INSERT INTO MovieGenres (MovieID, GenreID) VALUES (338, 19);
INSERT INTO MoviePeople (MovieID, PersonID, RoleID) VALUES (338, 935, 1);
INSERT INTO MoviePeople (MovieID, PersonID, RoleID) VALUES (338, 1166, 2);
INSERT INTO MoviePeople (MovieID, PersonID, RoleID) VALUES (338, 3143, 3);
INSERT INTO MoviePeople (MovieID, PersonID, RoleID) VALUES (338, 218, 4);
INSERT INTO MoviePeople (MovieID, PersonID, RoleID) VALUES (338, 2239, 5);

INSERT INTO Movies (MovieID, Series_Title, Released_Year, RuntimeMinutes, Overview, Poster_Link, IMDB_Rating, Meta_score, No_of_Votes, Gross_Revenue, CertificateID) VALUES (339, 'The Imitation Game', 2014.0, 114, 'During World War II, the English mathematical genius Alan Turing tries to crack the German Enigma code with help from fellow mathematicians.', 'https://m.media-amazon.com/images/M/MV5BOTgwMzFiMWYtZDhlNS00ODNkLWJiODAtZDVhNzgyNzJhYjQ4L2ltYWdlXkEyXkFqcGdeQXVyNzEzOTYxNTQ@._V1_UX67_CR0,0,67,98_AL_.jpg', 8.0, 73.0, 685201, 91125683.0, 15);
INSERT INTO MovieGenres (MovieID, GenreID) VALUES (339, 4);
INSERT INTO MovieGenres (MovieID, GenreID) VALUES (339, 7);
INSERT INTO MovieGenres (MovieID, GenreID) VALUES (339, 19);
INSERT INTO MoviePeople (MovieID, PersonID, RoleID) VALUES (339, 2146, 1);
INSERT INTO MoviePeople (MovieID, PersonID, RoleID) VALUES (339, 287, 2);
INSERT INTO MoviePeople (MovieID, PersonID, RoleID) VALUES (339, 1644, 3);
INSERT INTO MoviePeople (MovieID, PersonID, RoleID) VALUES (339, 1991, 4);
INSERT INTO MoviePeople (MovieID, PersonID, RoleID) VALUES (339, 103, 5);

INSERT INTO Movies (MovieID, Series_Title, Released_Year, RuntimeMinutes, Overview, Poster_Link, IMDB_Rating, Meta_score, No_of_Votes, Gross_Revenue, CertificateID) VALUES (340, 'Guardians of the Galaxy', 2014.0, 121, 'A group of intergalactic criminals must pull together to stop a fanatical warrior with plans to purge the universe.', 'https://m.media-amazon.com/images/M/MV5BMTAwMjU5OTgxNjZeQTJeQWpwZ15BbWU4MDUxNDYxODEx._V1_UX67_CR0,0,67,98_AL_.jpg', 8.0, 76.0, 1043455, 333176600.0, 15);
INSERT INTO MovieGenres (MovieID, GenreID) VALUES (340, 1);
INSERT INTO MovieGenres (MovieID, GenreID) VALUES (340, 2);
INSERT INTO MovieGenres (MovieID, GenreID) VALUES (340, 5);
INSERT INTO MoviePeople (MovieID, PersonID, RoleID) VALUES (340, 1250, 1);
INSERT INTO MoviePeople (MovieID, PersonID, RoleID) VALUES (340, 504, 2);
INSERT INTO MoviePeople (MovieID, PersonID, RoleID) VALUES (340, 3041, 3);
INSERT INTO MoviePeople (MovieID, PersonID, RoleID) VALUES (340, 352, 4);
INSERT INTO MoviePeople (MovieID, PersonID, RoleID) VALUES (340, 3192, 5);

INSERT INTO Movies (MovieID, Series_Title, Released_Year, RuntimeMinutes, Overview, Poster_Link, IMDB_Rating, Meta_score, No_of_Votes, Gross_Revenue, CertificateID) VALUES (341, 'Blade Runner 2049', 2017.0, 164, 'Young Blade Runner K''s discovery of a long-buried secret leads him to track down former Blade Runner Rick Deckard, who''s been missing for thirty years.', 'https://m.media-amazon.com/images/M/MV5BNzA1Njg4NzYxOV5BMl5BanBnXkFtZTgwODk5NjU3MzI@._V1_UX67_CR0,0,67,98_AL_.jpg', 8.0, 81.0, 461823, 92054159.0, 15);
INSERT INTO MovieGenres (MovieID, GenreID) VALUES (341, 1);
INSERT INTO MovieGenres (MovieID, GenreID) VALUES (341, 7);
INSERT INTO MovieGenres (MovieID, GenreID) VALUES (341, 15);
INSERT INTO MoviePeople (MovieID, PersonID, RoleID) VALUES (341, 667, 1);
INSERT INTO MoviePeople (MovieID, PersonID, RoleID) VALUES (341, 1079, 2);
INSERT INTO MoviePeople (MovieID, PersonID, RoleID) VALUES (341, 2610, 3);
INSERT INTO MoviePeople (MovieID, PersonID, RoleID) VALUES (341, 123, 4);
INSERT INTO MoviePeople (MovieID, PersonID, RoleID) VALUES (341, 621, 5);

INSERT INTO Movies (MovieID, Series_Title, Released_Year, RuntimeMinutes, Overview, Poster_Link, IMDB_Rating, Meta_score, No_of_Votes, Gross_Revenue, CertificateID) VALUES (342, 'Her', 2013.0, 126, 'In a near future, a lonely writer develops an unlikely relationship with an operating system designed to meet his every need.', 'https://m.media-amazon.com/images/M/MV5BMjA1Nzk0OTM2OF5BMl5BanBnXkFtZTgwNjU2NjEwMDE@._V1_UX67_CR0,0,67,98_AL_.jpg', 8.0, 90.0, 540772, 25568251.0, 2);
INSERT INTO MovieGenres (MovieID, GenreID) VALUES (342, 7);
INSERT INTO MovieGenres (MovieID, GenreID) VALUES (342, 16);
INSERT INTO MovieGenres (MovieID, GenreID) VALUES (342, 17);
INSERT INTO MoviePeople (MovieID, PersonID, RoleID) VALUES (342, 2783, 1);
INSERT INTO MoviePeople (MovieID, PersonID, RoleID) VALUES (342, 1408, 2);
INSERT INTO MoviePeople (MovieID, PersonID, RoleID) VALUES (342, 117, 3);
INSERT INTO MoviePeople (MovieID, PersonID, RoleID) VALUES (342, 2682, 4);
INSERT INTO MoviePeople (MovieID, PersonID, RoleID) VALUES (342, 2572, 5);

INSERT INTO Movies (MovieID, Series_Title, Released_Year, RuntimeMinutes, Overview, Poster_Link, IMDB_Rating, Meta_score, No_of_Votes, Gross_Revenue, CertificateID) VALUES (343, 'Bohemian Rhapsody', 2018.0, 134, 'The story of the legendary British rock band Queen and lead singer Freddie Mercury, leading up to their famous performance at Live Aid (1985).', 'https://m.media-amazon.com/images/M/MV5BMTA2NDc3Njg5NDVeQTJeQWpwZ15BbWU4MDc1NDcxNTUz._V1_UX67_CR0,0,67,98_AL_.jpg', 8.0, 49.0, 450349, 216428042.0, 15);
INSERT INTO MovieGenres (MovieID, GenreID) VALUES (343, 4);
INSERT INTO MovieGenres (MovieID, GenreID) VALUES (343, 7);
INSERT INTO MovieGenres (MovieID, GenreID) VALUES (343, 13);
INSERT INTO MoviePeople (MovieID, PersonID, RoleID) VALUES (343, 390, 1);
INSERT INTO MoviePeople (MovieID, PersonID, RoleID) VALUES (343, 2425, 2);
INSERT INTO MoviePeople (MovieID, PersonID, RoleID) VALUES (343, 1842, 3);
INSERT INTO MoviePeople (MovieID, PersonID, RoleID) VALUES (343, 1059, 4);
INSERT INTO MoviePeople (MovieID, PersonID, RoleID) VALUES (343, 282, 5);

INSERT INTO Movies (MovieID, Series_Title, Released_Year, RuntimeMinutes, Overview, Poster_Link, IMDB_Rating, Meta_score, No_of_Votes, Gross_Revenue, CertificateID) VALUES (344, 'The Revenant', 2015.0, 156, 'A frontiersman on a fur trading expedition in the 1820s fights for survival after being mauled by a bear and left for dead by members of his own hunting team.', 'https://m.media-amazon.com/images/M/MV5BMDE5OWMzM2QtOTU2ZS00NzAyLWI2MDEtOTRlYjIxZGM0OWRjXkEyXkFqcGdeQXVyODE5NzE3OTE@._V1_UX67_CR0,0,67,98_AL_.jpg', 8.0, 76.0, 705589, 183637894.0, 2);
INSERT INTO MovieGenres (MovieID, GenreID) VALUES (344, 1);
INSERT INTO MovieGenres (MovieID, GenreID) VALUES (344, 2);
INSERT INTO MovieGenres (MovieID, GenreID) VALUES (344, 7);
INSERT INTO MoviePeople (MovieID, PersonID, RoleID) VALUES (344, 70, 1);
INSERT INTO MoviePeople (MovieID, PersonID, RoleID) VALUES (344, 1775, 2);
INSERT INTO MoviePeople (MovieID, PersonID, RoleID) VALUES (344, 2950, 3);
INSERT INTO MoviePeople (MovieID, PersonID, RoleID) VALUES (344, 3100, 4);
INSERT INTO MoviePeople (MovieID, PersonID, RoleID) VALUES (344, 701, 5);

INSERT INTO Movies (MovieID, Series_Title, Released_Year, RuntimeMinutes, Overview, Poster_Link, IMDB_Rating, Meta_score, No_of_Votes, Gross_Revenue, CertificateID) VALUES (345, 'The Perks of Being a Wallflower', 2012.0, 103, 'An introvert freshman is taken under the wings of two seniors who welcome him to the real world', 'https://m.media-amazon.com/images/M/MV5BZThjMmQ5YjktMTUyMC00MjljLWJmMTAtOWIzNDIzY2VhNzQ0XkEyXkFqcGdeQXVyMTAyNjg4NjE0._V1_UX67_CR0,0,67,98_AL_.jpg', 8.0, 67.0, 462252, 17738570.0, 15);
INSERT INTO MovieGenres (MovieID, GenreID) VALUES (345, 7);
INSERT INTO MovieGenres (MovieID, GenreID) VALUES (345, 16);
INSERT INTO MoviePeople (MovieID, PersonID, RoleID) VALUES (345, 2800, 1);
INSERT INTO MoviePeople (MovieID, PersonID, RoleID) VALUES (345, 1820, 2);
INSERT INTO MoviePeople (MovieID, PersonID, RoleID) VALUES (345, 810, 3);
INSERT INTO MoviePeople (MovieID, PersonID, RoleID) VALUES (345, 848, 4);
INSERT INTO MoviePeople (MovieID, PersonID, RoleID) VALUES (345, 2314, 5);

INSERT INTO Movies (MovieID, Series_Title, Released_Year, RuntimeMinutes, Overview, Poster_Link, IMDB_Rating, Meta_score, No_of_Votes, Gross_Revenue, CertificateID) VALUES (346, 'Tropa de Elite 2: O Inimigo Agora é Outro', 2010.0, 115, 'After a prison riot, former-Captain Nascimento, now a high ranking security officer in Rio de Janeiro, is swept into a bloody political dispute that involves government officials and paramilitary groups.', 'https://m.media-amazon.com/images/M/MV5BMjEzMzMxOTUyNV5BMl5BanBnXkFtZTcwNjI3MDc5Ng@@._V1_UX67_CR0,0,67,98_AL_.jpg', 8.0, 71.0, 79200, 100119.0, NULL);
INSERT INTO MovieGenres (MovieID, GenreID) VALUES (346, 1);
INSERT INTO MovieGenres (MovieID, GenreID) VALUES (346, 6);
INSERT INTO MovieGenres (MovieID, GenreID) VALUES (346, 7);
INSERT INTO MoviePeople (MovieID, PersonID, RoleID) VALUES (346, 1538, 1);
INSERT INTO MoviePeople (MovieID, PersonID, RoleID) VALUES (346, 3065, 2);
INSERT INTO MoviePeople (MovieID, PersonID, RoleID) VALUES (346, 1177, 3);
INSERT INTO MoviePeople (MovieID, PersonID, RoleID) VALUES (346, 149, 4);
INSERT INTO MoviePeople (MovieID, PersonID, RoleID) VALUES (346, 2109, 5);

INSERT INTO Movies (MovieID, Series_Title, Released_Year, RuntimeMinutes, Overview, Poster_Link, IMDB_Rating, Meta_score, No_of_Votes, Gross_Revenue, CertificateID) VALUES (347, 'The King''s Speech', 2010.0, 118, 'The story of King George VI, his impromptu ascension to the throne of the British Empire in 1936, and the speech therapist who helped the unsure monarch overcome his stammer.', 'https://m.media-amazon.com/images/M/MV5BMzU5MjEwMTg2Nl5BMl5BanBnXkFtZTcwNzM3MTYxNA@@._V1_UY98_CR0,0,67,98_AL_.jpg', 8.0, 88.0, 639603, 138797449.0, 13);
INSERT INTO MovieGenres (MovieID, GenreID) VALUES (347, 4);
INSERT INTO MovieGenres (MovieID, GenreID) VALUES (347, 7);
INSERT INTO MovieGenres (MovieID, GenreID) VALUES (347, 11);
INSERT INTO MoviePeople (MovieID, PersonID, RoleID) VALUES (347, 2953, 1);
INSERT INTO MoviePeople (MovieID, PersonID, RoleID) VALUES (347, 553, 2);
INSERT INTO MoviePeople (MovieID, PersonID, RoleID) VALUES (347, 968, 3);
INSERT INTO MoviePeople (MovieID, PersonID, RoleID) VALUES (347, 1099, 4);
INSERT INTO MoviePeople (MovieID, PersonID, RoleID) VALUES (347, 676, 5);

INSERT INTO Movies (MovieID, Series_Title, Released_Year, RuntimeMinutes, Overview, Poster_Link, IMDB_Rating, Meta_score, No_of_Votes, Gross_Revenue, CertificateID) VALUES (348, 'The Help', 2011.0, 146, 'An aspiring author during the civil rights movement of the 1960s decides to write a book detailing the African American maids'' point of view on the white families for which they work, and the hardships they go through on a daily basis.', 'https://m.media-amazon.com/images/M/MV5BMTM5OTMyMjIxOV5BMl5BanBnXkFtZTcwNzU4MjIwNQ@@._V1_UX67_CR0,0,67,98_AL_.jpg', 8.0, 62.0, 428521, 169708112.0, 15);
INSERT INTO MovieGenres (MovieID, GenreID) VALUES (348, 7);
INSERT INTO MoviePeople (MovieID, PersonID, RoleID) VALUES (348, 2871, 1);
INSERT INTO MoviePeople (MovieID, PersonID, RoleID) VALUES (348, 808, 2);
INSERT INTO MoviePeople (MovieID, PersonID, RoleID) VALUES (348, 3050, 3);
INSERT INTO MoviePeople (MovieID, PersonID, RoleID) VALUES (348, 2238, 4);
INSERT INTO MoviePeople (MovieID, PersonID, RoleID) VALUES (348, 391, 5);

INSERT INTO Movies (MovieID, Series_Title, Released_Year, RuntimeMinutes, Overview, Poster_Link, IMDB_Rating, Meta_score, No_of_Votes, Gross_Revenue, CertificateID) VALUES (349, 'Deadpool', 2016.0, 108, 'A wisecracking mercenary gets experimented on and becomes immortal but ugly, and sets out to track down the man who ruined his looks.', 'https://m.media-amazon.com/images/M/MV5BYzE5MjY1ZDgtMTkyNC00MTMyLThhMjAtZGI5OTE1NzFlZGJjXkEyXkFqcGdeQXVyNjU0OTQ0OTY@._V1_UX67_CR0,0,67,98_AL_.jpg', 8.0, 65.0, 902669, 363070709.0, 9);
INSERT INTO MovieGenres (MovieID, GenreID) VALUES (349, 1);
INSERT INTO MovieGenres (MovieID, GenreID) VALUES (349, 2);
INSERT INTO MovieGenres (MovieID, GenreID) VALUES (349, 5);
INSERT INTO MoviePeople (MovieID, PersonID, RoleID) VALUES (349, 2928, 1);
INSERT INTO MoviePeople (MovieID, PersonID, RoleID) VALUES (349, 2614, 2);
INSERT INTO MoviePeople (MovieID, PersonID, RoleID) VALUES (349, 2143, 3);
INSERT INTO MoviePeople (MovieID, PersonID, RoleID) VALUES (349, 2845, 4);
INSERT INTO MoviePeople (MovieID, PersonID, RoleID) VALUES (349, 736, 5);

INSERT INTO Movies (MovieID, Series_Title, Released_Year, RuntimeMinutes, Overview, Poster_Link, IMDB_Rating, Meta_score, No_of_Votes, Gross_Revenue, CertificateID) VALUES (350, 'Darbareye Elly', 2009.0, 119, 'The mysterious disappearance of a kindergarten teacher during a picnic in the north of Iran is followed by a series of misadventures for her fellow travelers.', 'https://m.media-amazon.com/images/M/MV5BMTQ0MzQxODQ0MV5BMl5BanBnXkFtZTgwNTQ0NzY4NDE@._V1_UX67_CR0,0,67,98_AL_.jpg', 8.0, 87.0, 45803, 106662.0, 12);
INSERT INTO MovieGenres (MovieID, GenreID) VALUES (350, 7);
INSERT INTO MovieGenres (MovieID, GenreID) VALUES (350, 15);
INSERT INTO MoviePeople (MovieID, PersonID, RoleID) VALUES (350, 235, 1);
INSERT INTO MoviePeople (MovieID, PersonID, RoleID) VALUES (350, 1022, 2);
INSERT INTO MoviePeople (MovieID, PersonID, RoleID) VALUES (350, 2716, 3);
INSERT INTO MoviePeople (MovieID, PersonID, RoleID) VALUES (350, 2866, 4);
INSERT INTO MoviePeople (MovieID, PersonID, RoleID) VALUES (350, 2033, 5);

INSERT INTO Movies (MovieID, Series_Title, Released_Year, RuntimeMinutes, Overview, Poster_Link, IMDB_Rating, Meta_score, No_of_Votes, Gross_Revenue, CertificateID) VALUES (351, 'Dev.D', 2009.0, 144, 'After breaking up with his childhood sweetheart, a young man finds solace in drugs. Meanwhile, a teenage girl is caught in the world of prostitution. Will they be destroyed, or will they find redemption?', 'https://m.media-amazon.com/images/M/MV5BYjU1NjczNzYtYmFjOC00NzkxLTg4YTUtNGYzMTk3NTU0ZDE3XkEyXkFqcGdeQXVyNDUzOTQ5MjY@._V1_UY98_CR0,0,67,98_AL_.jpg', 8.0, NULL, 28749, 10950.0, 2);
INSERT INTO MovieGenres (MovieID, GenreID) VALUES (351, 7);
INSERT INTO MovieGenres (MovieID, GenreID) VALUES (351, 16);
INSERT INTO MoviePeople (MovieID, PersonID, RoleID) VALUES (351, 208, 1);
INSERT INTO MoviePeople (MovieID, PersonID, RoleID) VALUES (351, 8, 2);
INSERT INTO MoviePeople (MovieID, PersonID, RoleID) VALUES (351, 1875, 3);
INSERT INTO MoviePeople (MovieID, PersonID, RoleID) VALUES (351, 1595, 4);
INSERT INTO MoviePeople (MovieID, PersonID, RoleID) VALUES (351, 687, 5);

INSERT INTO Movies (MovieID, Series_Title, Released_Year, RuntimeMinutes, Overview, Poster_Link, IMDB_Rating, Meta_score, No_of_Votes, Gross_Revenue, CertificateID) VALUES (352, 'Yip Man', 2008.0, 106, 'During the Japanese invasion of China, a wealthy martial artist is forced to leave his home when his city is occupied. With little means of providing for themselves, Ip Man and the remaining members of the city must find a way to survive.', 'https://m.media-amazon.com/images/M/MV5BNTFmMjM3M2UtOTIyZC00Zjk3LTkzODUtYTdhNGRmNzFhYzcyXkEyXkFqcGdeQXVyMTMxODk2OTU@._V1_UX67_CR0,0,67,98_AL_.jpg', 8.0, 59.0, 211427, NULL, 9);
INSERT INTO MovieGenres (MovieID, GenreID) VALUES (352, 1);
INSERT INTO MovieGenres (MovieID, GenreID) VALUES (352, 4);
INSERT INTO MovieGenres (MovieID, GenreID) VALUES (352, 7);
INSERT INTO MoviePeople (MovieID, PersonID, RoleID) VALUES (352, 3119, 1);
INSERT INTO MoviePeople (MovieID, PersonID, RoleID) VALUES (352, 718, 2);
INSERT INTO MoviePeople (MovieID, PersonID, RoleID) VALUES (352, 2759, 3);
INSERT INTO MoviePeople (MovieID, PersonID, RoleID) VALUES (352, 2763, 4);
INSERT INTO MoviePeople (MovieID, PersonID, RoleID) VALUES (352, 1587, 5);

INSERT INTO Movies (MovieID, Series_Title, Released_Year, RuntimeMinutes, Overview, Poster_Link, IMDB_Rating, Meta_score, No_of_Votes, Gross_Revenue, CertificateID) VALUES (353, 'My Name Is Khan', 2010.0, 165, 'An Indian Muslim man with Asperger''s syndrome takes a challenge to speak to the President of the United States seriously and embarks on a cross-country journey.', 'https://m.media-amazon.com/images/M/MV5BMTUyMTA4NDYzMV5BMl5BanBnXkFtZTcwMjk5MzcxMw@@._V1_UX67_CR0,0,67,98_AL_.jpg', 8.0, 50.0, 98575, 4018695.0, 15);
INSERT INTO MovieGenres (MovieID, GenreID) VALUES (353, 7);
INSERT INTO MoviePeople (MovieID, PersonID, RoleID) VALUES (353, 1603, 1);
INSERT INTO MoviePeople (MovieID, PersonID, RoleID) VALUES (353, 2715, 2);
INSERT INTO MoviePeople (MovieID, PersonID, RoleID) VALUES (353, 1593, 3);
INSERT INTO MoviePeople (MovieID, PersonID, RoleID) VALUES (353, 2726, 4);
INSERT INTO MoviePeople (MovieID, PersonID, RoleID) VALUES (353, 1626, 5);

INSERT INTO Movies (MovieID, Series_Title, Released_Year, RuntimeMinutes, Overview, Poster_Link, IMDB_Rating, Meta_score, No_of_Votes, Gross_Revenue, CertificateID) VALUES (354, 'Nefes: Vatan Sagolsun', 2009.0, 128, 'Story of 40-man Turkish task force who must defend a relay station.', 'https://m.media-amazon.com/images/M/MV5BMjE2NjEyMDg0M15BMl5BanBnXkFtZTcwODYyODg5Mg@@._V1_UY98_CR0,0,67,98_AL_.jpg', 8.0, NULL, 31838, NULL, NULL);
INSERT INTO MovieGenres (MovieID, GenreID) VALUES (354, 1);
INSERT INTO MovieGenres (MovieID, GenreID) VALUES (354, 7);
INSERT INTO MovieGenres (MovieID, GenreID) VALUES (354, 19);
INSERT INTO MoviePeople (MovieID, PersonID, RoleID) VALUES (354, 1782, 1);
INSERT INTO MoviePeople (MovieID, PersonID, RoleID) VALUES (354, 820, 2);
INSERT INTO MoviePeople (MovieID, PersonID, RoleID) VALUES (354, 2037, 3);
INSERT INTO MoviePeople (MovieID, PersonID, RoleID) VALUES (354, 1168, 4);
INSERT INTO MoviePeople (MovieID, PersonID, RoleID) VALUES (354, 264, 5);

INSERT INTO Movies (MovieID, Series_Title, Released_Year, RuntimeMinutes, Overview, Poster_Link, IMDB_Rating, Meta_score, No_of_Votes, Gross_Revenue, CertificateID) VALUES (355, 'Slumdog Millionaire', 2008.0, 120, 'A Mumbai teenager reflects on his life after being accused of cheating on the Indian version of "Who Wants to be a Millionaire?".', 'https://m.media-amazon.com/images/M/MV5BZmNjZWI3NzktYWI1Mi00OTAyLWJkNTYtMzUwYTFlZDA0Y2UwXkEyXkFqcGdeQXVyNjU0OTQ0OTY@._V1_UX67_CR0,0,67,98_AL_.jpg', 8.0, 84.0, 798882, 141319928.0, 15);
INSERT INTO MovieGenres (MovieID, GenreID) VALUES (355, 7);
INSERT INTO MovieGenres (MovieID, GenreID) VALUES (355, 16);
INSERT INTO MoviePeople (MovieID, PersonID, RoleID) VALUES (355, 606, 1);
INSERT INTO MoviePeople (MovieID, PersonID, RoleID) VALUES (355, 1836, 2);
INSERT INTO MoviePeople (MovieID, PersonID, RoleID) VALUES (355, 678, 3);
INSERT INTO MoviePeople (MovieID, PersonID, RoleID) VALUES (355, 924, 4);
INSERT INTO MoviePeople (MovieID, PersonID, RoleID) VALUES (355, 2680, 5);

INSERT INTO Movies (MovieID, Series_Title, Released_Year, RuntimeMinutes, Overview, Poster_Link, IMDB_Rating, Meta_score, No_of_Votes, Gross_Revenue, CertificateID) VALUES (356, 'Black Swan', 2010.0, 108, 'A committed dancer struggles to maintain her sanity after winning the lead role in a production of Tchaikovsky''s "Swan Lake".', 'https://m.media-amazon.com/images/M/MV5BNzY2NzI4OTE5MF5BMl5BanBnXkFtZTcwMjMyNDY4Mw@@._V1_UX67_CR0,0,67,98_AL_.jpg', 8.0, 79.0, 699673, 106954678.0, 2);
INSERT INTO MovieGenres (MovieID, GenreID) VALUES (356, 7);
INSERT INTO MovieGenres (MovieID, GenreID) VALUES (356, 19);
INSERT INTO MoviePeople (MovieID, PersonID, RoleID) VALUES (356, 615, 1);
INSERT INTO MoviePeople (MovieID, PersonID, RoleID) VALUES (356, 2172, 2);
INSERT INTO MoviePeople (MovieID, PersonID, RoleID) VALUES (356, 2106, 3);
INSERT INTO MoviePeople (MovieID, PersonID, RoleID) VALUES (356, 3044, 4);
INSERT INTO MoviePeople (MovieID, PersonID, RoleID) VALUES (356, 3121, 5);

INSERT INTO Movies (MovieID, Series_Title, Released_Year, RuntimeMinutes, Overview, Poster_Link, IMDB_Rating, Meta_score, No_of_Votes, Gross_Revenue, CertificateID) VALUES (357, 'Tropa de Elite', 2007.0, 115, 'In 1997 Rio de Janeiro, Captain Nascimento has to find a substitute for his position while trying to take down drug dealers and criminals before the Pope visits.', 'https://m.media-amazon.com/images/M/MV5BYmI1ODU5ZjMtNWUyNC00YzllLThjNzktODE1M2E4OTVmY2E5XkEyXkFqcGdeQXVyMTExNzQzMDE0._V1_UY98_CR1,0,67,98_AL_.jpg', 8.0, 33.0, 98097, 8060.0, 9);
INSERT INTO MovieGenres (MovieID, GenreID) VALUES (357, 1);
INSERT INTO MovieGenres (MovieID, GenreID) VALUES (357, 6);
INSERT INTO MovieGenres (MovieID, GenreID) VALUES (357, 7);
INSERT INTO MoviePeople (MovieID, PersonID, RoleID) VALUES (357, 1538, 1);
INSERT INTO MoviePeople (MovieID, PersonID, RoleID) VALUES (357, 3065, 2);
INSERT INTO MoviePeople (MovieID, PersonID, RoleID) VALUES (357, 149, 3);
INSERT INTO MoviePeople (MovieID, PersonID, RoleID) VALUES (357, 409, 4);
INSERT INTO MoviePeople (MovieID, PersonID, RoleID) VALUES (357, 2109, 5);

INSERT INTO Movies (MovieID, Series_Title, Released_Year, RuntimeMinutes, Overview, Poster_Link, IMDB_Rating, Meta_score, No_of_Votes, Gross_Revenue, CertificateID) VALUES (358, 'The Avengers', 2012.0, 143, 'Earth''s mightiest heroes must come together and learn to fight as a team if they are going to stop the mischievous Loki and his alien army from enslaving humanity.', 'https://m.media-amazon.com/images/M/MV5BNDYxNjQyMjAtNTdiOS00NGYwLWFmNTAtNThmYjU5ZGI2YTI1XkEyXkFqcGdeQXVyMTMxODk2OTU@._V1_UX67_CR0,0,67,98_AL_.jpg', 8.0, 69.0, 1260806, 623279547.0, 15);
INSERT INTO MovieGenres (MovieID, GenreID) VALUES (358, 1);
INSERT INTO MovieGenres (MovieID, GenreID) VALUES (358, 2);
INSERT INTO MovieGenres (MovieID, GenreID) VALUES (358, 17);
INSERT INTO MoviePeople (MovieID, PersonID, RoleID) VALUES (358, 1535, 1);
INSERT INTO MoviePeople (MovieID, PersonID, RoleID) VALUES (358, 2519, 2);
INSERT INTO MoviePeople (MovieID, PersonID, RoleID) VALUES (358, 498, 3);
INSERT INTO MoviePeople (MovieID, PersonID, RoleID) VALUES (358, 2682, 4);
INSERT INTO MoviePeople (MovieID, PersonID, RoleID) VALUES (358, 1364, 5);

INSERT INTO Movies (MovieID, Series_Title, Released_Year, RuntimeMinutes, Overview, Poster_Link, IMDB_Rating, Meta_score, No_of_Votes, Gross_Revenue, CertificateID) VALUES (359, 'Persepolis', 2007.0, 96, 'A precocious and outspoken Iranian girl grows up during the Islamic Revolution.', 'https://m.media-amazon.com/images/M/MV5BMGRkZThmYzEtYjQxZC00OWEzLThjYjAtYzFkMjY0NGZkZWI4XkEyXkFqcGdeQXVyNTAyODkwOQ@@._V1_UX67_CR0,0,67,98_AL_.jpg', 8.0, 90.0, 88656, 4445756.0, 7);
INSERT INTO MovieGenres (MovieID, GenreID) VALUES (359, 3);
INSERT INTO MovieGenres (MovieID, GenreID) VALUES (359, 4);
INSERT INTO MovieGenres (MovieID, GenreID) VALUES (359, 7);
INSERT INTO MoviePeople (MovieID, PersonID, RoleID) VALUES (359, 3046, 1);
INSERT INTO MoviePeople (MovieID, PersonID, RoleID) VALUES (359, 1930, 2);
INSERT INTO MoviePeople (MovieID, PersonID, RoleID) VALUES (359, 482, 3);
INSERT INTO MoviePeople (MovieID, PersonID, RoleID) VALUES (359, 445, 4);
INSERT INTO MoviePeople (MovieID, PersonID, RoleID) VALUES (359, 958, 5);

INSERT INTO Movies (MovieID, Series_Title, Released_Year, RuntimeMinutes, Overview, Poster_Link, IMDB_Rating, Meta_score, No_of_Votes, Gross_Revenue, CertificateID) VALUES (360, 'Dallas Buyers Club', 2013.0, 117, 'In 1985 Dallas, electrician and hustler Ron Woodroof works around the system to help AIDS patients get the medication they need after he is diagnosed with the disease.', 'https://m.media-amazon.com/images/M/MV5BMTYwMTA4MzgyNF5BMl5BanBnXkFtZTgwMjEyMjE0MDE@._V1_UX67_CR0,0,67,98_AL_.jpg', 8.0, 80.0, 441614, 27298285.0, 9);
INSERT INTO MovieGenres (MovieID, GenreID) VALUES (360, 4);
INSERT INTO MovieGenres (MovieID, GenreID) VALUES (360, 7);
INSERT INTO MoviePeople (MovieID, PersonID, RoleID) VALUES (360, 1329, 1);
INSERT INTO MoviePeople (MovieID, PersonID, RoleID) VALUES (360, 1993, 2);
INSERT INTO MoviePeople (MovieID, PersonID, RoleID) VALUES (360, 1354, 3);
INSERT INTO MoviePeople (MovieID, PersonID, RoleID) VALUES (360, 1292, 4);
INSERT INTO MoviePeople (MovieID, PersonID, RoleID) VALUES (360, 2815, 5);

INSERT INTO Movies (MovieID, Series_Title, Released_Year, RuntimeMinutes, Overview, Poster_Link, IMDB_Rating, Meta_score, No_of_Votes, Gross_Revenue, CertificateID) VALUES (361, 'The Pursuit of Happyness', 2006.0, 117, 'A struggling salesman takes custody of his son as he''s poised to begin a life-changing professional career.', 'https://m.media-amazon.com/images/M/MV5BMTQ5NjQ0NDI3NF5BMl5BanBnXkFtZTcwNDI0MjEzMw@@._V1_UX67_CR0,0,67,98_AL_.jpg', 8.0, 64.0, 448930, 163566459.0, 13);
INSERT INTO MovieGenres (MovieID, GenreID) VALUES (361, 4);
INSERT INTO MovieGenres (MovieID, GenreID) VALUES (361, 7);
INSERT INTO MoviePeople (MovieID, PersonID, RoleID) VALUES (361, 930, 1);
INSERT INTO MoviePeople (MovieID, PersonID, RoleID) VALUES (361, 3101, 2);
INSERT INTO MoviePeople (MovieID, PersonID, RoleID) VALUES (361, 2901, 3);
INSERT INTO MoviePeople (MovieID, PersonID, RoleID) VALUES (361, 1229, 4);
INSERT INTO MoviePeople (MovieID, PersonID, RoleID) VALUES (361, 367, 5);

INSERT INTO Movies (MovieID, Series_Title, Released_Year, RuntimeMinutes, Overview, Poster_Link, IMDB_Rating, Meta_score, No_of_Votes, Gross_Revenue, CertificateID) VALUES (362, 'Blood Diamond', 2006.0, 143, 'A fisherman, a smuggler, and a syndicate of businessmen match wits over the possession of a priceless diamond.', 'https://m.media-amazon.com/images/M/MV5BZDMxOGZhNWYtMzRlYy00Mzk5LWJjMjEtNmQ4NDU4M2QxM2UzXkEyXkFqcGdeQXVyNTA4NzY1MzY@._V1_UX67_CR0,0,67,98_AL_.jpg', 8.0, 64.0, 499439, 57366262.0, 2);
INSERT INTO MovieGenres (MovieID, GenreID) VALUES (362, 2);
INSERT INTO MovieGenres (MovieID, GenreID) VALUES (362, 7);
INSERT INTO MovieGenres (MovieID, GenreID) VALUES (362, 19);
INSERT INTO MoviePeople (MovieID, PersonID, RoleID) VALUES (362, 757, 1);
INSERT INTO MoviePeople (MovieID, PersonID, RoleID) VALUES (362, 1775, 2);
INSERT INTO MoviePeople (MovieID, PersonID, RoleID) VALUES (362, 697, 3);
INSERT INTO MoviePeople (MovieID, PersonID, RoleID) VALUES (362, 1352, 4);
INSERT INTO MoviePeople (MovieID, PersonID, RoleID) VALUES (362, 1590, 5);

INSERT INTO Movies (MovieID, Series_Title, Released_Year, RuntimeMinutes, Overview, Poster_Link, IMDB_Rating, Meta_score, No_of_Votes, Gross_Revenue, CertificateID) VALUES (363, 'The Bourne Ultimatum', 2007.0, 115, 'Jason Bourne dodges a ruthless C.I.A. official and his Agents from a new assassination program while searching for the origins of his life as a trained killer.', 'https://m.media-amazon.com/images/M/MV5BNGNiNmU2YTMtZmU4OS00MjM0LTlmYWUtMjVlYjAzYjE2N2RjXkEyXkFqcGdeQXVyNDk3NzU2MTQ@._V1_UX67_CR0,0,67,98_AL_.jpg', 8.0, 85.0, 604694, 227471070.0, 15);
INSERT INTO MovieGenres (MovieID, GenreID) VALUES (363, 1);
INSERT INTO MovieGenres (MovieID, GenreID) VALUES (363, 15);
INSERT INTO MovieGenres (MovieID, GenreID) VALUES (363, 19);
INSERT INTO MoviePeople (MovieID, PersonID, RoleID) VALUES (363, 2301, 1);
INSERT INTO MoviePeople (MovieID, PersonID, RoleID) VALUES (363, 1985, 2);
INSERT INTO MoviePeople (MovieID, PersonID, RoleID) VALUES (363, 740, 3);
INSERT INTO MoviePeople (MovieID, PersonID, RoleID) VALUES (363, 1400, 4);
INSERT INTO MoviePeople (MovieID, PersonID, RoleID) VALUES (363, 1555, 5);

INSERT INTO Movies (MovieID, Series_Title, Released_Year, RuntimeMinutes, Overview, Poster_Link, IMDB_Rating, Meta_score, No_of_Votes, Gross_Revenue, CertificateID) VALUES (364, 'Bin-jip', 2004.0, 88, 'A transient young man breaks into empty homes to partake of the vacationing residents'' lives for a few days.', 'https://m.media-amazon.com/images/M/MV5BMTM1ODIwNzM5OV5BMl5BanBnXkFtZTcwNjk5MDkyMQ@@._V1_UX67_CR0,0,67,98_AL_.jpg', 8.0, 72.0, 50610, 238507.0, 13);
INSERT INTO MovieGenres (MovieID, GenreID) VALUES (364, 6);
INSERT INTO MovieGenres (MovieID, GenreID) VALUES (364, 7);
INSERT INTO MovieGenres (MovieID, GenreID) VALUES (364, 16);
INSERT INTO MoviePeople (MovieID, PersonID, RoleID) VALUES (364, 1673, 1);
INSERT INTO MoviePeople (MovieID, PersonID, RoleID) VALUES (364, 2713, 2);
INSERT INTO MoviePeople (MovieID, PersonID, RoleID) VALUES (364, 1096, 3);
INSERT INTO MoviePeople (MovieID, PersonID, RoleID) VALUES (364, 1156, 4);
INSERT INTO MoviePeople (MovieID, PersonID, RoleID) VALUES (364, 1395, 5);

INSERT INTO Movies (MovieID, Series_Title, Released_Year, RuntimeMinutes, Overview, Poster_Link, IMDB_Rating, Meta_score, No_of_Votes, Gross_Revenue, CertificateID) VALUES (365, 'Sin City', 2005.0, 124, 'A movie that explores the dark and miserable town, Basin City, tells the story of three different people, all caught up in violent corruption.', 'https://m.media-amazon.com/images/M/MV5BODZmYjMwNzEtNzVhNC00ZTRmLTk2M2UtNzE1MTQ2ZDAxNjc2XkEyXkFqcGdeQXVyMTQxNzMzNDI@._V1_UX67_CR0,0,67,98_AL_.jpg', 8.0, 74.0, 738512, 74103820.0, 2);
INSERT INTO MovieGenres (MovieID, GenreID) VALUES (365, 6);
INSERT INTO MovieGenres (MovieID, GenreID) VALUES (365, 19);
INSERT INTO MoviePeople (MovieID, PersonID, RoleID) VALUES (365, 903, 1);
INSERT INTO MoviePeople (MovieID, PersonID, RoleID) VALUES (365, 2391, 2);
INSERT INTO MoviePeople (MovieID, PersonID, RoleID) VALUES (365, 2530, 3);
INSERT INTO MoviePeople (MovieID, PersonID, RoleID) VALUES (365, 2094, 4);
INSERT INTO MoviePeople (MovieID, PersonID, RoleID) VALUES (365, 548, 5);

INSERT INTO Movies (MovieID, Series_Title, Released_Year, RuntimeMinutes, Overview, Poster_Link, IMDB_Rating, Meta_score, No_of_Votes, Gross_Revenue, CertificateID) VALUES (366, 'Le scaphandre et le papillon', 2007.0, 112, 'The true story of Elle editor Jean-Dominique Bauby who suffers a stroke and has to live with an almost totally paralyzed body; only his left eye isn''t paralyzed.', 'https://m.media-amazon.com/images/M/MV5BMTc3MjkzMDkxN15BMl5BanBnXkFtZTcwODAyMTU1MQ@@._V1_UX67_CR0,0,67,98_AL_.jpg', 8.0, 92.0, 103284, 5990075.0, 7);
INSERT INTO MovieGenres (MovieID, GenreID) VALUES (366, 4);
INSERT INTO MovieGenres (MovieID, GenreID) VALUES (366, 7);
INSERT INTO MoviePeople (MovieID, PersonID, RoleID) VALUES (366, 1559, 1);
INSERT INTO MoviePeople (MovieID, PersonID, RoleID) VALUES (366, 1736, 2);
INSERT INTO MoviePeople (MovieID, PersonID, RoleID) VALUES (366, 1983, 3);
INSERT INTO MoviePeople (MovieID, PersonID, RoleID) VALUES (366, 813, 4);
INSERT INTO MoviePeople (MovieID, PersonID, RoleID) VALUES (366, 1915, 5);

INSERT INTO Movies (MovieID, Series_Title, Released_Year, RuntimeMinutes, Overview, Poster_Link, IMDB_Rating, Meta_score, No_of_Votes, Gross_Revenue, CertificateID) VALUES (367, 'G.O.R.A.', 2004.0, 127, 'A slick young Turk kidnapped by extraterrestrials shows his great « humanitarian spirit » by outwitting the evil commander-in-chief of the planet of G.O.R.A.', 'https://m.media-amazon.com/images/M/MV5BMjE0MTY2MDI3NV5BMl5BanBnXkFtZTcwNTc1MzEzMQ@@._V1_UY98_CR2,0,67,98_AL_.jpg', 8.0, NULL, 56960, NULL, NULL);
INSERT INTO MovieGenres (MovieID, GenreID) VALUES (367, 2);
INSERT INTO MovieGenres (MovieID, GenreID) VALUES (367, 5);
INSERT INTO MovieGenres (MovieID, GenreID) VALUES (367, 17);
INSERT INTO MoviePeople (MovieID, PersonID, RoleID) VALUES (367, 3201, 1);
INSERT INTO MoviePeople (MovieID, PersonID, RoleID) VALUES (367, 457, 2);
INSERT INTO MoviePeople (MovieID, PersonID, RoleID) VALUES (367, 3202, 3);
INSERT INTO MoviePeople (MovieID, PersonID, RoleID) VALUES (367, 2269, 4);
INSERT INTO MoviePeople (MovieID, PersonID, RoleID) VALUES (367, 2625, 5);

INSERT INTO Movies (MovieID, Series_Title, Released_Year, RuntimeMinutes, Overview, Poster_Link, IMDB_Rating, Meta_score, No_of_Votes, Gross_Revenue, CertificateID) VALUES (368, 'Ratatouille', 2007.0, 111, 'A rat who can cook makes an unusual alliance with a young kitchen worker at a famous restaurant.', 'https://m.media-amazon.com/images/M/MV5BMTMzODU0NTkxMF5BMl5BanBnXkFtZTcwMjQ4MzMzMw@@._V1_UX67_CR0,0,67,98_AL_.jpg', 8.0, 96.0, 641645, 206445654.0, 13);
INSERT INTO MovieGenres (MovieID, GenreID) VALUES (368, 3);
INSERT INTO MovieGenres (MovieID, GenreID) VALUES (368, 2);
INSERT INTO MovieGenres (MovieID, GenreID) VALUES (368, 5);
INSERT INTO MoviePeople (MovieID, PersonID, RoleID) VALUES (368, 347, 1);
INSERT INTO MoviePeople (MovieID, PersonID, RoleID) VALUES (368, 1274, 2);
INSERT INTO MoviePeople (MovieID, PersonID, RoleID) VALUES (368, 350, 3);
INSERT INTO MoviePeople (MovieID, PersonID, RoleID) VALUES (368, 1827, 4);
INSERT INTO MoviePeople (MovieID, PersonID, RoleID) VALUES (368, 2294, 5);

INSERT INTO Movies (MovieID, Series_Title, Released_Year, RuntimeMinutes, Overview, Poster_Link, IMDB_Rating, Meta_score, No_of_Votes, Gross_Revenue, CertificateID) VALUES (369, 'Casino Royale', 2006.0, 144, 'After earning 00 status and a licence to kill, Secret Agent James Bond sets out on his first mission as 007. Bond must defeat a private banker funding terrorists in a high-stakes game of poker at Casino Royale, Montenegro.', 'https://m.media-amazon.com/images/M/MV5BMDI5ZWJhOWItYTlhOC00YWNhLTlkNzctNDU5YTI1M2E1MWZhXkEyXkFqcGdeQXVyNTIzOTk5ODM@._V1_UX67_CR0,0,67,98_AL_.jpg', 8.0, 80.0, 582239, 167445960.0, 7);
INSERT INTO MovieGenres (MovieID, GenreID) VALUES (369, 1);
INSERT INTO MovieGenres (MovieID, GenreID) VALUES (369, 2);
INSERT INTO MovieGenres (MovieID, GenreID) VALUES (369, 19);
INSERT INTO MoviePeople (MovieID, PersonID, RoleID) VALUES (369, 1949, 1);
INSERT INTO MoviePeople (MovieID, PersonID, RoleID) VALUES (369, 593, 2);
INSERT INTO MoviePeople (MovieID, PersonID, RoleID) VALUES (369, 840, 3);
INSERT INTO MoviePeople (MovieID, PersonID, RoleID) VALUES (369, 1546, 4);
INSERT INTO MoviePeople (MovieID, PersonID, RoleID) VALUES (369, 1348, 5);

INSERT INTO Movies (MovieID, Series_Title, Released_Year, RuntimeMinutes, Overview, Poster_Link, IMDB_Rating, Meta_score, No_of_Votes, Gross_Revenue, CertificateID) VALUES (370, 'Kill Bill: Vol. 2', 2004.0, 137, 'The Bride continues her quest of vengeance against her former boss and lover Bill, the reclusive bouncer Budd, and the treacherous, one-eyed Elle.', 'https://m.media-amazon.com/images/M/MV5BNmFiYmJmN2QtNWQwMi00MzliLThiOWMtZjQxNGRhZTQ1MjgyXkEyXkFqcGdeQXVyNzQ1ODk3MTQ@._V1_UX67_CR0,0,67,98_AL_.jpg', 8.0, 83.0, 683900, 66208183.0, 2);
INSERT INTO MovieGenres (MovieID, GenreID) VALUES (370, 1);
INSERT INTO MovieGenres (MovieID, GenreID) VALUES (370, 6);
INSERT INTO MovieGenres (MovieID, GenreID) VALUES (370, 19);
INSERT INTO MoviePeople (MovieID, PersonID, RoleID) VALUES (370, 2391, 1);
INSERT INTO MoviePeople (MovieID, PersonID, RoleID) VALUES (370, 3009, 2);
INSERT INTO MoviePeople (MovieID, PersonID, RoleID) VALUES (370, 626, 3);
INSERT INTO MoviePeople (MovieID, PersonID, RoleID) VALUES (370, 2060, 4);
INSERT INTO MoviePeople (MovieID, PersonID, RoleID) VALUES (370, 619, 5);

INSERT INTO Movies (MovieID, Series_Title, Released_Year, RuntimeMinutes, Overview, Poster_Link, IMDB_Rating, Meta_score, No_of_Votes, Gross_Revenue, CertificateID) VALUES (371, 'Vozvrashchenie', 2003.0, 110, 'In the Russian wilderness, two brothers face a range of new, conflicting emotions when their father - a man they know only through a single photograph - resurfaces.', 'https://m.media-amazon.com/images/M/MV5BYmViZTY1OWEtMTQxMy00OGQ5LTgzZjAtYTQzOTYxNjliYTI4XkEyXkFqcGdeQXVyNjkxOTM4ODY@._V1_UY98_CR1,0,67,98_AL_.jpg', 8.0, 82.0, 42399, 502028.0, NULL);
INSERT INTO MovieGenres (MovieID, GenreID) VALUES (371, 7);
INSERT INTO MoviePeople (MovieID, PersonID, RoleID) VALUES (371, 147, 1);
INSERT INTO MoviePeople (MovieID, PersonID, RoleID) VALUES (371, 3060, 2);
INSERT INTO MoviePeople (MovieID, PersonID, RoleID) VALUES (371, 1194, 3);
INSERT INTO MoviePeople (MovieID, PersonID, RoleID) VALUES (371, 1705, 4);
INSERT INTO MoviePeople (MovieID, PersonID, RoleID) VALUES (371, 2174, 5);

INSERT INTO Movies (MovieID, Series_Title, Released_Year, RuntimeMinutes, Overview, Poster_Link, IMDB_Rating, Meta_score, No_of_Votes, Gross_Revenue, CertificateID) VALUES (372, 'Bom Yeoareum Gaeul Gyeoul Geurigo Bom', 2003.0, 103, 'A boy is raised by a Buddhist monk in an isolated floating temple where the years pass like the seasons.', 'https://m.media-amazon.com/images/M/MV5BZGYxOTRlM2MtNWRjZS00NDk2LWExM2EtMDFiYTgyMGJkZGYyXkEyXkFqcGdeQXVyMTA1NTM1NDI2._V1_UY98_CR1,0,67,98_AL_.jpg', 8.0, 85.0, 77520, 2380788.0, 9);
INSERT INTO MovieGenres (MovieID, GenreID) VALUES (372, 7);
INSERT INTO MovieGenres (MovieID, GenreID) VALUES (372, 16);
INSERT INTO MoviePeople (MovieID, PersonID, RoleID) VALUES (372, 1673, 1);
INSERT INTO MoviePeople (MovieID, PersonID, RoleID) VALUES (372, 1673, 2);
INSERT INTO MoviePeople (MovieID, PersonID, RoleID) VALUES (372, 3145, 3);
INSERT INTO MoviePeople (MovieID, PersonID, RoleID) VALUES (372, 1511, 4);
INSERT INTO MoviePeople (MovieID, PersonID, RoleID) VALUES (372, 1686, 5);

INSERT INTO Movies (MovieID, Series_Title, Released_Year, RuntimeMinutes, Overview, Poster_Link, IMDB_Rating, Meta_score, No_of_Votes, Gross_Revenue, CertificateID) VALUES (373, 'Mar adentro', 2014.0, 126, 'The factual story of Spaniard Ramon Sampedro, who fought a thirty-year campaign in favor of euthanasia and his own right to die.', 'https://m.media-amazon.com/images/M/MV5BMjE0NDk2NjgwMV5BMl5BanBnXkFtZTYwMTgyMzA3._V1_UX67_CR0,0,67,98_AL_.jpg', 8.0, 74.0, 77554, 2086345.0, 13);
INSERT INTO MovieGenres (MovieID, GenreID) VALUES (373, 4);
INSERT INTO MovieGenres (MovieID, GenreID) VALUES (373, 7);
INSERT INTO MoviePeople (MovieID, PersonID, RoleID) VALUES (373, 69, 1);
INSERT INTO MoviePeople (MovieID, PersonID, RoleID) VALUES (373, 1304, 2);
INSERT INTO MoviePeople (MovieID, PersonID, RoleID) VALUES (373, 277, 3);
INSERT INTO MoviePeople (MovieID, PersonID, RoleID) VALUES (373, 1821, 4);
INSERT INTO MoviePeople (MovieID, PersonID, RoleID) VALUES (373, 1855, 5);

INSERT INTO Movies (MovieID, Series_Title, Released_Year, RuntimeMinutes, Overview, Poster_Link, IMDB_Rating, Meta_score, No_of_Votes, Gross_Revenue, CertificateID) VALUES (374, 'Cinderella Man', 2005.0, 144, 'The story of James J. Braddock, a supposedly washed-up boxer who came back to become a champion and an inspiration in the 1930s.', 'https://m.media-amazon.com/images/M/MV5BODEyYmQxZjUtZGQ0NS00ZTAwLTkwOGQtNGY2NzEwMWE0MDc3XkEyXkFqcGdeQXVyMTQxNzMzNDI@._V1_UX67_CR0,0,67,98_AL_.jpg', 8.0, 69.0, 176151, 61649911.0, 15);
INSERT INTO MovieGenres (MovieID, GenreID) VALUES (374, 4);
INSERT INTO MovieGenres (MovieID, GenreID) VALUES (374, 7);
INSERT INTO MovieGenres (MovieID, GenreID) VALUES (374, 11);
INSERT INTO MoviePeople (MovieID, PersonID, RoleID) VALUES (374, 2566, 1);
INSERT INTO MoviePeople (MovieID, PersonID, RoleID) VALUES (374, 2600, 2);
INSERT INTO MoviePeople (MovieID, PersonID, RoleID) VALUES (374, 2458, 3);
INSERT INTO MoviePeople (MovieID, PersonID, RoleID) VALUES (374, 560, 4);
INSERT INTO MoviePeople (MovieID, PersonID, RoleID) VALUES (374, 2300, 5);

INSERT INTO Movies (MovieID, Series_Title, Released_Year, RuntimeMinutes, Overview, Poster_Link, IMDB_Rating, Meta_score, No_of_Votes, Gross_Revenue, CertificateID) VALUES (375, 'Kal Ho Naa Ho', 2003.0, 186, 'Naina, an introverted, perpetually depressed girl''s life changes when she meets Aman. But Aman has a secret of his own which changes their lives forever. Embroiled in all this is Rohit, Naina''s best friend who conceals his love for her.', 'https://m.media-amazon.com/images/M/MV5BYmVjNDIxODAtNWZiZi00ZDBlLWJmOTUtNDNjMGExNTViMzE1XkEyXkFqcGdeQXVyNTE0MDc0NTM@._V1_UX67_CR0,0,67,98_AL_.jpg', 8.0, 54.0, 63460, 1787378.0, 13);
INSERT INTO MovieGenres (MovieID, GenreID) VALUES (375, 5);
INSERT INTO MovieGenres (MovieID, GenreID) VALUES (375, 7);
INSERT INTO MovieGenres (MovieID, GenreID) VALUES (375, 14);
INSERT INTO MoviePeople (MovieID, PersonID, RoleID) VALUES (375, 2207, 1);
INSERT INTO MoviePeople (MovieID, PersonID, RoleID) VALUES (375, 2381, 2);
INSERT INTO MoviePeople (MovieID, PersonID, RoleID) VALUES (375, 2715, 3);
INSERT INTO MoviePeople (MovieID, PersonID, RoleID) VALUES (375, 2628, 4);
INSERT INTO MoviePeople (MovieID, PersonID, RoleID) VALUES (375, 1308, 5);

INSERT INTO Movies (MovieID, Series_Title, Released_Year, RuntimeMinutes, Overview, Poster_Link, IMDB_Rating, Meta_score, No_of_Votes, Gross_Revenue, CertificateID) VALUES (376, 'Mou gaan dou', 2002.0, 101, 'A story between a mole in the police department and an undercover cop. Their objectives are the same: to find out who is the mole, and who is the cop.', 'https://m.media-amazon.com/images/M/MV5BM2U0NTcxOTktN2MwZS00N2Q2LWJlYWItMTg0NWIyMDIxNzU5L2ltYWdlXkEyXkFqcGdeQXVyNTAyODkwOQ@@._V1_UY98_CR1,0,67,98_AL_.jpg', 8.0, 75.0, 117857, 169659.0, 15);
INSERT INTO MovieGenres (MovieID, GenreID) VALUES (376, 1);
INSERT INTO MovieGenres (MovieID, GenreID) VALUES (376, 6);
INSERT INTO MovieGenres (MovieID, GenreID) VALUES (376, 7);
INSERT INTO MoviePeople (MovieID, PersonID, RoleID) VALUES (376, 140, 1);
INSERT INTO MoviePeople (MovieID, PersonID, RoleID) VALUES (376, 53, 2);
INSERT INTO MoviePeople (MovieID, PersonID, RoleID) VALUES (376, 153, 3);
INSERT INTO MoviePeople (MovieID, PersonID, RoleID) VALUES (376, 2971, 4);
INSERT INTO MoviePeople (MovieID, PersonID, RoleID) VALUES (376, 189, 5);

INSERT INTO Movies (MovieID, Series_Title, Released_Year, RuntimeMinutes, Overview, Poster_Link, IMDB_Rating, Meta_score, No_of_Votes, Gross_Revenue, CertificateID) VALUES (377, 'Pirates of the Caribbean: The Curse of the Black Pearl', 2003.0, 143, 'Blacksmith Will Turner teams up with eccentric pirate "Captain" Jack Sparrow to save his love, the governor''s daughter, from Jack''s former pirate allies, who are now undead.', 'https://m.media-amazon.com/images/M/MV5BNGYyZGM5MGMtYTY2Ni00M2Y1LWIzNjQtYWUzM2VlNGVhMDNhXkEyXkFqcGdeQXVyMTMxODk2OTU@._V1_UX67_CR0,0,67,98_AL_.jpg', 8.0, 63.0, 1015122, 305413918.0, 15);
INSERT INTO MovieGenres (MovieID, GenreID) VALUES (377, 1);
INSERT INTO MovieGenres (MovieID, GenreID) VALUES (377, 2);
INSERT INTO MovieGenres (MovieID, GenreID) VALUES (377, 9);
INSERT INTO MoviePeople (MovieID, PersonID, RoleID) VALUES (377, 1024, 1);
INSERT INTO MoviePeople (MovieID, PersonID, RoleID) VALUES (377, 1496, 2);
INSERT INTO MoviePeople (MovieID, PersonID, RoleID) VALUES (377, 968, 3);
INSERT INTO MoviePeople (MovieID, PersonID, RoleID) VALUES (377, 2258, 4);
INSERT INTO MoviePeople (MovieID, PersonID, RoleID) VALUES (377, 1644, 5);

INSERT INTO Movies (MovieID, Series_Title, Released_Year, RuntimeMinutes, Overview, Poster_Link, IMDB_Rating, Meta_score, No_of_Votes, Gross_Revenue, CertificateID) VALUES (378, 'Big Fish', 2003.0, 125, 'A frustrated son tries to determine the fact from fiction in his dying father''s life.', 'https://m.media-amazon.com/images/M/MV5BMmU3NzIyODctYjVhOC00NzBmLTlhNWItMzBlODEwZTlmMjUzXkEyXkFqcGdeQXVyNTIzOTk5ODM@._V1_UX67_CR0,0,67,98_AL_.jpg', 8.0, 58.0, 415218, 66257002.0, 13);
INSERT INTO MovieGenres (MovieID, GenreID) VALUES (378, 2);
INSERT INTO MovieGenres (MovieID, GenreID) VALUES (378, 7);
INSERT INTO MovieGenres (MovieID, GenreID) VALUES (378, 9);
INSERT INTO MoviePeople (MovieID, PersonID, RoleID) VALUES (378, 2925, 1);
INSERT INTO MoviePeople (MovieID, PersonID, RoleID) VALUES (378, 846, 2);
INSERT INTO MoviePeople (MovieID, PersonID, RoleID) VALUES (378, 60, 3);
INSERT INTO MoviePeople (MovieID, PersonID, RoleID) VALUES (378, 313, 4);
INSERT INTO MoviePeople (MovieID, PersonID, RoleID) VALUES (378, 1377, 5);

INSERT INTO Movies (MovieID, Series_Title, Released_Year, RuntimeMinutes, Overview, Poster_Link, IMDB_Rating, Meta_score, No_of_Votes, Gross_Revenue, CertificateID) VALUES (379, 'The Incredibles', 2004.0, 115, 'A family of undercover superheroes, while trying to live the quiet suburban life, are forced into action to save the world.', 'https://m.media-amazon.com/images/M/MV5BMTY5OTU0OTc2NV5BMl5BanBnXkFtZTcwMzU4MDcyMQ@@._V1_UX67_CR0,0,67,98_AL_.jpg', 8.0, 90.0, 657047, 261441092.0, 13);
INSERT INTO MovieGenres (MovieID, GenreID) VALUES (379, 3);
INSERT INTO MovieGenres (MovieID, GenreID) VALUES (379, 1);
INSERT INTO MovieGenres (MovieID, GenreID) VALUES (379, 2);
INSERT INTO MoviePeople (MovieID, PersonID, RoleID) VALUES (379, 347, 1);
INSERT INTO MoviePeople (MovieID, PersonID, RoleID) VALUES (379, 563, 2);
INSERT INTO MoviePeople (MovieID, PersonID, RoleID) VALUES (379, 2655, 3);
INSERT INTO MoviePeople (MovieID, PersonID, RoleID) VALUES (379, 1131, 4);
INSERT INTO MoviePeople (MovieID, PersonID, RoleID) VALUES (379, 1296, 5);

INSERT INTO Movies (MovieID, Series_Title, Released_Year, RuntimeMinutes, Overview, Poster_Link, IMDB_Rating, Meta_score, No_of_Votes, Gross_Revenue, CertificateID) VALUES (380, 'Yeopgijeogin geunyeo', 2001.0, 137, 'A young man sees a drunk, cute woman standing too close to the tracks at a metro station in Seoul and pulls her back. She ends up getting him into trouble repeatedly after that, starting on the train.', 'https://m.media-amazon.com/images/M/MV5BMjM2NTYxMTE3OV5BMl5BanBnXkFtZTgwNDgwNjgwMzE@._V1_UY98_CR3,0,67,98_AL_.jpg', 8.0, NULL, 45403, NULL, NULL);
INSERT INTO MovieGenres (MovieID, GenreID) VALUES (380, 5);
INSERT INTO MovieGenres (MovieID, GenreID) VALUES (380, 7);
INSERT INTO MovieGenres (MovieID, GenreID) VALUES (380, 16);
INSERT INTO MoviePeople (MovieID, PersonID, RoleID) VALUES (380, 1232, 1);
INSERT INTO MoviePeople (MovieID, PersonID, RoleID) VALUES (380, 2848, 2);
INSERT INTO MoviePeople (MovieID, PersonID, RoleID) VALUES (380, 1573, 3);
INSERT INTO MoviePeople (MovieID, PersonID, RoleID) VALUES (380, 1171, 4);
INSERT INTO MoviePeople (MovieID, PersonID, RoleID) VALUES (380, 2775, 5);

INSERT INTO Movies (MovieID, Series_Title, Released_Year, RuntimeMinutes, Overview, Poster_Link, IMDB_Rating, Meta_score, No_of_Votes, Gross_Revenue, CertificateID) VALUES (381, 'Dogville', 2003.0, 178, 'A woman on the run from the mob is reluctantly accepted in a small Colorado community in exchange for labor, but when a search visits the town she finds out that their support has a price.', 'https://m.media-amazon.com/images/M/MV5BMTkwNTg2MTI1NF5BMl5BanBnXkFtZTcwMDM1MzUyMQ@@._V1_UX67_CR0,0,67,98_AL_.jpg', 8.0, 60.0, 137963, 1530386.0, 9);
INSERT INTO MovieGenres (MovieID, GenreID) VALUES (381, 6);
INSERT INTO MovieGenres (MovieID, GenreID) VALUES (381, 7);
INSERT INTO MoviePeople (MovieID, PersonID, RoleID) VALUES (381, 1730, 1);
INSERT INTO MoviePeople (MovieID, PersonID, RoleID) VALUES (381, 2202, 2);
INSERT INTO MoviePeople (MovieID, PersonID, RoleID) VALUES (381, 2296, 3);
INSERT INTO MoviePeople (MovieID, PersonID, RoleID) VALUES (381, 1738, 4);
INSERT INTO MoviePeople (MovieID, PersonID, RoleID) VALUES (381, 1078, 5);

INSERT INTO Movies (MovieID, Series_Title, Released_Year, RuntimeMinutes, Overview, Poster_Link, IMDB_Rating, Meta_score, No_of_Votes, Gross_Revenue, CertificateID) VALUES (382, 'Vizontele', 2001.0, 110, 'Lives of residents in a small Anatolian village change when television is introduced to them', 'https://m.media-amazon.com/images/M/MV5BMjA2MzM4NjkyMF5BMl5BanBnXkFtZTYwMTQ2ODc5._V1_UY98_CR2,0,67,98_AL_.jpg', 8.0, NULL, 33592, NULL, NULL);
INSERT INTO MovieGenres (MovieID, GenreID) VALUES (382, 5);
INSERT INTO MovieGenres (MovieID, GenreID) VALUES (382, 7);
INSERT INTO MoviePeople (MovieID, PersonID, RoleID) VALUES (382, 3147, 1);
INSERT INTO MoviePeople (MovieID, PersonID, RoleID) VALUES (382, 3201, 2);
INSERT INTO MoviePeople (MovieID, PersonID, RoleID) VALUES (382, 3147, 3);
INSERT INTO MoviePeople (MovieID, PersonID, RoleID) VALUES (382, 664, 4);
INSERT INTO MoviePeople (MovieID, PersonID, RoleID) VALUES (382, 106, 5);

INSERT INTO Movies (MovieID, Series_Title, Released_Year, RuntimeMinutes, Overview, Poster_Link, IMDB_Rating, Meta_score, No_of_Votes, Gross_Revenue, CertificateID) VALUES (383, 'Donnie Darko', 2001.0, 113, 'After narrowly escaping a bizarre accident, a troubled teenager is plagued by visions of a man in a large rabbit suit who manipulates him to commit a series of crimes.', 'https://m.media-amazon.com/images/M/MV5BZjZlZDlkYTktMmU1My00ZDBiLWFlNjEtYTBhNjVhOTM4ZjJjXkEyXkFqcGdeQXVyMTMxODk2OTU@._V1_UX67_CR0,0,67,98_AL_.jpg', 8.0, 88.0, 740086, 1480006.0, 9);
INSERT INTO MovieGenres (MovieID, GenreID) VALUES (383, 7);
INSERT INTO MovieGenres (MovieID, GenreID) VALUES (383, 15);
INSERT INTO MovieGenres (MovieID, GenreID) VALUES (383, 17);
INSERT INTO MoviePeople (MovieID, PersonID, RoleID) VALUES (383, 2487, 1);
INSERT INTO MoviePeople (MovieID, PersonID, RoleID) VALUES (383, 1233, 2);
INSERT INTO MoviePeople (MovieID, PersonID, RoleID) VALUES (383, 1350, 3);
INSERT INTO MoviePeople (MovieID, PersonID, RoleID) VALUES (383, 1965, 4);
INSERT INTO MoviePeople (MovieID, PersonID, RoleID) VALUES (383, 1132, 5);

INSERT INTO Movies (MovieID, Series_Title, Released_Year, RuntimeMinutes, Overview, Poster_Link, IMDB_Rating, Meta_score, No_of_Votes, Gross_Revenue, CertificateID) VALUES (384, 'Magnolia', 1999.0, 188, 'An epic mosaic of interrelated characters in search of love, forgiveness, and meaning in the San Fernando Valley.', 'https://m.media-amazon.com/images/M/MV5BZjk3YThkNDktNjZjMS00MTBiLTllNTAtYzkzMTU0N2QwYjJjXkEyXkFqcGdeQXVyMTMxODk2OTU@._V1_UX67_CR0,0,67,98_AL_.jpg', 8.0, 77.0, 289742, 22455976.0, 9);
INSERT INTO MovieGenres (MovieID, GenreID) VALUES (384, 7);
INSERT INTO MoviePeople (MovieID, PersonID, RoleID) VALUES (384, 2317, 1);
INSERT INTO MoviePeople (MovieID, PersonID, RoleID) VALUES (384, 2947, 2);
INSERT INTO MoviePeople (MovieID, PersonID, RoleID) VALUES (384, 1300, 3);
INSERT INTO MoviePeople (MovieID, PersonID, RoleID) VALUES (384, 1561, 4);
INSERT INTO MoviePeople (MovieID, PersonID, RoleID) VALUES (384, 2361, 5);

INSERT INTO Movies (MovieID, Series_Title, Released_Year, RuntimeMinutes, Overview, Poster_Link, IMDB_Rating, Meta_score, No_of_Votes, Gross_Revenue, CertificateID) VALUES (385, 'Dancer in the Dark', 2000.0, 140, 'An East European girl travels to the United States with her young son, expecting it to be like a Hollywood film.', 'https://m.media-amazon.com/images/M/MV5BNDVkYWMxNWEtNjc2MC00OGI5LWI3NmUtYWUwNDQyOTc3YmY5XkEyXkFqcGdeQXVyMTQxNzMzNDI@._V1_UX67_CR0,0,67,98_AL_.jpg', 8.0, 61.0, 102285, 4184036.0, 13);
INSERT INTO MovieGenres (MovieID, GenreID) VALUES (385, 6);
INSERT INTO MovieGenres (MovieID, GenreID) VALUES (385, 7);
INSERT INTO MovieGenres (MovieID, GenreID) VALUES (385, 14);
INSERT INTO MoviePeople (MovieID, PersonID, RoleID) VALUES (385, 1730, 1);
INSERT INTO MoviePeople (MovieID, PersonID, RoleID) VALUES (385, 321, 2);
INSERT INTO MoviePeople (MovieID, PersonID, RoleID) VALUES (385, 445, 3);
INSERT INTO MoviePeople (MovieID, PersonID, RoleID) VALUES (385, 641, 4);
INSERT INTO MoviePeople (MovieID, PersonID, RoleID) VALUES (385, 2352, 5);

INSERT INTO Movies (MovieID, Series_Title, Released_Year, RuntimeMinutes, Overview, Poster_Link, IMDB_Rating, Meta_score, No_of_Votes, Gross_Revenue, CertificateID) VALUES (386, 'The Straight Story', 1999.0, 112, 'An old man makes a long journey by lawnmower to mend his relationship with an ill brother.', 'https://m.media-amazon.com/images/M/MV5BNmE1MDk4OWEtYjk1NS00MWU2LTk5ZWItYjZhYmRkODRjMDc0XkEyXkFqcGdeQXVyNjE5MjUyOTM@._V1_UX67_CR0,0,67,98_AL_.jpg', 8.0, 86.0, 82002, 6203044.0, 13);
INSERT INTO MovieGenres (MovieID, GenreID) VALUES (386, 4);
INSERT INTO MovieGenres (MovieID, GenreID) VALUES (386, 7);
INSERT INTO MoviePeople (MovieID, PersonID, RoleID) VALUES (386, 638, 1);
INSERT INTO MoviePeople (MovieID, PersonID, RoleID) VALUES (386, 2480, 2);
INSERT INTO MoviePeople (MovieID, PersonID, RoleID) VALUES (386, 2761, 3);
INSERT INTO MoviePeople (MovieID, PersonID, RoleID) VALUES (386, 1280, 4);
INSERT INTO MoviePeople (MovieID, PersonID, RoleID) VALUES (386, 1517, 5);

INSERT INTO Movies (MovieID, Series_Title, Released_Year, RuntimeMinutes, Overview, Poster_Link, IMDB_Rating, Meta_score, No_of_Votes, Gross_Revenue, CertificateID) VALUES (387, 'Pâfekuto burû', 1997.0, 81, 'A pop singer gives up her career to become an actress, but she slowly goes insane when she starts being stalked by an obsessed fan and what seems to be a ghost of her past.', 'https://m.media-amazon.com/images/M/MV5BMmMzOWNhNTYtYmY0My00OGJiLWIzNDUtZWRhNGY0NWFjNzFmXkEyXkFqcGdeQXVyNjUxMDQ0MTg@._V1_UX67_CR0,0,67,98_AL_.jpg', 8.0, NULL, 58192, 776665.0, 2);
INSERT INTO MovieGenres (MovieID, GenreID) VALUES (387, 3);
INSERT INTO MovieGenres (MovieID, GenreID) VALUES (387, 6);
INSERT INTO MovieGenres (MovieID, GenreID) VALUES (387, 15);
INSERT INTO MoviePeople (MovieID, PersonID, RoleID) VALUES (387, 2679, 1);
INSERT INTO MoviePeople (MovieID, PersonID, RoleID) VALUES (387, 1576, 2);
INSERT INTO MoviePeople (MovieID, PersonID, RoleID) VALUES (387, 2462, 3);
INSERT INTO MoviePeople (MovieID, PersonID, RoleID) VALUES (387, 2738, 4);
INSERT INTO MoviePeople (MovieID, PersonID, RoleID) VALUES (387, 1975, 5);

INSERT INTO Movies (MovieID, Series_Title, Released_Year, RuntimeMinutes, Overview, Poster_Link, IMDB_Rating, Meta_score, No_of_Votes, Gross_Revenue, CertificateID) VALUES (388, 'Festen', 1998.0, 105, 'At Helge''s 60th birthday party, some unpleasant family truths are revealed.', 'https://m.media-amazon.com/images/M/MV5BYTg3Yjc4N2QtZDdlNC00NmU2LWFiYjktYjI3NTMwMjk4M2FmXkEyXkFqcGdeQXVyMjgyNjk3MzE@._V1_UY98_CR4,0,67,98_AL_.jpg', 8.0, 82.0, 78341, 1647780.0, 9);
INSERT INTO MovieGenres (MovieID, GenreID) VALUES (388, 7);
INSERT INTO MoviePeople (MovieID, PersonID, RoleID) VALUES (388, 2917, 1);
INSERT INTO MoviePeople (MovieID, PersonID, RoleID) VALUES (388, 3007, 2);
INSERT INTO MoviePeople (MovieID, PersonID, RoleID) VALUES (388, 1104, 3);
INSERT INTO MoviePeople (MovieID, PersonID, RoleID) VALUES (388, 2909, 4);
INSERT INTO MoviePeople (MovieID, PersonID, RoleID) VALUES (388, 2277, 5);

INSERT INTO Movies (MovieID, Series_Title, Released_Year, RuntimeMinutes, Overview, Poster_Link, IMDB_Rating, Meta_score, No_of_Votes, Gross_Revenue, CertificateID) VALUES (389, 'Central do Brasil', 1998.0, 110, 'An emotive journey of a former school teacher, who writes letters for illiterate people, and a young boy, whose mother has just died, as they search for the father he never knew.', 'https://m.media-amazon.com/images/M/MV5BMjE3ZDA5ZmUtYTk1ZS00NmZmLWJhNTItYjIwZjUwN2RjNzIyXkEyXkFqcGdeQXVyMTkzODUwNzk@._V1_UX67_CR0,0,67,98_AL_.jpg', 8.0, 80.0, 36419, 5595428.0, 9);
INSERT INTO MovieGenres (MovieID, GenreID) VALUES (389, 7);
INSERT INTO MoviePeople (MovieID, PersonID, RoleID) VALUES (389, 3075, 1);
INSERT INTO MoviePeople (MovieID, PersonID, RoleID) VALUES (389, 869, 2);
INSERT INTO MoviePeople (MovieID, PersonID, RoleID) VALUES (389, 3049, 3);
INSERT INTO MoviePeople (MovieID, PersonID, RoleID) VALUES (389, 1974, 4);
INSERT INTO MoviePeople (MovieID, PersonID, RoleID) VALUES (389, 2770, 5);

INSERT INTO Movies (MovieID, Series_Title, Released_Year, RuntimeMinutes, Overview, Poster_Link, IMDB_Rating, Meta_score, No_of_Votes, Gross_Revenue, CertificateID) VALUES (390, 'The Iron Giant', 1999.0, 86, 'A young boy befriends a giant robot from outer space that a paranoid government agent wants to destroy.', 'https://m.media-amazon.com/images/M/MV5BMjIxNDU2Njk0OV5BMl5BanBnXkFtZTgwODc3Njc3NjE@._V1_UX67_CR0,0,67,98_AL_.jpg', 8.0, 85.0, 172083, 23159305.0, 6);
INSERT INTO MovieGenres (MovieID, GenreID) VALUES (390, 3);
INSERT INTO MovieGenres (MovieID, GenreID) VALUES (390, 1);
INSERT INTO MovieGenres (MovieID, GenreID) VALUES (390, 2);
INSERT INTO MoviePeople (MovieID, PersonID, RoleID) VALUES (390, 347, 1);
INSERT INTO MoviePeople (MovieID, PersonID, RoleID) VALUES (390, 772, 2);
INSERT INTO MoviePeople (MovieID, PersonID, RoleID) VALUES (390, 1080, 3);
INSERT INTO MoviePeople (MovieID, PersonID, RoleID) VALUES (390, 1351, 4);
INSERT INTO MoviePeople (MovieID, PersonID, RoleID) VALUES (390, 3041, 5);

INSERT INTO Movies (MovieID, Series_Title, Released_Year, RuntimeMinutes, Overview, Poster_Link, IMDB_Rating, Meta_score, No_of_Votes, Gross_Revenue, CertificateID) VALUES (391, 'Knockin'' on Heaven''s Door', 1997.0, 87, 'Two terminally ill patients escape from a hospital, steal a car and rush towards the sea.', 'https://m.media-amazon.com/images/M/MV5BMTk2MjcxNjMzN15BMl5BanBnXkFtZTgwMTE3OTEwNjE@._V1_UY98_CR3,0,67,98_AL_.jpg', 8.0, NULL, 27721, 3296.0, NULL);
INSERT INTO MovieGenres (MovieID, GenreID) VALUES (391, 1);
INSERT INTO MovieGenres (MovieID, GenreID) VALUES (391, 6);
INSERT INTO MovieGenres (MovieID, GenreID) VALUES (391, 5);
INSERT INTO MoviePeople (MovieID, PersonID, RoleID) VALUES (391, 2911, 1);
INSERT INTO MoviePeople (MovieID, PersonID, RoleID) VALUES (391, 2921, 2);
INSERT INTO MoviePeople (MovieID, PersonID, RoleID) VALUES (391, 1273, 3);
INSERT INTO MoviePeople (MovieID, PersonID, RoleID) VALUES (391, 2907, 4);
INSERT INTO MoviePeople (MovieID, PersonID, RoleID) VALUES (391, 2145, 5);

INSERT INTO Movies (MovieID, Series_Title, Released_Year, RuntimeMinutes, Overview, Poster_Link, IMDB_Rating, Meta_score, No_of_Votes, Gross_Revenue, CertificateID) VALUES (392, 'Sling Blade', 1996.0, 135, 'Karl Childers, a simple man hospitalized since his childhood murder of his mother and her lover, is released to start a new life in a small town.', 'https://m.media-amazon.com/images/M/MV5BNGY5NWIxMjAtODBjNC00MmZhLTk1ZTAtNGRhYThlOTNjMTQwXkEyXkFqcGdeQXVyNTc1NTQxODI@._V1_UX67_CR0,0,67,98_AL_.jpg', 8.0, 84.0, 86838, 24475416.0, 9);
INSERT INTO MovieGenres (MovieID, GenreID) VALUES (392, 7);
INSERT INTO MoviePeople (MovieID, PersonID, RoleID) VALUES (392, 311, 1);
INSERT INTO MoviePeople (MovieID, PersonID, RoleID) VALUES (392, 311, 2);
INSERT INTO MoviePeople (MovieID, PersonID, RoleID) VALUES (392, 732, 3);
INSERT INTO MoviePeople (MovieID, PersonID, RoleID) VALUES (392, 1204, 4);
INSERT INTO MoviePeople (MovieID, PersonID, RoleID) VALUES (392, 1482, 5);

INSERT INTO Movies (MovieID, Series_Title, Released_Year, RuntimeMinutes, Overview, Poster_Link, IMDB_Rating, Meta_score, No_of_Votes, Gross_Revenue, CertificateID) VALUES (393, 'Secrets & Lies', 1996.0, 136, 'Following the death of her adoptive parents, a successful young black optometrist establishes contact with her biological mother -- a lonely white factory worker living in poverty in East London.', 'https://m.media-amazon.com/images/M/MV5BY2QzMTIxNjItNGQyNy00MjQzLWJiYTItMzIyZjdkYjYyYjRlXkEyXkFqcGdeQXVyMTAwMzUyOTc@._V1_UX67_CR0,0,67,98_AL_.jpg', 8.0, 91.0, 37564, 13417292.0, 13);
INSERT INTO MovieGenres (MovieID, GenreID) VALUES (393, 5);
INSERT INTO MovieGenres (MovieID, GenreID) VALUES (393, 7);
INSERT INTO MoviePeople (MovieID, PersonID, RoleID) VALUES (393, 2099, 1);
INSERT INTO MoviePeople (MovieID, PersonID, RoleID) VALUES (393, 2933, 2);
INSERT INTO MoviePeople (MovieID, PersonID, RoleID) VALUES (393, 358, 3);
INSERT INTO MoviePeople (MovieID, PersonID, RoleID) VALUES (393, 2366, 4);
INSERT INTO MoviePeople (MovieID, PersonID, RoleID) VALUES (393, 538, 5);

INSERT INTO Movies (MovieID, Series_Title, Released_Year, RuntimeMinutes, Overview, Poster_Link, IMDB_Rating, Meta_score, No_of_Votes, Gross_Revenue, CertificateID) VALUES (394, 'Twelve Monkeys', 1995.0, 129, 'In a future world devastated by disease, a convict is sent back in time to gather information about the man-made virus that wiped out most of the human population on the planet.', 'https://m.media-amazon.com/images/M/MV5BN2Y2OWU4MWMtNmIyMy00YzMyLWI0Y2ItMTcyZDc3MTdmZDU4XkEyXkFqcGdeQXVyMTQxNzMzNDI@._V1_UX67_CR0,0,67,98_AL_.jpg', 8.0, 74.0, 578443, 57141459.0, 2);
INSERT INTO MovieGenres (MovieID, GenreID) VALUES (394, 15);
INSERT INTO MovieGenres (MovieID, GenreID) VALUES (394, 17);
INSERT INTO MovieGenres (MovieID, GenreID) VALUES (394, 19);
INSERT INTO MoviePeople (MovieID, PersonID, RoleID) VALUES (394, 2894, 1);
INSERT INTO MoviePeople (MovieID, PersonID, RoleID) VALUES (394, 385, 2);
INSERT INTO MoviePeople (MovieID, PersonID, RoleID) VALUES (394, 1862, 3);
INSERT INTO MoviePeople (MovieID, PersonID, RoleID) VALUES (394, 351, 4);
INSERT INTO MoviePeople (MovieID, PersonID, RoleID) VALUES (394, 1525, 5);

INSERT INTO Movies (MovieID, Series_Title, Released_Year, RuntimeMinutes, Overview, Poster_Link, IMDB_Rating, Meta_score, No_of_Votes, Gross_Revenue, CertificateID) VALUES (395, 'Kôkaku Kidôtai', 1995.0, 83, 'A cyborg policewoman and her partner hunt a mysterious and powerful hacker called the Puppet Master.', 'https://m.media-amazon.com/images/M/MV5BYWRiYjQyOGItNzQ1Mi00MGI1LWE3NjItNTg1ZDQwNjUwNDM2XkEyXkFqcGdeQXVyNTAyODkwOQ@@._V1_UX67_CR0,0,67,98_AL_.jpg', 8.0, 76.0, 129231, 515905.0, 15);
INSERT INTO MovieGenres (MovieID, GenreID) VALUES (395, 3);
INSERT INTO MovieGenres (MovieID, GenreID) VALUES (395, 1);
INSERT INTO MovieGenres (MovieID, GenreID) VALUES (395, 6);
INSERT INTO MoviePeople (MovieID, PersonID, RoleID) VALUES (395, 1885, 1);
INSERT INTO MoviePeople (MovieID, PersonID, RoleID) VALUES (395, 240, 2);
INSERT INTO MoviePeople (MovieID, PersonID, RoleID) VALUES (395, 1164, 3);
INSERT INTO MoviePeople (MovieID, PersonID, RoleID) VALUES (395, 38, 4);
INSERT INTO MoviePeople (MovieID, PersonID, RoleID) VALUES (395, 1720, 5);

INSERT INTO Movies (MovieID, Series_Title, Released_Year, RuntimeMinutes, Overview, Poster_Link, IMDB_Rating, Meta_score, No_of_Votes, Gross_Revenue, CertificateID) VALUES (396, 'The Nightmare Before Christmas', 1993.0, 76, 'Jack Skellington, king of Halloween Town, discovers Christmas Town, but his attempts to bring Christmas to his home causes confusion.', 'https://m.media-amazon.com/images/M/MV5BNWE4OTNiM2ItMjY4Ni00ZTViLWFiZmEtZGEyNGY2ZmNlMzIyXkEyXkFqcGdeQXVyMDU5NDcxNw@@._V1_UX67_CR0,0,67,98_AL_.jpg', 8.0, 82.0, 300208, 75082668.0, 13);
INSERT INTO MovieGenres (MovieID, GenreID) VALUES (396, 3);
INSERT INTO MovieGenres (MovieID, GenreID) VALUES (396, 8);
INSERT INTO MovieGenres (MovieID, GenreID) VALUES (396, 9);
INSERT INTO MoviePeople (MovieID, PersonID, RoleID) VALUES (396, 1114, 1);
INSERT INTO MoviePeople (MovieID, PersonID, RoleID) VALUES (396, 608, 2);
INSERT INTO MoviePeople (MovieID, PersonID, RoleID) VALUES (396, 507, 3);
INSERT INTO MoviePeople (MovieID, PersonID, RoleID) VALUES (396, 447, 4);
INSERT INTO MoviePeople (MovieID, PersonID, RoleID) VALUES (396, 3110, 5);

INSERT INTO Movies (MovieID, Series_Title, Released_Year, RuntimeMinutes, Overview, Poster_Link, IMDB_Rating, Meta_score, No_of_Votes, Gross_Revenue, CertificateID) VALUES (397, 'Groundhog Day', 1993.0, 101, 'A weatherman finds himself inexplicably living the same day over and over again.', 'https://m.media-amazon.com/images/M/MV5BZWIxNzM5YzQtY2FmMS00Yjc3LWI1ZjUtNGVjMjMzZTIxZTIxXkEyXkFqcGdeQXVyNjU0OTQ0OTY@._V1_UX67_CR0,0,67,98_AL_.jpg', 8.0, 72.0, 577991, 70906973.0, 13);
INSERT INTO MovieGenres (MovieID, GenreID) VALUES (397, 5);
INSERT INTO MovieGenres (MovieID, GenreID) VALUES (397, 9);
INSERT INTO MovieGenres (MovieID, GenreID) VALUES (397, 16);
INSERT INTO MoviePeople (MovieID, PersonID, RoleID) VALUES (397, 1076, 1);
INSERT INTO MoviePeople (MovieID, PersonID, RoleID) VALUES (397, 305, 2);
INSERT INTO MoviePeople (MovieID, PersonID, RoleID) VALUES (397, 129, 3);
INSERT INTO MoviePeople (MovieID, PersonID, RoleID) VALUES (397, 497, 4);
INSERT INTO MoviePeople (MovieID, PersonID, RoleID) VALUES (397, 2806, 5);

INSERT INTO Movies (MovieID, Series_Title, Released_Year, RuntimeMinutes, Overview, Poster_Link, IMDB_Rating, Meta_score, No_of_Votes, Gross_Revenue, CertificateID) VALUES (398, 'Bound by Honor', 1993.0, 180, 'Based on the true life experiences of poet Jimmy Santiago Baca, the film focuses on step-brothers Paco and Cruz, and their bi-racial cousin Miklo.', 'https://m.media-amazon.com/images/M/MV5BNzZmMjAxNjQtZjQzOS00NjU4LWI0NDktZjlkZTgwNjVmNzU3XkEyXkFqcGdeQXVyNTI4MjkwNjA@._V1_UX67_CR0,0,67,98_AL_.jpg', 8.0, 47.0, 28825, 4496583.0, 9);
INSERT INTO MovieGenres (MovieID, GenreID) VALUES (398, 6);
INSERT INTO MovieGenres (MovieID, GenreID) VALUES (398, 7);
INSERT INTO MoviePeople (MovieID, PersonID, RoleID) VALUES (398, 2876, 1);
INSERT INTO MoviePeople (MovieID, PersonID, RoleID) VALUES (398, 580, 2);
INSERT INTO MoviePeople (MovieID, PersonID, RoleID) VALUES (398, 1372, 3);
INSERT INTO MoviePeople (MovieID, PersonID, RoleID) VALUES (398, 290, 4);
INSERT INTO MoviePeople (MovieID, PersonID, RoleID) VALUES (398, 815, 5);

INSERT INTO Movies (MovieID, Series_Title, Released_Year, RuntimeMinutes, Overview, Poster_Link, IMDB_Rating, Meta_score, No_of_Votes, Gross_Revenue, CertificateID) VALUES (399, 'Scent of a Woman', 1992.0, 156, 'A prep school student needing money agrees to "babysit" a blind man, but the job is not at all what he anticipated.', 'https://m.media-amazon.com/images/M/MV5BZTM3ZjA3NTctZThkYy00ODYyLTk2ZjItZmE0MmZlMTk3YjQwXkEyXkFqcGdeQXVyNTA4NzY1MzY@._V1_UX67_CR0,0,67,98_AL_.jpg', 8.0, 59.0, 263918, 63895607.0, 15);
INSERT INTO MovieGenres (MovieID, GenreID) VALUES (399, 7);
INSERT INTO MoviePeople (MovieID, PersonID, RoleID) VALUES (399, 1948, 1);
INSERT INTO MoviePeople (MovieID, PersonID, RoleID) VALUES (399, 45, 2);
INSERT INTO MoviePeople (MovieID, PersonID, RoleID) VALUES (399, 500, 3);
INSERT INTO MoviePeople (MovieID, PersonID, RoleID) VALUES (399, 1260, 4);
INSERT INTO MoviePeople (MovieID, PersonID, RoleID) VALUES (399, 931, 5);

INSERT INTO Movies (MovieID, Series_Title, Released_Year, RuntimeMinutes, Overview, Poster_Link, IMDB_Rating, Meta_score, No_of_Votes, Gross_Revenue, CertificateID) VALUES (400, 'Aladdin', 1992.0, 90, 'A kindhearted street urchin and a power-hungry Grand Vizier vie for a magic lamp that has the power to make their deepest wishes come true.', 'https://m.media-amazon.com/images/M/MV5BY2Q2NDI1MjUtM2Q5ZS00MTFlLWJiYWEtNTZmNjQ3OGJkZDgxXkEyXkFqcGdeQXVyNTI4MjkwNjA@._V1_UX67_CR0,0,67,98_AL_.jpg', 8.0, 86.0, 373845, 217350219.0, 13);
INSERT INTO MovieGenres (MovieID, GenreID) VALUES (400, 3);
INSERT INTO MovieGenres (MovieID, GenreID) VALUES (400, 2);
INSERT INTO MovieGenres (MovieID, GenreID) VALUES (400, 5);
INSERT INTO MoviePeople (MovieID, PersonID, RoleID) VALUES (400, 2565, 1);
INSERT INTO MoviePeople (MovieID, PersonID, RoleID) VALUES (400, 1475, 2);
INSERT INTO MoviePeople (MovieID, PersonID, RoleID) VALUES (400, 2689, 3);
INSERT INTO MoviePeople (MovieID, PersonID, RoleID) VALUES (400, 2545, 4);
INSERT INTO MoviePeople (MovieID, PersonID, RoleID) VALUES (400, 1804, 5);

INSERT INTO Movies (MovieID, Series_Title, Released_Year, RuntimeMinutes, Overview, Poster_Link, IMDB_Rating, Meta_score, No_of_Votes, Gross_Revenue, CertificateID) VALUES (401, 'JFK', 1991.0, 189, 'New Orleans District Attorney Jim Garrison discovers there''s more to the Kennedy assassination than the official story.', 'https://m.media-amazon.com/images/M/MV5BYjYyODExMDctZjgwYy00ZjQwLWI4OWYtOGFlYjA4ZjEzNmY1XkEyXkFqcGdeQXVyNTAyODkwOQ@@._V1_UX67_CR0,0,67,98_AL_.jpg', 8.0, 72.0, 142110, 70405498.0, 15);
INSERT INTO MovieGenres (MovieID, GenreID) VALUES (401, 7);
INSERT INTO MovieGenres (MovieID, GenreID) VALUES (401, 11);
INSERT INTO MovieGenres (MovieID, GenreID) VALUES (401, 19);
INSERT INTO MoviePeople (MovieID, PersonID, RoleID) VALUES (401, 2247, 1);
INSERT INTO MoviePeople (MovieID, PersonID, RoleID) VALUES (401, 1664, 2);
INSERT INTO MoviePeople (MovieID, PersonID, RoleID) VALUES (401, 942, 3);
INSERT INTO MoviePeople (MovieID, PersonID, RoleID) VALUES (401, 1212, 4);
INSERT INTO MoviePeople (MovieID, PersonID, RoleID) VALUES (401, 3074, 5);

INSERT INTO Movies (MovieID, Series_Title, Released_Year, RuntimeMinutes, Overview, Poster_Link, IMDB_Rating, Meta_score, No_of_Votes, Gross_Revenue, CertificateID) VALUES (402, 'Beauty and the Beast', 1991.0, 84, 'A prince cursed to spend his days as a hideous monster sets out to regain his humanity by earning a young woman''s love.', 'https://m.media-amazon.com/images/M/MV5BMzE5MDM1NDktY2I0OC00YWI5LTk2NzUtYjczNDczOWQxYjM0XkEyXkFqcGdeQXVyMTQxNzMzNDI@._V1_UX67_CR0,0,67,98_AL_.jpg', 8.0, 95.0, 417178, 218967620.0, 4);
INSERT INTO MovieGenres (MovieID, GenreID) VALUES (402, 3);
INSERT INTO MovieGenres (MovieID, GenreID) VALUES (402, 8);
INSERT INTO MovieGenres (MovieID, GenreID) VALUES (402, 9);
INSERT INTO MoviePeople (MovieID, PersonID, RoleID) VALUES (402, 945, 1);
INSERT INTO MoviePeople (MovieID, PersonID, RoleID) VALUES (402, 1693, 2);
INSERT INTO MoviePeople (MovieID, PersonID, RoleID) VALUES (402, 2272, 3);
INSERT INTO MoviePeople (MovieID, PersonID, RoleID) VALUES (402, 2509, 4);
INSERT INTO MoviePeople (MovieID, PersonID, RoleID) VALUES (402, 1373, 5);

INSERT INTO Movies (MovieID, Series_Title, Released_Year, RuntimeMinutes, Overview, Poster_Link, IMDB_Rating, Meta_score, No_of_Votes, Gross_Revenue, CertificateID) VALUES (403, 'Dances with Wolves', 1990.0, 181, 'Lieutenant John Dunbar, assigned to a remote western Civil War outpost, befriends wolves and Indians, making him an intolerable aberration in the military.', 'https://m.media-amazon.com/images/M/MV5BMTY3OTI5NDczN15BMl5BanBnXkFtZTcwNDA0NDY3Mw@@._V1_UX67_CR0,0,67,98_AL_.jpg', 8.0, 72.0, 240266, 184208848.0, 13);
INSERT INTO MovieGenres (MovieID, GenreID) VALUES (403, 2);
INSERT INTO MovieGenres (MovieID, GenreID) VALUES (403, 7);
INSERT INTO MovieGenres (MovieID, GenreID) VALUES (403, 21);
INSERT INTO MoviePeople (MovieID, PersonID, RoleID) VALUES (403, 1664, 1);
INSERT INTO MoviePeople (MovieID, PersonID, RoleID) VALUES (403, 1664, 2);
INSERT INTO MoviePeople (MovieID, PersonID, RoleID) VALUES (403, 1965, 3);
INSERT INTO MoviePeople (MovieID, PersonID, RoleID) VALUES (403, 1032, 4);
INSERT INTO MoviePeople (MovieID, PersonID, RoleID) VALUES (403, 2551, 5);

INSERT INTO Movies (MovieID, Series_Title, Released_Year, RuntimeMinutes, Overview, Poster_Link, IMDB_Rating, Meta_score, No_of_Votes, Gross_Revenue, CertificateID) VALUES (404, 'Do the Right Thing', 1989.0, 120, 'On the hottest day of the year on a street in the Bedford-Stuyvesant section of Brooklyn, everyone''s hate and bigotry smolders and builds until it explodes into violence.', 'https://m.media-amazon.com/images/M/MV5BODA2MjU1NTI1MV5BMl5BanBnXkFtZTgwOTU4ODIwMjE@._V1_UX67_CR0,0,67,98_AL_.jpg', 8.0, 93.0, 89429, 27545445.0, 9);
INSERT INTO MovieGenres (MovieID, GenreID) VALUES (404, 5);
INSERT INTO MovieGenres (MovieID, GenreID) VALUES (404, 7);
INSERT INTO MoviePeople (MovieID, PersonID, RoleID) VALUES (404, 2784, 1);
INSERT INTO MoviePeople (MovieID, PersonID, RoleID) VALUES (404, 605, 2);
INSERT INTO MoviePeople (MovieID, PersonID, RoleID) VALUES (404, 2264, 3);
INSERT INTO MoviePeople (MovieID, PersonID, RoleID) VALUES (404, 2589, 4);
INSERT INTO MoviePeople (MovieID, PersonID, RoleID) VALUES (404, 2479, 5);

INSERT INTO Movies (MovieID, Series_Title, Released_Year, RuntimeMinutes, Overview, Poster_Link, IMDB_Rating, Meta_score, No_of_Votes, Gross_Revenue, CertificateID) VALUES (405, 'Rain Man', 1988.0, 133, 'Selfish yuppie Charlie Babbitt''s father left a fortune to his savant brother Raymond and a pittance to Charlie; they travel cross-country.', 'https://m.media-amazon.com/images/M/MV5BMzVjNzI4NzYtMjE4NS00M2IzLWFkOWMtOTYwMWUzN2ZlNGVjL2ltYWdlL2ltYWdlXkEyXkFqcGdeQXVyMTQxNzMzNDI@._V1_UX67_CR0,0,67,98_AL_.jpg', 8.0, 65.0, 473064, 178800000.0, 13);
INSERT INTO MovieGenres (MovieID, GenreID) VALUES (405, 7);
INSERT INTO MoviePeople (MovieID, PersonID, RoleID) VALUES (405, 272, 1);
INSERT INTO MoviePeople (MovieID, PersonID, RoleID) VALUES (405, 731, 2);
INSERT INTO MoviePeople (MovieID, PersonID, RoleID) VALUES (405, 2947, 3);
INSERT INTO MoviePeople (MovieID, PersonID, RoleID) VALUES (405, 3013, 4);
INSERT INTO MoviePeople (MovieID, PersonID, RoleID) VALUES (405, 992, 5);

INSERT INTO Movies (MovieID, Series_Title, Released_Year, RuntimeMinutes, Overview, Poster_Link, IMDB_Rating, Meta_score, No_of_Votes, Gross_Revenue, CertificateID) VALUES (406, 'Akira', 1988.0, 124, 'A secret military project endangers Neo-Tokyo when it turns a biker gang member into a rampaging psychic psychopath who can only be stopped by two teenagers and a group of psychics.', 'https://m.media-amazon.com/images/M/MV5BM2ZiZTk1ODgtMTZkNS00NTYxLWIxZTUtNWExZGYwZTRjODViXkEyXkFqcGdeQXVyMTE2MzA3MDM@._V1_UX67_CR0,0,67,98_AL_.jpg', 8.0, NULL, 164918, 553171.0, 15);
INSERT INTO MovieGenres (MovieID, GenreID) VALUES (406, 3);
INSERT INTO MovieGenres (MovieID, GenreID) VALUES (406, 1);
INSERT INTO MovieGenres (MovieID, GenreID) VALUES (406, 17);
INSERT INTO MoviePeople (MovieID, PersonID, RoleID) VALUES (406, 1630, 1);
INSERT INTO MoviePeople (MovieID, PersonID, RoleID) VALUES (406, 2128, 2);
INSERT INTO MoviePeople (MovieID, PersonID, RoleID) VALUES (406, 2231, 3);
INSERT INTO MoviePeople (MovieID, PersonID, RoleID) VALUES (406, 1883, 4);
INSERT INTO MoviePeople (MovieID, PersonID, RoleID) VALUES (406, 2898, 5);

INSERT INTO Movies (MovieID, Series_Title, Released_Year, RuntimeMinutes, Overview, Poster_Link, IMDB_Rating, Meta_score, No_of_Votes, Gross_Revenue, CertificateID) VALUES (407, 'The Princess Bride', 1987.0, 98, 'While home sick in bed, a young boy''s grandfather reads him the story of a farmboy-turned-pirate who encounters numerous obstacles, enemies and allies in his quest to be reunited with his true love.', 'https://m.media-amazon.com/images/M/MV5BMGM4M2Q5N2MtNThkZS00NTc1LTk1NTItNWEyZjJjNDRmNDk5XkEyXkFqcGdeQXVyMjA0MDQ0Mjc@._V1_UX67_CR0,0,67,98_AL_.jpg', 8.0, 77.0, 393899, 30857814.0, 13);
INSERT INTO MovieGenres (MovieID, GenreID) VALUES (407, 2);
INSERT INTO MovieGenres (MovieID, GenreID) VALUES (407, 8);
INSERT INTO MovieGenres (MovieID, GenreID) VALUES (407, 9);
INSERT INTO MoviePeople (MovieID, PersonID, RoleID) VALUES (407, 2508, 1);
INSERT INTO MoviePeople (MovieID, PersonID, RoleID) VALUES (407, 439, 2);
INSERT INTO MoviePeople (MovieID, PersonID, RoleID) VALUES (407, 1887, 3);
INSERT INTO MoviePeople (MovieID, PersonID, RoleID) VALUES (407, 2546, 4);
INSERT INTO MoviePeople (MovieID, PersonID, RoleID) VALUES (407, 507, 5);

INSERT INTO Movies (MovieID, Series_Title, Released_Year, RuntimeMinutes, Overview, Poster_Link, IMDB_Rating, Meta_score, No_of_Votes, Gross_Revenue, CertificateID) VALUES (408, 'Der Himmel über Berlin', 1987.0, 128, 'An angel tires of overseeing human activity and wishes to become human when he falls in love with a mortal.', 'https://m.media-amazon.com/images/M/MV5BMzMxZjUzOGQtOTFlOS00MzliLWJhNTUtOTgyNzYzMWQ2YzhmXkEyXkFqcGdeQXVyNjQ2MjQ5NzM@._V1_UY98_CR0,0,67,98_AL_.jpg', 8.0, 79.0, 64722, 3333969.0, 13);
INSERT INTO MovieGenres (MovieID, GenreID) VALUES (408, 7);
INSERT INTO MovieGenres (MovieID, GenreID) VALUES (408, 9);
INSERT INTO MovieGenres (MovieID, GenreID) VALUES (408, 16);
INSERT INTO MoviePeople (MovieID, PersonID, RoleID) VALUES (408, 3120, 1);
INSERT INTO MoviePeople (MovieID, PersonID, RoleID) VALUES (408, 386, 2);
INSERT INTO MoviePeople (MovieID, PersonID, RoleID) VALUES (408, 2772, 3);
INSERT INTO MoviePeople (MovieID, PersonID, RoleID) VALUES (408, 2266, 4);
INSERT INTO MoviePeople (MovieID, PersonID, RoleID) VALUES (408, 568, 5);

INSERT INTO Movies (MovieID, Series_Title, Released_Year, RuntimeMinutes, Overview, Poster_Link, IMDB_Rating, Meta_score, No_of_Votes, Gross_Revenue, CertificateID) VALUES (409, 'Au revoir les enfants', 1987.0, 104, 'A French boarding school run by priests seems to be a haven from World War II until a new student arrives. He becomes the roommate of the top student in his class. Rivals at first, the roommates form a bond and share a secret.', 'https://m.media-amazon.com/images/M/MV5BZmYxOTA5YTEtNDY3Ni00YTE5LWE1MTgtYjc4ZWUxNWY3ZTkxXkEyXkFqcGdeQXVyNjQ2MjQ5NzM@._V1_UX67_CR0,0,67,98_AL_.jpg', 8.0, 88.0, 31163, 4542825.0, 13);
INSERT INTO MovieGenres (MovieID, GenreID) VALUES (409, 7);
INSERT INTO MovieGenres (MovieID, GenreID) VALUES (409, 20);
INSERT INTO MoviePeople (MovieID, PersonID, RoleID) VALUES (409, 1831, 1);
INSERT INTO MoviePeople (MovieID, PersonID, RoleID) VALUES (409, 946, 2);
INSERT INTO MoviePeople (MovieID, PersonID, RoleID) VALUES (409, 2435, 3);
INSERT INTO MoviePeople (MovieID, PersonID, RoleID) VALUES (409, 890, 4);
INSERT INTO MoviePeople (MovieID, PersonID, RoleID) VALUES (409, 2789, 5);

INSERT INTO Movies (MovieID, Series_Title, Released_Year, RuntimeMinutes, Overview, Poster_Link, IMDB_Rating, Meta_score, No_of_Votes, Gross_Revenue, CertificateID) VALUES (410, 'Tenkû no shiro Rapyuta', 1986.0, 125, 'A young boy and a girl with a magic crystal must race against pirates and foreign agents in a search for a legendary floating castle.', 'https://m.media-amazon.com/images/M/MV5BNTg0NmI1ZGQtZTUxNC00NTgxLThjMDUtZmRlYmEzM2MwOWYwXkEyXkFqcGdeQXVyMzM4MjM0Nzg@._V1_UY98_CR1,0,67,98_AL_.jpg', 8.0, 78.0, 150140, NULL, 13);
INSERT INTO MovieGenres (MovieID, GenreID) VALUES (410, 3);
INSERT INTO MovieGenres (MovieID, GenreID) VALUES (410, 2);
INSERT INTO MovieGenres (MovieID, GenreID) VALUES (410, 7);
INSERT INTO MoviePeople (MovieID, PersonID, RoleID) VALUES (410, 1092, 1);
INSERT INTO MoviePeople (MovieID, PersonID, RoleID) VALUES (410, 2011, 2);
INSERT INTO MoviePeople (MovieID, PersonID, RoleID) VALUES (410, 1642, 3);
INSERT INTO MoviePeople (MovieID, PersonID, RoleID) VALUES (410, 1706, 4);
INSERT INTO MoviePeople (MovieID, PersonID, RoleID) VALUES (410, 2115, 5);

INSERT INTO Movies (MovieID, Series_Title, Released_Year, RuntimeMinutes, Overview, Poster_Link, IMDB_Rating, Meta_score, No_of_Votes, Gross_Revenue, CertificateID) VALUES (411, 'The Terminator', 1984.0, 107, 'A human soldier is sent from 2029 to 1984 to stop an almost indestructible cyborg killing machine, sent from the same year, which has been programmed to execute a young woman whose unborn son is the key to humanity''s future salvation.', 'https://m.media-amazon.com/images/M/MV5BYTViNzMxZjEtZGEwNy00MDNiLWIzNGQtZDY2MjQ1OWViZjFmXkEyXkFqcGdeQXVyNzkwMjQ5NzM@._V1_UX67_CR0,0,67,98_AL_.jpg', 8.0, 84.0, 799795, 38400000.0, 15);
INSERT INTO MovieGenres (MovieID, GenreID) VALUES (411, 1);
INSERT INTO MovieGenres (MovieID, GenreID) VALUES (411, 17);
INSERT INTO MoviePeople (MovieID, PersonID, RoleID) VALUES (411, 1239, 1);
INSERT INTO MoviePeople (MovieID, PersonID, RoleID) VALUES (411, 224, 2);
INSERT INTO MoviePeople (MovieID, PersonID, RoleID) VALUES (411, 1803, 3);
INSERT INTO MoviePeople (MovieID, PersonID, RoleID) VALUES (411, 2045, 4);
INSERT INTO MoviePeople (MovieID, PersonID, RoleID) VALUES (411, 2319, 5);

INSERT INTO Movies (MovieID, Series_Title, Released_Year, RuntimeMinutes, Overview, Poster_Link, IMDB_Rating, Meta_score, No_of_Votes, Gross_Revenue, CertificateID) VALUES (412, 'Gandhi', 1982.0, 191, 'The life of the lawyer who became the famed leader of the Indian revolts against the British rule through his philosophy of nonviolent protest.', 'https://m.media-amazon.com/images/M/MV5BMzJiZDRmOWUtYjE2MS00Mjc1LTg1ZDYtNTQxYWJkZTg1OTM4XkEyXkFqcGdeQXVyNjUwNzk3NDc@._V1_UX67_CR0,0,67,98_AL_.jpg', 8.0, 79.0, 217664, 52767889.0, 13);
INSERT INTO MovieGenres (MovieID, GenreID) VALUES (412, 4);
INSERT INTO MovieGenres (MovieID, GenreID) VALUES (412, 7);
INSERT INTO MovieGenres (MovieID, GenreID) VALUES (412, 11);
INSERT INTO MoviePeople (MovieID, PersonID, RoleID) VALUES (412, 2468, 1);
INSERT INTO MoviePeople (MovieID, PersonID, RoleID) VALUES (412, 284, 2);
INSERT INTO MoviePeople (MovieID, PersonID, RoleID) VALUES (412, 1451, 3);
INSERT INTO MoviePeople (MovieID, PersonID, RoleID) VALUES (412, 2557, 4);
INSERT INTO MoviePeople (MovieID, PersonID, RoleID) VALUES (412, 2583, 5);

INSERT INTO Movies (MovieID, Series_Title, Released_Year, RuntimeMinutes, Overview, Poster_Link, IMDB_Rating, Meta_score, No_of_Votes, Gross_Revenue, CertificateID) VALUES (413, 'Kagemusha', 1980.0, 180, 'A petty thief with an utter resemblance to a samurai warlord is hired as the lord''s double. When the warlord later dies the thief is forced to take up arms in his place.', 'https://m.media-amazon.com/images/M/MV5BMzFhNWVmNWItNGM5OC00NjZhLTk3YTQtMjE1ODUyOThlMjNmL2ltYWdlXkEyXkFqcGdeQXVyNTAyODkwOQ@@._V1_UX67_CR0,0,67,98_AL_.jpg', 8.0, 84.0, 32195, NULL, 13);
INSERT INTO MovieGenres (MovieID, GenreID) VALUES (413, 7);
INSERT INTO MovieGenres (MovieID, GenreID) VALUES (413, 11);
INSERT INTO MovieGenres (MovieID, GenreID) VALUES (413, 20);
INSERT INTO MoviePeople (MovieID, PersonID, RoleID) VALUES (413, 40, 1);
INSERT INTO MoviePeople (MovieID, PersonID, RoleID) VALUES (413, 2874, 2);
INSERT INTO MoviePeople (MovieID, PersonID, RoleID) VALUES (413, 2992, 3);
INSERT INTO MoviePeople (MovieID, PersonID, RoleID) VALUES (413, 1654, 4);
INSERT INTO MoviePeople (MovieID, PersonID, RoleID) VALUES (413, 1397, 5);

INSERT INTO Movies (MovieID, Series_Title, Released_Year, RuntimeMinutes, Overview, Poster_Link, IMDB_Rating, Meta_score, No_of_Votes, Gross_Revenue, CertificateID) VALUES (414, 'Being There', 1979.0, 130, 'A simpleminded, sheltered gardener becomes an unlikely trusted advisor to a powerful businessman and an insider in Washington politics.', 'https://m.media-amazon.com/images/M/MV5BNjAzNzJjYzQtMGFmNS00ZjAzLTkwMjgtMWIzYzFkMzM4Njg3XkEyXkFqcGdeQXVyMTY5Nzc4MDY@._V1_UX67_CR0,0,67,98_AL_.jpg', 8.0, 83.0, 65625, 30177511.0, 6);
INSERT INTO MovieGenres (MovieID, GenreID) VALUES (414, 5);
INSERT INTO MovieGenres (MovieID, GenreID) VALUES (414, 7);
INSERT INTO MoviePeople (MovieID, PersonID, RoleID) VALUES (414, 1067, 1);
INSERT INTO MoviePeople (MovieID, PersonID, RoleID) VALUES (414, 2351, 2);
INSERT INTO MoviePeople (MovieID, PersonID, RoleID) VALUES (414, 2740, 3);
INSERT INTO MoviePeople (MovieID, PersonID, RoleID) VALUES (414, 2030, 4);
INSERT INTO MoviePeople (MovieID, PersonID, RoleID) VALUES (414, 1218, 5);

INSERT INTO Movies (MovieID, Series_Title, Released_Year, RuntimeMinutes, Overview, Poster_Link, IMDB_Rating, Meta_score, No_of_Votes, Gross_Revenue, CertificateID) VALUES (415, 'Annie Hall', 1977.0, 93, 'Neurotic New York comedian Alvy Singer falls in love with the ditzy Annie Hall.', 'https://m.media-amazon.com/images/M/MV5BZDg1OGQ4YzgtM2Y2NS00NjA3LWFjYTctMDRlMDI3NWE1OTUyXkEyXkFqcGdeQXVyMjUzOTY1NTc@._V1_UX67_CR0,0,67,98_AL_.jpg', 8.0, 92.0, 251823, 39200000.0, 2);
INSERT INTO MovieGenres (MovieID, GenreID) VALUES (415, 5);
INSERT INTO MovieGenres (MovieID, GenreID) VALUES (415, 16);
INSERT INTO MoviePeople (MovieID, PersonID, RoleID) VALUES (415, 3129, 1);
INSERT INTO MoviePeople (MovieID, PersonID, RoleID) VALUES (415, 3129, 2);
INSERT INTO MoviePeople (MovieID, PersonID, RoleID) VALUES (415, 682, 3);
INSERT INTO MoviePeople (MovieID, PersonID, RoleID) VALUES (415, 2977, 4);
INSERT INTO MoviePeople (MovieID, PersonID, RoleID) VALUES (415, 430, 5);

INSERT INTO Movies (MovieID, Series_Title, Released_Year, RuntimeMinutes, Overview, Poster_Link, IMDB_Rating, Meta_score, No_of_Votes, Gross_Revenue, CertificateID) VALUES (416, 'Jaws', 1975.0, 124, 'When a killer shark unleashes chaos on a beach community, it''s up to a local sheriff, a marine biologist, and an old seafarer to hunt the beast down.', 'https://m.media-amazon.com/images/M/MV5BMmVmODY1MzEtYTMwZC00MzNhLWFkNDMtZjAwM2EwODUxZTA5XkEyXkFqcGdeQXVyNTAyODkwOQ@@._V1_UX67_CR0,0,67,98_AL_.jpg', 8.0, 87.0, 543388, 260000000.0, 2);
INSERT INTO MovieGenres (MovieID, GenreID) VALUES (416, 2);
INSERT INTO MovieGenres (MovieID, GenreID) VALUES (416, 19);
INSERT INTO MoviePeople (MovieID, PersonID, RoleID) VALUES (416, 2818, 1);
INSERT INTO MoviePeople (MovieID, PersonID, RoleID) VALUES (416, 2587, 2);
INSERT INTO MoviePeople (MovieID, PersonID, RoleID) VALUES (416, 2534, 3);
INSERT INTO MoviePeople (MovieID, PersonID, RoleID) VALUES (416, 2477, 4);
INSERT INTO MoviePeople (MovieID, PersonID, RoleID) VALUES (416, 1826, 5);

INSERT INTO Movies (MovieID, Series_Title, Released_Year, RuntimeMinutes, Overview, Poster_Link, IMDB_Rating, Meta_score, No_of_Votes, Gross_Revenue, CertificateID) VALUES (417, 'Dog Day Afternoon', 1975.0, 125, 'Three amateur bank robbers plan to hold up a bank. A nice simple robbery: Walk in, take the money, and run. Unfortunately, the supposedly uncomplicated heist suddenly becomes a bizarre nightmare as everything that could go wrong does.', 'https://m.media-amazon.com/images/M/MV5BODExZmE2ZWItYTIzOC00MzI1LTgyNTktMDBhNmFhY2Y4OTQ3XkEyXkFqcGdeQXVyNjU0OTQ0OTY@._V1_UX67_CR0,0,67,98_AL_.jpg', 8.0, 86.0, 235652, 50000000.0, 13);
INSERT INTO MovieGenres (MovieID, GenreID) VALUES (417, 4);
INSERT INTO MovieGenres (MovieID, GenreID) VALUES (417, 6);
INSERT INTO MovieGenres (MovieID, GenreID) VALUES (417, 7);
INSERT INTO MoviePeople (MovieID, PersonID, RoleID) VALUES (417, 2752, 1);
INSERT INTO MoviePeople (MovieID, PersonID, RoleID) VALUES (417, 45, 2);
INSERT INTO MoviePeople (MovieID, PersonID, RoleID) VALUES (417, 1438, 3);
INSERT INTO MoviePeople (MovieID, PersonID, RoleID) VALUES (417, 2327, 4);
INSERT INTO MoviePeople (MovieID, PersonID, RoleID) VALUES (417, 2824, 5);

INSERT INTO Movies (MovieID, Series_Title, Released_Year, RuntimeMinutes, Overview, Poster_Link, IMDB_Rating, Meta_score, No_of_Votes, Gross_Revenue, CertificateID) VALUES (418, 'Young Frankenstein', 1974.0, 106, 'An American grandson of the infamous scientist, struggling to prove that his grandfather was not as insane as people believe, is invited to Transylvania, where he discovers the process that reanimates a dead body.', 'https://m.media-amazon.com/images/M/MV5BMTEwNjg2MjM2ODFeQTJeQWpwZ15BbWU4MDQ1MDU5OTEx._V1_UX67_CR0,0,67,98_AL_.jpg', 8.0, 80.0, 143359, 86300000.0, 2);
INSERT INTO MovieGenres (MovieID, GenreID) VALUES (418, 5);
INSERT INTO MoviePeople (MovieID, PersonID, RoleID) VALUES (418, 2022, 1);
INSERT INTO MoviePeople (MovieID, PersonID, RoleID) VALUES (418, 965, 2);
INSERT INTO MoviePeople (MovieID, PersonID, RoleID) VALUES (418, 1864, 3);
INSERT INTO MoviePeople (MovieID, PersonID, RoleID) VALUES (418, 1960, 4);
INSERT INTO MoviePeople (MovieID, PersonID, RoleID) VALUES (418, 2338, 5);

INSERT INTO Movies (MovieID, Series_Title, Released_Year, RuntimeMinutes, Overview, Poster_Link, IMDB_Rating, Meta_score, No_of_Votes, Gross_Revenue, CertificateID) VALUES (419, 'Papillon', 1973.0, 151, 'A man befriends a fellow criminal as the two of them begin serving their sentence on a dreadful prison island, which inspires the man to plot his escape.', 'https://m.media-amazon.com/images/M/MV5BZGRjZjQ0NzAtYmZlNS00Zjc1LTk1YWItMDY5YzQxMzA4MTAzXkEyXkFqcGdeQXVyMjI4MjA5MzA@._V1_UX67_CR0,0,67,98_AL_.jpg', 8.0, 58.0, 121627, 53267000.0, 9);
INSERT INTO MovieGenres (MovieID, GenreID) VALUES (419, 4);
INSERT INTO MovieGenres (MovieID, GenreID) VALUES (419, 6);
INSERT INTO MovieGenres (MovieID, GenreID) VALUES (419, 7);
INSERT INTO MoviePeople (MovieID, PersonID, RoleID) VALUES (419, 911, 1);
INSERT INTO MoviePeople (MovieID, PersonID, RoleID) VALUES (419, 2814, 2);
INSERT INTO MoviePeople (MovieID, PersonID, RoleID) VALUES (419, 731, 3);
INSERT INTO MoviePeople (MovieID, PersonID, RoleID) VALUES (419, 3029, 4);
INSERT INTO MoviePeople (MovieID, PersonID, RoleID) VALUES (419, 707, 5);

INSERT INTO Movies (MovieID, Series_Title, Released_Year, RuntimeMinutes, Overview, Poster_Link, IMDB_Rating, Meta_score, No_of_Votes, Gross_Revenue, CertificateID) VALUES (420, 'The Exorcist', 1973.0, 122, 'When a 12-year-old girl is possessed by a mysterious entity, her mother seeks the help of two priests to save her.', 'https://m.media-amazon.com/images/M/MV5BYjhmMGMxZDYtMTkyNy00YWVmLTgyYmUtYTU3ZjcwNTBjN2I1XkEyXkFqcGdeQXVyNzkwMjQ5NzM@._V1_UX67_CR0,0,67,98_AL_.jpg', 8.0, 81.0, 362393, 232906145.0, 2);
INSERT INTO MovieGenres (MovieID, GenreID) VALUES (420, 12);
INSERT INTO MoviePeople (MovieID, PersonID, RoleID) VALUES (420, 3106, 1);
INSERT INTO MoviePeople (MovieID, PersonID, RoleID) VALUES (420, 788, 2);
INSERT INTO MoviePeople (MovieID, PersonID, RoleID) VALUES (420, 2005, 3);
INSERT INTO MoviePeople (MovieID, PersonID, RoleID) VALUES (420, 1801, 4);
INSERT INTO MoviePeople (MovieID, PersonID, RoleID) VALUES (420, 1750, 5);

INSERT INTO Movies (MovieID, Series_Title, Released_Year, RuntimeMinutes, Overview, Poster_Link, IMDB_Rating, Meta_score, No_of_Votes, Gross_Revenue, CertificateID) VALUES (421, 'Sleuth', 1972.0, 138, 'A man who loves games and theater invites his wife''s lover to meet him, setting up a battle of wits with potentially deadly results.', 'https://m.media-amazon.com/images/M/MV5BM2EzZmFmMmItODY3Zi00NjdjLWE0MTYtZWQ3MGIyM2M4YjZhXkEyXkFqcGdeQXVyMzg2MzE2OTE@._V1_UX67_CR0,0,67,98_AL_.jpg', 8.0, NULL, 44748, 4081254.0, 6);
INSERT INTO MovieGenres (MovieID, GenreID) VALUES (421, 15);
INSERT INTO MovieGenres (MovieID, GenreID) VALUES (421, 19);
INSERT INTO MoviePeople (MovieID, PersonID, RoleID) VALUES (421, 1523, 1);
INSERT INTO MoviePeople (MovieID, PersonID, RoleID) VALUES (421, 1742, 2);
INSERT INTO MoviePeople (MovieID, PersonID, RoleID) VALUES (421, 2046, 3);
INSERT INTO MoviePeople (MovieID, PersonID, RoleID) VALUES (421, 66, 4);
INSERT INTO MoviePeople (MovieID, PersonID, RoleID) VALUES (421, 1471, 5);

INSERT INTO Movies (MovieID, Series_Title, Released_Year, RuntimeMinutes, Overview, Poster_Link, IMDB_Rating, Meta_score, No_of_Votes, Gross_Revenue, CertificateID) VALUES (422, 'The Last Picture Show', 1971.0, 118, 'In 1951, a group of high schoolers come of age in a bleak, isolated, atrophied North Texas town that is slowly dying, both culturally and economically.', 'https://m.media-amazon.com/images/M/MV5BNmVjNzZkZjQtYmM5ZC00M2I0LWJhNzktNDk3MGU1NWMxMjFjXkEyXkFqcGdeQXVyNjc1NTYyMjg@._V1_UX67_CR0,0,67,98_AL_.jpg', 8.0, 93.0, 42456, 29133000.0, 9);
INSERT INTO MovieGenres (MovieID, GenreID) VALUES (422, 7);
INSERT INTO MovieGenres (MovieID, GenreID) VALUES (422, 16);
INSERT INTO MoviePeople (MovieID, PersonID, RoleID) VALUES (422, 2337, 1);
INSERT INTO MoviePeople (MovieID, PersonID, RoleID) VALUES (422, 2931, 2);
INSERT INTO MoviePeople (MovieID, PersonID, RoleID) VALUES (422, 1340, 3);
INSERT INTO MoviePeople (MovieID, PersonID, RoleID) VALUES (422, 571, 4);
INSERT INTO MoviePeople (MovieID, PersonID, RoleID) VALUES (422, 283, 5);

INSERT INTO Movies (MovieID, Series_Title, Released_Year, RuntimeMinutes, Overview, Poster_Link, IMDB_Rating, Meta_score, No_of_Votes, Gross_Revenue, CertificateID) VALUES (423, 'Fiddler on the Roof', 1971.0, 181, 'In prerevolutionary Russia, a Jewish peasant contends with marrying off three of his daughters while growing anti-Semitic sentiment threatens his village.', 'https://m.media-amazon.com/images/M/MV5BMWMxNDYzNmUtYjFmNC00MGM2LWFmNzMtODhlMGNkNDg5MjE5XkEyXkFqcGdeQXVyNjE5MjUyOTM@._V1_UX67_CR0,0,67,98_AL_.jpg', 8.0, 67.0, 39491, 80500000.0, 4);
INSERT INTO MovieGenres (MovieID, GenreID) VALUES (423, 7);
INSERT INTO MovieGenres (MovieID, GenreID) VALUES (423, 8);
INSERT INTO MovieGenres (MovieID, GenreID) VALUES (423, 14);
INSERT INTO MoviePeople (MovieID, PersonID, RoleID) VALUES (423, 2228, 1);
INSERT INTO MoviePeople (MovieID, PersonID, RoleID) VALUES (423, 2980, 2);
INSERT INTO MoviePeople (MovieID, PersonID, RoleID) VALUES (423, 2226, 3);
INSERT INTO MoviePeople (MovieID, PersonID, RoleID) VALUES (423, 1773, 4);
INSERT INTO MoviePeople (MovieID, PersonID, RoleID) VALUES (423, 2135, 5);

INSERT INTO Movies (MovieID, Series_Title, Released_Year, RuntimeMinutes, Overview, Poster_Link, IMDB_Rating, Meta_score, No_of_Votes, Gross_Revenue, CertificateID) VALUES (424, 'Il conformista', 1970.0, 113, 'A weak-willed Italian man becomes a fascist flunky who goes abroad to arrange the assassination of his old teacher, now a political dissident.', 'https://m.media-amazon.com/images/M/MV5BODFlYzU4YTItN2EwYi00ODI3LTkwNTQtMDdkNjM3YjMyMTgyXkEyXkFqcGdeQXVyNjc1NTYyMjg@._V1_UY98_CR0,0,67,98_AL_.jpg', 8.0, 100.0, 27067, 541940.0, 15);
INSERT INTO MovieGenres (MovieID, GenreID) VALUES (424, 7);
INSERT INTO MoviePeople (MovieID, PersonID, RoleID) VALUES (424, 295, 1);
INSERT INTO MoviePeople (MovieID, PersonID, RoleID) VALUES (424, 1326, 2);
INSERT INTO MoviePeople (MovieID, PersonID, RoleID) VALUES (424, 2795, 3);
INSERT INTO MoviePeople (MovieID, PersonID, RoleID) VALUES (424, 948, 4);
INSERT INTO MoviePeople (MovieID, PersonID, RoleID) VALUES (424, 819, 5);

INSERT INTO Movies (MovieID, Series_Title, Released_Year, RuntimeMinutes, Overview, Poster_Link, IMDB_Rating, Meta_score, No_of_Votes, Gross_Revenue, CertificateID) VALUES (425, 'Butch Cassidy and the Sundance Kid', 1969.0, 110, 'Wyoming, early 1900s. Butch Cassidy and The Sundance Kid are the leaders of a band of outlaws. After a train robbery goes wrong they find themselves on the run with a posse hard on their heels. Their solution - escape to Bolivia.', 'https://m.media-amazon.com/images/M/MV5BMTkyMTM2NDk5Nl5BMl5BanBnXkFtZTgwNzY1NzEyMDE@._V1_UX67_CR0,0,67,98_AL_.jpg', 8.0, 66.0, 201888, 102308889.0, 6);
INSERT INTO MovieGenres (MovieID, GenreID) VALUES (425, 4);
INSERT INTO MovieGenres (MovieID, GenreID) VALUES (425, 6);
INSERT INTO MovieGenres (MovieID, GenreID) VALUES (425, 7);
INSERT INTO MoviePeople (MovieID, PersonID, RoleID) VALUES (425, 983, 1);
INSERT INTO MoviePeople (MovieID, PersonID, RoleID) VALUES (425, 2311, 2);
INSERT INTO MoviePeople (MovieID, PersonID, RoleID) VALUES (425, 2529, 3);
INSERT INTO MoviePeople (MovieID, PersonID, RoleID) VALUES (425, 1622, 4);
INSERT INTO MoviePeople (MovieID, PersonID, RoleID) VALUES (425, 2819, 5);

INSERT INTO Movies (MovieID, Series_Title, Released_Year, RuntimeMinutes, Overview, Poster_Link, IMDB_Rating, Meta_score, No_of_Votes, Gross_Revenue, CertificateID) VALUES (426, 'Rosemary''s Baby', 1968.0, 137, 'A young couple trying for a baby move into a fancy apartment surrounded by peculiar neighbors.', 'https://m.media-amazon.com/images/M/MV5BZmEwZGU2NzctYzlmNi00MGJkLWE3N2MtYjBlN2ZhMGJkZTZiXkEyXkFqcGdeQXVyMTQxNzMzNDI@._V1_UX67_CR0,0,67,98_AL_.jpg', 8.0, 96.0, 193674, NULL, 2);
INSERT INTO MovieGenres (MovieID, GenreID) VALUES (426, 7);
INSERT INTO MovieGenres (MovieID, GenreID) VALUES (426, 12);
INSERT INTO MoviePeople (MovieID, PersonID, RoleID) VALUES (426, 2563, 1);
INSERT INTO MoviePeople (MovieID, PersonID, RoleID) VALUES (426, 2038, 2);
INSERT INTO MoviePeople (MovieID, PersonID, RoleID) VALUES (426, 1436, 3);
INSERT INTO MoviePeople (MovieID, PersonID, RoleID) VALUES (426, 2604, 4);
INSERT INTO MoviePeople (MovieID, PersonID, RoleID) VALUES (426, 2751, 5);

INSERT INTO Movies (MovieID, Series_Title, Released_Year, RuntimeMinutes, Overview, Poster_Link, IMDB_Rating, Meta_score, No_of_Votes, Gross_Revenue, CertificateID) VALUES (427, 'Planet of the Apes', 1968.0, 112, 'An astronaut crew crash-lands on a planet in the distant future where intelligent talking apes are the dominant species, and humans are the oppressed and enslaved.', 'https://m.media-amazon.com/images/M/MV5BMTg0NjUwMzg5NF5BMl5BanBnXkFtZTgwNDQ0NjcwMTE@._V1_UX67_CR0,0,67,98_AL_.jpg', 8.0, 79.0, 165167, 33395426.0, 13);
INSERT INTO MovieGenres (MovieID, GenreID) VALUES (427, 2);
INSERT INTO MovieGenres (MovieID, GenreID) VALUES (427, 17);
INSERT INTO MoviePeople (MovieID, PersonID, RoleID) VALUES (427, 911, 1);
INSERT INTO MoviePeople (MovieID, PersonID, RoleID) VALUES (427, 477, 2);
INSERT INTO MoviePeople (MovieID, PersonID, RoleID) VALUES (427, 2550, 3);
INSERT INTO MoviePeople (MovieID, PersonID, RoleID) VALUES (427, 1679, 4);
INSERT INTO MoviePeople (MovieID, PersonID, RoleID) VALUES (427, 2000, 5);

INSERT INTO Movies (MovieID, Series_Title, Released_Year, RuntimeMinutes, Overview, Poster_Link, IMDB_Rating, Meta_score, No_of_Votes, Gross_Revenue, CertificateID) VALUES (428, 'The Graduate', 1967.0, 106, 'A disillusioned college graduate finds himself torn between his older lover and her daughter.', 'https://m.media-amazon.com/images/M/MV5BMTQ0ODc4MDk4Nl5BMl5BanBnXkFtZTcwMTEzNzgzNA@@._V1_UX67_CR0,0,67,98_AL_.jpg', 8.0, 83.0, 253676, 104945305.0, 2);
INSERT INTO MovieGenres (MovieID, GenreID) VALUES (428, 5);
INSERT INTO MovieGenres (MovieID, GenreID) VALUES (428, 7);
INSERT INTO MovieGenres (MovieID, GenreID) VALUES (428, 16);
INSERT INTO MoviePeople (MovieID, PersonID, RoleID) VALUES (428, 2102, 1);
INSERT INTO MoviePeople (MovieID, PersonID, RoleID) VALUES (428, 731, 2);
INSERT INTO MoviePeople (MovieID, PersonID, RoleID) VALUES (428, 175, 3);
INSERT INTO MoviePeople (MovieID, PersonID, RoleID) VALUES (428, 1622, 4);
INSERT INTO MoviePeople (MovieID, PersonID, RoleID) VALUES (428, 3105, 5);

INSERT INTO Movies (MovieID, Series_Title, Released_Year, RuntimeMinutes, Overview, Poster_Link, IMDB_Rating, Meta_score, No_of_Votes, Gross_Revenue, CertificateID) VALUES (429, 'Who''s Afraid of Virginia Woolf?', 1966.0, 131, 'A bitter, aging couple, with the help of alcohol, use their young houseguests to fuel anguish and emotional pain towards each other over the course of a distressing night.', 'https://m.media-amazon.com/images/M/MV5BMjQ5ODI1MjQtMDc0Zi00OGQ1LWE2NTYtMTg1YTkxM2E5NzFkXkEyXkFqcGdeQXVyNTA4NzY1MzY@._V1_UX67_CR0,0,67,98_AL_.jpg', 8.0, 75.0, 68926, NULL, 2);
INSERT INTO MovieGenres (MovieID, GenreID) VALUES (429, 7);
INSERT INTO MoviePeople (MovieID, PersonID, RoleID) VALUES (429, 2102, 1);
INSERT INTO MoviePeople (MovieID, PersonID, RoleID) VALUES (429, 786, 2);
INSERT INTO MoviePeople (MovieID, PersonID, RoleID) VALUES (429, 2472, 3);
INSERT INTO MoviePeople (MovieID, PersonID, RoleID) VALUES (429, 986, 4);
INSERT INTO MoviePeople (MovieID, PersonID, RoleID) VALUES (429, 2659, 5);

INSERT INTO Movies (MovieID, Series_Title, Released_Year, RuntimeMinutes, Overview, Poster_Link, IMDB_Rating, Meta_score, No_of_Votes, Gross_Revenue, CertificateID) VALUES (430, 'The Sound of Music', 1965.0, 172, 'A woman leaves an Austrian convent to become a governess to the children of a Naval officer widower.', 'https://m.media-amazon.com/images/M/MV5BODIxNjhkYjEtYzUyMi00YTNjLWE1YjktNjAyY2I2MWNkNmNmL2ltYWdlL2ltYWdlXkEyXkFqcGdeQXVyMTQxNzMzNDI@._V1_UY98_CR1,0,67,98_AL_.jpg', 8.0, 63.0, 205425, 163214286.0, 13);
INSERT INTO MovieGenres (MovieID, GenreID) VALUES (430, 4);
INSERT INTO MovieGenres (MovieID, GenreID) VALUES (430, 7);
INSERT INTO MovieGenres (MovieID, GenreID) VALUES (430, 8);
INSERT INTO MoviePeople (MovieID, PersonID, RoleID) VALUES (430, 2540, 1);
INSERT INTO MoviePeople (MovieID, PersonID, RoleID) VALUES (430, 1563, 2);
INSERT INTO MoviePeople (MovieID, PersonID, RoleID) VALUES (430, 528, 3);
INSERT INTO MoviePeople (MovieID, PersonID, RoleID) VALUES (430, 767, 4);
INSERT INTO MoviePeople (MovieID, PersonID, RoleID) VALUES (430, 2484, 5);

INSERT INTO Movies (MovieID, Series_Title, Released_Year, RuntimeMinutes, Overview, Poster_Link, IMDB_Rating, Meta_score, No_of_Votes, Gross_Revenue, CertificateID) VALUES (431, 'Doctor Zhivago', 1965.0, 197, 'The life of a Russian physician and poet who, although married to another, falls in love with a political activist''s wife and experiences hardship during World War I and then the October Revolution.', 'https://m.media-amazon.com/images/M/MV5BNzdmZTk4MTktZmExNi00OWEwLTgxZDctNTE4NWMwNjc1Nzg2XkEyXkFqcGdeQXVyNjc1NTYyMjg@._V1_UX67_CR0,0,67,98_AL_.jpg', 8.0, 69.0, 69903, 111722000.0, 2);
INSERT INTO MovieGenres (MovieID, GenreID) VALUES (431, 7);
INSERT INTO MovieGenres (MovieID, GenreID) VALUES (431, 16);
INSERT INTO MovieGenres (MovieID, GenreID) VALUES (431, 20);
INSERT INTO MoviePeople (MovieID, PersonID, RoleID) VALUES (431, 635, 1);
INSERT INTO MoviePeople (MovieID, PersonID, RoleID) VALUES (431, 2254, 2);
INSERT INTO MoviePeople (MovieID, PersonID, RoleID) VALUES (431, 1564, 3);
INSERT INTO MoviePeople (MovieID, PersonID, RoleID) VALUES (431, 993, 4);
INSERT INTO MoviePeople (MovieID, PersonID, RoleID) VALUES (431, 2548, 5);

INSERT INTO Movies (MovieID, Series_Title, Released_Year, RuntimeMinutes, Overview, Poster_Link, IMDB_Rating, Meta_score, No_of_Votes, Gross_Revenue, CertificateID) VALUES (432, 'Per un pugno di dollari', 1964.0, 99, 'A wandering gunfighter plays two rival families against each other in a town torn apart by greed, pride, and revenge.', 'https://m.media-amazon.com/images/M/MV5BYjA1MGVlMGItNzgxMC00OWY4LWI4YjEtNTNmYWIzMGUxOGQzXkEyXkFqcGdeQXVyNjc1NTYyMjg@._V1_UY98_CR0,0,67,98_AL_.jpg', 8.0, 65.0, 198219, 14500000.0, 2);
INSERT INTO MovieGenres (MovieID, GenreID) VALUES (432, 1);
INSERT INTO MovieGenres (MovieID, GenreID) VALUES (432, 7);
INSERT INTO MovieGenres (MovieID, GenreID) VALUES (432, 21);
INSERT INTO MoviePeople (MovieID, PersonID, RoleID) VALUES (432, 2707, 1);
INSERT INTO MoviePeople (MovieID, PersonID, RoleID) VALUES (432, 547, 2);
INSERT INTO MoviePeople (MovieID, PersonID, RoleID) VALUES (432, 1000, 3);
INSERT INTO MoviePeople (MovieID, PersonID, RoleID) VALUES (432, 1913, 4);
INSERT INTO MoviePeople (MovieID, PersonID, RoleID) VALUES (432, 3124, 5);

INSERT INTO Movies (MovieID, Series_Title, Released_Year, RuntimeMinutes, Overview, Poster_Link, IMDB_Rating, Meta_score, No_of_Votes, Gross_Revenue, CertificateID) VALUES (433, '8½', 1963.0, 138, 'A harried movie director retreats into his memories and fantasies.', 'https://m.media-amazon.com/images/M/MV5BMTQ4MTA0NjEzMF5BMl5BanBnXkFtZTgwMDg4NDYxMzE@._V1_UY98_CR2,0,67,98_AL_.jpg', 8.0, 91.0, 108844, 50690.0, NULL);
INSERT INTO MovieGenres (MovieID, GenreID) VALUES (433, 7);
INSERT INTO MoviePeople (MovieID, PersonID, RoleID) VALUES (433, 862, 1);
INSERT INTO MoviePeople (MovieID, PersonID, RoleID) VALUES (433, 1897, 2);
INSERT INTO MoviePeople (MovieID, PersonID, RoleID) VALUES (433, 186, 3);
INSERT INTO MoviePeople (MovieID, PersonID, RoleID) VALUES (433, 543, 4);
INSERT INTO MoviePeople (MovieID, PersonID, RoleID) VALUES (433, 2658, 5);

INSERT INTO Movies (MovieID, Series_Title, Released_Year, RuntimeMinutes, Overview, Poster_Link, IMDB_Rating, Meta_score, No_of_Votes, Gross_Revenue, CertificateID) VALUES (434, 'Vivre sa vie: Film en douze tableaux', 1962.0, 80, 'Twelve episodic tales in the life of a Parisian woman and her slow descent into prostitution.', 'https://m.media-amazon.com/images/M/MV5BNjMyZmI5NmItY2JlMi00NzU3LWI5ZGItZjhkOTE0YjEyN2Q4XkEyXkFqcGdeQXVyNDkzNTM2ODg@._V1_UX67_CR0,0,67,98_AL_.jpg', 8.0, NULL, 28057, NULL, NULL);
INSERT INTO MovieGenres (MovieID, GenreID) VALUES (434, 7);
INSERT INTO MoviePeople (MovieID, PersonID, RoleID) VALUES (434, 1327, 1);
INSERT INTO MoviePeople (MovieID, PersonID, RoleID) VALUES (434, 171, 2);
INSERT INTO MoviePeople (MovieID, PersonID, RoleID) VALUES (434, 2622, 3);
INSERT INTO MoviePeople (MovieID, PersonID, RoleID) VALUES (434, 150, 4);
INSERT INTO MoviePeople (MovieID, PersonID, RoleID) VALUES (434, 1057, 5);

INSERT INTO Movies (MovieID, Series_Title, Released_Year, RuntimeMinutes, Overview, Poster_Link, IMDB_Rating, Meta_score, No_of_Votes, Gross_Revenue, CertificateID) VALUES (435, 'The Hustler', 1961.0, 134, 'An up-and-coming pool player plays a long-time champion in a single high-stakes match.', 'https://m.media-amazon.com/images/M/MV5BNjhjODI2NTItMGE1ZS00NThiLWE1MmYtOWE3YzcyNzY1MTJlXkEyXkFqcGdeQXVyNTc1NTQxODI@._V1_UX67_CR0,0,67,98_AL_.jpg', 8.0, 90.0, 75067, 8284000.0, 2);
INSERT INTO MovieGenres (MovieID, GenreID) VALUES (435, 7);
INSERT INTO MovieGenres (MovieID, GenreID) VALUES (435, 18);
INSERT INTO MoviePeople (MovieID, PersonID, RoleID) VALUES (435, 2531, 1);
INSERT INTO MoviePeople (MovieID, PersonID, RoleID) VALUES (435, 2311, 2);
INSERT INTO MoviePeople (MovieID, PersonID, RoleID) VALUES (435, 1222, 3);
INSERT INTO MoviePeople (MovieID, PersonID, RoleID) VALUES (435, 2373, 4);
INSERT INTO MoviePeople (MovieID, PersonID, RoleID) VALUES (435, 970, 5);

INSERT INTO Movies (MovieID, Series_Title, Released_Year, RuntimeMinutes, Overview, Poster_Link, IMDB_Rating, Meta_score, No_of_Votes, Gross_Revenue, CertificateID) VALUES (436, 'La dolce vita', 1960.0, 174, 'A series of stories following a week in the life of a philandering paparazzo journalist living in Rome.', 'https://m.media-amazon.com/images/M/MV5BODQ0NzY5NGEtYTc5NC00Yjg4LTg4Y2QtZjE2MTkyYTNmNmU2L2ltYWdlL2ltYWdlXkEyXkFqcGdeQXVyNjc1NTYyMjg@._V1_UY98_CR1,0,67,98_AL_.jpg', 8.0, 95.0, 66621, 19516000.0, 2);
INSERT INTO MovieGenres (MovieID, GenreID) VALUES (436, 5);
INSERT INTO MovieGenres (MovieID, GenreID) VALUES (436, 7);
INSERT INTO MoviePeople (MovieID, PersonID, RoleID) VALUES (436, 862, 1);
INSERT INTO MoviePeople (MovieID, PersonID, RoleID) VALUES (436, 1897, 2);
INSERT INTO MoviePeople (MovieID, PersonID, RoleID) VALUES (436, 164, 3);
INSERT INTO MoviePeople (MovieID, PersonID, RoleID) VALUES (436, 186, 4);
INSERT INTO MoviePeople (MovieID, PersonID, RoleID) VALUES (436, 3169, 5);

INSERT INTO Movies (MovieID, Series_Title, Released_Year, RuntimeMinutes, Overview, Poster_Link, IMDB_Rating, Meta_score, No_of_Votes, Gross_Revenue, CertificateID) VALUES (437, 'Rio Bravo', 1959.0, 141, 'A small-town sheriff in the American West enlists the help of a cripple, a drunk, and a young gunfighter in his efforts to hold in jail the brother of the local bad guy.', 'https://m.media-amazon.com/images/M/MV5BZDVhMTk1NjUtYjc0OS00OTE1LTk1NTYtYWMzMDI5OTlmYzU2XkEyXkFqcGdeQXVyNjc1NTYyMjg@._V1_UX67_CR0,0,67,98_AL_.jpg', 8.0, 93.0, 56305, 12535000.0, 8);
INSERT INTO MovieGenres (MovieID, GenreID) VALUES (437, 1);
INSERT INTO MovieGenres (MovieID, GenreID) VALUES (437, 7);
INSERT INTO MovieGenres (MovieID, GenreID) VALUES (437, 21);
INSERT INTO MoviePeople (MovieID, PersonID, RoleID) VALUES (437, 1137, 1);
INSERT INTO MoviePeople (MovieID, PersonID, RoleID) VALUES (437, 1492, 2);
INSERT INTO MoviePeople (MovieID, PersonID, RoleID) VALUES (437, 653, 3);
INSERT INTO MoviePeople (MovieID, PersonID, RoleID) VALUES (437, 2497, 4);
INSERT INTO MoviePeople (MovieID, PersonID, RoleID) VALUES (437, 160, 5);

INSERT INTO Movies (MovieID, Series_Title, Released_Year, RuntimeMinutes, Overview, Poster_Link, IMDB_Rating, Meta_score, No_of_Votes, Gross_Revenue, CertificateID) VALUES (438, 'Anatomy of a Murder', 1959.0, 161, 'In a murder trial, the defendant says he suffered temporary insanity after the victim raped his wife. What is the truth, and will he win his case?', 'https://m.media-amazon.com/images/M/MV5BMzM0MzE2ZTAtZTBjZS00MTk5LTg5OTEtNjNmYmQ5NzU2OTUyXkEyXkFqcGdeQXVyNDY2MTk1ODk@._V1_UX67_CR0,0,67,98_AL_.jpg', 8.0, 95.0, 59847, 11900000.0, NULL);
INSERT INTO MovieGenres (MovieID, GenreID) VALUES (438, 6);
INSERT INTO MovieGenres (MovieID, GenreID) VALUES (438, 7);
INSERT INTO MovieGenres (MovieID, GenreID) VALUES (438, 15);
INSERT INTO MoviePeople (MovieID, PersonID, RoleID) VALUES (438, 2265, 1);
INSERT INTO MoviePeople (MovieID, PersonID, RoleID) VALUES (438, 1263, 2);
INSERT INTO MoviePeople (MovieID, PersonID, RoleID) VALUES (438, 1753, 3);
INSERT INTO MoviePeople (MovieID, PersonID, RoleID) VALUES (438, 281, 4);
INSERT INTO MoviePeople (MovieID, PersonID, RoleID) VALUES (438, 229, 5);

INSERT INTO Movies (MovieID, Series_Title, Released_Year, RuntimeMinutes, Overview, Poster_Link, IMDB_Rating, Meta_score, No_of_Votes, Gross_Revenue, CertificateID) VALUES (439, 'Touch of Evil', 1958.0, 95, 'A stark, perverse story of murder, kidnapping, and police corruption in a Mexican border town.', 'https://m.media-amazon.com/images/M/MV5BOTA1MjA3M2EtMmJjZS00OWViLTkwMTEtM2E5ZDk0NTAyNGJiXkEyXkFqcGdeQXVyNzkwMjQ5NzM@._V1_UX67_CR0,0,67,98_AL_.jpg', 8.0, 99.0, 98431, 2237659.0, 7);
INSERT INTO MovieGenres (MovieID, GenreID) VALUES (439, 6);
INSERT INTO MovieGenres (MovieID, GenreID) VALUES (439, 7);
INSERT INTO MovieGenres (MovieID, GenreID) VALUES (439, 10);
INSERT INTO MoviePeople (MovieID, PersonID, RoleID) VALUES (439, 2259, 1);
INSERT INTO MoviePeople (MovieID, PersonID, RoleID) VALUES (439, 477, 2);
INSERT INTO MoviePeople (MovieID, PersonID, RoleID) VALUES (439, 2259, 3);
INSERT INTO MoviePeople (MovieID, PersonID, RoleID) VALUES (439, 1286, 4);
INSERT INTO MoviePeople (MovieID, PersonID, RoleID) VALUES (439, 1518, 5);

INSERT INTO Movies (MovieID, Series_Title, Released_Year, RuntimeMinutes, Overview, Poster_Link, IMDB_Rating, Meta_score, No_of_Votes, Gross_Revenue, CertificateID) VALUES (440, 'Cat on a Hot Tin Roof', 1958.0, 108, 'Brick is an alcoholic ex-football player who drinks his days away and resists the affections of his wife. A reunion with his terminal father jogs a host of memories and revelations for both father and son.', 'https://m.media-amazon.com/images/M/MV5BMzFhNTMwNDMtZjY3Yy00NzY3LWI1ZWQtZTQxMWJmODVhZWFkXkEyXkFqcGdeQXVyNjQzNDI3NzY@._V1_UX67_CR0,0,67,98_AL_.jpg', 8.0, 84.0, 45062, 17570324.0, 2);
INSERT INTO MovieGenres (MovieID, GenreID) VALUES (440, 7);
INSERT INTO MoviePeople (MovieID, PersonID, RoleID) VALUES (440, 2471, 1);
INSERT INTO MoviePeople (MovieID, PersonID, RoleID) VALUES (440, 786, 2);
INSERT INTO MoviePeople (MovieID, PersonID, RoleID) VALUES (440, 2311, 3);
INSERT INTO MoviePeople (MovieID, PersonID, RoleID) VALUES (440, 397, 4);
INSERT INTO MoviePeople (MovieID, PersonID, RoleID) VALUES (440, 1208, 5);

INSERT INTO Movies (MovieID, Series_Title, Released_Year, RuntimeMinutes, Overview, Poster_Link, IMDB_Rating, Meta_score, No_of_Votes, Gross_Revenue, CertificateID) VALUES (441, 'Sweet Smell of Success', 1957.0, 96, 'Powerful but unethical Broadway columnist J.J. Hunsecker coerces unscrupulous press agent Sidney Falco into breaking up his sister''s romance with a jazz musician.', 'https://m.media-amazon.com/images/M/MV5BMjE5NTU3YWYtOWIxNi00YWZhLTg2NzktYzVjZWY5MDQ4NzVlXkEyXkFqcGdeQXVyNjc1NTYyMjg@._V1_UX67_CR0,0,67,98_AL_.jpg', 8.0, 100.0, 28137, NULL, 3);
INSERT INTO MovieGenres (MovieID, GenreID) VALUES (441, 7);
INSERT INTO MovieGenres (MovieID, GenreID) VALUES (441, 10);
INSERT INTO MoviePeople (MovieID, PersonID, RoleID) VALUES (441, 83, 1);
INSERT INTO MoviePeople (MovieID, PersonID, RoleID) VALUES (441, 398, 2);
INSERT INTO MoviePeople (MovieID, PersonID, RoleID) VALUES (441, 2972, 3);
INSERT INTO MoviePeople (MovieID, PersonID, RoleID) VALUES (441, 2832, 4);
INSERT INTO MoviePeople (MovieID, PersonID, RoleID) VALUES (441, 1953, 5);

INSERT INTO Movies (MovieID, Series_Title, Released_Year, RuntimeMinutes, Overview, Poster_Link, IMDB_Rating, Meta_score, No_of_Votes, Gross_Revenue, CertificateID) VALUES (442, 'The Killing', 1956.0, 84, 'Crook Johnny Clay assembles a five man team to plan and execute a daring race-track robbery.', 'https://m.media-amazon.com/images/M/MV5BMDE5ZjAwY2YtOWM5Yi00ZWNlLWE5ODQtYjA4NzA1NGFkZDU5XkEyXkFqcGdeQXVyNjc1NTYyMjg@._V1_UX67_CR0,0,67,98_AL_.jpg', 8.0, 91.0, 81702, NULL, 3);
INSERT INTO MovieGenres (MovieID, GenreID) VALUES (442, 6);
INSERT INTO MovieGenres (MovieID, GenreID) VALUES (442, 7);
INSERT INTO MovieGenres (MovieID, GenreID) VALUES (442, 10);
INSERT INTO MoviePeople (MovieID, PersonID, RoleID) VALUES (442, 2794, 1);
INSERT INTO MoviePeople (MovieID, PersonID, RoleID) VALUES (442, 2809, 2);
INSERT INTO MoviePeople (MovieID, PersonID, RoleID) VALUES (442, 550, 3);
INSERT INTO MoviePeople (MovieID, PersonID, RoleID) VALUES (442, 3042, 4);
INSERT INTO MoviePeople (MovieID, PersonID, RoleID) VALUES (442, 1307, 5);

INSERT INTO Movies (MovieID, Series_Title, Released_Year, RuntimeMinutes, Overview, Poster_Link, IMDB_Rating, Meta_score, No_of_Votes, Gross_Revenue, CertificateID) VALUES (443, 'The Night of the Hunter', 1955.0, 92, 'A religious fanatic marries a gullible widow whose young children are reluctant to tell him where their real daddy hid the $10,000 he''d stolen in a robbery.', 'https://m.media-amazon.com/images/M/MV5BYTNjN2M2MzYtZGEwMi00Mzc5LWEwYTMtODM1ZmRiZjFiNTU0L2ltYWdlL2ltYWdlXkEyXkFqcGdeQXVyNjc1NTYyMjg@._V1_UX67_CR0,0,67,98_AL_.jpg', 8.0, 99.0, 81980, 654000.0, NULL);
INSERT INTO MovieGenres (MovieID, GenreID) VALUES (443, 6);
INSERT INTO MovieGenres (MovieID, GenreID) VALUES (443, 7);
INSERT INTO MovieGenres (MovieID, GenreID) VALUES (443, 10);
INSERT INTO MoviePeople (MovieID, PersonID, RoleID) VALUES (443, 463, 1);
INSERT INTO MoviePeople (MovieID, PersonID, RoleID) VALUES (443, 2525, 2);
INSERT INTO MoviePeople (MovieID, PersonID, RoleID) VALUES (443, 2728, 3);
INSERT INTO MoviePeople (MovieID, PersonID, RoleID) VALUES (443, 1795, 4);
INSERT INTO MoviePeople (MovieID, PersonID, RoleID) VALUES (443, 1249, 5);

INSERT INTO Movies (MovieID, Series_Title, Released_Year, RuntimeMinutes, Overview, Poster_Link, IMDB_Rating, Meta_score, No_of_Votes, Gross_Revenue, CertificateID) VALUES (444, 'La Strada', 1954.0, 108, 'A care-free girl is sold to a traveling entertainer, consequently enduring physical and emotional pain along the way.', 'https://m.media-amazon.com/images/M/MV5BYjUyOGMyMTQtYTM5Yy00MjFiLTk2OGItMWYwMDc2YmM1YzhiXkEyXkFqcGdeQXVyMjA0MzYwMDY@._V1_UY98_CR2,0,67,98_AL_.jpg', 8.0, NULL, 58314, NULL, NULL);
INSERT INTO MovieGenres (MovieID, GenreID) VALUES (444, 7);
INSERT INTO MoviePeople (MovieID, PersonID, RoleID) VALUES (444, 862, 1);
INSERT INTO MoviePeople (MovieID, PersonID, RoleID) VALUES (444, 196, 2);
INSERT INTO MoviePeople (MovieID, PersonID, RoleID) VALUES (444, 1009, 3);
INSERT INTO MoviePeople (MovieID, PersonID, RoleID) VALUES (444, 2469, 4);
INSERT INTO MoviePeople (MovieID, PersonID, RoleID) VALUES (444, 64, 5);

INSERT INTO Movies (MovieID, Series_Title, Released_Year, RuntimeMinutes, Overview, Poster_Link, IMDB_Rating, Meta_score, No_of_Votes, Gross_Revenue, CertificateID) VALUES (445, 'Les diaboliques', 1955.0, 117, 'The wife and mistress of a loathed school principal plan to murder him with what they believe is the perfect alibi.', 'https://m.media-amazon.com/images/M/MV5BMGJmNmU5OTAtOTQyYy00MmM3LTk4MzUtMGFiZDYzODdmMmU4XkEyXkFqcGdeQXVyNjU0OTQ0OTY@._V1_UY98_CR3,0,67,98_AL_.jpg', 8.0, NULL, 61503, NULL, NULL);
INSERT INTO MovieGenres (MovieID, GenreID) VALUES (445, 6);
INSERT INTO MovieGenres (MovieID, GenreID) VALUES (445, 7);
INSERT INTO MovieGenres (MovieID, GenreID) VALUES (445, 12);
INSERT INTO MoviePeople (MovieID, PersonID, RoleID) VALUES (445, 1106, 1);
INSERT INTO MoviePeople (MovieID, PersonID, RoleID) VALUES (445, 2760, 2);
INSERT INTO MoviePeople (MovieID, PersonID, RoleID) VALUES (445, 3063, 3);
INSERT INTO MoviePeople (MovieID, PersonID, RoleID) VALUES (445, 2309, 4);
INSERT INTO MoviePeople (MovieID, PersonID, RoleID) VALUES (445, 466, 5);

INSERT INTO Movies (MovieID, Series_Title, Released_Year, RuntimeMinutes, Overview, Poster_Link, IMDB_Rating, Meta_score, No_of_Votes, Gross_Revenue, CertificateID) VALUES (446, 'Stalag 17', 1953.0, 120, 'When two escaping American World War II prisoners are killed, the German P.O.W. camp barracks black marketeer, J.J. Sefton, is suspected of being an informer.', 'https://m.media-amazon.com/images/M/MV5BNDMyNGU0NjUtNTIxMC00ZmU2LWE0ZGItZTdkNGVlODI2ZDcyL2ltYWdlXkEyXkFqcGdeQXVyNjc1NTYyMjg@._V1_UX67_CR0,0,67,98_AL_.jpg', 8.0, 84.0, 51046, NULL, NULL);
INSERT INTO MovieGenres (MovieID, GenreID) VALUES (446, 5);
INSERT INTO MovieGenres (MovieID, GenreID) VALUES (446, 7);
INSERT INTO MovieGenres (MovieID, GenreID) VALUES (446, 20);
INSERT INTO MoviePeople (MovieID, PersonID, RoleID) VALUES (446, 316, 1);
INSERT INTO MoviePeople (MovieID, PersonID, RoleID) VALUES (446, 3111, 2);
INSERT INTO MoviePeople (MovieID, PersonID, RoleID) VALUES (446, 711, 3);
INSERT INTO MoviePeople (MovieID, PersonID, RoleID) VALUES (446, 2265, 4);
INSERT INTO MoviePeople (MovieID, PersonID, RoleID) VALUES (446, 2537, 5);

INSERT INTO Movies (MovieID, Series_Title, Released_Year, RuntimeMinutes, Overview, Poster_Link, IMDB_Rating, Meta_score, No_of_Votes, Gross_Revenue, CertificateID) VALUES (447, 'Roman Holiday', 1953.0, 118, 'A bored and sheltered princess escapes her guardians and falls in love with an American newsman in Rome.', 'https://m.media-amazon.com/images/M/MV5BMTE2MDM4MTMtZmNkZC00Y2QyLWE0YjUtMTAxZGJmODMxMDM0XkEyXkFqcGdeQXVyNjc1NTYyMjg@._V1_UX67_CR0,0,67,98_AL_.jpg', 8.0, 78.0, 127256, NULL, NULL);
INSERT INTO MovieGenres (MovieID, GenreID) VALUES (447, 5);
INSERT INTO MovieGenres (MovieID, GenreID) VALUES (447, 16);
INSERT INTO MoviePeople (MovieID, PersonID, RoleID) VALUES (447, 3118, 1);
INSERT INTO MoviePeople (MovieID, PersonID, RoleID) VALUES (447, 1039, 2);
INSERT INTO MoviePeople (MovieID, PersonID, RoleID) VALUES (447, 241, 3);
INSERT INTO MoviePeople (MovieID, PersonID, RoleID) VALUES (447, 737, 4);
INSERT INTO MoviePeople (MovieID, PersonID, RoleID) VALUES (447, 1086, 5);

INSERT INTO Movies (MovieID, Series_Title, Released_Year, RuntimeMinutes, Overview, Poster_Link, IMDB_Rating, Meta_score, No_of_Votes, Gross_Revenue, CertificateID) VALUES (448, 'A Streetcar Named Desire', 1951.0, 122, 'Disturbed Blanche DuBois moves in with her sister in New Orleans and is tormented by her brutish brother-in-law while her reality crumbles around her.', 'https://m.media-amazon.com/images/M/MV5BNzk2M2Y3MzYtNGMzMi00Y2FjLTkwODQtNmExYWU3ZWY3NzExXkEyXkFqcGdeQXVyNTA4NzY1MzY@._V1_UX67_CR0,0,67,98_AL_.jpg', 8.0, 97.0, 99182, 8000000.0, 2);
INSERT INTO MovieGenres (MovieID, GenreID) VALUES (448, 7);
INSERT INTO MoviePeople (MovieID, PersonID, RoleID) VALUES (448, 775, 1);
INSERT INTO MoviePeople (MovieID, PersonID, RoleID) VALUES (448, 3056, 2);
INSERT INTO MoviePeople (MovieID, PersonID, RoleID) VALUES (448, 1944, 3);
INSERT INTO MoviePeople (MovieID, PersonID, RoleID) VALUES (448, 1679, 4);
INSERT INTO MoviePeople (MovieID, PersonID, RoleID) VALUES (448, 1611, 5);

INSERT INTO Movies (MovieID, Series_Title, Released_Year, RuntimeMinutes, Overview, Poster_Link, IMDB_Rating, Meta_score, No_of_Votes, Gross_Revenue, CertificateID) VALUES (449, 'In a Lonely Place', 1950.0, 94, 'A potentially violent screenwriter is a murder suspect until his lovely neighbor clears him. However, she soon starts to have her doubts.', 'https://m.media-amazon.com/images/M/MV5BNjRmZjcwZTQtYWY0ZS00ODAwLTg4YTktZDhlZDMwMTM1MGFkXkEyXkFqcGdeQXVyNjc1NTYyMjg@._V1_UX67_CR0,0,67,98_AL_.jpg', 8.0, NULL, 26784, NULL, NULL);
INSERT INTO MovieGenres (MovieID, GenreID) VALUES (449, 7);
INSERT INTO MovieGenres (MovieID, GenreID) VALUES (449, 10);
INSERT INTO MovieGenres (MovieID, GenreID) VALUES (449, 15);
INSERT INTO MoviePeople (MovieID, PersonID, RoleID) VALUES (449, 2193, 1);
INSERT INTO MoviePeople (MovieID, PersonID, RoleID) VALUES (449, 1152, 2);
INSERT INTO MoviePeople (MovieID, PersonID, RoleID) VALUES (449, 1017, 3);
INSERT INTO MoviePeople (MovieID, PersonID, RoleID) VALUES (449, 902, 4);
INSERT INTO MoviePeople (MovieID, PersonID, RoleID) VALUES (449, 419, 5);

INSERT INTO Movies (MovieID, Series_Title, Released_Year, RuntimeMinutes, Overview, Poster_Link, IMDB_Rating, Meta_score, No_of_Votes, Gross_Revenue, CertificateID) VALUES (450, 'Kind Hearts and Coronets', 1949.0, 106, 'A distant poor relative of the Duke D''Ascoyne plots to inherit the title by murdering the eight other heirs who stand ahead of him in the line of succession.', 'https://m.media-amazon.com/images/M/MV5BZjc1Yzc0ZmItMzU1OS00OWVlLThmYTctMWNlYmFlMjkxMzc0XkEyXkFqcGdeQXVyNTA1NjYyMDk@._V1_UY98_CR32,0,67,98_AL_.jpg', 8.0, NULL, 34485, NULL, 13);
INSERT INTO MovieGenres (MovieID, GenreID) VALUES (450, 5);
INSERT INTO MovieGenres (MovieID, GenreID) VALUES (450, 6);
INSERT INTO MoviePeople (MovieID, PersonID, RoleID) VALUES (450, 2522, 1);
INSERT INTO MoviePeople (MovieID, PersonID, RoleID) VALUES (450, 673, 2);
INSERT INTO MoviePeople (MovieID, PersonID, RoleID) VALUES (450, 67, 3);
INSERT INTO MoviePeople (MovieID, PersonID, RoleID) VALUES (450, 3015, 4);
INSERT INTO MoviePeople (MovieID, PersonID, RoleID) VALUES (450, 1405, 5);

INSERT INTO Movies (MovieID, Series_Title, Released_Year, RuntimeMinutes, Overview, Poster_Link, IMDB_Rating, Meta_score, No_of_Votes, Gross_Revenue, CertificateID) VALUES (451, 'Rope', 1948.0, 80, 'Two men attempt to prove they committed the perfect crime by hosting a dinner party after strangling their former classmate to death.', 'https://m.media-amazon.com/images/M/MV5BYWFjMDNlYzItY2VlMS00ZTRkLWJjYTEtYjI5NmFlMGE3MzQ2XkEyXkFqcGdeQXVyNjc1NTYyMjg@._V1_UX67_CR0,0,67,98_AL_.jpg', 8.0, 73.0, 129783, NULL, 2);
INSERT INTO MovieGenres (MovieID, GenreID) VALUES (451, 6);
INSERT INTO MovieGenres (MovieID, GenreID) VALUES (451, 7);
INSERT INTO MovieGenres (MovieID, GenreID) VALUES (451, 15);
INSERT INTO MoviePeople (MovieID, PersonID, RoleID) VALUES (451, 93, 1);
INSERT INTO MoviePeople (MovieID, PersonID, RoleID) VALUES (451, 1263, 2);
INSERT INTO MoviePeople (MovieID, PersonID, RoleID) VALUES (451, 1442, 3);
INSERT INTO MoviePeople (MovieID, PersonID, RoleID) VALUES (451, 856, 4);
INSERT INTO MoviePeople (MovieID, PersonID, RoleID) VALUES (451, 688, 5);

INSERT INTO Movies (MovieID, Series_Title, Released_Year, RuntimeMinutes, Overview, Poster_Link, IMDB_Rating, Meta_score, No_of_Votes, Gross_Revenue, CertificateID) VALUES (452, 'Out of the Past', 1947.0, 97, 'A private eye escapes his past to run a gas station in a small town, but his past catches up with him. Now he must return to the big city world of danger, corruption, double crosses and duplicitous dames.', 'https://m.media-amazon.com/images/M/MV5BMDE0MjYxYmMtM2VhMC00MjhiLTg5NjItMDkzZGM5MGVlYjMxL2ltYWdlL2ltYWdlXkEyXkFqcGdeQXVyNjc1NTYyMjg@._V1_UX67_CR0,0,67,98_AL_.jpg', 8.0, NULL, 32784, NULL, NULL);
INSERT INTO MovieGenres (MovieID, GenreID) VALUES (452, 6);
INSERT INTO MovieGenres (MovieID, GenreID) VALUES (452, 7);
INSERT INTO MovieGenres (MovieID, GenreID) VALUES (452, 10);
INSERT INTO MoviePeople (MovieID, PersonID, RoleID) VALUES (452, 1227, 1);
INSERT INTO MoviePeople (MovieID, PersonID, RoleID) VALUES (452, 2525, 2);
INSERT INTO MoviePeople (MovieID, PersonID, RoleID) VALUES (452, 1281, 3);
INSERT INTO MoviePeople (MovieID, PersonID, RoleID) VALUES (452, 1692, 4);
INSERT INTO MoviePeople (MovieID, PersonID, RoleID) VALUES (452, 2460, 5);

INSERT INTO Movies (MovieID, Series_Title, Released_Year, RuntimeMinutes, Overview, Poster_Link, IMDB_Rating, Meta_score, No_of_Votes, Gross_Revenue, CertificateID) VALUES (453, 'Brief Encounter', 1945.0, 86, 'Meeting a stranger in a railway station, a woman is tempted to cheat on her husband.', 'https://m.media-amazon.com/images/M/MV5BYWQ0MGNjOTYtMWJlNi00YWMxLWFmMzktYjAyNTVkY2U1NWNhL2ltYWdlL2ltYWdlXkEyXkFqcGdeQXVyNjc1NTYyMjg@._V1_UX67_CR0,0,67,98_AL_.jpg', 8.0, 92.0, 35601, NULL, 13);
INSERT INTO MovieGenres (MovieID, GenreID) VALUES (453, 7);
INSERT INTO MovieGenres (MovieID, GenreID) VALUES (453, 16);
INSERT INTO MoviePeople (MovieID, PersonID, RoleID) VALUES (453, 635, 1);
INSERT INTO MoviePeople (MovieID, PersonID, RoleID) VALUES (453, 455, 2);
INSERT INTO MoviePeople (MovieID, PersonID, RoleID) VALUES (453, 2985, 3);
INSERT INTO MoviePeople (MovieID, PersonID, RoleID) VALUES (453, 2792, 4);
INSERT INTO MoviePeople (MovieID, PersonID, RoleID) VALUES (453, 1540, 5);

INSERT INTO Movies (MovieID, Series_Title, Released_Year, RuntimeMinutes, Overview, Poster_Link, IMDB_Rating, Meta_score, No_of_Votes, Gross_Revenue, CertificateID) VALUES (454, 'Laura', 1944.0, 88, 'A police detective falls in love with the woman whose murder he is investigating.', 'https://m.media-amazon.com/images/M/MV5BYjkxOGM5OTktNTRmZi00MjhlLWE2MDktNzY3NjY3NmRjNDUyXkEyXkFqcGdeQXVyNDY2MTk1ODk@._V1_UX67_CR0,0,67,98_AL_.jpg', 8.0, NULL, 42725, 4360000.0, 8);
INSERT INTO MovieGenres (MovieID, GenreID) VALUES (454, 7);
INSERT INTO MovieGenres (MovieID, GenreID) VALUES (454, 10);
INSERT INTO MovieGenres (MovieID, GenreID) VALUES (454, 15);
INSERT INTO MoviePeople (MovieID, PersonID, RoleID) VALUES (454, 2265, 1);
INSERT INTO MoviePeople (MovieID, PersonID, RoleID) VALUES (454, 964, 2);
INSERT INTO MoviePeople (MovieID, PersonID, RoleID) VALUES (454, 588, 3);
INSERT INTO MoviePeople (MovieID, PersonID, RoleID) VALUES (454, 546, 4);
INSERT INTO MoviePeople (MovieID, PersonID, RoleID) VALUES (454, 3047, 5);

INSERT INTO Movies (MovieID, Series_Title, Released_Year, RuntimeMinutes, Overview, Poster_Link, IMDB_Rating, Meta_score, No_of_Votes, Gross_Revenue, CertificateID) VALUES (455, 'The Best Years of Our Lives', 1946.0, 170, 'Three World War II veterans return home to small-town America to discover that they and their families have been irreparably changed.', 'https://m.media-amazon.com/images/M/MV5BY2RmNTRjYzctODI4Ni00MzQyLWEyNTAtNjU0N2JkMTNhNjJkXkEyXkFqcGdeQXVyNjU0OTQ0OTY@._V1_UX67_CR0,0,67,98_AL_.jpg', 8.0, 93.0, 57259, 23650000.0, 3);
INSERT INTO MovieGenres (MovieID, GenreID) VALUES (455, 7);
INSERT INTO MovieGenres (MovieID, GenreID) VALUES (455, 16);
INSERT INTO MovieGenres (MovieID, GenreID) VALUES (455, 20);
INSERT INTO MoviePeople (MovieID, PersonID, RoleID) VALUES (455, 3118, 1);
INSERT INTO MoviePeople (MovieID, PersonID, RoleID) VALUES (455, 2151, 2);
INSERT INTO MoviePeople (MovieID, PersonID, RoleID) VALUES (455, 588, 3);
INSERT INTO MoviePeople (MovieID, PersonID, RoleID) VALUES (455, 923, 4);
INSERT INTO MoviePeople (MovieID, PersonID, RoleID) VALUES (455, 2888, 5);

INSERT INTO Movies (MovieID, Series_Title, Released_Year, RuntimeMinutes, Overview, Poster_Link, IMDB_Rating, Meta_score, No_of_Votes, Gross_Revenue, CertificateID) VALUES (456, 'Arsenic and Old Lace', 1942.0, 118, 'A writer of books on the futility of marriage risks his reputation when he decides to get married. Things get even more complicated when he learns on his wedding day that his beloved maiden aunts are habitual murderers.', 'https://m.media-amazon.com/images/M/MV5BZDVlNTBjMjctNjAzNS00ZGJhLTg2NzMtNzIwYTIzYTBiMDkyXkEyXkFqcGdeQXVyNTA4NzY1MzY@._V1_UX67_CR0,0,67,98_AL_.jpg', 8.0, NULL, 65101, NULL, NULL);
INSERT INTO MovieGenres (MovieID, GenreID) VALUES (456, 5);
INSERT INTO MovieGenres (MovieID, GenreID) VALUES (456, 6);
INSERT INTO MovieGenres (MovieID, GenreID) VALUES (456, 19);
INSERT INTO MoviePeople (MovieID, PersonID, RoleID) VALUES (456, 897, 1);
INSERT INTO MoviePeople (MovieID, PersonID, RoleID) VALUES (456, 440, 2);
INSERT INTO MoviePeople (MovieID, PersonID, RoleID) VALUES (456, 2382, 3);
INSERT INTO MoviePeople (MovieID, PersonID, RoleID) VALUES (456, 2442, 4);
INSERT INTO MoviePeople (MovieID, PersonID, RoleID) VALUES (456, 1208, 5);

INSERT INTO Movies (MovieID, Series_Title, Released_Year, RuntimeMinutes, Overview, Poster_Link, IMDB_Rating, Meta_score, No_of_Votes, Gross_Revenue, CertificateID) VALUES (457, 'The Maltese Falcon', 1941.0, 100, 'A private detective takes on a case that involves him with three eccentric criminals, a gorgeous liar, and their quest for a priceless statuette.', 'https://m.media-amazon.com/images/M/MV5BZjIwNGM1ZTUtOThjYS00NDdiLTk2ZDYtNGY5YjJkNzliM2JjL2ltYWdlL2ltYWdlXkEyXkFqcGdeQXVyMDI2NDg0NQ@@._V1_UX67_CR0,0,67,98_AL_.jpg', 8.0, 96.0, 148928, 2108060.0, NULL);
INSERT INTO MovieGenres (MovieID, GenreID) VALUES (457, 10);
INSERT INTO MovieGenres (MovieID, GenreID) VALUES (457, 15);
INSERT INTO MoviePeople (MovieID, PersonID, RoleID) VALUES (457, 1461, 1);
INSERT INTO MoviePeople (MovieID, PersonID, RoleID) VALUES (457, 1152, 2);
INSERT INTO MoviePeople (MovieID, PersonID, RoleID) VALUES (457, 1961, 3);
INSERT INTO MoviePeople (MovieID, PersonID, RoleID) VALUES (457, 1013, 4);
INSERT INTO MoviePeople (MovieID, PersonID, RoleID) VALUES (457, 2346, 5);

INSERT INTO Movies (MovieID, Series_Title, Released_Year, RuntimeMinutes, Overview, Poster_Link, IMDB_Rating, Meta_score, No_of_Votes, Gross_Revenue, CertificateID) VALUES (458, 'The Grapes of Wrath', 1940.0, 129, 'A poor Midwest family is forced off their land. They travel to California, suffering the misfortunes of the homeless in the Great Depression.', 'https://m.media-amazon.com/images/M/MV5BNzJiOGI2MjctYjUyMS00ZjkzLWE2ZmUtOTg4NTZkOTNhZDc1L2ltYWdlXkEyXkFqcGdeQXVyNjc1NTYyMjg@._V1_UX67_CR0,0,67,98_AL_.jpg', 8.0, 96.0, 85559, 55000.0, 8);
INSERT INTO MovieGenres (MovieID, GenreID) VALUES (458, 7);
INSERT INTO MovieGenres (MovieID, GenreID) VALUES (458, 11);
INSERT INTO MoviePeople (MovieID, PersonID, RoleID) VALUES (458, 1444, 1);
INSERT INTO MoviePeople (MovieID, PersonID, RoleID) VALUES (458, 1112, 2);
INSERT INTO MoviePeople (MovieID, PersonID, RoleID) VALUES (458, 1278, 3);
INSERT INTO MoviePeople (MovieID, PersonID, RoleID) VALUES (458, 1435, 4);
INSERT INTO MoviePeople (MovieID, PersonID, RoleID) VALUES (458, 468, 5);

INSERT INTO Movies (MovieID, Series_Title, Released_Year, RuntimeMinutes, Overview, Poster_Link, IMDB_Rating, Meta_score, No_of_Votes, Gross_Revenue, CertificateID) VALUES (459, 'The Wizard of Oz', 1939.0, 102, 'Dorothy Gale is swept away from a farm in Kansas to a magical land of Oz in a tornado and embarks on a quest with her new friends to see the Wizard who can help her return home to Kansas and help her friends as well.', 'https://m.media-amazon.com/images/M/MV5BNjUyMTc4MDExMV5BMl5BanBnXkFtZTgwNDg0NDIwMjE@._V1_UX67_CR0,0,67,98_AL_.jpg', 8.0, 92.0, 371379, 2076020.0, 13);
INSERT INTO MovieGenres (MovieID, GenreID) VALUES (459, 2);
INSERT INTO MovieGenres (MovieID, GenreID) VALUES (459, 8);
INSERT INTO MovieGenres (MovieID, GenreID) VALUES (459, 9);
INSERT INTO MoviePeople (MovieID, PersonID, RoleID) VALUES (459, 3028, 1);
INSERT INTO MoviePeople (MovieID, PersonID, RoleID) VALUES (459, 972, 2);
INSERT INTO MoviePeople (MovieID, PersonID, RoleID) VALUES (459, 2035, 3);
INSERT INTO MoviePeople (MovieID, PersonID, RoleID) VALUES (459, 2230, 4);
INSERT INTO MoviePeople (MovieID, PersonID, RoleID) VALUES (459, 2494, 5);

INSERT INTO Movies (MovieID, Series_Title, Released_Year, RuntimeMinutes, Overview, Poster_Link, IMDB_Rating, Meta_score, No_of_Votes, Gross_Revenue, CertificateID) VALUES (460, 'La règle du jeu', 1939.0, 110, 'A bourgeois life in France at the onset of World War II, as the rich and their poor servants meet up at a French chateau.', 'https://m.media-amazon.com/images/M/MV5BYTE4NjYxMGEtZmQxZi00YWVmLWJjZTctYTJmNDFmZGEwNDVhXkEyXkFqcGdeQXVyNzkwMjQ5NzM@._V1_UY98_CR2,0,67,98_AL_.jpg', 8.0, NULL, 26725, NULL, NULL);
INSERT INTO MovieGenres (MovieID, GenreID) VALUES (460, 5);
INSERT INTO MovieGenres (MovieID, GenreID) VALUES (460, 7);
INSERT INTO MoviePeople (MovieID, PersonID, RoleID) VALUES (460, 1317, 1);
INSERT INTO MoviePeople (MovieID, PersonID, RoleID) VALUES (460, 1896, 2);
INSERT INTO MoviePeople (MovieID, PersonID, RoleID) VALUES (460, 2222, 3);
INSERT INTO MoviePeople (MovieID, PersonID, RoleID) VALUES (460, 2320, 4);
INSERT INTO MoviePeople (MovieID, PersonID, RoleID) VALUES (460, 2107, 5);

INSERT INTO Movies (MovieID, Series_Title, Released_Year, RuntimeMinutes, Overview, Poster_Link, IMDB_Rating, Meta_score, No_of_Votes, Gross_Revenue, CertificateID) VALUES (461, 'The Thin Man', 1934.0, 91, 'Former detective Nick Charles and his wealthy wife Nora investigate a murder case, mostly for the fun of it.', 'https://m.media-amazon.com/images/M/MV5BYmFlOWMwMjAtMDMyMC00N2JjLTllODUtZjY3YWU3NGRkM2I2L2ltYWdlXkEyXkFqcGdeQXVyMjUxODE0MDY@._V1_UX67_CR0,0,67,98_AL_.jpg', 8.0, 86.0, 26642, NULL, 12);
INSERT INTO MovieGenres (MovieID, GenreID) VALUES (461, 5);
INSERT INTO MovieGenres (MovieID, GenreID) VALUES (461, 6);
INSERT INTO MovieGenres (MovieID, GenreID) VALUES (461, 15);
INSERT INTO MoviePeople (MovieID, PersonID, RoleID) VALUES (461, 3064, 1);
INSERT INTO MoviePeople (MovieID, PersonID, RoleID) VALUES (461, 3114, 2);
INSERT INTO MoviePeople (MovieID, PersonID, RoleID) VALUES (461, 2151, 3);
INSERT INTO MoviePeople (MovieID, PersonID, RoleID) VALUES (461, 1999, 4);
INSERT INTO MoviePeople (MovieID, PersonID, RoleID) VALUES (461, 2169, 5);

INSERT INTO Movies (MovieID, Series_Title, Released_Year, RuntimeMinutes, Overview, Poster_Link, IMDB_Rating, Meta_score, No_of_Votes, Gross_Revenue, CertificateID) VALUES (462, 'All Quiet on the Western Front', 1930.0, 152, 'A German youth eagerly enters World War I, but his enthusiasm wanes as he gets a firsthand view of the horror.', 'https://m.media-amazon.com/images/M/MV5BMzg2MWQ4MDEtOGZlNi00MTg0LWIwMjQtYWY5NTQwYmUzMWNmXkEyXkFqcGdeQXVyMzg2MzE2OTE@._V1_UX67_CR0,0,67,98_AL_.jpg', 8.0, 91.0, 57318, 3270000.0, 13);
INSERT INTO MovieGenres (MovieID, GenreID) VALUES (462, 7);
INSERT INTO MovieGenres (MovieID, GenreID) VALUES (462, 20);
INSERT INTO MoviePeople (MovieID, PersonID, RoleID) VALUES (462, 1785, 1);
INSERT INTO MoviePeople (MovieID, PersonID, RoleID) VALUES (462, 1783, 2);
INSERT INTO MoviePeople (MovieID, PersonID, RoleID) VALUES (462, 1833, 3);
INSERT INTO MoviePeople (MovieID, PersonID, RoleID) VALUES (462, 1495, 4);
INSERT INTO MoviePeople (MovieID, PersonID, RoleID) VALUES (462, 223, 5);

INSERT INTO Movies (MovieID, Series_Title, Released_Year, RuntimeMinutes, Overview, Poster_Link, IMDB_Rating, Meta_score, No_of_Votes, Gross_Revenue, CertificateID) VALUES (463, 'Bronenosets Potemkin', 1925.0, 75, 'In the midst of the Russian Revolution of 1905, the crew of the battleship Potemkin mutiny against the brutal, tyrannical regime of the vessel''s officers. The resulting street demonstration in Odessa brings on a police massacre.', 'https://m.media-amazon.com/images/M/MV5BMTEyMTQzMjQ0MTJeQTJeQWpwZ15BbWU4MDcyMjg4OTEx._V1_UY98_CR1,0,67,98_AL_.jpg', 8.0, 97.0, 53054, 50970.0, NULL);
INSERT INTO MovieGenres (MovieID, GenreID) VALUES (463, 7);
INSERT INTO MovieGenres (MovieID, GenreID) VALUES (463, 11);
INSERT INTO MovieGenres (MovieID, GenreID) VALUES (463, 19);
INSERT INTO MoviePeople (MovieID, PersonID, RoleID) VALUES (463, 2705, 1);
INSERT INTO MoviePeople (MovieID, PersonID, RoleID) VALUES (463, 72, 2);
INSERT INTO MoviePeople (MovieID, PersonID, RoleID) VALUES (463, 3059, 3);
INSERT INTO MoviePeople (MovieID, PersonID, RoleID) VALUES (463, 1043, 4);
INSERT INTO MoviePeople (MovieID, PersonID, RoleID) VALUES (463, 1193, 5);

INSERT INTO Movies (MovieID, Series_Title, Released_Year, RuntimeMinutes, Overview, Poster_Link, IMDB_Rating, Meta_score, No_of_Votes, Gross_Revenue, CertificateID) VALUES (464, 'Knives Out', 2019.0, 130, 'A detective investigates the death of a patriarch of an eccentric, combative family.', 'https://m.media-amazon.com/images/M/MV5BMGUwZjliMTAtNzAxZi00MWNiLWE2NzgtZGUxMGQxZjhhNDRiXkEyXkFqcGdeQXVyNjU1NzU3MzE@._V1_UX67_CR0,0,67,98_AL_.jpg', 7.9, 82.0, 454203, 165359751.0, 15);
INSERT INTO MovieGenres (MovieID, GenreID) VALUES (464, 5);
INSERT INTO MovieGenres (MovieID, GenreID) VALUES (464, 6);
INSERT INTO MovieGenres (MovieID, GenreID) VALUES (464, 7);
INSERT INTO MoviePeople (MovieID, PersonID, RoleID) VALUES (464, 2461, 1);
INSERT INTO MoviePeople (MovieID, PersonID, RoleID) VALUES (464, 593, 2);
INSERT INTO MoviePeople (MovieID, PersonID, RoleID) VALUES (464, 498, 3);
INSERT INTO MoviePeople (MovieID, PersonID, RoleID) VALUES (464, 123, 4);
INSERT INTO MoviePeople (MovieID, PersonID, RoleID) VALUES (464, 1271, 5);

INSERT INTO Movies (MovieID, Series_Title, Released_Year, RuntimeMinutes, Overview, Poster_Link, IMDB_Rating, Meta_score, No_of_Votes, Gross_Revenue, CertificateID) VALUES (465, 'Dil Bechara', 2020.0, 101, 'The emotional journey of two hopelessly in love youngsters, a young girl, Kizie, suffering from cancer, and a boy, Manny, whom she meets at a support group.', 'https://m.media-amazon.com/images/M/MV5BNmI0MTliMTAtMmJhNC00NTJmLTllMzQtMDI3NzA1ODMyZWI1XkEyXkFqcGdeQXVyODE5NzE3OTE@._V1_UY98_CR5,0,67,98_AL_.jpg', 7.9, NULL, 111478, NULL, 15);
INSERT INTO MovieGenres (MovieID, GenreID) VALUES (465, 5);
INSERT INTO MovieGenres (MovieID, GenreID) VALUES (465, 7);
INSERT INTO MovieGenres (MovieID, GenreID) VALUES (465, 16);
INSERT INTO MoviePeople (MovieID, PersonID, RoleID) VALUES (465, 2149, 1);
INSERT INTO MoviePeople (MovieID, PersonID, RoleID) VALUES (465, 2835, 2);
INSERT INTO MoviePeople (MovieID, PersonID, RoleID) VALUES (465, 2660, 3);
INSERT INTO MoviePeople (MovieID, PersonID, RoleID) VALUES (465, 2627, 4);
INSERT INTO MoviePeople (MovieID, PersonID, RoleID) VALUES (465, 2677, 5);

INSERT INTO Movies (MovieID, Series_Title, Released_Year, RuntimeMinutes, Overview, Poster_Link, IMDB_Rating, Meta_score, No_of_Votes, Gross_Revenue, CertificateID) VALUES (466, 'Manbiki kazoku', 2018.0, 121, 'A family of small-time crooks take in a child they find outside in the cold.', 'https://m.media-amazon.com/images/M/MV5BYWZmOTY0MDAtMGRlMS00YjFlLWFkZTUtYmJhYWNlN2JjMmZkXkEyXkFqcGdeQXVyODAzODU1NDQ@._V1_UX67_CR0,0,67,98_AL_.jpg', 7.9, 93.0, 62754, 3313513.0, 2);
INSERT INTO MovieGenres (MovieID, GenreID) VALUES (466, 6);
INSERT INTO MovieGenres (MovieID, GenreID) VALUES (466, 7);
INSERT INTO MoviePeople (MovieID, PersonID, RoleID) VALUES (466, 1125, 1);
INSERT INTO MoviePeople (MovieID, PersonID, RoleID) VALUES (466, 1798, 2);
INSERT INTO MoviePeople (MovieID, PersonID, RoleID) VALUES (466, 2631, 3);
INSERT INTO MoviePeople (MovieID, PersonID, RoleID) VALUES (466, 1690, 4);
INSERT INTO MoviePeople (MovieID, PersonID, RoleID) VALUES (466, 2009, 5);

INSERT INTO Movies (MovieID, Series_Title, Released_Year, RuntimeMinutes, Overview, Poster_Link, IMDB_Rating, Meta_score, No_of_Votes, Gross_Revenue, CertificateID) VALUES (467, 'Marriage Story', 2019.0, 137, 'Noah Baumbach''s incisive and compassionate look at a marriage breaking up and a family staying together.', 'https://m.media-amazon.com/images/M/MV5BZGVmY2RjNDgtMTc3Yy00YmY0LTgwODItYzBjNWJhNTRlYjdkXkEyXkFqcGdeQXVyMjM4NTM5NDY@._V1_UX67_CR0,0,67,98_AL_.jpg', 7.9, 94.0, 246644, 2000000.0, 13);
INSERT INTO MovieGenres (MovieID, GenreID) VALUES (467, 5);
INSERT INTO MovieGenres (MovieID, GenreID) VALUES (467, 7);
INSERT INTO MovieGenres (MovieID, GenreID) VALUES (467, 16);
INSERT INTO MoviePeople (MovieID, PersonID, RoleID) VALUES (467, 2218, 1);
INSERT INTO MoviePeople (MovieID, PersonID, RoleID) VALUES (467, 14, 2);
INSERT INTO MoviePeople (MovieID, PersonID, RoleID) VALUES (467, 2682, 3);
INSERT INTO MoviePeople (MovieID, PersonID, RoleID) VALUES (467, 1551, 4);
INSERT INTO MoviePeople (MovieID, PersonID, RoleID) VALUES (467, 253, 5);

INSERT INTO Movies (MovieID, Series_Title, Released_Year, RuntimeMinutes, Overview, Poster_Link, IMDB_Rating, Meta_score, No_of_Votes, Gross_Revenue, CertificateID) VALUES (468, 'Call Me by Your Name', 2017.0, 132, 'In 1980s Italy, romance blossoms between a seventeen-year-old student and the older man hired as his father''s research assistant.', 'https://m.media-amazon.com/images/M/MV5BNDk3NTEwNjc0MV5BMl5BanBnXkFtZTgwNzYxNTMwMzI@._V1_UX67_CR0,0,67,98_AL_.jpg', 7.9, 93.0, 212651, 18095701.0, 15);
INSERT INTO MovieGenres (MovieID, GenreID) VALUES (468, 7);
INSERT INTO MovieGenres (MovieID, GenreID) VALUES (468, 16);
INSERT INTO MoviePeople (MovieID, PersonID, RoleID) VALUES (468, 1839, 1);
INSERT INTO MoviePeople (MovieID, PersonID, RoleID) VALUES (468, 220, 2);
INSERT INTO MoviePeople (MovieID, PersonID, RoleID) VALUES (468, 2934, 3);
INSERT INTO MoviePeople (MovieID, PersonID, RoleID) VALUES (468, 2075, 4);
INSERT INTO MoviePeople (MovieID, PersonID, RoleID) VALUES (468, 109, 5);

INSERT INTO Movies (MovieID, Series_Title, Released_Year, RuntimeMinutes, Overview, Poster_Link, IMDB_Rating, Meta_score, No_of_Votes, Gross_Revenue, CertificateID) VALUES (469, 'I, Daniel Blake', 2016.0, 100, 'After having suffered a heart-attack, a 59-year-old carpenter must fight the bureaucratic forces of the system in order to receive Employment and Support Allowance.', 'https://m.media-amazon.com/images/M/MV5BMTQ4NTMzMTk4NV5BMl5BanBnXkFtZTgwNTU5MjE4MDI@._V1_UX67_CR0,0,67,98_AL_.jpg', 7.9, 78.0, 53818, 258168.0, 15);
INSERT INTO MovieGenres (MovieID, GenreID) VALUES (469, 7);
INSERT INTO MoviePeople (MovieID, PersonID, RoleID) VALUES (469, 1651, 1);
INSERT INTO MoviePeople (MovieID, PersonID, RoleID) VALUES (469, 1736, 2);
INSERT INTO MoviePeople (MovieID, PersonID, RoleID) VALUES (469, 623, 3);
INSERT INTO MoviePeople (MovieID, PersonID, RoleID) VALUES (469, 1093, 4);
INSERT INTO MoviePeople (MovieID, PersonID, RoleID) VALUES (469, 2724, 5);

INSERT INTO Movies (MovieID, Series_Title, Released_Year, RuntimeMinutes, Overview, Poster_Link, IMDB_Rating, Meta_score, No_of_Votes, Gross_Revenue, CertificateID) VALUES (470, 'Isle of Dogs', 2018.0, 101, 'Set in Japan, Isle of Dogs follows a boy''s odyssey in search of his lost dog.', 'https://m.media-amazon.com/images/M/MV5BZDQwOWQ2NmUtZThjZi00MGM0LTkzNDctMzcyMjcyOGI1OGRkXkEyXkFqcGdeQXVyMTA3MDk2NDg2._V1_UX67_CR0,0,67,98_AL_.jpg', 7.9, 82.0, 139114, 32015231.0, 13);
INSERT INTO MovieGenres (MovieID, GenreID) VALUES (470, 3);
INSERT INTO MovieGenres (MovieID, GenreID) VALUES (470, 2);
INSERT INTO MovieGenres (MovieID, GenreID) VALUES (470, 5);
INSERT INTO MoviePeople (MovieID, PersonID, RoleID) VALUES (470, 3088, 1);
INSERT INTO MoviePeople (MovieID, PersonID, RoleID) VALUES (470, 389, 2);
INSERT INTO MoviePeople (MovieID, PersonID, RoleID) VALUES (470, 1707, 3);
INSERT INTO MoviePeople (MovieID, PersonID, RoleID) VALUES (470, 756, 4);
INSERT INTO MoviePeople (MovieID, PersonID, RoleID) VALUES (470, 325, 5);

INSERT INTO Movies (MovieID, Series_Title, Released_Year, RuntimeMinutes, Overview, Poster_Link, IMDB_Rating, Meta_score, No_of_Votes, Gross_Revenue, CertificateID) VALUES (471, 'Hunt for the Wilderpeople', 2016.0, 101, 'A national manhunt is ordered for a rebellious kid and his foster uncle who go missing in the wild New Zealand bush.', 'https://m.media-amazon.com/images/M/MV5BMjI1MDQ2MDg5Ml5BMl5BanBnXkFtZTgwMjc2NjM5ODE@._V1_UX67_CR0,0,67,98_AL_.jpg', 7.9, 81.0, 111483, 5202582.0, 15);
INSERT INTO MovieGenres (MovieID, GenreID) VALUES (471, 2);
INSERT INTO MovieGenres (MovieID, GenreID) VALUES (471, 5);
INSERT INTO MovieGenres (MovieID, GenreID) VALUES (471, 7);
INSERT INTO MoviePeople (MovieID, PersonID, RoleID) VALUES (471, 2851, 1);
INSERT INTO MoviePeople (MovieID, PersonID, RoleID) VALUES (471, 2641, 2);
INSERT INTO MoviePeople (MovieID, PersonID, RoleID) VALUES (471, 1557, 3);
INSERT INTO MoviePeople (MovieID, PersonID, RoleID) VALUES (471, 2500, 4);
INSERT INTO MoviePeople (MovieID, PersonID, RoleID) VALUES (471, 2396, 5);

INSERT INTO Movies (MovieID, Series_Title, Released_Year, RuntimeMinutes, Overview, Poster_Link, IMDB_Rating, Meta_score, No_of_Votes, Gross_Revenue, CertificateID) VALUES (472, 'Captain Fantastic', 2016.0, 118, 'In the forests of the Pacific Northwest, a father devoted to raising his six kids with a rigorous physical and intellectual education is forced to leave his paradise and enter the world, challenging his idea of what it means to be a parent.', 'https://m.media-amazon.com/images/M/MV5BMjE5OTM0OTY5NF5BMl5BanBnXkFtZTgwMDcxOTQ3ODE@._V1_UX67_CR0,0,67,98_AL_.jpg', 7.9, 72.0, 189400, 5875006.0, 9);
INSERT INTO MovieGenres (MovieID, GenreID) VALUES (472, 5);
INSERT INTO MovieGenres (MovieID, GenreID) VALUES (472, 7);
INSERT INTO MoviePeople (MovieID, PersonID, RoleID) VALUES (472, 1987, 1);
INSERT INTO MoviePeople (MovieID, PersonID, RoleID) VALUES (472, 3035, 2);
INSERT INTO MoviePeople (MovieID, PersonID, RoleID) VALUES (472, 976, 3);
INSERT INTO MoviePeople (MovieID, PersonID, RoleID) VALUES (472, 2650, 4);
INSERT INTO MoviePeople (MovieID, PersonID, RoleID) VALUES (472, 174, 5);

INSERT INTO Movies (MovieID, Series_Title, Released_Year, RuntimeMinutes, Overview, Poster_Link, IMDB_Rating, Meta_score, No_of_Votes, Gross_Revenue, CertificateID) VALUES (473, 'Sing Street', 2016.0, 106, 'A boy growing up in Dublin during the 1980s escapes his strained family life by starting a band to impress the mysterious girl he likes.', 'https://m.media-amazon.com/images/M/MV5BMjEzODA3MDcxMl5BMl5BanBnXkFtZTgwODgxNDk3NzE@._V1_UX67_CR0,0,67,98_AL_.jpg', 7.9, 79.0, 85109, 3237118.0, 7);
INSERT INTO MovieGenres (MovieID, GenreID) VALUES (473, 5);
INSERT INTO MovieGenres (MovieID, GenreID) VALUES (473, 7);
INSERT INTO MovieGenres (MovieID, GenreID) VALUES (473, 13);
INSERT INTO MoviePeople (MovieID, PersonID, RoleID) VALUES (473, 1433, 1);
INSERT INTO MoviePeople (MovieID, PersonID, RoleID) VALUES (473, 868, 2);
INSERT INTO MoviePeople (MovieID, PersonID, RoleID) VALUES (473, 31, 3);
INSERT INTO MoviePeople (MovieID, PersonID, RoleID) VALUES (473, 1909, 4);
INSERT INTO MoviePeople (MovieID, PersonID, RoleID) VALUES (473, 1216, 5);

INSERT INTO Movies (MovieID, Series_Title, Released_Year, RuntimeMinutes, Overview, Poster_Link, IMDB_Rating, Meta_score, No_of_Votes, Gross_Revenue, CertificateID) VALUES (474, 'Thor: Ragnarok', 2017.0, 130, 'Imprisoned on the planet Sakaar, Thor must race against time to return to Asgard and stop Ragnarök, the destruction of his world, at the hands of the powerful and ruthless villain Hela.', 'https://m.media-amazon.com/images/M/MV5BMjMyNDkzMzI1OF5BMl5BanBnXkFtZTgwODcxODg5MjI@._V1_UX67_CR0,0,67,98_AL_.jpg', 7.9, 74.0, 587775, 315058289.0, 15);
INSERT INTO MovieGenres (MovieID, GenreID) VALUES (474, 1);
INSERT INTO MovieGenres (MovieID, GenreID) VALUES (474, 2);
INSERT INTO MovieGenres (MovieID, GenreID) VALUES (474, 5);
INSERT INTO MoviePeople (MovieID, PersonID, RoleID) VALUES (474, 2851, 1);
INSERT INTO MoviePeople (MovieID, PersonID, RoleID) VALUES (474, 499, 2);
INSERT INTO MoviePeople (MovieID, PersonID, RoleID) VALUES (474, 2952, 3);
INSERT INTO MoviePeople (MovieID, PersonID, RoleID) VALUES (474, 444, 4);
INSERT INTO MoviePeople (MovieID, PersonID, RoleID) VALUES (474, 1936, 5);

INSERT INTO Movies (MovieID, Series_Title, Released_Year, RuntimeMinutes, Overview, Poster_Link, IMDB_Rating, Meta_score, No_of_Votes, Gross_Revenue, CertificateID) VALUES (475, 'Nightcrawler', 2014.0, 117, 'When Louis Bloom, a con man desperate for work, muscles into the world of L.A. crime journalism, he blurs the line between observer and participant to become the star of his own story.', 'https://m.media-amazon.com/images/M/MV5BN2U1YzdhYWMtZWUzMi00OWI1LWFkM2ItNWVjM2YxMGQ2MmNhXkEyXkFqcGdeQXVyNjU0OTQ0OTY@._V1_UY98_CR0,0,67,98_AL_.jpg', 7.9, 76.0, 466134, 32381218.0, 2);
INSERT INTO MovieGenres (MovieID, GenreID) VALUES (475, 6);
INSERT INTO MovieGenres (MovieID, GenreID) VALUES (475, 7);
INSERT INTO MovieGenres (MovieID, GenreID) VALUES (475, 19);
INSERT INTO MoviePeople (MovieID, PersonID, RoleID) VALUES (475, 584, 1);
INSERT INTO MoviePeople (MovieID, PersonID, RoleID) VALUES (475, 1233, 2);
INSERT INTO MoviePeople (MovieID, PersonID, RoleID) VALUES (475, 2454, 3);
INSERT INTO MoviePeople (MovieID, PersonID, RoleID) VALUES (475, 308, 4);
INSERT INTO MoviePeople (MovieID, PersonID, RoleID) VALUES (475, 2505, 5);

INSERT INTO Movies (MovieID, Series_Title, Released_Year, RuntimeMinutes, Overview, Poster_Link, IMDB_Rating, Meta_score, No_of_Votes, Gross_Revenue, CertificateID) VALUES (476, 'Jojo Rabbit', 2019.0, 108, 'A young boy in Hitler''s army finds out his mother is hiding a Jewish girl in their home.', 'https://m.media-amazon.com/images/M/MV5BZjU0Yzk2MzEtMjAzYy00MzY0LTg2YmItM2RkNzdkY2ZhN2JkXkEyXkFqcGdeQXVyNDg4NjY5OTQ@._V1_UX67_CR0,0,67,98_AL_.jpg', 7.9, 58.0, 297918, 349555.0, 15);
INSERT INTO MovieGenres (MovieID, GenreID) VALUES (476, 5);
INSERT INTO MovieGenres (MovieID, GenreID) VALUES (476, 7);
INSERT INTO MovieGenres (MovieID, GenreID) VALUES (476, 20);
INSERT INTO MoviePeople (MovieID, PersonID, RoleID) VALUES (476, 2851, 1);
INSERT INTO MoviePeople (MovieID, PersonID, RoleID) VALUES (476, 2561, 2);
INSERT INTO MoviePeople (MovieID, PersonID, RoleID) VALUES (476, 2918, 3);
INSERT INTO MoviePeople (MovieID, PersonID, RoleID) VALUES (476, 2682, 4);
INSERT INTO MoviePeople (MovieID, PersonID, RoleID) VALUES (476, 2851, 5);

INSERT INTO Movies (MovieID, Series_Title, Released_Year, RuntimeMinutes, Overview, Poster_Link, IMDB_Rating, Meta_score, No_of_Votes, Gross_Revenue, CertificateID) VALUES (477, 'Arrival', 2016.0, 116, 'A linguist works with the military to communicate with alien lifeforms after twelve mysterious spacecrafts appear around the world.', 'https://m.media-amazon.com/images/M/MV5BMTExMzU0ODcxNDheQTJeQWpwZ15BbWU4MDE1OTI4MzAy._V1_UX67_CR0,0,67,98_AL_.jpg', 7.9, 81.0, 594181, 100546139.0, 15);
INSERT INTO MovieGenres (MovieID, GenreID) VALUES (477, 7);
INSERT INTO MovieGenres (MovieID, GenreID) VALUES (477, 17);
INSERT INTO MoviePeople (MovieID, PersonID, RoleID) VALUES (477, 667, 1);
INSERT INTO MoviePeople (MovieID, PersonID, RoleID) VALUES (477, 117, 2);
INSERT INTO MoviePeople (MovieID, PersonID, RoleID) VALUES (477, 1364, 3);
INSERT INTO MoviePeople (MovieID, PersonID, RoleID) VALUES (477, 885, 4);
INSERT INTO MoviePeople (MovieID, PersonID, RoleID) VALUES (477, 2075, 5);

INSERT INTO Movies (MovieID, Series_Title, Released_Year, RuntimeMinutes, Overview, Poster_Link, IMDB_Rating, Meta_score, No_of_Votes, Gross_Revenue, CertificateID) VALUES (478, 'Star Wars: Episode VII - The Force Awakens', 2015.0, 138, 'As a new threat to the galaxy rises, Rey, a desert scavenger, and Finn, an ex-stormtrooper, must join Han Solo and Chewbacca to search for the one hope of restoring peace.', 'https://m.media-amazon.com/images/M/MV5BOTAzODEzNDAzMl5BMl5BanBnXkFtZTgwMDU1MTgzNzE@._V1_UX67_CR0,0,67,98_AL_.jpg', 7.9, 80.0, 860823, 936662225.0, 13);
INSERT INTO MovieGenres (MovieID, GenreID) VALUES (478, 1);
INSERT INTO MovieGenres (MovieID, GenreID) VALUES (478, 2);
INSERT INTO MovieGenres (MovieID, GenreID) VALUES (478, 17);
INSERT INTO MoviePeople (MovieID, PersonID, RoleID) VALUES (478, 1202, 1);
INSERT INTO MoviePeople (MovieID, PersonID, RoleID) VALUES (478, 576, 2);
INSERT INTO MoviePeople (MovieID, PersonID, RoleID) VALUES (478, 1428, 3);
INSERT INTO MoviePeople (MovieID, PersonID, RoleID) VALUES (478, 2262, 4);
INSERT INTO MoviePeople (MovieID, PersonID, RoleID) VALUES (478, 701, 5);

INSERT INTO Movies (MovieID, Series_Title, Released_Year, RuntimeMinutes, Overview, Poster_Link, IMDB_Rating, Meta_score, No_of_Votes, Gross_Revenue, CertificateID) VALUES (479, 'Before Midnight', 2013.0, 109, 'We meet Jesse and Celine nine years on in Greece. Almost two decades have passed since their first meeting on that train bound for Vienna.', 'https://m.media-amazon.com/images/M/MV5BMjA5NzgxODE2NF5BMl5BanBnXkFtZTcwNTI1NTI0OQ@@._V1_UX67_CR0,0,67,98_AL_.jpg', 7.9, 94.0, 141457, 8114627.0, 9);
INSERT INTO MovieGenres (MovieID, GenreID) VALUES (479, 7);
INSERT INTO MovieGenres (MovieID, GenreID) VALUES (479, 16);
INSERT INTO MoviePeople (MovieID, PersonID, RoleID) VALUES (479, 2489, 1);
INSERT INTO MoviePeople (MovieID, PersonID, RoleID) VALUES (479, 837, 2);
INSERT INTO MoviePeople (MovieID, PersonID, RoleID) VALUES (479, 1565, 3);
INSERT INTO MoviePeople (MovieID, PersonID, RoleID) VALUES (479, 2690, 4);
INSERT INTO MoviePeople (MovieID, PersonID, RoleID) VALUES (479, 217, 5);

INSERT INTO Movies (MovieID, Series_Title, Released_Year, RuntimeMinutes, Overview, Poster_Link, IMDB_Rating, Meta_score, No_of_Votes, Gross_Revenue, CertificateID) VALUES (480, 'X-Men: Days of Future Past', 2014.0, 132, 'The X-Men send Wolverine to the past in a desperate effort to change history and prevent an event that results in doom for both humans and mutants.', 'https://m.media-amazon.com/images/M/MV5BZGIzNWYzN2YtMjcwYS00YjQ3LWI2NjMtOTNiYTUyYjE2MGNkXkEyXkFqcGdeQXVyMTQxNzMzNDI@._V1_UX67_CR0,0,67,98_AL_.jpg', 7.9, 75.0, 659763, 233921534.0, 15);
INSERT INTO MovieGenres (MovieID, GenreID) VALUES (480, 1);
INSERT INTO MovieGenres (MovieID, GenreID) VALUES (480, 2);
INSERT INTO MovieGenres (MovieID, GenreID) VALUES (480, 17);
INSERT INTO MoviePeople (MovieID, PersonID, RoleID) VALUES (480, 390, 1);
INSERT INTO MoviePeople (MovieID, PersonID, RoleID) VALUES (480, 2291, 2);
INSERT INTO MoviePeople (MovieID, PersonID, RoleID) VALUES (480, 1162, 3);
INSERT INTO MoviePeople (MovieID, PersonID, RoleID) VALUES (480, 1146, 4);
INSERT INTO MoviePeople (MovieID, PersonID, RoleID) VALUES (480, 1258, 5);

INSERT INTO Movies (MovieID, Series_Title, Released_Year, RuntimeMinutes, Overview, Poster_Link, IMDB_Rating, Meta_score, No_of_Votes, Gross_Revenue, CertificateID) VALUES (481, 'Bir Zamanlar Anadolu''da', 2011.0, 157, 'A group of men set out in search of a dead body in the Anatolian steppes.', 'https://m.media-amazon.com/images/M/MV5BYTRkMDRiYmEtNGM4YS00NzM3LWI4MTMtYzk1MmVjMjM3ODg1XkEyXkFqcGdeQXVyMjgyNjk3MzE@._V1_UY98_CR1,0,67,98_AL_.jpg', 7.9, 82.0, 41995, 138730.0, NULL);
INSERT INTO MovieGenres (MovieID, GenreID) VALUES (481, 6);
INSERT INTO MovieGenres (MovieID, GenreID) VALUES (481, 7);
INSERT INTO MoviePeople (MovieID, PersonID, RoleID) VALUES (481, 2234, 1);
INSERT INTO MoviePeople (MovieID, PersonID, RoleID) VALUES (481, 2148, 2);
INSERT INTO MoviePeople (MovieID, PersonID, RoleID) VALUES (481, 3147, 3);
INSERT INTO MoviePeople (MovieID, PersonID, RoleID) VALUES (481, 2864, 4);
INSERT INTO MoviePeople (MovieID, PersonID, RoleID) VALUES (481, 28, 5);

INSERT INTO Movies (MovieID, Series_Title, Released_Year, RuntimeMinutes, Overview, Poster_Link, IMDB_Rating, Meta_score, No_of_Votes, Gross_Revenue, CertificateID) VALUES (482, 'The Artist', 2011.0, 100, 'An egomaniacal film star develops a relationship with a young dancer against the backdrop of Hollywood''s silent era.', 'https://m.media-amazon.com/images/M/MV5BMDUyZWU5N2UtOWFlMy00MTI0LTk0ZDYtMzFhNjljODBhZDA5XkEyXkFqcGdeQXVyNzA4ODc3ODU@._V1_UY98_CR1,0,67,98_AL_.jpg', 7.9, 89.0, 230624, 44671682.0, 13);
INSERT INTO MovieGenres (MovieID, GenreID) VALUES (482, 5);
INSERT INTO MovieGenres (MovieID, GenreID) VALUES (482, 7);
INSERT INTO MovieGenres (MovieID, GenreID) VALUES (482, 16);
INSERT INTO MoviePeople (MovieID, PersonID, RoleID) VALUES (482, 2080, 1);
INSERT INTO MoviePeople (MovieID, PersonID, RoleID) VALUES (482, 1312, 2);
INSERT INTO MoviePeople (MovieID, PersonID, RoleID) VALUES (482, 406, 3);
INSERT INTO MoviePeople (MovieID, PersonID, RoleID) VALUES (482, 1452, 4);
INSERT INTO MoviePeople (MovieID, PersonID, RoleID) VALUES (482, 1241, 5);

INSERT INTO Movies (MovieID, Series_Title, Released_Year, RuntimeMinutes, Overview, Poster_Link, IMDB_Rating, Meta_score, No_of_Votes, Gross_Revenue, CertificateID) VALUES (483, 'Edge of Tomorrow', 2014.0, 113, 'A soldier fighting aliens gets to relive the same day over and over again, the day restarting every time he dies.', 'https://m.media-amazon.com/images/M/MV5BMTc5OTk4MTM3M15BMl5BanBnXkFtZTgwODcxNjg3MDE@._V1_UX67_CR0,0,67,98_AL_.jpg', 7.9, 71.0, 600004, 100206256.0, 15);
INSERT INTO MovieGenres (MovieID, GenreID) VALUES (483, 1);
INSERT INTO MovieGenres (MovieID, GenreID) VALUES (483, 2);
INSERT INTO MovieGenres (MovieID, GenreID) VALUES (483, 17);
INSERT INTO MoviePeople (MovieID, PersonID, RoleID) VALUES (483, 725, 1);
INSERT INTO MoviePeople (MovieID, PersonID, RoleID) VALUES (483, 2947, 2);
INSERT INTO MoviePeople (MovieID, PersonID, RoleID) VALUES (483, 804, 3);
INSERT INTO MoviePeople (MovieID, PersonID, RoleID) VALUES (483, 308, 4);
INSERT INTO MoviePeople (MovieID, PersonID, RoleID) VALUES (483, 360, 5);

INSERT INTO Movies (MovieID, Series_Title, Released_Year, RuntimeMinutes, Overview, Poster_Link, IMDB_Rating, Meta_score, No_of_Votes, Gross_Revenue, CertificateID) VALUES (484, 'Amour', 2012.0, 127, 'Georges and Anne are an octogenarian couple. They are cultivated, retired music teachers. Their daughter, also a musician, lives in Britain with her family. One day, Anne has a stroke, and the couple''s bond of love is severely tested.', 'https://m.media-amazon.com/images/M/MV5BMTk1NTc3NDc4MF5BMl5BanBnXkFtZTcwNjYwNDk0OA@@._V1_UX67_CR0,0,67,98_AL_.jpg', 7.9, 94.0, 93090, 6739492.0, 15);
INSERT INTO MovieGenres (MovieID, GenreID) VALUES (484, 7);
INSERT INTO MovieGenres (MovieID, GenreID) VALUES (484, 16);
INSERT INTO MoviePeople (MovieID, PersonID, RoleID) VALUES (484, 2054, 1);
INSERT INTO MoviePeople (MovieID, PersonID, RoleID) VALUES (484, 1326, 2);
INSERT INTO MoviePeople (MovieID, PersonID, RoleID) VALUES (484, 812, 3);
INSERT INTO MoviePeople (MovieID, PersonID, RoleID) VALUES (484, 1188, 4);
INSERT INTO MoviePeople (MovieID, PersonID, RoleID) VALUES (484, 88, 5);

INSERT INTO Movies (MovieID, Series_Title, Released_Year, RuntimeMinutes, Overview, Poster_Link, IMDB_Rating, Meta_score, No_of_Votes, Gross_Revenue, CertificateID) VALUES (485, 'The Irishman', 2019.0, 209, 'An old man recalls his time painting houses for his friend, Jimmy Hoffa, through the 1950-70s.', 'https://m.media-amazon.com/images/M/MV5BMGUyM2ZiZmUtMWY0OC00NTQ4LThkOGUtNjY2NjkzMDJiMWMwXkEyXkFqcGdeQXVyMzY0MTE3NzU@._V1_UX67_CR0,0,67,98_AL_.jpg', 7.9, 94.0, 324720, 7000000.0, 9);
INSERT INTO MovieGenres (MovieID, GenreID) VALUES (485, 4);
INSERT INTO MovieGenres (MovieID, GenreID) VALUES (485, 6);
INSERT INTO MovieGenres (MovieID, GenreID) VALUES (485, 7);
INSERT INTO MoviePeople (MovieID, PersonID, RoleID) VALUES (485, 1955, 1);
INSERT INTO MoviePeople (MovieID, PersonID, RoleID) VALUES (485, 2517, 2);
INSERT INTO MoviePeople (MovieID, PersonID, RoleID) VALUES (485, 45, 3);
INSERT INTO MoviePeople (MovieID, PersonID, RoleID) VALUES (485, 1414, 4);
INSERT INTO MoviePeople (MovieID, PersonID, RoleID) VALUES (485, 1089, 5);

INSERT INTO Movies (MovieID, Series_Title, Released_Year, RuntimeMinutes, Overview, Poster_Link, IMDB_Rating, Meta_score, No_of_Votes, Gross_Revenue, CertificateID) VALUES (486, 'Un prophète', 2009.0, 155, 'A young Arab man is sent to a French prison.', 'https://m.media-amazon.com/images/M/MV5BMTUyMjQ1MTY5OV5BMl5BanBnXkFtZTcwNzY5NjExMw@@._V1_UY98_CR1,0,67,98_AL_.jpg', 7.9, 90.0, 93560, 2084637.0, 2);
INSERT INTO MovieGenres (MovieID, GenreID) VALUES (486, 6);
INSERT INTO MovieGenres (MovieID, GenreID) VALUES (486, 7);
INSERT INTO MoviePeople (MovieID, PersonID, RoleID) VALUES (486, 1226, 1);
INSERT INTO MoviePeople (MovieID, PersonID, RoleID) VALUES (486, 2850, 2);
INSERT INTO MoviePeople (MovieID, PersonID, RoleID) VALUES (486, 2205, 3);
INSERT INTO MoviePeople (MovieID, PersonID, RoleID) VALUES (486, 17, 4);
INSERT INTO MoviePeople (MovieID, PersonID, RoleID) VALUES (486, 2444, 5);

INSERT INTO Movies (MovieID, Series_Title, Released_Year, RuntimeMinutes, Overview, Poster_Link, IMDB_Rating, Meta_score, No_of_Votes, Gross_Revenue, CertificateID) VALUES (487, 'Moon', 2009.0, 97, 'Astronaut Sam Bell has a quintessentially personal encounter toward the end of his three-year stint on the Moon, where he, working alongside his computer, GERTY, sends back to Earth parcels of a resource that has helped diminish our planet''s power problems.', 'https://m.media-amazon.com/images/M/MV5BMTgzODgyNTQwOV5BMl5BanBnXkFtZTcwNzc0NTc0Mg@@._V1_UX67_CR0,0,67,98_AL_.jpg', 7.9, 67.0, 335152, 5009677.0, 9);
INSERT INTO MovieGenres (MovieID, GenreID) VALUES (487, 7);
INSERT INTO MovieGenres (MovieID, GenreID) VALUES (487, 15);
INSERT INTO MovieGenres (MovieID, GenreID) VALUES (487, 17);
INSERT INTO MoviePeople (MovieID, PersonID, RoleID) VALUES (487, 730, 1);
INSERT INTO MoviePeople (MovieID, PersonID, RoleID) VALUES (487, 2645, 2);
INSERT INTO MoviePeople (MovieID, PersonID, RoleID) VALUES (487, 1672, 3);
INSERT INTO MoviePeople (MovieID, PersonID, RoleID) VALUES (487, 704, 4);
INSERT INTO MoviePeople (MovieID, PersonID, RoleID) VALUES (487, 2584, 5);

INSERT INTO Movies (MovieID, Series_Title, Released_Year, RuntimeMinutes, Overview, Poster_Link, IMDB_Rating, Meta_score, No_of_Votes, Gross_Revenue, CertificateID) VALUES (488, 'Låt den rätte komma in', 2008.0, 114, 'Oskar, an overlooked and bullied boy, finds love and revenge through Eli, a beautiful but peculiar girl.', 'https://m.media-amazon.com/images/M/MV5BOWM4NTY2NTMtZDZlZS00NTgyLWEzZDMtODE3ZGI1MzI3ZmU5XkEyXkFqcGdeQXVyNzI1NzMxNzM@._V1_UY98_CR1,0,67,98_AL_.jpg', 7.9, 82.0, 205609, 2122065.0, 9);
INSERT INTO MovieGenres (MovieID, GenreID) VALUES (488, 6);
INSERT INTO MovieGenres (MovieID, GenreID) VALUES (488, 7);
INSERT INTO MovieGenres (MovieID, GenreID) VALUES (488, 9);
INSERT INTO MoviePeople (MovieID, PersonID, RoleID) VALUES (488, 2963, 1);
INSERT INTO MoviePeople (MovieID, PersonID, RoleID) VALUES (488, 1719, 2);
INSERT INTO MoviePeople (MovieID, PersonID, RoleID) VALUES (488, 1800, 3);
INSERT INTO MoviePeople (MovieID, PersonID, RoleID) VALUES (488, 2331, 4);
INSERT INTO MoviePeople (MovieID, PersonID, RoleID) VALUES (488, 1108, 5);

INSERT INTO Movies (MovieID, Series_Title, Released_Year, RuntimeMinutes, Overview, Poster_Link, IMDB_Rating, Meta_score, No_of_Votes, Gross_Revenue, CertificateID) VALUES (489, 'District 9', 2009.0, 112, 'Violence ensues after an extraterrestrial race forced to live in slum-like conditions on Earth finds a kindred spirit in a government agent exposed to their biotechnology.', 'https://m.media-amazon.com/images/M/MV5BYmQ5MzFjYWMtMTMwNC00ZGU5LWI3YTQtYzhkMGExNGFlY2Q0XkEyXkFqcGdeQXVyNTIzOTk5ODM@._V1_UX67_CR0,0,67,98_AL_.jpg', 7.9, 81.0, 638202, 115646235.0, 2);
INSERT INTO MovieGenres (MovieID, GenreID) VALUES (489, 1);
INSERT INTO MovieGenres (MovieID, GenreID) VALUES (489, 17);
INSERT INTO MovieGenres (MovieID, GenreID) VALUES (489, 19);
INSERT INTO MoviePeople (MovieID, PersonID, RoleID) VALUES (489, 2189, 1);
INSERT INTO MoviePeople (MovieID, PersonID, RoleID) VALUES (489, 2722, 2);
INSERT INTO MoviePeople (MovieID, PersonID, RoleID) VALUES (489, 634, 3);
INSERT INTO MoviePeople (MovieID, PersonID, RoleID) VALUES (489, 1294, 4);
INSERT INTO MoviePeople (MovieID, PersonID, RoleID) VALUES (489, 2176, 5);

INSERT INTO Movies (MovieID, Series_Title, Released_Year, RuntimeMinutes, Overview, Poster_Link, IMDB_Rating, Meta_score, No_of_Votes, Gross_Revenue, CertificateID) VALUES (490, 'The Wrestler', 2008.0, 109, 'A faded professional wrestler must retire, but finds his quest for a new life outside the ring a dispiriting struggle.', 'https://m.media-amazon.com/images/M/MV5BMTc5MjYyOTg4MF5BMl5BanBnXkFtZTcwNDc2MzQwMg@@._V1_UX67_CR0,0,67,98_AL_.jpg', 7.9, 80.0, 289415, 26236603.0, 15);
INSERT INTO MovieGenres (MovieID, GenreID) VALUES (490, 7);
INSERT INTO MovieGenres (MovieID, GenreID) VALUES (490, 18);
INSERT INTO MoviePeople (MovieID, PersonID, RoleID) VALUES (490, 615, 1);
INSERT INTO MoviePeople (MovieID, PersonID, RoleID) VALUES (490, 2094, 2);
INSERT INTO MoviePeople (MovieID, PersonID, RoleID) VALUES (490, 1928, 3);
INSERT INTO MoviePeople (MovieID, PersonID, RoleID) VALUES (490, 843, 4);
INSERT INTO MoviePeople (MovieID, PersonID, RoleID) VALUES (490, 1934, 5);

INSERT INTO Movies (MovieID, Series_Title, Released_Year, RuntimeMinutes, Overview, Poster_Link, IMDB_Rating, Meta_score, No_of_Votes, Gross_Revenue, CertificateID) VALUES (491, 'Jab We Met', 2007.0, 138, 'A depressed wealthy businessman finds his life changing after he meets a spunky and care-free young woman.', 'https://m.media-amazon.com/images/M/MV5BYmIzYmY4MGItM2I4YS00OWZhLWFmMzQtYzI2MWY1MmM3NGU1XkEyXkFqcGdeQXVyNjQ2MjQ5NzM@._V1_UY98_CR0,0,67,98_AL_.jpg', 7.9, NULL, 47720, 410800.0, 13);
INSERT INTO MovieGenres (MovieID, GenreID) VALUES (491, 5);
INSERT INTO MovieGenres (MovieID, GenreID) VALUES (491, 7);
INSERT INTO MovieGenres (MovieID, GenreID) VALUES (491, 16);
INSERT INTO MoviePeople (MovieID, PersonID, RoleID) VALUES (491, 1170, 1);
INSERT INTO MoviePeople (MovieID, PersonID, RoleID) VALUES (491, 2717, 2);
INSERT INTO MoviePeople (MovieID, PersonID, RoleID) VALUES (491, 1604, 3);
INSERT INTO MoviePeople (MovieID, PersonID, RoleID) VALUES (491, 2869, 4);
INSERT INTO MoviePeople (MovieID, PersonID, RoleID) VALUES (491, 613, 5);

INSERT INTO Movies (MovieID, Series_Title, Released_Year, RuntimeMinutes, Overview, Poster_Link, IMDB_Rating, Meta_score, No_of_Votes, Gross_Revenue, CertificateID) VALUES (492, 'Boyhood', 2014.0, 165, 'The life of Mason, from early childhood to his arrival at college.', 'https://m.media-amazon.com/images/M/MV5BMTYzNDc2MDc0N15BMl5BanBnXkFtZTgwOTcwMDQ5MTE@._V1_UX67_CR0,0,67,98_AL_.jpg', 7.9, 100.0, 335533, 25379975.0, 2);
INSERT INTO MovieGenres (MovieID, GenreID) VALUES (492, 7);
INSERT INTO MoviePeople (MovieID, PersonID, RoleID) VALUES (492, 2489, 1);
INSERT INTO MoviePeople (MovieID, PersonID, RoleID) VALUES (492, 787, 2);
INSERT INTO MoviePeople (MovieID, PersonID, RoleID) VALUES (492, 2282, 3);
INSERT INTO MoviePeople (MovieID, PersonID, RoleID) VALUES (492, 837, 4);
INSERT INTO MoviePeople (MovieID, PersonID, RoleID) VALUES (492, 776, 5);

INSERT INTO Movies (MovieID, Series_Title, Released_Year, RuntimeMinutes, Overview, Poster_Link, IMDB_Rating, Meta_score, No_of_Votes, Gross_Revenue, CertificateID) VALUES (493, '4 luni, 3 saptamâni si 2 zile', 2007.0, 113, 'A woman assists her friend in arranging an illegal abortion in 1980s Romania.', 'https://m.media-amazon.com/images/M/MV5BYzU1YWUzNjYtNmVhZi00ODUyLTg4M2ItMTFlMmU1Mzc5OTE5XkEyXkFqcGdeQXVyMTMxODk2OTU@._V1_UY98_CR1,0,67,98_AL_.jpg', 7.9, 97.0, 56625, 1185783.0, NULL);
INSERT INTO MovieGenres (MovieID, GenreID) VALUES (493, 7);
INSERT INTO MoviePeople (MovieID, PersonID, RoleID) VALUES (493, 565, 1);
INSERT INTO MoviePeople (MovieID, PersonID, RoleID) VALUES (493, 124, 2);
INSERT INTO MoviePeople (MovieID, PersonID, RoleID) VALUES (493, 1737, 3);
INSERT INTO MoviePeople (MovieID, PersonID, RoleID) VALUES (493, 3057, 4);
INSERT INTO MoviePeople (MovieID, PersonID, RoleID) VALUES (493, 89, 5);

INSERT INTO Movies (MovieID, Series_Title, Released_Year, RuntimeMinutes, Overview, Poster_Link, IMDB_Rating, Meta_score, No_of_Votes, Gross_Revenue, CertificateID) VALUES (494, 'Star Trek', 2009.0, 127, 'The brash James T. Kirk tries to live up to his father''s legacy with Mr. Spock keeping him in check as a vengeful Romulan from the future creates black holes to destroy the Federation one planet at a time.', 'https://m.media-amazon.com/images/M/MV5BMjE5NDQ5OTE4Ml5BMl5BanBnXkFtZTcwOTE3NDIzMw@@._V1_UX67_CR0,0,67,98_AL_.jpg', 7.9, 82.0, 577336, 257730019.0, 15);
INSERT INTO MovieGenres (MovieID, GenreID) VALUES (494, 1);
INSERT INTO MovieGenres (MovieID, GenreID) VALUES (494, 2);
INSERT INTO MovieGenres (MovieID, GenreID) VALUES (494, 17);
INSERT INTO MoviePeople (MovieID, PersonID, RoleID) VALUES (494, 1202, 1);
INSERT INTO MoviePeople (MovieID, PersonID, RoleID) VALUES (494, 503, 2);
INSERT INTO MoviePeople (MovieID, PersonID, RoleID) VALUES (494, 3181, 3);
INSERT INTO MoviePeople (MovieID, PersonID, RoleID) VALUES (494, 2758, 4);
INSERT INTO MoviePeople (MovieID, PersonID, RoleID) VALUES (494, 1774, 5);

INSERT INTO Movies (MovieID, Series_Title, Released_Year, RuntimeMinutes, Overview, Poster_Link, IMDB_Rating, Meta_score, No_of_Votes, Gross_Revenue, CertificateID) VALUES (495, 'In Bruges', 2008.0, 107, 'Guilt-stricken after a job gone wrong, hitman Ray and his partner await orders from their ruthless boss in Bruges, Belgium, the last place in the world Ray wants to be.', 'https://m.media-amazon.com/images/M/MV5BMTUwOGFiM2QtOWMxYS00MjU2LThmZDMtZDM2MWMzNzllNjdhXkEyXkFqcGdeQXVyMTMxODk2OTU@._V1_UX67_CR0,0,67,98_AL_.jpg', 7.9, 67.0, 390334, 7757130.0, 9);
INSERT INTO MovieGenres (MovieID, GenreID) VALUES (495, 5);
INSERT INTO MovieGenres (MovieID, GenreID) VALUES (495, 6);
INSERT INTO MovieGenres (MovieID, GenreID) VALUES (495, 7);
INSERT INTO MoviePeople (MovieID, PersonID, RoleID) VALUES (495, 1952, 1);
INSERT INTO MoviePeople (MovieID, PersonID, RoleID) VALUES (495, 552, 2);
INSERT INTO MoviePeople (MovieID, PersonID, RoleID) VALUES (495, 360, 3);
INSERT INTO MoviePeople (MovieID, PersonID, RoleID) VALUES (495, 533, 4);
INSERT INTO MoviePeople (MovieID, PersonID, RoleID) VALUES (495, 784, 5);

INSERT INTO Movies (MovieID, Series_Title, Released_Year, RuntimeMinutes, Overview, Poster_Link, IMDB_Rating, Meta_score, No_of_Votes, Gross_Revenue, CertificateID) VALUES (496, 'The Man from Earth', 2007.0, 87, 'An impromptu goodbye party for Professor John Oldman becomes a mysterious interrogation after the retiring scholar reveals to his colleagues he has a longer and stranger past than they can imagine.', 'https://m.media-amazon.com/images/M/MV5BMzQ5NGQwOTUtNWJlZi00ZTFiLWI0ZTEtOGU3MTA2ZGU5OWZiXkEyXkFqcGdeQXVyMTczNjQwOTY@._V1_UX67_CR0,0,67,98_AL_.jpg', 7.9, NULL, 174125, NULL, NULL);
INSERT INTO MovieGenres (MovieID, GenreID) VALUES (496, 7);
INSERT INTO MovieGenres (MovieID, GenreID) VALUES (496, 9);
INSERT INTO MovieGenres (MovieID, GenreID) VALUES (496, 15);
INSERT INTO MoviePeople (MovieID, PersonID, RoleID) VALUES (496, 2493, 1);
INSERT INTO MoviePeople (MovieID, PersonID, RoleID) VALUES (496, 636, 2);
INSERT INTO MoviePeople (MovieID, PersonID, RoleID) VALUES (496, 2979, 3);
INSERT INTO MoviePeople (MovieID, PersonID, RoleID) VALUES (496, 1425, 4);
INSERT INTO MoviePeople (MovieID, PersonID, RoleID) VALUES (496, 789, 5);

INSERT INTO Movies (MovieID, Series_Title, Released_Year, RuntimeMinutes, Overview, Poster_Link, IMDB_Rating, Meta_score, No_of_Votes, Gross_Revenue, CertificateID) VALUES (497, 'Letters from Iwo Jima', 2006.0, 141, 'The story of the battle of Iwo Jima between the United States and Imperial Japan during World War II, as told from the perspective of the Japanese who fought it.', 'https://m.media-amazon.com/images/M/MV5BMjE0NzgwODI4M15BMl5BanBnXkFtZTcwNjg3OTA0MQ@@._V1_UX67_CR0,0,67,98_AL_.jpg', 7.9, 89.0, 154011, 13756082.0, 15);
INSERT INTO MovieGenres (MovieID, GenreID) VALUES (497, 1);
INSERT INTO MovieGenres (MovieID, GenreID) VALUES (497, 2);
INSERT INTO MovieGenres (MovieID, GenreID) VALUES (497, 7);
INSERT INTO MoviePeople (MovieID, PersonID, RoleID) VALUES (497, 547, 1);
INSERT INTO MoviePeople (MovieID, PersonID, RoleID) VALUES (497, 1653, 2);
INSERT INTO MoviePeople (MovieID, PersonID, RoleID) VALUES (497, 1636, 3);
INSERT INTO MoviePeople (MovieID, PersonID, RoleID) VALUES (497, 2993, 4);
INSERT INTO MoviePeople (MovieID, PersonID, RoleID) VALUES (497, 2615, 5);

INSERT INTO Movies (MovieID, Series_Title, Released_Year, RuntimeMinutes, Overview, Poster_Link, IMDB_Rating, Meta_score, No_of_Votes, Gross_Revenue, CertificateID) VALUES (498, 'The Fall', 2006.0, 117, 'In a hospital on the outskirts of 1920s Los Angeles, an injured stuntman begins to tell a fellow patient, a little girl with a broken arm, a fantastic story of five mythical heroes. Thanks to his fractured state of mind and her vivid imagination, the line between fiction and reality blurs as the tale advances.', 'https://m.media-amazon.com/images/M/MV5BMjAzODUwMjM1M15BMl5BanBnXkFtZTcwNjU2MjU2MQ@@._V1_UX67_CR0,0,67,98_AL_.jpg', 7.9, 64.0, 107290, 2280348.0, 9);
INSERT INTO MovieGenres (MovieID, GenreID) VALUES (498, 2);
INSERT INTO MovieGenres (MovieID, GenreID) VALUES (498, 7);
INSERT INTO MovieGenres (MovieID, GenreID) VALUES (498, 9);
INSERT INTO MoviePeople (MovieID, PersonID, RoleID) VALUES (498, 2868, 1);
INSERT INTO MoviePeople (MovieID, PersonID, RoleID) VALUES (498, 1752, 2);
INSERT INTO MoviePeople (MovieID, PersonID, RoleID) VALUES (498, 450, 3);
INSERT INTO MoviePeople (MovieID, PersonID, RoleID) VALUES (498, 1582, 4);
INSERT INTO MoviePeople (MovieID, PersonID, RoleID) VALUES (498, 1684, 5);

INSERT INTO Movies (MovieID, Series_Title, Released_Year, RuntimeMinutes, Overview, Poster_Link, IMDB_Rating, Meta_score, No_of_Votes, Gross_Revenue, CertificateID) VALUES (499, 'Life of Pi', 2012.0, 127, 'A young man who survives a disaster at sea is hurtled into an epic journey of adventure and discovery. While cast away, he forms an unexpected connection with another survivor: a fearsome Bengal tiger.', 'https://m.media-amazon.com/images/M/MV5BNTg2OTY2ODg5OF5BMl5BanBnXkFtZTcwODM5MTYxOA@@._V1_UX67_CR0,0,67,98_AL_.jpg', 7.9, 79.0, 580708, 124987023.0, 13);
INSERT INTO MovieGenres (MovieID, GenreID) VALUES (499, 2);
INSERT INTO MovieGenres (MovieID, GenreID) VALUES (499, 7);
INSERT INTO MovieGenres (MovieID, GenreID) VALUES (499, 9);
INSERT INTO MoviePeople (MovieID, PersonID, RoleID) VALUES (499, 156, 1);
INSERT INTO MoviePeople (MovieID, PersonID, RoleID) VALUES (499, 2830, 2);
INSERT INTO MoviePeople (MovieID, PersonID, RoleID) VALUES (499, 1180, 3);
INSERT INTO MoviePeople (MovieID, PersonID, RoleID) VALUES (499, 19, 4);
INSERT INTO MoviePeople (MovieID, PersonID, RoleID) VALUES (499, 2847, 5);

INSERT INTO Movies (MovieID, Series_Title, Released_Year, RuntimeMinutes, Overview, Poster_Link, IMDB_Rating, Meta_score, No_of_Votes, Gross_Revenue, CertificateID) VALUES (500, 'Fantastic Mr. Fox', 2009.0, 87, 'An urbane fox cannot resist returning to his farm raiding ways and then must help his community survive the farmers'' retaliation.', 'https://m.media-amazon.com/images/M/MV5BOGUwYTU4NGEtNDM4MS00NDRjLTkwNmQtOTkwMWMyMjhmMjdlXkEyXkFqcGdeQXVyMTMxODk2OTU@._V1_UX67_CR0,0,67,98_AL_.jpg', 7.9, 83.0, 199696, 21002919.0, 6);
INSERT INTO MovieGenres (MovieID, GenreID) VALUES (500, 3);
INSERT INTO MovieGenres (MovieID, GenreID) VALUES (500, 2);
INSERT INTO MovieGenres (MovieID, GenreID) VALUES (500, 5);
INSERT INTO MoviePeople (MovieID, PersonID, RoleID) VALUES (500, 3088, 1);
INSERT INTO MoviePeople (MovieID, PersonID, RoleID) VALUES (500, 971, 2);
INSERT INTO MoviePeople (MovieID, PersonID, RoleID) VALUES (500, 2036, 3);
INSERT INTO MoviePeople (MovieID, PersonID, RoleID) VALUES (500, 305, 4);
INSERT INTO MoviePeople (MovieID, PersonID, RoleID) VALUES (500, 1301, 5);

INSERT INTO Movies (MovieID, Series_Title, Released_Year, RuntimeMinutes, Overview, Poster_Link, IMDB_Rating, Meta_score, No_of_Votes, Gross_Revenue, CertificateID) VALUES (501, 'C.R.A.Z.Y.', 2005.0, 129, 'A young French-Canadian, growing up in the 1960s and 1970s, struggles to reconcile his emerging homosexuality with his father''s conservative values and his own Catholic beliefs.', 'https://m.media-amazon.com/images/M/MV5BMTU3MDc2MjUwMV5BMl5BanBnXkFtZTcwNzQyMDAzMQ@@._V1_UY98_CR0,0,67,98_AL_.jpg', 7.9, 81.0, 31476, NULL, NULL);
INSERT INTO MovieGenres (MovieID, GenreID) VALUES (501, 5);
INSERT INTO MovieGenres (MovieID, GenreID) VALUES (501, 7);
INSERT INTO MoviePeople (MovieID, PersonID, RoleID) VALUES (501, 1329, 1);
INSERT INTO MoviePeople (MovieID, PersonID, RoleID) VALUES (501, 2078, 2);
INSERT INTO MoviePeople (MovieID, PersonID, RoleID) VALUES (501, 1895, 3);
INSERT INTO MoviePeople (MovieID, PersonID, RoleID) VALUES (501, 603, 4);
INSERT INTO MoviePeople (MovieID, PersonID, RoleID) VALUES (501, 3199, 5);

INSERT INTO Movies (MovieID, Series_Title, Released_Year, RuntimeMinutes, Overview, Poster_Link, IMDB_Rating, Meta_score, No_of_Votes, Gross_Revenue, CertificateID) VALUES (502, 'Les choristes', 2004.0, 97, 'The new teacher at a severely administered boys'' boarding school works to positively affect the students'' lives through music.', 'https://m.media-amazon.com/images/M/MV5BOGY1M2MwOTEtZDIyNi00YjNlLWExYmEtNzBjOGI3N2QzNTg5XkEyXkFqcGdeQXVyMTMxODk2OTU@._V1_UX67_CR0,0,67,98_AL_.jpg', 7.9, 56.0, 57430, 3635164.0, 7);
INSERT INTO MovieGenres (MovieID, GenreID) VALUES (502, 7);
INSERT INTO MovieGenres (MovieID, GenreID) VALUES (502, 13);
INSERT INTO MoviePeople (MovieID, PersonID, RoleID) VALUES (502, 517, 1);
INSERT INTO MoviePeople (MovieID, PersonID, RoleID) VALUES (502, 1061, 2);
INSERT INTO MoviePeople (MovieID, PersonID, RoleID) VALUES (502, 914, 3);
INSERT INTO MoviePeople (MovieID, PersonID, RoleID) VALUES (502, 1323, 4);
INSERT INTO MoviePeople (MovieID, PersonID, RoleID) VALUES (502, 1589, 5);

INSERT INTO Movies (MovieID, Series_Title, Released_Year, RuntimeMinutes, Overview, Poster_Link, IMDB_Rating, Meta_score, No_of_Votes, Gross_Revenue, CertificateID) VALUES (503, 'Iron Man', 2008.0, 126, 'After being held captive in an Afghan cave, billionaire engineer Tony Stark creates a unique weaponized suit of armor to fight evil.', 'https://m.media-amazon.com/images/M/MV5BMTczNTI2ODUwOF5BMl5BanBnXkFtZTcwMTU0NTIzMw@@._V1_UX67_CR0,0,67,98_AL_.jpg', 7.9, 79.0, 939644, 318412101.0, 15);
INSERT INTO MovieGenres (MovieID, GenreID) VALUES (503, 1);
INSERT INTO MovieGenres (MovieID, GenreID) VALUES (503, 2);
INSERT INTO MovieGenres (MovieID, GenreID) VALUES (503, 17);
INSERT INTO MoviePeople (MovieID, PersonID, RoleID) VALUES (503, 1500, 1);
INSERT INTO MoviePeople (MovieID, PersonID, RoleID) VALUES (503, 2519, 2);
INSERT INTO MoviePeople (MovieID, PersonID, RoleID) VALUES (503, 1060, 3);
INSERT INTO MoviePeople (MovieID, PersonID, RoleID) VALUES (503, 2891, 4);
INSERT INTO MoviePeople (MovieID, PersonID, RoleID) VALUES (503, 1340, 5);

INSERT INTO Movies (MovieID, Series_Title, Released_Year, RuntimeMinutes, Overview, Poster_Link, IMDB_Rating, Meta_score, No_of_Votes, Gross_Revenue, CertificateID) VALUES (504, 'Shaun of the Dead', 2004.0, 99, 'A man''s uneventful life is disrupted by the zombie apocalypse.', 'https://m.media-amazon.com/images/M/MV5BMTg5Mjk2NDMtZTk0Ny00YTQ0LWIzYWEtMWI5MGQ0Mjg1OTNkXkEyXkFqcGdeQXVyNzkwMjQ5NzM@._V1_UX67_CR0,0,67,98_AL_.jpg', 7.9, 76.0, 512249, 13542874.0, 15);
INSERT INTO MovieGenres (MovieID, GenreID) VALUES (504, 5);
INSERT INTO MovieGenres (MovieID, GenreID) VALUES (504, 12);
INSERT INTO MoviePeople (MovieID, PersonID, RoleID) VALUES (504, 741, 1);
INSERT INTO MoviePeople (MovieID, PersonID, RoleID) VALUES (504, 2758, 2);
INSERT INTO MoviePeople (MovieID, PersonID, RoleID) VALUES (504, 2195, 3);
INSERT INTO MoviePeople (MovieID, PersonID, RoleID) VALUES (504, 1616, 4);
INSERT INTO MoviePeople (MovieID, PersonID, RoleID) VALUES (504, 1843, 5);

INSERT INTO Movies (MovieID, Series_Title, Released_Year, RuntimeMinutes, Overview, Poster_Link, IMDB_Rating, Meta_score, No_of_Votes, Gross_Revenue, CertificateID) VALUES (505, 'Gegen die Wand', 2004.0, 121, 'With the intention to break free from the strict familial restrictions, a suicidal young woman sets up a marriage of convenience with a forty-year-old addict, an act that will lead to an outburst of envious love.', 'https://m.media-amazon.com/images/M/MV5BODBiNzYxNzYtMjkyMi00MjUyLWJkM2YtZjNkMDhhYmEwMTRiL2ltYWdlXkEyXkFqcGdeQXVyNTAyODkwOQ@@._V1_UY98_CR1,0,67,98_AL_.jpg', 7.9, 78.0, 51325, NULL, 9);
INSERT INTO MovieGenres (MovieID, GenreID) VALUES (505, 7);
INSERT INTO MovieGenres (MovieID, GenreID) VALUES (505, 16);
INSERT INTO MoviePeople (MovieID, PersonID, RoleID) VALUES (505, 857, 1);
INSERT INTO MoviePeople (MovieID, PersonID, RoleID) VALUES (505, 320, 2);
INSERT INTO MoviePeople (MovieID, PersonID, RoleID) VALUES (505, 2749, 3);
INSERT INTO MoviePeople (MovieID, PersonID, RoleID) VALUES (505, 1063, 4);
INSERT INTO MoviePeople (MovieID, PersonID, RoleID) VALUES (505, 3186, 5);

INSERT INTO Movies (MovieID, Series_Title, Released_Year, RuntimeMinutes, Overview, Poster_Link, IMDB_Rating, Meta_score, No_of_Votes, Gross_Revenue, CertificateID) VALUES (506, 'Mystic River', 2003.0, 138, 'The lives of three men who were childhood friends are shattered when one of them has a family tragedy.', 'https://m.media-amazon.com/images/M/MV5BMTIzNDUyMjA4MV5BMl5BanBnXkFtZTYwNDc4ODM3._V1_UX67_CR0,0,67,98_AL_.jpg', 7.9, 84.0, 419420, 90135191.0, 2);
INSERT INTO MovieGenres (MovieID, GenreID) VALUES (506, 6);
INSERT INTO MovieGenres (MovieID, GenreID) VALUES (506, 7);
INSERT INTO MovieGenres (MovieID, GenreID) VALUES (506, 15);
INSERT INTO MoviePeople (MovieID, PersonID, RoleID) VALUES (506, 547, 1);
INSERT INTO MoviePeople (MovieID, PersonID, RoleID) VALUES (506, 2697, 2);
INSERT INTO MoviePeople (MovieID, PersonID, RoleID) VALUES (506, 2929, 3);
INSERT INTO MoviePeople (MovieID, PersonID, RoleID) VALUES (506, 1663, 4);
INSERT INTO MoviePeople (MovieID, PersonID, RoleID) VALUES (506, 814, 5);

INSERT INTO Movies (MovieID, Series_Title, Released_Year, RuntimeMinutes, Overview, Poster_Link, IMDB_Rating, Meta_score, No_of_Votes, Gross_Revenue, CertificateID) VALUES (507, 'Harry Potter and the Prisoner of Azkaban', 2004.0, 142, 'Harry Potter, Ron and Hermione return to Hogwarts School of Witchcraft and Wizardry for their third year of study, where they delve into the mystery surrounding an escaped prisoner who poses a dangerous threat to the young wizard.', 'https://m.media-amazon.com/images/M/MV5BMTY4NTIwODg0N15BMl5BanBnXkFtZTcwOTc0MjEzMw@@._V1_UX67_CR0,0,67,98_AL_.jpg', 7.9, 82.0, 552493, 249358727.0, 13);
INSERT INTO MovieGenres (MovieID, GenreID) VALUES (507, 2);
INSERT INTO MovieGenres (MovieID, GenreID) VALUES (507, 8);
INSERT INTO MovieGenres (MovieID, GenreID) VALUES (507, 9);
INSERT INTO MoviePeople (MovieID, PersonID, RoleID) VALUES (507, 90, 1);
INSERT INTO MoviePeople (MovieID, PersonID, RoleID) VALUES (507, 600, 2);
INSERT INTO MoviePeople (MovieID, PersonID, RoleID) VALUES (507, 810, 3);
INSERT INTO MoviePeople (MovieID, PersonID, RoleID) VALUES (507, 2598, 4);
INSERT INTO MoviePeople (MovieID, PersonID, RoleID) VALUES (507, 2482, 5);

INSERT INTO Movies (MovieID, Series_Title, Released_Year, RuntimeMinutes, Overview, Poster_Link, IMDB_Rating, Meta_score, No_of_Votes, Gross_Revenue, CertificateID) VALUES (508, 'Ying xiong', 2002.0, 120, 'A defense officer, Nameless, was summoned by the King of Qin regarding his success of terminating three warriors.', 'https://m.media-amazon.com/images/M/MV5BMWQ2MjQ0OTctMWE1OC00NjZjLTk3ZDAtNTk3NTZiYWMxYTlmXkEyXkFqcGdeQXVyMTQxNzMzNDI@._V1_UX67_CR0,0,67,98_AL_.jpg', 7.9, 85.0, 173999, 53710019.0, 7);
INSERT INTO MovieGenres (MovieID, GenreID) VALUES (508, 1);
INSERT INTO MovieGenres (MovieID, GenreID) VALUES (508, 2);
INSERT INTO MovieGenres (MovieID, GenreID) VALUES (508, 11);
INSERT INTO MoviePeople (MovieID, PersonID, RoleID) VALUES (508, 3148, 1);
INSERT INTO MoviePeople (MovieID, PersonID, RoleID) VALUES (508, 1381, 2);
INSERT INTO MoviePeople (MovieID, PersonID, RoleID) VALUES (508, 2971, 3);
INSERT INTO MoviePeople (MovieID, PersonID, RoleID) VALUES (508, 1869, 4);
INSERT INTO MoviePeople (MovieID, PersonID, RoleID) VALUES (508, 3191, 5);

INSERT INTO Movies (MovieID, Series_Title, Released_Year, RuntimeMinutes, Overview, Poster_Link, IMDB_Rating, Meta_score, No_of_Votes, Gross_Revenue, CertificateID) VALUES (509, 'Hable con ella', 2002.0, 112, 'Two men share an odd friendship while they care for two women who are both in deep comas.', 'https://m.media-amazon.com/images/M/MV5BYmVmMGQ3NzEtM2FiNi00YThhLWFkZjYtM2Y0MjZjNGE4NzM0XkEyXkFqcGdeQXVyODc0OTEyNDU@._V1_UY98_CR1,0,67,98_AL_.jpg', 7.9, 86.0, 104691, 9284265.0, 9);
INSERT INTO MovieGenres (MovieID, GenreID) VALUES (509, 7);
INSERT INTO MovieGenres (MovieID, GenreID) VALUES (509, 15);
INSERT INTO MovieGenres (MovieID, GenreID) VALUES (509, 16);
INSERT INTO MoviePeople (MovieID, PersonID, RoleID) VALUES (509, 2326, 1);
INSERT INTO MoviePeople (MovieID, PersonID, RoleID) VALUES (509, 2578, 2);
INSERT INTO MoviePeople (MovieID, PersonID, RoleID) VALUES (509, 1305, 3);
INSERT INTO MoviePeople (MovieID, PersonID, RoleID) VALUES (509, 620, 4);
INSERT INTO MoviePeople (MovieID, PersonID, RoleID) VALUES (509, 1777, 5);

INSERT INTO Movies (MovieID, Series_Title, Released_Year, RuntimeMinutes, Overview, Poster_Link, IMDB_Rating, Meta_score, No_of_Votes, Gross_Revenue, CertificateID) VALUES (510, 'No Man''s Land', 2001.0, 98, 'Bosnia and Herzegovina during 1993 at the time of the heaviest fighting between the two warring sides. Two soldiers from opposing sides in the conflict, Nino and Ciki, become trapped in no man''s land, whilst a third soldier becomes a living booby trap.', 'https://m.media-amazon.com/images/M/MV5BMGFkNjNmZWMtNDdiOS00ZWM3LWE1ZTMtZDU3MGQyMzIyNzZhXkEyXkFqcGdeQXVyMTMxODk2OTU@._V1_UX67_CR0,0,67,98_AL_.jpg', 7.9, 84.0, 44618, 1059830.0, 9);
INSERT INTO MovieGenres (MovieID, GenreID) VALUES (510, 5);
INSERT INTO MovieGenres (MovieID, GenreID) VALUES (510, 7);
INSERT INTO MovieGenres (MovieID, GenreID) VALUES (510, 20);
INSERT INTO MoviePeople (MovieID, PersonID, RoleID) VALUES (510, 604, 1);
INSERT INTO MoviePeople (MovieID, PersonID, RoleID) VALUES (510, 357, 2);
INSERT INTO MoviePeople (MovieID, PersonID, RoleID) VALUES (510, 2453, 3);
INSERT INTO MoviePeople (MovieID, PersonID, RoleID) VALUES (510, 874, 4);
INSERT INTO MoviePeople (MovieID, PersonID, RoleID) VALUES (510, 991, 5);

INSERT INTO Movies (MovieID, Series_Title, Released_Year, RuntimeMinutes, Overview, Poster_Link, IMDB_Rating, Meta_score, No_of_Votes, Gross_Revenue, CertificateID) VALUES (511, 'Cowboy Bebop: Tengoku no tobira', 2001.0, 115, 'A terrorist explosion releases a deadly virus on the masses, and it''s up the bounty-hunting Bebop crew to catch the cold-blooded culprit.', 'https://m.media-amazon.com/images/M/MV5BMjYzYWM4YTItZjJiMC00OTM5LTg3NDgtOGQ2Njk2ZWNhN2QwXkEyXkFqcGdeQXVyMzM4MjM0Nzg@._V1_UY98_CR0,0,67,98_AL_.jpg', 7.9, 61.0, 42897, 1000045.0, 13);
INSERT INTO MovieGenres (MovieID, GenreID) VALUES (511, 3);
INSERT INTO MovieGenres (MovieID, GenreID) VALUES (511, 1);
INSERT INTO MovieGenres (MovieID, GenreID) VALUES (511, 6);
INSERT INTO MoviePeople (MovieID, PersonID, RoleID) VALUES (511, 2737, 1);
INSERT INTO MoviePeople (MovieID, PersonID, RoleID) VALUES (511, 2882, 2);
INSERT INTO MoviePeople (MovieID, PersonID, RoleID) VALUES (511, 1127, 3);
INSERT INTO MoviePeople (MovieID, PersonID, RoleID) VALUES (511, 3159, 4);
INSERT INTO MoviePeople (MovieID, PersonID, RoleID) VALUES (511, 275, 5);

INSERT INTO Movies (MovieID, Series_Title, Released_Year, RuntimeMinutes, Overview, Poster_Link, IMDB_Rating, Meta_score, No_of_Votes, Gross_Revenue, CertificateID) VALUES (512, 'The Bourne Identity', 2002.0, 119, 'A man is picked up by a fishing boat, bullet-riddled and suffering from amnesia, before racing to elude assassins and attempting to regain his memory.', 'https://m.media-amazon.com/images/M/MV5BM2JkNGU0ZGMtZjVjNS00NjgyLWEyOWYtZmRmZGQyN2IxZjA2XkEyXkFqcGdeQXVyNTIzOTk5ODM@._V1_UX67_CR0,0,67,98_AL_.jpg', 7.9, 68.0, 508771, 121661683.0, 15);
INSERT INTO MovieGenres (MovieID, GenreID) VALUES (512, 1);
INSERT INTO MovieGenres (MovieID, GenreID) VALUES (512, 15);
INSERT INTO MovieGenres (MovieID, GenreID) VALUES (512, 19);
INSERT INTO MoviePeople (MovieID, PersonID, RoleID) VALUES (512, 725, 1);
INSERT INTO MoviePeople (MovieID, PersonID, RoleID) VALUES (512, 910, 2);
INSERT INTO MoviePeople (MovieID, PersonID, RoleID) VALUES (512, 1985, 3);
INSERT INTO MoviePeople (MovieID, PersonID, RoleID) VALUES (512, 496, 4);
INSERT INTO MoviePeople (MovieID, PersonID, RoleID) VALUES (512, 548, 5);

INSERT INTO Movies (MovieID, Series_Title, Released_Year, RuntimeMinutes, Overview, Poster_Link, IMDB_Rating, Meta_score, No_of_Votes, Gross_Revenue, CertificateID) VALUES (513, 'Nueve reinas', 2000.0, 114, 'Two con artists try to swindle a stamp collector by selling him a sheet of counterfeit rare stamps (the "nine queens").', 'https://m.media-amazon.com/images/M/MV5BMTYxMDdlYjItMDVkYy00MjYzLThhMTYtYjIzZjZiODk1ZWRmXkEyXkFqcGdeQXVyNDk3NzU2MTQ@._V1_UX67_CR0,0,67,98_AL_.jpg', 7.9, 80.0, 49721, 1221261.0, 9);
INSERT INTO MovieGenres (MovieID, GenreID) VALUES (513, 6);
INSERT INTO MovieGenres (MovieID, GenreID) VALUES (513, 7);
INSERT INTO MovieGenres (MovieID, GenreID) VALUES (513, 19);
INSERT INTO MoviePeople (MovieID, PersonID, RoleID) VALUES (513, 852, 1);
INSERT INTO MoviePeople (MovieID, PersonID, RoleID) VALUES (513, 2463, 2);
INSERT INTO MoviePeople (MovieID, PersonID, RoleID) VALUES (513, 949, 3);
INSERT INTO MoviePeople (MovieID, PersonID, RoleID) VALUES (513, 1029, 4);
INSERT INTO MoviePeople (MovieID, PersonID, RoleID) VALUES (513, 1973, 5);

INSERT INTO Movies (MovieID, Series_Title, Released_Year, RuntimeMinutes, Overview, Poster_Link, IMDB_Rating, Meta_score, No_of_Votes, Gross_Revenue, CertificateID) VALUES (514, 'Children of Men', 2006.0, 109, 'In 2027, in a chaotic world in which women have become somehow infertile, a former activist agrees to help transport a miraculously pregnant woman to a sanctuary at sea.', 'https://m.media-amazon.com/images/M/MV5BMTQ5NTI2NTI4NF5BMl5BanBnXkFtZTcwNjk2NDA2OQ@@._V1_UX67_CR0,0,67,98_AL_.jpg', 7.9, 84.0, 465113, 35552383.0, 2);
INSERT INTO MovieGenres (MovieID, GenreID) VALUES (514, 2);
INSERT INTO MovieGenres (MovieID, GenreID) VALUES (514, 7);
INSERT INTO MovieGenres (MovieID, GenreID) VALUES (514, 17);
INSERT INTO MoviePeople (MovieID, PersonID, RoleID) VALUES (514, 90, 1);
INSERT INTO MoviePeople (MovieID, PersonID, RoleID) VALUES (514, 1561, 2);
INSERT INTO MoviePeople (MovieID, PersonID, RoleID) VALUES (514, 548, 3);
INSERT INTO MoviePeople (MovieID, PersonID, RoleID) VALUES (514, 489, 4);
INSERT INTO MoviePeople (MovieID, PersonID, RoleID) VALUES (514, 2046, 5);

INSERT INTO Movies (MovieID, Series_Title, Released_Year, RuntimeMinutes, Overview, Poster_Link, IMDB_Rating, Meta_score, No_of_Votes, Gross_Revenue, CertificateID) VALUES (515, 'Almost Famous', 2000.0, 122, 'A high-school boy is given the chance to write a story for Rolling Stone Magazine about an up-and-coming rock band as he accompanies them on their concert tour.', 'https://m.media-amazon.com/images/M/MV5BMzY1ZjMwMGEtYTY1ZS00ZDllLTk0ZmUtYzA3ZTA4NmYwNGNkXkEyXkFqcGdeQXVyNDk3NzU2MTQ@._V1_UX67_CR0,0,67,98_AL_.jpg', 7.9, 90.0, 252586, 32534850.0, 2);
INSERT INTO MovieGenres (MovieID, GenreID) VALUES (515, 2);
INSERT INTO MovieGenres (MovieID, GenreID) VALUES (515, 5);
INSERT INTO MovieGenres (MovieID, GenreID) VALUES (515, 7);
INSERT INTO MoviePeople (MovieID, PersonID, RoleID) VALUES (515, 413, 1);
INSERT INTO MoviePeople (MovieID, PersonID, RoleID) VALUES (515, 313, 2);
INSERT INTO MoviePeople (MovieID, PersonID, RoleID) VALUES (515, 2285, 3);
INSERT INTO MoviePeople (MovieID, PersonID, RoleID) VALUES (515, 1617, 4);
INSERT INTO MoviePeople (MovieID, PersonID, RoleID) VALUES (515, 888, 5);

INSERT INTO Movies (MovieID, Series_Title, Released_Year, RuntimeMinutes, Overview, Poster_Link, IMDB_Rating, Meta_score, No_of_Votes, Gross_Revenue, CertificateID) VALUES (516, 'Mulholland Dr.', 2001.0, 147, 'After a car wreck on the winding Mulholland Drive renders a woman amnesiac, she and a perky Hollywood-hopeful search for clues and answers across Los Angeles in a twisting venture beyond dreams and reality.', 'https://m.media-amazon.com/images/M/MV5BYjBhZmViNTItMGExMy00MGNmLTkwZDItMDVlMTQ4ODVkYTMwXkEyXkFqcGdeQXVyNzM0MTUwNTY@._V1_UY98_CR1,0,67,98_AL_.jpg', 7.9, 85.0, 322031, 7220243.0, 9);
INSERT INTO MovieGenres (MovieID, GenreID) VALUES (516, 7);
INSERT INTO MovieGenres (MovieID, GenreID) VALUES (516, 15);
INSERT INTO MovieGenres (MovieID, GenreID) VALUES (516, 19);
INSERT INTO MoviePeople (MovieID, PersonID, RoleID) VALUES (516, 638, 1);
INSERT INTO MoviePeople (MovieID, PersonID, RoleID) VALUES (516, 2164, 2);
INSERT INTO MoviePeople (MovieID, PersonID, RoleID) VALUES (516, 1734, 3);
INSERT INTO MoviePeople (MovieID, PersonID, RoleID) VALUES (516, 1580, 4);
INSERT INTO MoviePeople (MovieID, PersonID, RoleID) VALUES (516, 1335, 5);

INSERT INTO Movies (MovieID, Series_Title, Released_Year, RuntimeMinutes, Overview, Poster_Link, IMDB_Rating, Meta_score, No_of_Votes, Gross_Revenue, CertificateID) VALUES (517, 'Toy Story 2', 1999.0, 92, 'When Woody is stolen by a toy collector, Buzz and his friends set out on a rescue mission to save Woody before he becomes a museum toy property with his roundup gang Jessie, Prospector, and Bullseye.', 'https://m.media-amazon.com/images/M/MV5BMWM5ZDcxMTYtNTEyNS00MDRkLWI3YTItNThmMGExMWY4NDIwXkEyXkFqcGdeQXVyNjUwNzk3NDc@._V1_UX67_CR0,0,67,98_AL_.jpg', 7.9, 88.0, 527512, 245852179.0, 13);
INSERT INTO MovieGenres (MovieID, GenreID) VALUES (517, 3);
INSERT INTO MovieGenres (MovieID, GenreID) VALUES (517, 2);
INSERT INTO MovieGenres (MovieID, GenreID) VALUES (517, 5);
INSERT INTO MoviePeople (MovieID, PersonID, RoleID) VALUES (517, 1463, 1);
INSERT INTO MoviePeople (MovieID, PersonID, RoleID) VALUES (517, 236, 2);
INSERT INTO MoviePeople (MovieID, PersonID, RoleID) VALUES (517, 1756, 3);
INSERT INTO MoviePeople (MovieID, PersonID, RoleID) VALUES (517, 2949, 4);
INSERT INTO MoviePeople (MovieID, PersonID, RoleID) VALUES (517, 2923, 5);

INSERT INTO Movies (MovieID, Series_Title, Released_Year, RuntimeMinutes, Overview, Poster_Link, IMDB_Rating, Meta_score, No_of_Votes, Gross_Revenue, CertificateID) VALUES (518, 'Boogie Nights', 1997.0, 155, 'Back when sex was safe, pleasure was a business and business was booming, an idealistic porn producer aspires to elevate his craft to an art when he discovers a hot young talent.', 'https://m.media-amazon.com/images/M/MV5BY2E2YWYxY2QtZmJmZi00MjJlLWFiYWItZTk5Y2IyMWQ1ZThhXkEyXkFqcGdeQXVyMTMxODk2OTU@._V1_UX67_CR0,0,67,98_AL_.jpg', 7.9, 85.0, 239473, 26400640.0, 9);
INSERT INTO MovieGenres (MovieID, GenreID) VALUES (518, 7);
INSERT INTO MoviePeople (MovieID, PersonID, RoleID) VALUES (518, 2317, 1);
INSERT INTO MoviePeople (MovieID, PersonID, RoleID) VALUES (518, 1940, 2);
INSERT INTO MoviePeople (MovieID, PersonID, RoleID) VALUES (518, 1561, 3);
INSERT INTO MoviePeople (MovieID, PersonID, RoleID) VALUES (518, 399, 4);
INSERT INTO MoviePeople (MovieID, PersonID, RoleID) VALUES (518, 1846, 5);

INSERT INTO Movies (MovieID, Series_Title, Released_Year, RuntimeMinutes, Overview, Poster_Link, IMDB_Rating, Meta_score, No_of_Votes, Gross_Revenue, CertificateID) VALUES (519, 'Mimi wo sumaseba', 1995.0, 111, 'A love story between a girl who loves reading books, and a boy who has previously checked out all of the library books she chooses.', 'https://m.media-amazon.com/images/M/MV5BZDg0MWNmNjktMGEwZC00ZDlmLWI1MTUtMDBmNjQzMWM2NjBjXkEyXkFqcGdeQXVyMTMxODk2OTU@._V1_UX67_CR0,0,67,98_AL_.jpg', 7.9, 75.0, 51943, NULL, 13);
INSERT INTO MovieGenres (MovieID, GenreID) VALUES (519, 3);
INSERT INTO MovieGenres (MovieID, GenreID) VALUES (519, 7);
INSERT INTO MovieGenres (MovieID, GenreID) VALUES (519, 8);
INSERT INTO MoviePeople (MovieID, PersonID, RoleID) VALUES (519, 3156, 1);
INSERT INTO MoviePeople (MovieID, PersonID, RoleID) VALUES (519, 3149, 2);
INSERT INTO MoviePeople (MovieID, PersonID, RoleID) VALUES (519, 1191, 3);
INSERT INTO MoviePeople (MovieID, PersonID, RoleID) VALUES (519, 2855, 4);
INSERT INTO MoviePeople (MovieID, PersonID, RoleID) VALUES (519, 2730, 5);

INSERT INTO Movies (MovieID, Series_Title, Released_Year, RuntimeMinutes, Overview, Poster_Link, IMDB_Rating, Meta_score, No_of_Votes, Gross_Revenue, CertificateID) VALUES (520, 'Once Were Warriors', 1994.0, 102, 'A family descended from Maori warriors is bedeviled by a violent father and the societal problems of being treated as outcasts.', 'https://m.media-amazon.com/images/M/MV5BYTY4MTdjZDMtOTBiMC00MDEwLThhMjUtMjlhMjdlYTBmMzk3XkEyXkFqcGdeQXVyNjMwMjk0MTQ@._V1_UY98_CR1,0,67,98_AL_.jpg', 7.9, 77.0, 31590, 2201126.0, 2);
INSERT INTO MovieGenres (MovieID, GenreID) VALUES (520, 6);
INSERT INTO MovieGenres (MovieID, GenreID) VALUES (520, 7);
INSERT INTO MoviePeople (MovieID, PersonID, RoleID) VALUES (520, 1755, 1);
INSERT INTO MoviePeople (MovieID, PersonID, RoleID) VALUES (520, 2451, 2);
INSERT INTO MoviePeople (MovieID, PersonID, RoleID) VALUES (520, 2881, 3);
INSERT INTO MoviePeople (MovieID, PersonID, RoleID) VALUES (520, 1882, 4);
INSERT INTO MoviePeople (MovieID, PersonID, RoleID) VALUES (520, 1556, 5);

INSERT INTO Movies (MovieID, Series_Title, Released_Year, RuntimeMinutes, Overview, Poster_Link, IMDB_Rating, Meta_score, No_of_Votes, Gross_Revenue, CertificateID) VALUES (521, 'True Romance', 1993.0, 119, 'In Detroit, a lonely pop culture geek marries a call girl, steals cocaine from her pimp, and tries to sell it in Hollywood. Meanwhile, the owners of the cocaine, the Mob, track them down in an attempt to reclaim it.', 'https://m.media-amazon.com/images/M/MV5BMDViNjFjOWMtZGZhMi00NmIyLThmYzktODA4MzJhZDZhMDc5XkEyXkFqcGdeQXVyNzkwMjQ5NzM@._V1_UY98_CR1,0,67,98_AL_.jpg', 7.9, 59.0, 206918, 12281500.0, 9);
INSERT INTO MovieGenres (MovieID, GenreID) VALUES (521, 6);
INSERT INTO MovieGenres (MovieID, GenreID) VALUES (521, 7);
INSERT INTO MovieGenres (MovieID, GenreID) VALUES (521, 16);
INSERT INTO MoviePeople (MovieID, PersonID, RoleID) VALUES (521, 2978, 1);
INSERT INTO MoviePeople (MovieID, PersonID, RoleID) VALUES (521, 513, 2);
INSERT INTO MoviePeople (MovieID, PersonID, RoleID) VALUES (521, 2282, 3);
INSERT INTO MoviePeople (MovieID, PersonID, RoleID) VALUES (521, 672, 4);
INSERT INTO MoviePeople (MovieID, PersonID, RoleID) VALUES (521, 3011, 5);

INSERT INTO Movies (MovieID, Series_Title, Released_Year, RuntimeMinutes, Overview, Poster_Link, IMDB_Rating, Meta_score, No_of_Votes, Gross_Revenue, CertificateID) VALUES (522, 'Trois couleurs: Bleu', 1993.0, 94, 'A woman struggles to find a way to live her life after the death of her husband and child.', 'https://m.media-amazon.com/images/M/MV5BMjg5OGU4OGYtNTZmNy00MjQ1LWIzYzgtMTllMGY2NzlkNzYwXkEyXkFqcGdeQXVyMTI3ODAyMzE2._V1_UY98_CR2,0,67,98_AL_.jpg', 7.9, 85.0, 89836, 1324974.0, 13);
INSERT INTO MovieGenres (MovieID, GenreID) VALUES (522, 7);
INSERT INTO MovieGenres (MovieID, GenreID) VALUES (522, 13);
INSERT INTO MovieGenres (MovieID, GenreID) VALUES (522, 15);
INSERT INTO MoviePeople (MovieID, PersonID, RoleID) VALUES (522, 1710, 1);
INSERT INTO MoviePeople (MovieID, PersonID, RoleID) VALUES (522, 1570, 2);
INSERT INTO MoviePeople (MovieID, PersonID, RoleID) VALUES (522, 3189, 3);
INSERT INTO MoviePeople (MovieID, PersonID, RoleID) VALUES (522, 1565, 4);
INSERT INTO MoviePeople (MovieID, PersonID, RoleID) VALUES (522, 293, 5);

INSERT INTO Movies (MovieID, Series_Title, Released_Year, RuntimeMinutes, Overview, Poster_Link, IMDB_Rating, Meta_score, No_of_Votes, Gross_Revenue, CertificateID) VALUES (523, 'Jûbê ninpûchô', 1993.0, 94, 'A vagabond swordsman is aided by a beautiful ninja girl and a crafty spy in confronting a demonic clan of killers - with a ghost from his past as their leader - who are bent on overthrowing the Tokugawa Shogunate.', 'https://m.media-amazon.com/images/M/MV5BOTMyZGI4N2YtMzdkNi00MDZmLTg4NmItMzg0ODY5NjdhZjYwL2ltYWdlL2ltYWdlXkEyXkFqcGdeQXVyMzM4MjM0Nzg@._V1_UY98_CR1,0,67,98_AL_.jpg', 7.9, NULL, 34529, NULL, 2);
INSERT INTO MovieGenres (MovieID, GenreID) VALUES (523, 3);
INSERT INTO MovieGenres (MovieID, GenreID) VALUES (523, 1);
INSERT INTO MovieGenres (MovieID, GenreID) VALUES (523, 2);
INSERT INTO MoviePeople (MovieID, PersonID, RoleID) VALUES (523, 3154, 1);
INSERT INTO MoviePeople (MovieID, PersonID, RoleID) VALUES (523, 1720, 2);
INSERT INTO MoviePeople (MovieID, PersonID, RoleID) VALUES (523, 799, 3);
INSERT INTO MoviePeople (MovieID, PersonID, RoleID) VALUES (523, 2856, 4);
INSERT INTO MoviePeople (MovieID, PersonID, RoleID) VALUES (523, 2261, 5);

INSERT INTO Movies (MovieID, Series_Title, Released_Year, RuntimeMinutes, Overview, Poster_Link, IMDB_Rating, Meta_score, No_of_Votes, Gross_Revenue, CertificateID) VALUES (524, 'Carlito''s Way', 1993.0, 144, 'A Puerto Rican former convict, just released from prison, pledges to stay away from drugs and violence despite the pressure around him and lead on to a better life outside of N.Y.C.', 'https://m.media-amazon.com/images/M/MV5BN2I2N2Q1YmMtMzZkMC00Y2JjLWJmOWUtNjc2OTM2ZTk1MjUyXkEyXkFqcGdeQXVyNzkwMjQ5NzM@._V1_UX67_CR0,0,67,98_AL_.jpg', 7.9, 65.0, 201000, 36948322.0, 2);
INSERT INTO MovieGenres (MovieID, GenreID) VALUES (524, 6);
INSERT INTO MovieGenres (MovieID, GenreID) VALUES (524, 7);
INSERT INTO MovieGenres (MovieID, GenreID) VALUES (524, 19);
INSERT INTO MoviePeople (MovieID, PersonID, RoleID) VALUES (524, 363, 1);
INSERT INTO MoviePeople (MovieID, PersonID, RoleID) VALUES (524, 45, 2);
INSERT INTO MoviePeople (MovieID, PersonID, RoleID) VALUES (524, 2697, 3);
INSERT INTO MoviePeople (MovieID, PersonID, RoleID) VALUES (524, 2328, 4);
INSERT INTO MoviePeople (MovieID, PersonID, RoleID) VALUES (524, 1465, 5);

INSERT INTO Movies (MovieID, Series_Title, Released_Year, RuntimeMinutes, Overview, Poster_Link, IMDB_Rating, Meta_score, No_of_Votes, Gross_Revenue, CertificateID) VALUES (525, 'Edward Scissorhands', 1990.0, 105, 'An artificial man, who was incompletely constructed and has scissors for hands, leads a solitary life. Then one day, a suburban lady meets him and introduces him to her world.', 'https://m.media-amazon.com/images/M/MV5BNDUxN2I5NDUtZjdlMC00NjlmLTg0OTQtNjk0NjAxZjFmZTUzXkEyXkFqcGdeQXVyMTQxNzMzNDI@._V1_UX67_CR0,0,67,98_AL_.jpg', 7.9, 74.0, 447368, 56362352.0, 13);
INSERT INTO MovieGenres (MovieID, GenreID) VALUES (525, 7);
INSERT INTO MovieGenres (MovieID, GenreID) VALUES (525, 9);
INSERT INTO MovieGenres (MovieID, GenreID) VALUES (525, 16);
INSERT INTO MoviePeople (MovieID, PersonID, RoleID) VALUES (525, 2925, 1);
INSERT INTO MoviePeople (MovieID, PersonID, RoleID) VALUES (525, 1496, 2);
INSERT INTO MoviePeople (MovieID, PersonID, RoleID) VALUES (525, 3121, 3);
INSERT INTO MoviePeople (MovieID, PersonID, RoleID) VALUES (525, 686, 4);
INSERT INTO MoviePeople (MovieID, PersonID, RoleID) VALUES (525, 194, 5);

INSERT INTO Movies (MovieID, Series_Title, Released_Year, RuntimeMinutes, Overview, Poster_Link, IMDB_Rating, Meta_score, No_of_Votes, Gross_Revenue, CertificateID) VALUES (526, 'My Left Foot: The Story of Christy Brown', 1989.0, 103, 'Christy Brown, born with cerebral palsy, learns to paint and write with his only controllable limb - his left foot.', 'https://m.media-amazon.com/images/M/MV5BYjdkNzA4MzYtZThhOS00ZDgzLTlmMDItNmY1ZjI5YjkzZTE1XkEyXkFqcGdeQXVyMTQxNzMzNDI@._V1_UX67_CR0,0,67,98_AL_.jpg', 7.9, 97.0, 68076, 14743391.0, 13);
INSERT INTO MovieGenres (MovieID, GenreID) VALUES (526, 4);
INSERT INTO MovieGenres (MovieID, GenreID) VALUES (526, 7);
INSERT INTO MoviePeople (MovieID, PersonID, RoleID) VALUES (526, 1390, 1);
INSERT INTO MoviePeople (MovieID, PersonID, RoleID) VALUES (526, 594, 2);
INSERT INTO MoviePeople (MovieID, PersonID, RoleID) VALUES (526, 359, 3);
INSERT INTO MoviePeople (MovieID, PersonID, RoleID) VALUES (526, 101, 4);
INSERT INTO MoviePeople (MovieID, PersonID, RoleID) VALUES (526, 1696, 5);

INSERT INTO Movies (MovieID, Series_Title, Released_Year, RuntimeMinutes, Overview, Poster_Link, IMDB_Rating, Meta_score, No_of_Votes, Gross_Revenue, CertificateID) VALUES (527, 'Crimes and Misdemeanors', 1989.0, 104, 'An ophthalmologist''s mistress threatens to reveal their affair to his wife while a married documentary filmmaker is infatuated with another woman.', 'https://m.media-amazon.com/images/M/MV5BYWY3N2EyOWYtNDVhZi00MWRkLTg2OTUtODNkNDQ5ZTIwMGJkXkEyXkFqcGdeQXVyMTMxODk2OTU@._V1_UX67_CR0,0,67,98_AL_.jpg', 7.9, 77.0, 54670, 18254702.0, 7);
INSERT INTO MovieGenres (MovieID, GenreID) VALUES (527, 5);
INSERT INTO MovieGenres (MovieID, GenreID) VALUES (527, 7);
INSERT INTO MoviePeople (MovieID, PersonID, RoleID) VALUES (527, 3129, 1);
INSERT INTO MoviePeople (MovieID, PersonID, RoleID) VALUES (527, 1951, 2);
INSERT INTO MoviePeople (MovieID, PersonID, RoleID) VALUES (527, 3129, 3);
INSERT INTO MoviePeople (MovieID, PersonID, RoleID) VALUES (527, 302, 4);
INSERT INTO MoviePeople (MovieID, PersonID, RoleID) VALUES (527, 535, 5);

INSERT INTO Movies (MovieID, Series_Title, Released_Year, RuntimeMinutes, Overview, Poster_Link, IMDB_Rating, Meta_score, No_of_Votes, Gross_Revenue, CertificateID) VALUES (528, 'The Untouchables', 1987.0, 119, 'During the era of Prohibition in the United States, Federal Agent Eliot Ness sets out to stop ruthless Chicago gangster Al Capone and, because of rampant corruption, assembles a small, hand-picked team to help him.', 'https://m.media-amazon.com/images/M/MV5BYTVjYWJmMWQtYWU4Ni00MWY3LWI2YmMtNTI5MDE0MWVmMmEzL2ltYWdlXkEyXkFqcGdeQXVyMTQxNzMzNDI@._V1_UX67_CR0,0,67,98_AL_.jpg', 7.9, 79.0, 281842, 76270454.0, 2);
INSERT INTO MovieGenres (MovieID, GenreID) VALUES (528, 6);
INSERT INTO MovieGenres (MovieID, GenreID) VALUES (528, 7);
INSERT INTO MovieGenres (MovieID, GenreID) VALUES (528, 19);
INSERT INTO MoviePeople (MovieID, PersonID, RoleID) VALUES (528, 363, 1);
INSERT INTO MoviePeople (MovieID, PersonID, RoleID) VALUES (528, 1664, 2);
INSERT INTO MoviePeople (MovieID, PersonID, RoleID) VALUES (528, 2695, 3);
INSERT INTO MoviePeople (MovieID, PersonID, RoleID) VALUES (528, 2517, 4);
INSERT INTO MoviePeople (MovieID, PersonID, RoleID) VALUES (528, 464, 5);

INSERT INTO Movies (MovieID, Series_Title, Released_Year, RuntimeMinutes, Overview, Poster_Link, IMDB_Rating, Meta_score, No_of_Votes, Gross_Revenue, CertificateID) VALUES (529, 'Hannah and Her Sisters', 1986.0, 107, 'Between two Thanksgivings two years apart, Hannah''s husband falls in love with her sister Lee, while her hypochondriac ex-husband rekindles his relationship with her sister Holly.', 'https://m.media-amazon.com/images/M/MV5BMWZiNWUwYjMtM2Y1Yi00MTZmLWEwYzctNjVmYWM0OTFlZDFhXkEyXkFqcGdeQXVyMTMxODk2OTU@._V1_UX67_CR0,0,67,98_AL_.jpg', 7.9, 90.0, 67176, 40084041.0, 7);
INSERT INTO MovieGenres (MovieID, GenreID) VALUES (529, 5);
INSERT INTO MovieGenres (MovieID, GenreID) VALUES (529, 7);
INSERT INTO MoviePeople (MovieID, PersonID, RoleID) VALUES (529, 3129, 1);
INSERT INTO MoviePeople (MovieID, PersonID, RoleID) VALUES (529, 2038, 2);
INSERT INTO MoviePeople (MovieID, PersonID, RoleID) VALUES (529, 686, 3);
INSERT INTO MoviePeople (MovieID, PersonID, RoleID) VALUES (529, 2046, 4);
INSERT INTO MoviePeople (MovieID, PersonID, RoleID) VALUES (529, 262, 5);

INSERT INTO Movies (MovieID, Series_Title, Released_Year, RuntimeMinutes, Overview, Poster_Link, IMDB_Rating, Meta_score, No_of_Votes, Gross_Revenue, CertificateID) VALUES (530, 'Brazil', 1985.0, 132, 'A bureaucrat in a dystopic society becomes an enemy of the state as he pursues the woman of his dreams.', 'https://m.media-amazon.com/images/M/MV5BMzIwM2IwYTItYmM4Zi00OWMzLTkwNjAtYWRmYWNmY2RhMDk0XkEyXkFqcGdeQXVyNjU0OTQ0OTY@._V1_UX67_CR0,0,67,98_AL_.jpg', 7.9, 84.0, 187567, 9929135.0, 13);
INSERT INTO MovieGenres (MovieID, GenreID) VALUES (530, 7);
INSERT INTO MovieGenres (MovieID, GenreID) VALUES (530, 17);
INSERT INTO MoviePeople (MovieID, PersonID, RoleID) VALUES (530, 2894, 1);
INSERT INTO MoviePeople (MovieID, PersonID, RoleID) VALUES (530, 1509, 2);
INSERT INTO MoviePeople (MovieID, PersonID, RoleID) VALUES (530, 1678, 3);
INSERT INTO MoviePeople (MovieID, PersonID, RoleID) VALUES (530, 2517, 4);
INSERT INTO MoviePeople (MovieID, PersonID, RoleID) VALUES (530, 1623, 5);

INSERT INTO Movies (MovieID, Series_Title, Released_Year, RuntimeMinutes, Overview, Poster_Link, IMDB_Rating, Meta_score, No_of_Votes, Gross_Revenue, CertificateID) VALUES (531, 'This Is Spinal Tap', 1984.0, 82, 'Spinal Tap, one of England''s loudest bands, is chronicled by film director Marty DiBergi on what proves to be a fateful tour.', 'https://m.media-amazon.com/images/M/MV5BMTQ2MTIzMzg5Nl5BMl5BanBnXkFtZTgwOTc5NDI1MDE@._V1_UX67_CR0,0,67,98_AL_.jpg', 7.9, 92.0, 128812, 188751.0, 9);
INSERT INTO MovieGenres (MovieID, GenreID) VALUES (531, 5);
INSERT INTO MovieGenres (MovieID, GenreID) VALUES (531, 13);
INSERT INTO MoviePeople (MovieID, PersonID, RoleID) VALUES (531, 2508, 1);
INSERT INTO MoviePeople (MovieID, PersonID, RoleID) VALUES (531, 2508, 2);
INSERT INTO MoviePeople (MovieID, PersonID, RoleID) VALUES (531, 2062, 3);
INSERT INTO MoviePeople (MovieID, PersonID, RoleID) VALUES (531, 521, 4);
INSERT INTO MoviePeople (MovieID, PersonID, RoleID) VALUES (531, 1687, 5);

INSERT INTO Movies (MovieID, Series_Title, Released_Year, RuntimeMinutes, Overview, Poster_Link, IMDB_Rating, Meta_score, No_of_Votes, Gross_Revenue, CertificateID) VALUES (532, 'A Christmas Story', 1983.0, 93, 'In the 1940s, a young boy named Ralphie attempts to convince his parents, his teacher and Santa that a Red Ryder BB gun really is the perfect Christmas gift.', 'https://m.media-amazon.com/images/M/MV5BOWMyNjE0MzEtMzVjNy00NjIxLTg0ZjMtMWJhNGI1YmVjYTczL2ltYWdlXkEyXkFqcGdeQXVyNzc5MjA3OA@@._V1_UX67_CR0,0,67,98_AL_.jpg', 7.9, 77.0, 132947, 20605209.0, 13);
INSERT INTO MovieGenres (MovieID, GenreID) VALUES (532, 5);
INSERT INTO MovieGenres (MovieID, GenreID) VALUES (532, 8);
INSERT INTO MoviePeople (MovieID, PersonID, RoleID) VALUES (532, 326, 1);
INSERT INTO MoviePeople (MovieID, PersonID, RoleID) VALUES (532, 2336, 2);
INSERT INTO MoviePeople (MovieID, PersonID, RoleID) VALUES (532, 2025, 3);
INSERT INTO MoviePeople (MovieID, PersonID, RoleID) VALUES (532, 616, 4);
INSERT INTO MoviePeople (MovieID, PersonID, RoleID) VALUES (532, 2688, 5);

INSERT INTO Movies (MovieID, Series_Title, Released_Year, RuntimeMinutes, Overview, Poster_Link, IMDB_Rating, Meta_score, No_of_Votes, Gross_Revenue, CertificateID) VALUES (533, 'The Blues Brothers', 1980.0, 133, 'Jake Blues, just released from prison, puts together his old band to save the Catholic home where he and his brother Elwood were raised.', 'https://m.media-amazon.com/images/M/MV5BYTdlMDExOGUtN2I3MS00MjY5LWE1NTAtYzc3MzIxN2M3OWY1XkEyXkFqcGdeQXVyNzkwMjQ5NzM@._V1_UX67_CR0,0,67,98_AL_.jpg', 7.9, 60.0, 183182, 57229890.0, 13);
INSERT INTO MovieGenres (MovieID, GenreID) VALUES (533, 1);
INSERT INTO MovieGenres (MovieID, GenreID) VALUES (533, 2);
INSERT INTO MovieGenres (MovieID, GenreID) VALUES (533, 5);
INSERT INTO MoviePeople (MovieID, PersonID, RoleID) VALUES (533, 1462, 1);
INSERT INTO MoviePeople (MovieID, PersonID, RoleID) VALUES (533, 1424, 2);
INSERT INTO MoviePeople (MovieID, PersonID, RoleID) VALUES (533, 583, 3);
INSERT INTO MoviePeople (MovieID, PersonID, RoleID) VALUES (533, 408, 4);
INSERT INTO MoviePeople (MovieID, PersonID, RoleID) VALUES (533, 1432, 5);

INSERT INTO Movies (MovieID, Series_Title, Released_Year, RuntimeMinutes, Overview, Poster_Link, IMDB_Rating, Meta_score, No_of_Votes, Gross_Revenue, CertificateID) VALUES (534, 'Manhattan', 1979.0, 96, 'The life of a divorced television writer dating a teenage girl is further complicated when he falls in love with his best friend''s mistress.', 'https://m.media-amazon.com/images/M/MV5BMzdmY2I3MmEtOGFiZi00MTg1LWIxY2QtNWUwM2NmNWNlY2U5XkEyXkFqcGdeQXVyNDk3NzU2MTQ@._V1_UX67_CR0,0,67,98_AL_.jpg', 7.9, 83.0, 131436, 45700000.0, 9);
INSERT INTO MovieGenres (MovieID, GenreID) VALUES (534, 5);
INSERT INTO MovieGenres (MovieID, GenreID) VALUES (534, 7);
INSERT INTO MovieGenres (MovieID, GenreID) VALUES (534, 16);
INSERT INTO MoviePeople (MovieID, PersonID, RoleID) VALUES (534, 3129, 1);
INSERT INTO MoviePeople (MovieID, PersonID, RoleID) VALUES (534, 3129, 2);
INSERT INTO MoviePeople (MovieID, PersonID, RoleID) VALUES (534, 682, 3);
INSERT INTO MoviePeople (MovieID, PersonID, RoleID) VALUES (534, 1917, 4);
INSERT INTO MoviePeople (MovieID, PersonID, RoleID) VALUES (534, 2063, 5);

INSERT INTO Movies (MovieID, Series_Title, Released_Year, RuntimeMinutes, Overview, Poster_Link, IMDB_Rating, Meta_score, No_of_Votes, Gross_Revenue, CertificateID) VALUES (535, 'All That Jazz', 1979.0, 123, 'Director/choreographer Bob Fosse tells his own life story as he details the sordid career of Joe Gideon, a womanizing, drug-using dancer.', 'https://m.media-amazon.com/images/M/MV5BZWE4N2JkNDUtZDU4MC00ZjNhLTlkMjYtOTNkMjZhMDAwMDMyXkEyXkFqcGdeQXVyMTA0MjU0Ng@@._V1_UX67_CR0,0,67,98_AL_.jpg', 7.9, 72.0, 28223, 37823676.0, 2);
INSERT INTO MovieGenres (MovieID, GenreID) VALUES (535, 7);
INSERT INTO MovieGenres (MovieID, GenreID) VALUES (535, 13);
INSERT INTO MovieGenres (MovieID, GenreID) VALUES (535, 14);
INSERT INTO MoviePeople (MovieID, PersonID, RoleID) VALUES (535, 327, 1);
INSERT INTO MoviePeople (MovieID, PersonID, RoleID) VALUES (535, 2587, 2);
INSERT INTO MoviePeople (MovieID, PersonID, RoleID) VALUES (535, 1377, 3);
INSERT INTO MoviePeople (MovieID, PersonID, RoleID) VALUES (535, 168, 4);
INSERT INTO MoviePeople (MovieID, PersonID, RoleID) VALUES (535, 1763, 5);

INSERT INTO Movies (MovieID, Series_Title, Released_Year, RuntimeMinutes, Overview, Poster_Link, IMDB_Rating, Meta_score, No_of_Votes, Gross_Revenue, CertificateID) VALUES (536, 'Dawn of the Dead', 1978.0, 127, 'Following an ever-growing epidemic of zombies that have risen from the dead, two Philadelphia S.W.A.T. team members, a traffic reporter, and his television executive girlfriend seek refuge in a secluded shopping mall.', 'https://m.media-amazon.com/images/M/MV5BMzc1YTIyNjctYzhlNy00ZmYzLWI2ZWQtMzk4MmQwYzA0NGQ1XkEyXkFqcGdeQXVyMTQxNzMzNDI@._V1_UX67_CR0,0,67,98_AL_.jpg', 7.9, 71.0, 111512, 5100000.0, 2);
INSERT INTO MovieGenres (MovieID, GenreID) VALUES (536, 1);
INSERT INTO MovieGenres (MovieID, GenreID) VALUES (536, 2);
INSERT INTO MovieGenres (MovieID, GenreID) VALUES (536, 12);
INSERT INTO MoviePeople (MovieID, PersonID, RoleID) VALUES (536, 969, 1);
INSERT INTO MoviePeople (MovieID, PersonID, RoleID) VALUES (536, 629, 2);
INSERT INTO MoviePeople (MovieID, PersonID, RoleID) VALUES (536, 1649, 3);
INSERT INTO MoviePeople (MovieID, PersonID, RoleID) VALUES (536, 2686, 4);
INSERT INTO MoviePeople (MovieID, PersonID, RoleID) VALUES (536, 955, 5);

INSERT INTO Movies (MovieID, Series_Title, Released_Year, RuntimeMinutes, Overview, Poster_Link, IMDB_Rating, Meta_score, No_of_Votes, Gross_Revenue, CertificateID) VALUES (537, 'All the President''s Men', 1976.0, 138, '"The Washington Post" reporters Bob Woodward and Carl Bernstein uncover the details of the Watergate scandal that leads to President Richard Nixon''s resignation.', 'https://m.media-amazon.com/images/M/MV5BOWI2YWQxM2MtY2U4Yi00YjgzLTgwNzktN2ExNTgzNTIzMmUzXkEyXkFqcGdeQXVyMTAwMzUyOTc@._V1_UX67_CR0,0,67,98_AL_.jpg', 7.9, 84.0, 103031, 70600000.0, 13);
INSERT INTO MovieGenres (MovieID, GenreID) VALUES (537, 4);
INSERT INTO MovieGenres (MovieID, GenreID) VALUES (537, 7);
INSERT INTO MovieGenres (MovieID, GenreID) VALUES (537, 11);
INSERT INTO MoviePeople (MovieID, PersonID, RoleID) VALUES (537, 52, 1);
INSERT INTO MoviePeople (MovieID, PersonID, RoleID) VALUES (537, 731, 2);
INSERT INTO MoviePeople (MovieID, PersonID, RoleID) VALUES (537, 2529, 3);
INSERT INTO MoviePeople (MovieID, PersonID, RoleID) VALUES (537, 1218, 4);
INSERT INTO MoviePeople (MovieID, PersonID, RoleID) VALUES (537, 1947, 5);

INSERT INTO Movies (MovieID, Series_Title, Released_Year, RuntimeMinutes, Overview, Poster_Link, IMDB_Rating, Meta_score, No_of_Votes, Gross_Revenue, CertificateID) VALUES (538, 'La montaña sagrada', 1973.0, 114, 'In a corrupt, greed-fueled world, a powerful alchemist leads a messianic character and seven materialistic figures to the Holy Mountain, where they hope to achieve enlightenment.', 'https://m.media-amazon.com/images/M/MV5BN2IzM2I5NTQtMTIyMy00YWM2LWI1OGMtNjI0MWIyNDZkZGFkXkEyXkFqcGdeQXVyMTQxNzMzNDI@._V1_UX67_CR0,0,67,98_AL_.jpg', 7.9, 76.0, 37183, 61001.0, 9);
INSERT INTO MovieGenres (MovieID, GenreID) VALUES (538, 2);
INSERT INTO MovieGenres (MovieID, GenreID) VALUES (538, 7);
INSERT INTO MovieGenres (MovieID, GenreID) VALUES (538, 9);
INSERT INTO MoviePeople (MovieID, PersonID, RoleID) VALUES (538, 71, 1);
INSERT INTO MoviePeople (MovieID, PersonID, RoleID) VALUES (538, 71, 2);
INSERT INTO MoviePeople (MovieID, PersonID, RoleID) VALUES (538, 1135, 3);
INSERT INTO MoviePeople (MovieID, PersonID, RoleID) VALUES (538, 3185, 4);
INSERT INTO MoviePeople (MovieID, PersonID, RoleID) VALUES (538, 1541, 5);

INSERT INTO Movies (MovieID, Series_Title, Released_Year, RuntimeMinutes, Overview, Poster_Link, IMDB_Rating, Meta_score, No_of_Votes, Gross_Revenue, CertificateID) VALUES (539, 'Amarcord', 1973.0, 123, 'A series of comedic and nostalgic vignettes set in a 1930s Italian coastal town.', 'https://m.media-amazon.com/images/M/MV5BZDI2OTg2NDQtMzc0MC00MjRiLWI1NzAtMjY2ZDMwMmUyNzBiXkEyXkFqcGdeQXVyNzM0MTUwNTY@._V1_UX67_CR0,0,67,98_AL_.jpg', 7.9, NULL, 39897, NULL, 9);
INSERT INTO MovieGenres (MovieID, GenreID) VALUES (539, 5);
INSERT INTO MovieGenres (MovieID, GenreID) VALUES (539, 7);
INSERT INTO MovieGenres (MovieID, GenreID) VALUES (539, 8);
INSERT INTO MoviePeople (MovieID, PersonID, RoleID) VALUES (539, 862, 1);
INSERT INTO MoviePeople (MovieID, PersonID, RoleID) VALUES (539, 1868, 2);
INSERT INTO MoviePeople (MovieID, PersonID, RoleID) VALUES (539, 388, 3);
INSERT INTO MoviePeople (MovieID, PersonID, RoleID) VALUES (539, 2388, 4);
INSERT INTO MoviePeople (MovieID, PersonID, RoleID) VALUES (539, 219, 5);

INSERT INTO Movies (MovieID, Series_Title, Released_Year, RuntimeMinutes, Overview, Poster_Link, IMDB_Rating, Meta_score, No_of_Votes, Gross_Revenue, CertificateID) VALUES (540, 'Le charme discret de la bourgeoisie', 1972.0, 102, 'A surreal, virtually plotless series of dreams centered around six middle-class people and their consistently interrupted attempts to have a meal together.', 'https://m.media-amazon.com/images/M/MV5BYzQ5NjJiYWQtYjAzMC00NGU0LWFlMDYtNGFiYjFlMWI1NWM0XkEyXkFqcGdeQXVyODQ0OTczOQ@@._V1_UY98_CR4,0,67,98_AL_.jpg', 7.9, 93.0, 38737, 198809.0, 6);
INSERT INTO MovieGenres (MovieID, GenreID) VALUES (540, 5);
INSERT INTO MoviePeople (MovieID, PersonID, RoleID) VALUES (540, 1845, 1);
INSERT INTO MoviePeople (MovieID, PersonID, RoleID) VALUES (540, 871, 2);
INSERT INTO MoviePeople (MovieID, PersonID, RoleID) VALUES (540, 662, 3);
INSERT INTO MoviePeople (MovieID, PersonID, RoleID) VALUES (540, 2298, 4);
INSERT INTO MoviePeople (MovieID, PersonID, RoleID) VALUES (540, 394, 5);

INSERT INTO Movies (MovieID, Series_Title, Released_Year, RuntimeMinutes, Overview, Poster_Link, IMDB_Rating, Meta_score, No_of_Votes, Gross_Revenue, CertificateID) VALUES (541, 'Aguirre, der Zorn Gottes', 1972.0, 95, 'In the 16th century, the ruthless and insane Don Lope de Aguirre leads a Spanish expedition in search of El Dorado.', 'https://m.media-amazon.com/images/M/MV5BMjRkY2VhYzMtZWQyNS00OTY2LWE5NTAtYjlhNmQyYzE5MmUxXkEyXkFqcGdeQXVyMTQxNzMzNDI@._V1_UX67_CR0,0,67,98_AL_.jpg', 7.9, NULL, 52397, NULL, NULL);
INSERT INTO MovieGenres (MovieID, GenreID) VALUES (541, 1);
INSERT INTO MovieGenres (MovieID, GenreID) VALUES (541, 2);
INSERT INTO MovieGenres (MovieID, GenreID) VALUES (541, 4);
INSERT INTO MoviePeople (MovieID, PersonID, RoleID) VALUES (541, 3086, 1);
INSERT INTO MoviePeople (MovieID, PersonID, RoleID) VALUES (541, 1700, 2);
INSERT INTO MoviePeople (MovieID, PersonID, RoleID) VALUES (541, 2608, 3);
INSERT INTO MoviePeople (MovieID, PersonID, RoleID) VALUES (541, 1100, 4);
INSERT INTO MoviePeople (MovieID, PersonID, RoleID) VALUES (541, 661, 5);

INSERT INTO Movies (MovieID, Series_Title, Released_Year, RuntimeMinutes, Overview, Poster_Link, IMDB_Rating, Meta_score, No_of_Votes, Gross_Revenue, CertificateID) VALUES (542, 'Harold and Maude', 1971.0, 91, 'Young, rich, and obsessed with death, Harold finds himself changed forever when he meets lively septuagenarian Maude at a funeral.', 'https://m.media-amazon.com/images/M/MV5BY2M5Mzg3NjctZTlkNy00MTU0LWFlYTQtY2E2Y2M4NjNiNzllXkEyXkFqcGdeQXVyMTAwMzUyOTc@._V1_UX67_CR0,0,67,98_AL_.jpg', 7.9, 62.0, 70826, NULL, 6);
INSERT INTO MovieGenres (MovieID, GenreID) VALUES (542, 5);
INSERT INTO MovieGenres (MovieID, GenreID) VALUES (542, 7);
INSERT INTO MovieGenres (MovieID, GenreID) VALUES (542, 16);
INSERT INTO MoviePeople (MovieID, PersonID, RoleID) VALUES (542, 1067, 1);
INSERT INTO MoviePeople (MovieID, PersonID, RoleID) VALUES (542, 2604, 2);
INSERT INTO MoviePeople (MovieID, PersonID, RoleID) VALUES (542, 392, 3);
INSERT INTO MoviePeople (MovieID, PersonID, RoleID) VALUES (542, 3055, 4);
INSERT INTO MoviePeople (MovieID, PersonID, RoleID) VALUES (542, 572, 5);

INSERT INTO Movies (MovieID, Series_Title, Released_Year, RuntimeMinutes, Overview, Poster_Link, IMDB_Rating, Meta_score, No_of_Votes, Gross_Revenue, CertificateID) VALUES (543, 'Patton', 1970.0, 172, 'The World War II phase of the career of controversial American general George S. Patton.', 'https://m.media-amazon.com/images/M/MV5BMmNhZmJhMmYtNjlkMC00MjhjLTk1NzMtMTNlMzYzNjZlMjNiXkEyXkFqcGdeQXVyMTQxNzMzNDI@._V1_UX67_CR0,0,67,98_AL_.jpg', 7.9, 91.0, 93741, 61700000.0, 13);
INSERT INTO MovieGenres (MovieID, GenreID) VALUES (543, 4);
INSERT INTO MovieGenres (MovieID, GenreID) VALUES (543, 7);
INSERT INTO MovieGenres (MovieID, GenreID) VALUES (543, 20);
INSERT INTO MoviePeople (MovieID, PersonID, RoleID) VALUES (543, 911, 1);
INSERT INTO MoviePeople (MovieID, PersonID, RoleID) VALUES (543, 970, 2);
INSERT INTO MoviePeople (MovieID, PersonID, RoleID) VALUES (543, 1611, 3);
INSERT INTO MoviePeople (MovieID, PersonID, RoleID) VALUES (543, 2808, 4);
INSERT INTO MoviePeople (MovieID, PersonID, RoleID) VALUES (543, 2074, 5);

INSERT INTO Movies (MovieID, Series_Title, Released_Year, RuntimeMinutes, Overview, Poster_Link, IMDB_Rating, Meta_score, No_of_Votes, Gross_Revenue, CertificateID) VALUES (544, 'The Wild Bunch', 1969.0, 145, 'An aging group of outlaws look for one last big score as the "traditional" American West is disappearing around them.', 'https://m.media-amazon.com/images/M/MV5BNGUyYTZmOWItMDJhMi00N2IxLWIyNDMtNjUxM2ZiYmU5YWU1XkEyXkFqcGdeQXVyNjc1NTYyMjg@._V1_UX67_CR0,0,67,98_AL_.jpg', 7.9, 97.0, 77401, 12064472.0, 2);
INSERT INTO MovieGenres (MovieID, GenreID) VALUES (544, 1);
INSERT INTO MovieGenres (MovieID, GenreID) VALUES (544, 2);
INSERT INTO MovieGenres (MovieID, GenreID) VALUES (544, 21);
INSERT INTO MoviePeople (MovieID, PersonID, RoleID) VALUES (544, 2642, 1);
INSERT INTO MoviePeople (MovieID, PersonID, RoleID) VALUES (544, 3111, 2);
INSERT INTO MoviePeople (MovieID, PersonID, RoleID) VALUES (544, 831, 3);
INSERT INTO MoviePeople (MovieID, PersonID, RoleID) VALUES (544, 2532, 4);
INSERT INTO MoviePeople (MovieID, PersonID, RoleID) VALUES (544, 742, 5);

INSERT INTO Movies (MovieID, Series_Title, Released_Year, RuntimeMinutes, Overview, Poster_Link, IMDB_Rating, Meta_score, No_of_Votes, Gross_Revenue, CertificateID) VALUES (545, 'Night of the Living Dead', 1968.0, 96, 'A ragtag group of Pennsylvanians barricade themselves in an old farmhouse to remain safe from a horde of flesh-eating ghouls that are ravaging the East Coast of the United States.', 'https://m.media-amazon.com/images/M/MV5BMzRmN2E1ZDUtZDc2ZC00ZmI3LTkwOTctNzE2ZDIzMGJiMTYzXkEyXkFqcGdeQXVyMTQxNzMzNDI@._V1_UX67_CR0,0,67,98_AL_.jpg', 7.9, 89.0, 116557, 89029.0, NULL);
INSERT INTO MovieGenres (MovieID, GenreID) VALUES (545, 12);
INSERT INTO MovieGenres (MovieID, GenreID) VALUES (545, 19);
INSERT INTO MoviePeople (MovieID, PersonID, RoleID) VALUES (545, 969, 1);
INSERT INTO MoviePeople (MovieID, PersonID, RoleID) VALUES (545, 729, 2);
INSERT INTO MoviePeople (MovieID, PersonID, RoleID) VALUES (545, 1548, 3);
INSERT INTO MoviePeople (MovieID, PersonID, RoleID) VALUES (545, 1610, 4);
INSERT INTO MoviePeople (MovieID, PersonID, RoleID) VALUES (545, 1918, 5);

INSERT INTO Movies (MovieID, Series_Title, Released_Year, RuntimeMinutes, Overview, Poster_Link, IMDB_Rating, Meta_score, No_of_Votes, Gross_Revenue, CertificateID) VALUES (546, 'The Lion in Winter', 1968.0, 134, '1183 A.D.: King Henry II''s three sons all want to inherit the throne, but he won''t commit to a choice. They and his wife variously plot to force him.', 'https://m.media-amazon.com/images/M/MV5BMTkzNzYyMzA5N15BMl5BanBnXkFtZTgwODcwODQ3MDI@._V1_UX67_CR0,0,67,98_AL_.jpg', 7.9, NULL, 29003, 22276975.0, 6);
INSERT INTO MovieGenres (MovieID, GenreID) VALUES (546, 4);
INSERT INTO MovieGenres (MovieID, GenreID) VALUES (546, 7);
INSERT INTO MovieGenres (MovieID, GenreID) VALUES (546, 11);
INSERT INTO MoviePeople (MovieID, PersonID, RoleID) VALUES (546, 192, 1);
INSERT INTO MoviePeople (MovieID, PersonID, RoleID) VALUES (546, 2348, 2);
INSERT INTO MoviePeople (MovieID, PersonID, RoleID) VALUES (546, 1620, 3);
INSERT INTO MoviePeople (MovieID, PersonID, RoleID) VALUES (546, 193, 4);
INSERT INTO MoviePeople (MovieID, PersonID, RoleID) VALUES (546, 1437, 5);

INSERT INTO Movies (MovieID, Series_Title, Released_Year, RuntimeMinutes, Overview, Poster_Link, IMDB_Rating, Meta_score, No_of_Votes, Gross_Revenue, CertificateID) VALUES (547, 'In the Heat of the Night', 1967.0, 110, 'A black police detective is asked to investigate a murder in a racially hostile southern town.', 'https://m.media-amazon.com/images/M/MV5BZjZhZTZkNWItZGE1My00MTRkLWI2ZDktMWZkZTIxZWYxOTgzXkEyXkFqcGdeQXVyNDY2MTk1ODk@._V1_UX67_CR0,0,67,98_AL_.jpg', 7.9, 75.0, 67804, 24379978.0, 13);
INSERT INTO MovieGenres (MovieID, GenreID) VALUES (547, 6);
INSERT INTO MovieGenres (MovieID, GenreID) VALUES (547, 7);
INSERT INTO MovieGenres (MovieID, GenreID) VALUES (547, 15);
INSERT INTO MoviePeople (MovieID, PersonID, RoleID) VALUES (547, 2228, 1);
INSERT INTO MoviePeople (MovieID, PersonID, RoleID) VALUES (547, 2753, 2);
INSERT INTO MoviePeople (MovieID, PersonID, RoleID) VALUES (547, 2548, 3);
INSERT INTO MoviePeople (MovieID, PersonID, RoleID) VALUES (547, 3081, 4);
INSERT INTO MoviePeople (MovieID, PersonID, RoleID) VALUES (547, 1749, 5);

INSERT INTO Movies (MovieID, Series_Title, Released_Year, RuntimeMinutes, Overview, Poster_Link, IMDB_Rating, Meta_score, No_of_Votes, Gross_Revenue, CertificateID) VALUES (548, 'Charade', 1963.0, 113, 'Romance and suspense ensue in Paris as a woman is pursued by several men who want a fortune her murdered husband had stolen. Whom can she trust?', 'https://m.media-amazon.com/images/M/MV5BMTA0Y2UyMDUtZGZiOS00ZmVkLTg3NmItODQyNTY1ZjU1MWE4L2ltYWdlL2ltYWdlXkEyXkFqcGdeQXVyNjc1NTYyMjg@._V1_UX67_CR0,0,67,98_AL_.jpg', 7.9, 83.0, 68689, 13474588.0, 13);
INSERT INTO MovieGenres (MovieID, GenreID) VALUES (548, 5);
INSERT INTO MovieGenres (MovieID, GenreID) VALUES (548, 15);
INSERT INTO MovieGenres (MovieID, GenreID) VALUES (548, 16);
INSERT INTO MoviePeople (MovieID, PersonID, RoleID) VALUES (548, 2791, 1);
INSERT INTO MoviePeople (MovieID, PersonID, RoleID) VALUES (548, 440, 2);
INSERT INTO MoviePeople (MovieID, PersonID, RoleID) VALUES (548, 241, 3);
INSERT INTO MoviePeople (MovieID, PersonID, RoleID) VALUES (548, 3074, 4);
INSERT INTO MoviePeople (MovieID, PersonID, RoleID) VALUES (548, 1240, 5);

INSERT INTO Movies (MovieID, Series_Title, Released_Year, RuntimeMinutes, Overview, Poster_Link, IMDB_Rating, Meta_score, No_of_Votes, Gross_Revenue, CertificateID) VALUES (549, 'The Manchurian Candidate', 1962.0, 126, 'A former prisoner of war is brainwashed as an unwitting assassin for an international Communist conspiracy.', 'https://m.media-amazon.com/images/M/MV5BOTY0ZTA1ZjUtN2MyNi00ZGRmLWExYmMtOTkyNzI1NGQ2Y2RlXkEyXkFqcGdeQXVyNjc1NTYyMjg@._V1_UX67_CR0,0,67,98_AL_.jpg', 7.9, 94.0, 71122, NULL, 7);
INSERT INTO MovieGenres (MovieID, GenreID) VALUES (549, 7);
INSERT INTO MovieGenres (MovieID, GenreID) VALUES (549, 19);
INSERT INTO MoviePeople (MovieID, PersonID, RoleID) VALUES (549, 1445, 1);
INSERT INTO MoviePeople (MovieID, PersonID, RoleID) VALUES (549, 908, 2);
INSERT INTO MoviePeople (MovieID, PersonID, RoleID) VALUES (549, 1741, 3);
INSERT INTO MoviePeople (MovieID, PersonID, RoleID) VALUES (549, 1286, 4);
INSERT INTO MoviePeople (MovieID, PersonID, RoleID) VALUES (549, 158, 5);

INSERT INTO Movies (MovieID, Series_Title, Released_Year, RuntimeMinutes, Overview, Poster_Link, IMDB_Rating, Meta_score, No_of_Votes, Gross_Revenue, CertificateID) VALUES (550, 'Spartacus', 1960.0, 197, 'The slave Spartacus leads a violent revolt against the decadent Roman Republic.', 'https://m.media-amazon.com/images/M/MV5BMjc4MTUxN2UtMmU1NC00MjQyLTk3YTYtZTQ0YzEzZDc0Njc0XkEyXkFqcGdeQXVyNjU0OTQ0OTY@._V1_UX67_CR0,0,67,98_AL_.jpg', 7.9, 87.0, 124339, 30000000.0, 2);
INSERT INTO MovieGenres (MovieID, GenreID) VALUES (550, 2);
INSERT INTO MovieGenres (MovieID, GenreID) VALUES (550, 4);
INSERT INTO MovieGenres (MovieID, GenreID) VALUES (550, 7);
INSERT INTO MoviePeople (MovieID, PersonID, RoleID) VALUES (550, 2794, 1);
INSERT INTO MoviePeople (MovieID, PersonID, RoleID) VALUES (550, 1692, 2);
INSERT INTO MoviePeople (MovieID, PersonID, RoleID) VALUES (550, 1742, 3);
INSERT INTO MoviePeople (MovieID, PersonID, RoleID) VALUES (550, 1320, 4);
INSERT INTO MoviePeople (MovieID, PersonID, RoleID) VALUES (550, 463, 5);

INSERT INTO Movies (MovieID, Series_Title, Released_Year, RuntimeMinutes, Overview, Poster_Link, IMDB_Rating, Meta_score, No_of_Votes, Gross_Revenue, CertificateID) VALUES (551, 'L''avventura', 1960.0, 144, 'A woman disappears during a Mediterranean boating trip. During the search, her lover and her best friend become attracted to each other.', 'https://m.media-amazon.com/images/M/MV5BZDFlODBmZTYtMWU4MS00MzY4LWFmYzYtYzAzZmU1MGUzMDE5XkEyXkFqcGdeQXVyNTc1NDM0NDU@._V1_UY98_CR1,0,67,98_AL_.jpg', 7.9, NULL, 26542, NULL, 13);
INSERT INTO MovieGenres (MovieID, GenreID) VALUES (551, 7);
INSERT INTO MovieGenres (MovieID, GenreID) VALUES (551, 15);
INSERT INTO MoviePeople (MovieID, PersonID, RoleID) VALUES (551, 2083, 1);
INSERT INTO MoviePeople (MovieID, PersonID, RoleID) VALUES (551, 929, 2);
INSERT INTO MoviePeople (MovieID, PersonID, RoleID) VALUES (551, 2140, 3);
INSERT INTO MoviePeople (MovieID, PersonID, RoleID) VALUES (551, 1745, 4);
INSERT INTO MoviePeople (MovieID, PersonID, RoleID) VALUES (551, 703, 5);

INSERT INTO Movies (MovieID, Series_Title, Released_Year, RuntimeMinutes, Overview, Poster_Link, IMDB_Rating, Meta_score, No_of_Votes, Gross_Revenue, CertificateID) VALUES (552, 'Hiroshima mon amour', 1959.0, 90, 'A French actress filming an anti-war film in Hiroshima has an affair with a married Japanese architect as they share their differing perspectives on war.', 'https://m.media-amazon.com/images/M/MV5BMzY2NTA1MzUwN15BMl5BanBnXkFtZTgwOTc4NTU4MjE@._V1_UX67_CR0,0,67,98_AL_.jpg', 7.9, NULL, 28421, 88300.0, NULL);
INSERT INTO MovieGenres (MovieID, GenreID) VALUES (552, 7);
INSERT INTO MovieGenres (MovieID, GenreID) VALUES (552, 16);
INSERT INTO MoviePeople (MovieID, PersonID, RoleID) VALUES (552, 47, 1);
INSERT INTO MoviePeople (MovieID, PersonID, RoleID) VALUES (552, 812, 2);
INSERT INTO MoviePeople (MovieID, PersonID, RoleID) VALUES (552, 760, 3);
INSERT INTO MoviePeople (MovieID, PersonID, RoleID) VALUES (552, 2796, 4);
INSERT INTO MoviePeople (MovieID, PersonID, RoleID) VALUES (552, 2367, 5);

INSERT INTO Movies (MovieID, Series_Title, Released_Year, RuntimeMinutes, Overview, Poster_Link, IMDB_Rating, Meta_score, No_of_Votes, Gross_Revenue, CertificateID) VALUES (553, 'The Ten Commandments', 1956.0, 220, 'Moses, an Egyptian Prince, learns of his true heritage as a Hebrew and his divine mission as the deliverer of his people.', 'https://m.media-amazon.com/images/M/MV5BODcxYjUxZDgtYTQ5Zi00YmQ1LWJmZmItODZkOTYyNDhiNWM3XkEyXkFqcGdeQXVyNjc1NTYyMjg@._V1_UX67_CR0,0,67,98_AL_.jpg', 7.9, NULL, 63560, 93740000.0, 13);
INSERT INTO MovieGenres (MovieID, GenreID) VALUES (553, 2);
INSERT INTO MovieGenres (MovieID, GenreID) VALUES (553, 7);
INSERT INTO MoviePeople (MovieID, PersonID, RoleID) VALUES (553, 451, 1);
INSERT INTO MoviePeople (MovieID, PersonID, RoleID) VALUES (553, 477, 2);
INSERT INTO MoviePeople (MovieID, PersonID, RoleID) VALUES (553, 3163, 3);
INSERT INTO MoviePeople (MovieID, PersonID, RoleID) VALUES (553, 176, 4);
INSERT INTO MoviePeople (MovieID, PersonID, RoleID) VALUES (553, 754, 5);

INSERT INTO Movies (MovieID, Series_Title, Released_Year, RuntimeMinutes, Overview, Poster_Link, IMDB_Rating, Meta_score, No_of_Votes, Gross_Revenue, CertificateID) VALUES (554, 'The Searchers', 1956.0, 119, 'An American Civil War veteran embarks on a journey to rescue his niece from the Comanches.', 'https://m.media-amazon.com/images/M/MV5BYWQ3YWJiMDEtMDBhNS00YjY1LTkzNmEtY2U4Njg4MjQ3YWE3XkEyXkFqcGdeQXVyNzkwMjQ5NzM@._V1_UX67_CR0,0,67,98_AL_.jpg', 7.9, 94.0, 80316, NULL, 8);
INSERT INTO MovieGenres (MovieID, GenreID) VALUES (554, 2);
INSERT INTO MovieGenres (MovieID, GenreID) VALUES (554, 7);
INSERT INTO MovieGenres (MovieID, GenreID) VALUES (554, 21);
INSERT INTO MoviePeople (MovieID, PersonID, RoleID) VALUES (554, 1444, 1);
INSERT INTO MoviePeople (MovieID, PersonID, RoleID) VALUES (554, 1492, 2);
INSERT INTO MoviePeople (MovieID, PersonID, RoleID) VALUES (554, 1346, 3);
INSERT INTO MoviePeople (MovieID, PersonID, RoleID) VALUES (554, 3020, 4);
INSERT INTO MoviePeople (MovieID, PersonID, RoleID) VALUES (554, 3078, 5);

INSERT INTO Movies (MovieID, Series_Title, Released_Year, RuntimeMinutes, Overview, Poster_Link, IMDB_Rating, Meta_score, No_of_Votes, Gross_Revenue, CertificateID) VALUES (555, 'East of Eden', 1955.0, 118, 'Two brothers struggle to maintain their strict, Bible-toting father''s favor.', 'https://m.media-amazon.com/images/M/MV5BMzE1MzdjNmUtOWU5MS00OTgwLWIzYjYtYTYwYTM0NDkyOTU1XkEyXkFqcGdeQXVyMTY5Nzc4MDY@._V1_UX67_CR0,0,67,98_AL_.jpg', 7.9, 72.0, 40313, NULL, 13);
INSERT INTO MovieGenres (MovieID, GenreID) VALUES (555, 7);
INSERT INTO MoviePeople (MovieID, PersonID, RoleID) VALUES (555, 775, 1);
INSERT INTO MoviePeople (MovieID, PersonID, RoleID) VALUES (555, 1242, 2);
INSERT INTO MoviePeople (MovieID, PersonID, RoleID) VALUES (555, 2442, 3);
INSERT INTO MoviePeople (MovieID, PersonID, RoleID) VALUES (555, 1567, 4);
INSERT INTO MoviePeople (MovieID, PersonID, RoleID) VALUES (555, 397, 5);

INSERT INTO Movies (MovieID, Series_Title, Released_Year, RuntimeMinutes, Overview, Poster_Link, IMDB_Rating, Meta_score, No_of_Votes, Gross_Revenue, CertificateID) VALUES (556, 'High Noon', 1952.0, 85, 'A town Marshal, despite the disagreements of his newlywed bride and the townspeople around him, must face a gang of deadly killers alone at high noon when the gang leader, an outlaw he sent up years ago, arrives on the noon train.', 'https://m.media-amazon.com/images/M/MV5BOWIzZGUxZmItOThkMS00Y2QxLTg0MTYtMDdhMjRlNTNlYTI3L2ltYWdlXkEyXkFqcGdeQXVyNjc1NTYyMjg@._V1_UX67_CR0,0,67,98_AL_.jpg', 7.9, 89.0, 97222, 9450000.0, 6);
INSERT INTO MovieGenres (MovieID, GenreID) VALUES (556, 7);
INSERT INTO MovieGenres (MovieID, GenreID) VALUES (556, 19);
INSERT INTO MovieGenres (MovieID, GenreID) VALUES (556, 21);
INSERT INTO MoviePeople (MovieID, PersonID, RoleID) VALUES (556, 920, 1);
INSERT INTO MoviePeople (MovieID, PersonID, RoleID) VALUES (556, 939, 2);
INSERT INTO MoviePeople (MovieID, PersonID, RoleID) VALUES (556, 1028, 3);
INSERT INTO MoviePeople (MovieID, PersonID, RoleID) VALUES (556, 2915, 4);
INSERT INTO MoviePeople (MovieID, PersonID, RoleID) VALUES (556, 1819, 5);

INSERT INTO Movies (MovieID, Series_Title, Released_Year, RuntimeMinutes, Overview, Poster_Link, IMDB_Rating, Meta_score, No_of_Votes, Gross_Revenue, CertificateID) VALUES (557, 'Strangers on a Train', 1951.0, 101, 'A psychopath forces a tennis star to comply with his theory that two strangers can get away with murder.', 'https://m.media-amazon.com/images/M/MV5BNzkwNjk4ODgtYjRmMi00ODdhLWIyNjUtNWQyMjg2N2E2NjlhXkEyXkFqcGdeQXVyNjE5MjUyOTM@._V1_UX67_CR0,0,67,98_AL_.jpg', 7.9, 88.0, 123341, 7630000.0, 2);
INSERT INTO MovieGenres (MovieID, GenreID) VALUES (557, 6);
INSERT INTO MovieGenres (MovieID, GenreID) VALUES (557, 10);
INSERT INTO MovieGenres (MovieID, GenreID) VALUES (557, 19);
INSERT INTO MoviePeople (MovieID, PersonID, RoleID) VALUES (557, 93, 1);
INSERT INTO MoviePeople (MovieID, PersonID, RoleID) VALUES (557, 856, 2);
INSERT INTO MoviePeople (MovieID, PersonID, RoleID) VALUES (557, 2538, 3);
INSERT INTO MoviePeople (MovieID, PersonID, RoleID) VALUES (557, 2607, 4);
INSERT INTO MoviePeople (MovieID, PersonID, RoleID) VALUES (557, 1769, 5);

INSERT INTO Movies (MovieID, Series_Title, Released_Year, RuntimeMinutes, Overview, Poster_Link, IMDB_Rating, Meta_score, No_of_Votes, Gross_Revenue, CertificateID) VALUES (558, 'Harvey', 1950.0, 104, 'Due to his insistence that he has an invisible six foot-tall rabbit for a best friend, a whimsical middle-aged man is thought by his family to be insane - but he may be wiser than anyone knows.', 'https://m.media-amazon.com/images/M/MV5BMzg2YTFkNjgtM2ZkNS00MWVkLWIwMTEtZTgzMDM2MmUxNDE2XkEyXkFqcGdeQXVyMjI4MjA5MzA@._V1_UX67_CR0,0,67,98_AL_.jpg', 7.9, NULL, 52573, NULL, 3);
INSERT INTO MovieGenres (MovieID, GenreID) VALUES (558, 5);
INSERT INTO MovieGenres (MovieID, GenreID) VALUES (558, 7);
INSERT INTO MovieGenres (MovieID, GenreID) VALUES (558, 9);
INSERT INTO MoviePeople (MovieID, PersonID, RoleID) VALUES (558, 1113, 1);
INSERT INTO MoviePeople (MovieID, PersonID, RoleID) VALUES (558, 1263, 2);
INSERT INTO MoviePeople (MovieID, PersonID, RoleID) VALUES (558, 3067, 3);
INSERT INTO MoviePeople (MovieID, PersonID, RoleID) VALUES (558, 3107, 4);
INSERT INTO MoviePeople (MovieID, PersonID, RoleID) VALUES (558, 3032, 5);

INSERT INTO Movies (MovieID, Series_Title, Released_Year, RuntimeMinutes, Overview, Poster_Link, IMDB_Rating, Meta_score, No_of_Votes, Gross_Revenue, CertificateID) VALUES (559, 'Miracle on 34th Street', 1947.0, 96, 'When a nice old man who claims to be Santa Claus is institutionalized as insane, a young lawyer decides to defend him by arguing in court that he is the real thing.', 'https://m.media-amazon.com/images/M/MV5BNjRkOGEwYTUtY2E5Yy00ODg4LTk2ZWItY2IyMzUxOGVhMTM1XkEyXkFqcGdeQXVyNDk0MDg4NDk@._V1_UX67_CR0,0,67,98_AL_.jpg', 7.9, 88.0, 41625, 2650000.0, NULL);
INSERT INTO MovieGenres (MovieID, GenreID) VALUES (559, 5);
INSERT INTO MovieGenres (MovieID, GenreID) VALUES (559, 7);
INSERT INTO MovieGenres (MovieID, GenreID) VALUES (559, 8);
INSERT INTO MoviePeople (MovieID, PersonID, RoleID) VALUES (559, 985, 1);
INSERT INTO MoviePeople (MovieID, PersonID, RoleID) VALUES (559, 744, 2);
INSERT INTO MoviePeople (MovieID, PersonID, RoleID) VALUES (559, 1998, 3);
INSERT INTO MoviePeople (MovieID, PersonID, RoleID) VALUES (559, 1476, 4);
INSERT INTO MoviePeople (MovieID, PersonID, RoleID) VALUES (559, 962, 5);

INSERT INTO Movies (MovieID, Series_Title, Released_Year, RuntimeMinutes, Overview, Poster_Link, IMDB_Rating, Meta_score, No_of_Votes, Gross_Revenue, CertificateID) VALUES (560, 'Notorious', 1946.0, 102, 'A woman is asked to spy on a group of Nazi friends in South America. How far will she have to go to ingratiate herself with them?', 'https://m.media-amazon.com/images/M/MV5BYTc1NGViOTMtNjZhNS00OGY2LWI4MmItOWQwNTY4MDMzNWI3L2ltYWdlXkEyXkFqcGdeQXVyNjc1NTYyMjg@._V1_UX67_CR0,0,67,98_AL_.jpg', 7.9, 100.0, 92306, 10464000.0, 13);
INSERT INTO MovieGenres (MovieID, GenreID) VALUES (560, 7);
INSERT INTO MovieGenres (MovieID, GenreID) VALUES (560, 10);
INSERT INTO MovieGenres (MovieID, GenreID) VALUES (560, 16);
INSERT INTO MoviePeople (MovieID, PersonID, RoleID) VALUES (560, 93, 1);
INSERT INTO MoviePeople (MovieID, PersonID, RoleID) VALUES (560, 440, 2);
INSERT INTO MoviePeople (MovieID, PersonID, RoleID) VALUES (560, 1175, 3);
INSERT INTO MoviePeople (MovieID, PersonID, RoleID) VALUES (560, 541, 4);
INSERT INTO MoviePeople (MovieID, PersonID, RoleID) VALUES (560, 1828, 5);

INSERT INTO Movies (MovieID, Series_Title, Released_Year, RuntimeMinutes, Overview, Poster_Link, IMDB_Rating, Meta_score, No_of_Votes, Gross_Revenue, CertificateID) VALUES (561, 'The Big Sleep', 1946.0, 114, 'Private detective Philip Marlowe is hired by a wealthy family. Before the complex case is over, he''s seen murder, blackmail, and what might be love.', 'https://m.media-amazon.com/images/M/MV5BMjdiM2IyZmQtODJiYy00NDNkLTllYmItMmFjMDNiYTQyOGVkXkEyXkFqcGdeQXVyNDY2MTk1ODk@._V1_UX67_CR0,0,67,98_AL_.jpg', 7.9, NULL, 78796, 6540000.0, 8);
INSERT INTO MovieGenres (MovieID, GenreID) VALUES (561, 6);
INSERT INTO MovieGenres (MovieID, GenreID) VALUES (561, 10);
INSERT INTO MovieGenres (MovieID, GenreID) VALUES (561, 15);
INSERT INTO MoviePeople (MovieID, PersonID, RoleID) VALUES (561, 1137, 1);
INSERT INTO MoviePeople (MovieID, PersonID, RoleID) VALUES (561, 1152, 2);
INSERT INTO MoviePeople (MovieID, PersonID, RoleID) VALUES (561, 1738, 3);
INSERT INTO MoviePeople (MovieID, PersonID, RoleID) VALUES (561, 1481, 4);
INSERT INTO MoviePeople (MovieID, PersonID, RoleID) VALUES (561, 1946, 5);

INSERT INTO Movies (MovieID, Series_Title, Released_Year, RuntimeMinutes, Overview, Poster_Link, IMDB_Rating, Meta_score, No_of_Votes, Gross_Revenue, CertificateID) VALUES (562, 'The Lost Weekend', 1945.0, 101, 'The desperate life of a chronic alcoholic is followed through a four-day drinking bout.', 'https://m.media-amazon.com/images/M/MV5BMTk4NDQ0NjgyNF5BMl5BanBnXkFtZTgwMTE3NTkxMTE@._V1_UX67_CR0,0,67,98_AL_.jpg', 7.9, NULL, 33549, 9460000.0, 8);
INSERT INTO MovieGenres (MovieID, GenreID) VALUES (562, 7);
INSERT INTO MovieGenres (MovieID, GenreID) VALUES (562, 10);
INSERT INTO MoviePeople (MovieID, PersonID, RoleID) VALUES (562, 316, 1);
INSERT INTO MoviePeople (MovieID, PersonID, RoleID) VALUES (562, 2439, 2);
INSERT INTO MoviePeople (MovieID, PersonID, RoleID) VALUES (562, 1283, 3);
INSERT INTO MoviePeople (MovieID, PersonID, RoleID) VALUES (562, 2363, 4);
INSERT INTO MoviePeople (MovieID, PersonID, RoleID) VALUES (562, 1136, 5);

INSERT INTO Movies (MovieID, Series_Title, Released_Year, RuntimeMinutes, Overview, Poster_Link, IMDB_Rating, Meta_score, No_of_Votes, Gross_Revenue, CertificateID) VALUES (563, 'The Philadelphia Story', 1940.0, 112, 'When a rich woman''s ex-husband and a tabloid-type reporter turn up just before her planned remarriage, she begins to learn the truth about herself.', 'https://m.media-amazon.com/images/M/MV5BYjQ4ZDA4NGMtMTkwYi00NThiLThhZDUtZTEzNTAxOWYyY2E4XkEyXkFqcGdeQXVyMjUxODE0MDY@._V1_UX67_CR0,0,67,98_AL_.jpg', 7.9, 96.0, 63550, NULL, NULL);
INSERT INTO MovieGenres (MovieID, GenreID) VALUES (563, 5);
INSERT INTO MovieGenres (MovieID, GenreID) VALUES (563, 16);
INSERT INTO MoviePeople (MovieID, PersonID, RoleID) VALUES (563, 972, 1);
INSERT INTO MoviePeople (MovieID, PersonID, RoleID) VALUES (563, 440, 2);
INSERT INTO MoviePeople (MovieID, PersonID, RoleID) VALUES (563, 1620, 3);
INSERT INTO MoviePeople (MovieID, PersonID, RoleID) VALUES (563, 1263, 4);
INSERT INTO MoviePeople (MovieID, PersonID, RoleID) VALUES (563, 2605, 5);

INSERT INTO Movies (MovieID, Series_Title, Released_Year, RuntimeMinutes, Overview, Poster_Link, IMDB_Rating, Meta_score, No_of_Votes, Gross_Revenue, CertificateID) VALUES (564, 'His Girl Friday', 1940.0, 92, 'A newspaper editor uses every trick in the book to keep his ace reporter ex-wife from remarrying.', 'https://m.media-amazon.com/images/M/MV5BZDVmZTZkYjMtNmViZC00ODEzLTgwNDAtNmQ3OGQwOWY5YjFmXkEyXkFqcGdeQXVyNDY2MTk1ODk@._V1_UX67_CR0,0,67,98_AL_.jpg', 7.9, NULL, 53667, 296000.0, 8);
INSERT INTO MovieGenres (MovieID, GenreID) VALUES (564, 5);
INSERT INTO MovieGenres (MovieID, GenreID) VALUES (564, 7);
INSERT INTO MovieGenres (MovieID, GenreID) VALUES (564, 16);
INSERT INTO MoviePeople (MovieID, PersonID, RoleID) VALUES (564, 1137, 1);
INSERT INTO MoviePeople (MovieID, PersonID, RoleID) VALUES (564, 440, 2);
INSERT INTO MoviePeople (MovieID, PersonID, RoleID) VALUES (564, 2574, 3);
INSERT INTO MoviePeople (MovieID, PersonID, RoleID) VALUES (564, 2415, 4);
INSERT INTO MoviePeople (MovieID, PersonID, RoleID) VALUES (564, 962, 5);

INSERT INTO Movies (MovieID, Series_Title, Released_Year, RuntimeMinutes, Overview, Poster_Link, IMDB_Rating, Meta_score, No_of_Votes, Gross_Revenue, CertificateID) VALUES (565, 'The Adventures of Robin Hood', 1938.0, 102, 'When Prince John and the Norman Lords begin oppressing the Saxon masses in King Richard''s absence, a Saxon lord fights back as the outlaw leader of a rebel guerrilla army.', 'https://m.media-amazon.com/images/M/MV5BYjZjOTU3MTMtYTM5YS00YjZmLThmNmMtODcwOTM1NmRiMWM2XkEyXkFqcGdeQXVyNjc1NTYyMjg@._V1_UX67_CR0,0,67,98_AL_.jpg', 7.9, 97.0, 47175, 3981000.0, 6);
INSERT INTO MovieGenres (MovieID, GenreID) VALUES (565, 1);
INSERT INTO MovieGenres (MovieID, GenreID) VALUES (565, 2);
INSERT INTO MovieGenres (MovieID, GenreID) VALUES (565, 16);
INSERT INTO MoviePeople (MovieID, PersonID, RoleID) VALUES (565, 2049, 1);
INSERT INTO MoviePeople (MovieID, PersonID, RoleID) VALUES (565, 3113, 2);
INSERT INTO MoviePeople (MovieID, PersonID, RoleID) VALUES (565, 834, 3);
INSERT INTO MoviePeople (MovieID, PersonID, RoleID) VALUES (565, 2251, 4);
INSERT INTO MoviePeople (MovieID, PersonID, RoleID) VALUES (565, 274, 5);

INSERT INTO Movies (MovieID, Series_Title, Released_Year, RuntimeMinutes, Overview, Poster_Link, IMDB_Rating, Meta_score, No_of_Votes, Gross_Revenue, CertificateID) VALUES (566, 'A Night at the Opera', 1935.0, 96, 'A sly business manager and two wacky friends of two opera singers help them achieve success while humiliating their stuffy and snobbish enemies.', 'https://m.media-amazon.com/images/M/MV5BYTJmNmQxNGItNDNlMC00MDU3LWFhNzMtZDQ2NDY0ZTVkNjE3XkEyXkFqcGdeQXVyMDI2NDg0NQ@@._V1_UX67_CR0,0,67,98_AL_.jpg', 7.9, NULL, 30580, 2537520.0, 8);
INSERT INTO MovieGenres (MovieID, GenreID) VALUES (566, 5);
INSERT INTO MovieGenres (MovieID, GenreID) VALUES (566, 13);
INSERT INTO MovieGenres (MovieID, GenreID) VALUES (566, 14);
INSERT INTO MoviePeople (MovieID, PersonID, RoleID) VALUES (566, 2648, 1);
INSERT INTO MoviePeople (MovieID, PersonID, RoleID) VALUES (566, 743, 2);
INSERT INTO MoviePeople (MovieID, PersonID, RoleID) VALUES (566, 1044, 3);
INSERT INTO MoviePeople (MovieID, PersonID, RoleID) VALUES (566, 483, 4);
INSERT INTO MoviePeople (MovieID, PersonID, RoleID) VALUES (566, 1077, 5);

INSERT INTO Movies (MovieID, Series_Title, Released_Year, RuntimeMinutes, Overview, Poster_Link, IMDB_Rating, Meta_score, No_of_Votes, Gross_Revenue, CertificateID) VALUES (567, 'King Kong', 1933.0, 100, 'A film crew goes to a tropical island for an exotic location shoot and discovers a colossal ape who takes a shine to their female blonde star. He is then captured and brought back to New York City for public exhibition.', 'https://m.media-amazon.com/images/M/MV5BZTY3YjYxZGQtMTM2YS00ZmYwLWFlM2QtOWFlMTU1NTAyZDQ2XkEyXkFqcGdeQXVyNTgyNTA4MjM@._V1_UX67_CR0,0,67,98_AL_.jpg', 7.9, 90.0, 78991, 10000000.0, 8);
INSERT INTO MovieGenres (MovieID, GenreID) VALUES (567, 2);
INSERT INTO MovieGenres (MovieID, GenreID) VALUES (567, 12);
INSERT INTO MovieGenres (MovieID, GenreID) VALUES (567, 17);
INSERT INTO MoviePeople (MovieID, PersonID, RoleID) VALUES (567, 2032, 1);
INSERT INTO MoviePeople (MovieID, PersonID, RoleID) VALUES (567, 830, 2);
INSERT INTO MoviePeople (MovieID, PersonID, RoleID) VALUES (567, 859, 3);
INSERT INTO MoviePeople (MovieID, PersonID, RoleID) VALUES (567, 2512, 4);
INSERT INTO MoviePeople (MovieID, PersonID, RoleID) VALUES (567, 377, 5);

INSERT INTO Movies (MovieID, Series_Title, Released_Year, RuntimeMinutes, Overview, Poster_Link, IMDB_Rating, Meta_score, No_of_Votes, Gross_Revenue, CertificateID) VALUES (568, 'Freaks', 1932.0, 64, 'A circus'' beautiful trapeze artist agrees to marry the leader of side-show performers, but his deformed friends discover she is only marrying him for his inheritance.', 'https://m.media-amazon.com/images/M/MV5BMjMyYjgyOTQtZDVlZS00NTQ0LWJiNDItNGRlZmM3Yzc0N2Y0XkEyXkFqcGdeQXVyNTA4NzY1MzY@._V1_UX67_CR0,0,67,98_AL_.jpg', 7.9, 80.0, 42117, NULL, NULL);
INSERT INTO MovieGenres (MovieID, GenreID) VALUES (568, 7);
INSERT INTO MovieGenres (MovieID, GenreID) VALUES (568, 12);
INSERT INTO MoviePeople (MovieID, PersonID, RoleID) VALUES (568, 2941, 1);
INSERT INTO MoviePeople (MovieID, PersonID, RoleID) VALUES (568, 3067, 2);
INSERT INTO MoviePeople (MovieID, PersonID, RoleID) VALUES (568, 1761, 3);
INSERT INTO MoviePeople (MovieID, PersonID, RoleID) VALUES (568, 2242, 4);
INSERT INTO MoviePeople (MovieID, PersonID, RoleID) VALUES (568, 2579, 5);

INSERT INTO Movies (MovieID, Series_Title, Released_Year, RuntimeMinutes, Overview, Poster_Link, IMDB_Rating, Meta_score, No_of_Votes, Gross_Revenue, CertificateID) VALUES (569, 'Nosferatu', 1922.0, 94, 'Vampire Count Orlok expresses interest in a new residence and real estate agent Hutter''s wife.', 'https://m.media-amazon.com/images/M/MV5BMTAxYjEyMTctZTg3Ni00MGZmLWIxMmMtOGM2NTFiY2U3MmExXkEyXkFqcGdeQXVyNzkwMjQ5NzM@._V1_UX67_CR0,0,67,98_AL_.jpg', 7.9, NULL, 88794, NULL, NULL);
INSERT INTO MovieGenres (MovieID, GenreID) VALUES (569, 9);
INSERT INTO MovieGenres (MovieID, GenreID) VALUES (569, 12);
INSERT INTO MoviePeople (MovieID, PersonID, RoleID) VALUES (569, 851, 1);
INSERT INTO MoviePeople (MovieID, PersonID, RoleID) VALUES (569, 2004, 2);
INSERT INTO MoviePeople (MovieID, PersonID, RoleID) VALUES (569, 82, 3);
INSERT INTO MoviePeople (MovieID, PersonID, RoleID) VALUES (569, 1052, 4);
INSERT INTO MoviePeople (MovieID, PersonID, RoleID) VALUES (569, 1041, 5);

INSERT INTO Movies (MovieID, Series_Title, Released_Year, RuntimeMinutes, Overview, Poster_Link, IMDB_Rating, Meta_score, No_of_Votes, Gross_Revenue, CertificateID) VALUES (570, 'The Gentlemen', 2019.0, 113, 'An American expat tries to sell off his highly profitable marijuana empire in London, triggering plots, schemes, bribery and blackmail in an attempt to steal his domain out from under him.', 'https://m.media-amazon.com/images/M/MV5BMTlkMmVmYjktYTc2NC00ZGZjLWEyOWUtMjc2MDMwMjQwOTA5XkEyXkFqcGdeQXVyNTI4MzE4MDU@._V1_UX67_CR0,0,67,98_AL_.jpg', 7.8, 51.0, 237392, NULL, 2);
INSERT INTO MovieGenres (MovieID, GenreID) VALUES (570, 1);
INSERT INTO MovieGenres (MovieID, GenreID) VALUES (570, 5);
INSERT INTO MovieGenres (MovieID, GenreID) VALUES (570, 6);
INSERT INTO MoviePeople (MovieID, PersonID, RoleID) VALUES (570, 1056, 1);
INSERT INTO MoviePeople (MovieID, PersonID, RoleID) VALUES (570, 1993, 2);
INSERT INTO MoviePeople (MovieID, PersonID, RoleID) VALUES (570, 470, 3);
INSERT INTO MoviePeople (MovieID, PersonID, RoleID) VALUES (570, 2084, 4);
INSERT INTO MoviePeople (MovieID, PersonID, RoleID) VALUES (570, 1365, 5);

INSERT INTO Movies (MovieID, Series_Title, Released_Year, RuntimeMinutes, Overview, Poster_Link, IMDB_Rating, Meta_score, No_of_Votes, Gross_Revenue, CertificateID) VALUES (571, 'Raazi', 2018.0, 138, 'A Kashmiri woman agrees to marry a Pakistani army officer in order to spy on Pakistan during the Indo-Pakistan War of 1971.', 'https://m.media-amazon.com/images/M/MV5BZmVhN2JlYjEtZWFkOS00YzE0LThiNDMtMGI3NDA1MTk2ZDQ2XkEyXkFqcGdeQXVyODE5NzE3OTE@._V1_UY98_CR0,0,67,98_AL_.jpg', 7.8, NULL, 25344, NULL, 15);
INSERT INTO MovieGenres (MovieID, GenreID) VALUES (571, 1);
INSERT INTO MovieGenres (MovieID, GenreID) VALUES (571, 7);
INSERT INTO MovieGenres (MovieID, GenreID) VALUES (571, 19);
INSERT INTO MoviePeople (MovieID, PersonID, RoleID) VALUES (571, 2016, 1);
INSERT INTO MoviePeople (MovieID, PersonID, RoleID) VALUES (571, 95, 2);
INSERT INTO MoviePeople (MovieID, PersonID, RoleID) VALUES (571, 3026, 3);
INSERT INTO MoviePeople (MovieID, PersonID, RoleID) VALUES (571, 2410, 4);
INSERT INTO MoviePeople (MovieID, PersonID, RoleID) VALUES (571, 2741, 5);

INSERT INTO Movies (MovieID, Series_Title, Released_Year, RuntimeMinutes, Overview, Poster_Link, IMDB_Rating, Meta_score, No_of_Votes, Gross_Revenue, CertificateID) VALUES (572, 'Sound of Metal', 2019.0, 120, 'A heavy-metal drummer''s life is thrown into freefall when he begins to lose his hearing.', 'https://m.media-amazon.com/images/M/MV5BNjcyYjg0M2ItMzMyZS00NmM1LTlhZDMtN2MxN2RhNWY4YTkwXkEyXkFqcGdeQXVyNjY1MTg4Mzc@._V1_UX67_CR0,0,67,98_AL_.jpg', 7.8, 81.0, 27187, NULL, 9);
INSERT INTO MovieGenres (MovieID, GenreID) VALUES (572, 7);
INSERT INTO MovieGenres (MovieID, GenreID) VALUES (572, 13);
INSERT INTO MoviePeople (MovieID, PersonID, RoleID) VALUES (572, 614, 1);
INSERT INTO MoviePeople (MovieID, PersonID, RoleID) VALUES (572, 2505, 2);
INSERT INTO MoviePeople (MovieID, PersonID, RoleID) VALUES (572, 2248, 3);
INSERT INTO MoviePeople (MovieID, PersonID, RoleID) VALUES (572, 2312, 4);
INSERT INTO MoviePeople (MovieID, PersonID, RoleID) VALUES (572, 1739, 5);

INSERT INTO Movies (MovieID, Series_Title, Released_Year, RuntimeMinutes, Overview, Poster_Link, IMDB_Rating, Meta_score, No_of_Votes, Gross_Revenue, CertificateID) VALUES (573, 'Forushande', 2016.0, 124, 'While both participating in a production of "Death of a Salesman," a teacher''s wife is assaulted in her new home, which leaves him determined to find the perpetrator over his wife''s traumatized objections.', 'https://m.media-amazon.com/images/M/MV5BMTBkMjMyN2UtNzVjNi00Y2ZiLTk2MDYtN2Y0MjgzYjAxNzE4XkEyXkFqcGdeQXVyNjkxOTM4ODY@._V1_UY98_CR1,0,67,98_AL_.jpg', 7.8, 85.0, 51240, 2402067.0, 15);
INSERT INTO MovieGenres (MovieID, GenreID) VALUES (573, 7);
INSERT INTO MoviePeople (MovieID, PersonID, RoleID) VALUES (573, 235, 1);
INSERT INTO MoviePeople (MovieID, PersonID, RoleID) VALUES (573, 2716, 2);
INSERT INTO MoviePeople (MovieID, PersonID, RoleID) VALUES (573, 2866, 3);
INSERT INTO MoviePeople (MovieID, PersonID, RoleID) VALUES (573, 255, 4);
INSERT INTO MoviePeople (MovieID, PersonID, RoleID) VALUES (573, 2112, 5);

INSERT INTO Movies (MovieID, Series_Title, Released_Year, RuntimeMinutes, Overview, Poster_Link, IMDB_Rating, Meta_score, No_of_Votes, Gross_Revenue, CertificateID) VALUES (574, 'Dunkirk', 2017.0, 106, 'Allied soldiers from Belgium, the British Empire, and France are surrounded by the German Army and evacuated during a fierce battle in World War II.', 'https://m.media-amazon.com/images/M/MV5BN2YyZjQ0NTEtNzU5MS00NGZkLTg0MTEtYzJmMWY3MWRhZjM2XkEyXkFqcGdeQXVyMDA4NzMyOA@@._V1_UX67_CR0,0,67,98_AL_.jpg', 7.8, 94.0, 555092, 188373161.0, 15);
INSERT INTO MovieGenres (MovieID, GenreID) VALUES (574, 1);
INSERT INTO MovieGenres (MovieID, GenreID) VALUES (574, 7);
INSERT INTO MovieGenres (MovieID, GenreID) VALUES (574, 11);
INSERT INTO MoviePeople (MovieID, PersonID, RoleID) VALUES (574, 527, 1);
INSERT INTO MoviePeople (MovieID, PersonID, RoleID) VALUES (574, 876, 2);
INSERT INTO MoviePeople (MovieID, PersonID, RoleID) VALUES (574, 271, 3);
INSERT INTO MoviePeople (MovieID, PersonID, RoleID) VALUES (574, 1938, 4);
INSERT INTO MoviePeople (MovieID, PersonID, RoleID) VALUES (574, 2950, 5);

INSERT INTO Movies (MovieID, Series_Title, Released_Year, RuntimeMinutes, Overview, Poster_Link, IMDB_Rating, Meta_score, No_of_Votes, Gross_Revenue, CertificateID) VALUES (575, 'Perfetti sconosciuti', 2016.0, 96, 'Seven long-time friends get together for a dinner. When they decide to share with each other the content of every text message, email and phone call they receive, many secrets start to unveil and the equilibrium trembles.', 'https://m.media-amazon.com/images/M/MV5BNDQzZmQ5MjItYmJlNy00MGI2LWExMDQtMjBiNjNmMzc5NTk1XkEyXkFqcGdeQXVyNjY1OTY4MTk@._V1_UY98_CR1,0,67,98_AL_.jpg', 7.8, NULL, 57168, NULL, NULL);
INSERT INTO MovieGenres (MovieID, GenreID) VALUES (575, 5);
INSERT INTO MovieGenres (MovieID, GenreID) VALUES (575, 7);
INSERT INTO MoviePeople (MovieID, PersonID, RoleID) VALUES (575, 2275, 1);
INSERT INTO MoviePeople (MovieID, PersonID, RoleID) VALUES (575, 1010, 2);
INSERT INTO MoviePeople (MovieID, PersonID, RoleID) VALUES (575, 170, 3);
INSERT INTO MoviePeople (MovieID, PersonID, RoleID) VALUES (575, 1899, 4);
INSERT INTO MoviePeople (MovieID, PersonID, RoleID) VALUES (575, 746, 5);

INSERT INTO Movies (MovieID, Series_Title, Released_Year, RuntimeMinutes, Overview, Poster_Link, IMDB_Rating, Meta_score, No_of_Votes, Gross_Revenue, CertificateID) VALUES (576, 'Hidden Figures', 2016.0, 127, 'The story of a team of female African-American mathematicians who served a vital role in NASA during the early years of the U.S. space program.', 'https://m.media-amazon.com/images/M/MV5BMzg2Mzg4YmUtNDdkNy00NWY1LWE3NmEtZWMwNGNlMzE5YzU3XkEyXkFqcGdeQXVyMjA5MTIzMjQ@._V1_UX67_CR0,0,67,98_AL_.jpg', 7.8, 74.0, 200876, 169607287.0, 15);
INSERT INTO MovieGenres (MovieID, GenreID) VALUES (576, 4);
INSERT INTO MovieGenres (MovieID, GenreID) VALUES (576, 7);
INSERT INTO MovieGenres (MovieID, GenreID) VALUES (576, 11);
INSERT INTO MoviePeople (MovieID, PersonID, RoleID) VALUES (576, 2904, 1);
INSERT INTO MoviePeople (MovieID, PersonID, RoleID) VALUES (576, 2865, 2);
INSERT INTO MoviePeople (MovieID, PersonID, RoleID) VALUES (576, 2238, 3);
INSERT INTO MoviePeople (MovieID, PersonID, RoleID) VALUES (576, 1284, 4);
INSERT INTO MoviePeople (MovieID, PersonID, RoleID) VALUES (576, 1664, 5);

INSERT INTO Movies (MovieID, Series_Title, Released_Year, RuntimeMinutes, Overview, Poster_Link, IMDB_Rating, Meta_score, No_of_Votes, Gross_Revenue, CertificateID) VALUES (577, 'Paddington 2', 2017.0, 103, 'Paddington (Ben Whishaw), now happily settled with the Brown family and a popular member of the local community, picks up a series of odd jobs to buy the perfect present for his Aunt Lucy''s (Imelda Staunton''s) 100th birthday, only for the gift to be stolen.', 'https://m.media-amazon.com/images/M/MV5BMmYwNWZlNzEtNjE4Zi00NzQ4LWI2YmUtOWZhNzZhZDYyNmVmXkEyXkFqcGdeQXVyNzYzODM3Mzg@._V1_UX67_CR0,0,67,98_AL_.jpg', 7.8, 88.0, 61594, 40442052.0, 13);
INSERT INTO MovieGenres (MovieID, GenreID) VALUES (577, 2);
INSERT INTO MovieGenres (MovieID, GenreID) VALUES (577, 5);
INSERT INTO MovieGenres (MovieID, GenreID) VALUES (577, 8);
INSERT INTO MoviePeople (MovieID, PersonID, RoleID) VALUES (577, 2304, 1);
INSERT INTO MoviePeople (MovieID, PersonID, RoleID) VALUES (577, 286, 2);
INSERT INTO MoviePeople (MovieID, PersonID, RoleID) VALUES (577, 1145, 3);
INSERT INTO MoviePeople (MovieID, PersonID, RoleID) VALUES (577, 1144, 4);
INSERT INTO MoviePeople (MovieID, PersonID, RoleID) VALUES (577, 2635, 5);

INSERT INTO Movies (MovieID, Series_Title, Released_Year, RuntimeMinutes, Overview, Poster_Link, IMDB_Rating, Meta_score, No_of_Votes, Gross_Revenue, CertificateID) VALUES (578, 'Udta Punjab', 2016.0, 148, 'A story that revolves around drug abuse in the affluent north Indian State of Punjab and how the youth there have succumbed to it en-masse resulting in a socio-economic decline.', 'https://m.media-amazon.com/images/M/MV5BY2YxNjQxYWYtYzNkMi00YTgyLWIwZTMtYzgyYjZlZmYzZTA0XkEyXkFqcGdeQXVyMTA4NjE0NjEy._V1_UX67_CR0,0,67,98_AL_.jpg', 7.8, NULL, 27175, NULL, 2);
INSERT INTO MovieGenres (MovieID, GenreID) VALUES (578, 1);
INSERT INTO MovieGenres (MovieID, GenreID) VALUES (578, 6);
INSERT INTO MovieGenres (MovieID, GenreID) VALUES (578, 7);
INSERT INTO MoviePeople (MovieID, PersonID, RoleID) VALUES (578, 9, 1);
INSERT INTO MoviePeople (MovieID, PersonID, RoleID) VALUES (578, 2717, 2);
INSERT INTO MoviePeople (MovieID, PersonID, RoleID) VALUES (578, 95, 3);
INSERT INTO MoviePeople (MovieID, PersonID, RoleID) VALUES (578, 1604, 4);
INSERT INTO MoviePeople (MovieID, PersonID, RoleID) VALUES (578, 694, 5);

INSERT INTO Movies (MovieID, Series_Title, Released_Year, RuntimeMinutes, Overview, Poster_Link, IMDB_Rating, Meta_score, No_of_Votes, Gross_Revenue, CertificateID) VALUES (579, 'Kubo and the Two Strings', 2016.0, 101, 'A young boy named Kubo must locate a magical suit of armour worn by his late father in order to defeat a vengeful spirit from the past.', 'https://m.media-amazon.com/images/M/MV5BMjA2Mzg2NDMzNl5BMl5BanBnXkFtZTgwMjcwODUzOTE@._V1_UX67_CR0,0,67,98_AL_.jpg', 7.8, 84.0, 118035, 48023088.0, 6);
INSERT INTO MovieGenres (MovieID, GenreID) VALUES (579, 3);
INSERT INTO MovieGenres (MovieID, GenreID) VALUES (579, 1);
INSERT INTO MovieGenres (MovieID, GenreID) VALUES (579, 2);
INSERT INTO MoviePeople (MovieID, PersonID, RoleID) VALUES (579, 2983, 1);
INSERT INTO MoviePeople (MovieID, PersonID, RoleID) VALUES (579, 475, 2);
INSERT INTO MoviePeople (MovieID, PersonID, RoleID) VALUES (579, 228, 3);
INSERT INTO MoviePeople (MovieID, PersonID, RoleID) VALUES (579, 1993, 4);
INSERT INTO MoviePeople (MovieID, PersonID, RoleID) VALUES (579, 2417, 5);

INSERT INTO Movies (MovieID, Series_Title, Released_Year, RuntimeMinutes, Overview, Poster_Link, IMDB_Rating, Meta_score, No_of_Votes, Gross_Revenue, CertificateID) VALUES (580, 'M.S. Dhoni: The Untold Story', 2016.0, 184, 'The untold story of Mahendra Singh Dhoni''s journey from ticket collector to trophy collector - the world-cup-winning captain of the Indian Cricket Team.', 'https://m.media-amazon.com/images/M/MV5BZjAzZjZiMmQtMDZmOC00NjVmLTkyNTItOGI2Mzg4NTBhZTA1XkEyXkFqcGdeQXVyODE5NzE3OTE@._V1_UY98_CR0,0,67,98_AL_.jpg', 7.8, NULL, 40416, 1782795.0, 13);
INSERT INTO MovieGenres (MovieID, GenreID) VALUES (580, 4);
INSERT INTO MovieGenres (MovieID, GenreID) VALUES (580, 7);
INSERT INTO MovieGenres (MovieID, GenreID) VALUES (580, 18);
INSERT INTO MoviePeople (MovieID, PersonID, RoleID) VALUES (580, 2184, 1);
INSERT INTO MoviePeople (MovieID, PersonID, RoleID) VALUES (580, 2835, 2);
INSERT INTO MoviePeople (MovieID, PersonID, RoleID) VALUES (580, 1674, 3);
INSERT INTO MoviePeople (MovieID, PersonID, RoleID) VALUES (580, 206, 4);
INSERT INTO MoviePeople (MovieID, PersonID, RoleID) VALUES (580, 695, 5);

INSERT INTO Movies (MovieID, Series_Title, Released_Year, RuntimeMinutes, Overview, Poster_Link, IMDB_Rating, Meta_score, No_of_Votes, Gross_Revenue, CertificateID) VALUES (581, 'Manchester by the Sea', 2016.0, 137, 'A depressed uncle is asked to take care of his teenage nephew after the boy''s father dies.', 'https://m.media-amazon.com/images/M/MV5BMTYxMjk0NDg4Ml5BMl5BanBnXkFtZTgwODcyNjA5OTE@._V1_UX67_CR0,0,67,98_AL_.jpg', 7.8, 96.0, 246963, 47695120.0, 15);
INSERT INTO MovieGenres (MovieID, GenreID) VALUES (581, 7);
INSERT INTO MoviePeople (MovieID, PersonID, RoleID) VALUES (581, 1657, 1);
INSERT INTO MoviePeople (MovieID, PersonID, RoleID) VALUES (581, 443, 2);
INSERT INTO MoviePeople (MovieID, PersonID, RoleID) VALUES (581, 2090, 3);
INSERT INTO MoviePeople (MovieID, PersonID, RoleID) VALUES (581, 1714, 4);
INSERT INTO MoviePeople (MovieID, PersonID, RoleID) VALUES (581, 1840, 5);

INSERT INTO Movies (MovieID, Series_Title, Released_Year, RuntimeMinutes, Overview, Poster_Link, IMDB_Rating, Meta_score, No_of_Votes, Gross_Revenue, CertificateID) VALUES (582, 'Under sandet', 2015.0, 100, 'In post-World War II Denmark, a group of young German POWs are forced to clear a beach of thousands of land mines under the watch of a Danish Sergeant who slowly learns to appreciate their plight.', 'https://m.media-amazon.com/images/M/MV5BMjA0MzQzNjM1Ml5BMl5BanBnXkFtZTgwNjM5MjU5NjE@._V1_UX67_CR0,0,67,98_AL_.jpg', 7.8, 75.0, 35539, 435266.0, 9);
INSERT INTO MovieGenres (MovieID, GenreID) VALUES (582, 7);
INSERT INTO MovieGenres (MovieID, GenreID) VALUES (582, 11);
INSERT INTO MovieGenres (MovieID, GenreID) VALUES (582, 20);
INSERT INTO MoviePeople (MovieID, PersonID, RoleID) VALUES (582, 1958, 1);
INSERT INTO MoviePeople (MovieID, PersonID, RoleID) VALUES (582, 2559, 2);
INSERT INTO MoviePeople (MovieID, PersonID, RoleID) VALUES (582, 1830, 3);
INSERT INTO MoviePeople (MovieID, PersonID, RoleID) VALUES (582, 1417, 4);
INSERT INTO MoviePeople (MovieID, PersonID, RoleID) VALUES (582, 2105, 5);

INSERT INTO Movies (MovieID, Series_Title, Released_Year, RuntimeMinutes, Overview, Poster_Link, IMDB_Rating, Meta_score, No_of_Votes, Gross_Revenue, CertificateID) VALUES (583, 'Rogue One', 2016.0, 133, 'The daughter of an Imperial scientist joins the Rebel Alliance in a risky move to steal the plans for the Death Star.', 'https://m.media-amazon.com/images/M/MV5BMjEwMzMxODIzOV5BMl5BanBnXkFtZTgwNzg3OTAzMDI@._V1_UX67_CR0,0,67,98_AL_.jpg', 7.8, 65.0, 556608, 532177324.0, 15);
INSERT INTO MovieGenres (MovieID, GenreID) VALUES (583, 1);
INSERT INTO MovieGenres (MovieID, GenreID) VALUES (583, 2);
INSERT INTO MovieGenres (MovieID, GenreID) VALUES (583, 17);
INSERT INTO MoviePeople (MovieID, PersonID, RoleID) VALUES (583, 934, 1);
INSERT INTO MoviePeople (MovieID, PersonID, RoleID) VALUES (583, 864, 2);
INSERT INTO MoviePeople (MovieID, PersonID, RoleID) VALUES (583, 692, 3);
INSERT INTO MoviePeople (MovieID, PersonID, RoleID) VALUES (583, 58, 4);
INSERT INTO MoviePeople (MovieID, PersonID, RoleID) VALUES (583, 718, 5);

INSERT INTO Movies (MovieID, Series_Title, Released_Year, RuntimeMinutes, Overview, Poster_Link, IMDB_Rating, Meta_score, No_of_Votes, Gross_Revenue, CertificateID) VALUES (584, 'Captain America: Civil War', 2016.0, 147, 'Political involvement in the Avengers'' affairs causes a rift between Captain America and Iron Man.', 'https://m.media-amazon.com/images/M/MV5BMjQ0MTgyNjAxMV5BMl5BanBnXkFtZTgwNjUzMDkyODE@._V1_UX67_CR0,0,67,98_AL_.jpg', 7.8, 75.0, 663649, 408084349.0, 15);
INSERT INTO MovieGenres (MovieID, GenreID) VALUES (584, 1);
INSERT INTO MovieGenres (MovieID, GenreID) VALUES (584, 2);
INSERT INTO MovieGenres (MovieID, GenreID) VALUES (584, 17);
INSERT INTO MoviePeople (MovieID, PersonID, RoleID) VALUES (584, 197, 1);
INSERT INTO MoviePeople (MovieID, PersonID, RoleID) VALUES (584, 1415, 2);
INSERT INTO MoviePeople (MovieID, PersonID, RoleID) VALUES (584, 498, 3);
INSERT INTO MoviePeople (MovieID, PersonID, RoleID) VALUES (584, 2519, 4);
INSERT INTO MoviePeople (MovieID, PersonID, RoleID) VALUES (584, 2682, 5);

INSERT INTO Movies (MovieID, Series_Title, Released_Year, RuntimeMinutes, Overview, Poster_Link, IMDB_Rating, Meta_score, No_of_Votes, Gross_Revenue, CertificateID) VALUES (585, 'The Hateful Eight', 2015.0, 168, 'In the dead of a Wyoming winter, a bounty hunter and his prisoner find shelter in a cabin currently inhabited by a collection of nefarious characters.', 'https://m.media-amazon.com/images/M/MV5BMjA1MTc1NTg5NV5BMl5BanBnXkFtZTgwOTM2MDEzNzE@._V1_UX67_CR0,0,67,98_AL_.jpg', 7.8, 68.0, 517059, 54117416.0, 2);
INSERT INTO MovieGenres (MovieID, GenreID) VALUES (585, 6);
INSERT INTO MovieGenres (MovieID, GenreID) VALUES (585, 7);
INSERT INTO MovieGenres (MovieID, GenreID) VALUES (585, 15);
INSERT INTO MoviePeople (MovieID, PersonID, RoleID) VALUES (585, 2391, 1);
INSERT INTO MoviePeople (MovieID, PersonID, RoleID) VALUES (585, 2655, 2);
INSERT INTO MoviePeople (MovieID, PersonID, RoleID) VALUES (585, 1713, 3);
INSERT INTO MoviePeople (MovieID, PersonID, RoleID) VALUES (585, 1355, 4);
INSERT INTO MoviePeople (MovieID, PersonID, RoleID) VALUES (585, 3077, 5);

INSERT INTO Movies (MovieID, Series_Title, Released_Year, RuntimeMinutes, Overview, Poster_Link, IMDB_Rating, Meta_score, No_of_Votes, Gross_Revenue, CertificateID) VALUES (586, 'Little Women', 2019.0, 135, 'Jo March reflects back and forth on her life, telling the beloved story of the March sisters - four young women, each determined to live life on her own terms.', 'https://m.media-amazon.com/images/M/MV5BY2QzYTQyYzItMzAwYi00YjZlLThjNTUtNzMyMDdkYzJiNWM4XkEyXkFqcGdeQXVyMTkxNjUyNQ@@._V1_UX67_CR0,0,67,98_AL_.jpg', 7.8, 91.0, 143250, 108101214.0, 13);
INSERT INTO MovieGenres (MovieID, GenreID) VALUES (586, 7);
INSERT INTO MovieGenres (MovieID, GenreID) VALUES (586, 16);
INSERT INTO MoviePeople (MovieID, PersonID, RoleID) VALUES (586, 1040, 1);
INSERT INTO MoviePeople (MovieID, PersonID, RoleID) VALUES (586, 2665, 2);
INSERT INTO MoviePeople (MovieID, PersonID, RoleID) VALUES (586, 810, 3);
INSERT INTO MoviePeople (MovieID, PersonID, RoleID) VALUES (586, 879, 4);
INSERT INTO MoviePeople (MovieID, PersonID, RoleID) VALUES (586, 781, 5);

INSERT INTO Movies (MovieID, Series_Title, Released_Year, RuntimeMinutes, Overview, Poster_Link, IMDB_Rating, Meta_score, No_of_Votes, Gross_Revenue, CertificateID) VALUES (587, 'Loving Vincent', 2017.0, 94, 'In a story depicted in oil painted animation, a young man comes to the last hometown of painter Vincent van Gogh (Robert Gulaczyk) to deliver the troubled artist''s final letter and ends up investigating his final days there.', 'https://m.media-amazon.com/images/M/MV5BMTU3NjE2NjgwN15BMl5BanBnXkFtZTgwNDYzMzEwMzI@._V1_UX67_CR0,0,67,98_AL_.jpg', 7.8, 62.0, 50778, 6735118.0, 15);
INSERT INTO MovieGenres (MovieID, GenreID) VALUES (587, 3);
INSERT INTO MovieGenres (MovieID, GenreID) VALUES (587, 4);
INSERT INTO MovieGenres (MovieID, GenreID) VALUES (587, 6);
INSERT INTO MoviePeople (MovieID, PersonID, RoleID) VALUES (587, 721, 1);
INSERT INTO MoviePeople (MovieID, PersonID, RoleID) VALUES (587, 1149, 2);
INSERT INTO MoviePeople (MovieID, PersonID, RoleID) VALUES (587, 727, 3);
INSERT INTO MoviePeople (MovieID, PersonID, RoleID) VALUES (587, 1366, 4);
INSERT INTO MoviePeople (MovieID, PersonID, RoleID) VALUES (587, 2521, 5);

INSERT INTO Movies (MovieID, Series_Title, Released_Year, RuntimeMinutes, Overview, Poster_Link, IMDB_Rating, Meta_score, No_of_Votes, Gross_Revenue, CertificateID) VALUES (588, 'Pride', 2014.0, 119, 'U.K. gay activists work to help miners during their lengthy strike of the National Union of Mineworkers in the summer of 1984.', 'https://m.media-amazon.com/images/M/MV5BMTU2OTcyOTE3MF5BMl5BanBnXkFtZTgwNTg5Mjc1MjE@._V1_UX67_CR0,0,67,98_AL_.jpg', 7.8, 79.0, 51841, NULL, 9);
INSERT INTO MovieGenres (MovieID, GenreID) VALUES (588, 4);
INSERT INTO MovieGenres (MovieID, GenreID) VALUES (588, 5);
INSERT INTO MovieGenres (MovieID, GenreID) VALUES (588, 7);
INSERT INTO MoviePeople (MovieID, PersonID, RoleID) VALUES (588, 1996, 1);
INSERT INTO MoviePeople (MovieID, PersonID, RoleID) VALUES (588, 306, 2);
INSERT INTO MoviePeople (MovieID, PersonID, RoleID) VALUES (588, 1169, 3);
INSERT INTO MoviePeople (MovieID, PersonID, RoleID) VALUES (588, 702, 4);
INSERT INTO MoviePeople (MovieID, PersonID, RoleID) VALUES (588, 2271, 5);

INSERT INTO Movies (MovieID, Series_Title, Released_Year, RuntimeMinutes, Overview, Poster_Link, IMDB_Rating, Meta_score, No_of_Votes, Gross_Revenue, CertificateID) VALUES (589, 'Le passé', 2013.0, 130, 'An Iranian man deserts his French wife and her two children to return to his homeland. Meanwhile, his wife starts up a new relationship, a reality her husband confronts upon his wife''s request for a divorce.', 'https://m.media-amazon.com/images/M/MV5BMTcxNTgzNDg1N15BMl5BanBnXkFtZTgwNjg4MzI1MDE@._V1_UX67_CR0,0,67,98_AL_.jpg', 7.8, 85.0, 45002, 1330596.0, 7);
INSERT INTO MovieGenres (MovieID, GenreID) VALUES (589, 7);
INSERT INTO MovieGenres (MovieID, GenreID) VALUES (589, 15);
INSERT INTO MoviePeople (MovieID, PersonID, RoleID) VALUES (589, 235, 1);
INSERT INTO MoviePeople (MovieID, PersonID, RoleID) VALUES (589, 406, 2);
INSERT INTO MoviePeople (MovieID, PersonID, RoleID) VALUES (589, 2850, 3);
INSERT INTO MoviePeople (MovieID, PersonID, RoleID) VALUES (589, 94, 4);
INSERT INTO MoviePeople (MovieID, PersonID, RoleID) VALUES (589, 2322, 5);

INSERT INTO Movies (MovieID, Series_Title, Released_Year, RuntimeMinutes, Overview, Poster_Link, IMDB_Rating, Meta_score, No_of_Votes, Gross_Revenue, CertificateID) VALUES (590, 'La grande bellezza', 2013.0, 141, 'Jep Gambardella has seduced his way through the lavish nightlife of Rome for decades, but after his 65th birthday and a shock from the past, Jep looks past the nightclubs and parties to find a timeless landscape of absurd, exquisite beauty.', 'https://m.media-amazon.com/images/M/MV5BNjg5NmI3NmUtZDQ2Mi00ZTI0LWE0YzAtOGRhOWJmNDJkOWNkXkEyXkFqcGdeQXVyMzIzNDU1NTY@._V1_UY98_CR0,0,67,98_AL_.jpg', 7.8, 86.0, 81125, 2852400.0, NULL);
INSERT INTO MovieGenres (MovieID, GenreID) VALUES (590, 7);
INSERT INTO MoviePeople (MovieID, PersonID, RoleID) VALUES (590, 2276, 1);
INSERT INTO MoviePeople (MovieID, PersonID, RoleID) VALUES (590, 2969, 2);
INSERT INTO MoviePeople (MovieID, PersonID, RoleID) VALUES (590, 427, 3);
INSERT INTO MoviePeople (MovieID, PersonID, RoleID) VALUES (590, 2620, 4);
INSERT INTO MoviePeople (MovieID, PersonID, RoleID) VALUES (590, 426, 5);

INSERT INTO Movies (MovieID, Series_Title, Released_Year, RuntimeMinutes, Overview, Poster_Link, IMDB_Rating, Meta_score, No_of_Votes, Gross_Revenue, CertificateID) VALUES (591, 'The Lunchbox', 2013.0, 104, 'A mistaken delivery in Mumbai''s famously efficient lunchbox delivery system connects a young housewife to an older man in the dusk of his life as they build a fantasy world together through notes in the lunchbox.', 'https://m.media-amazon.com/images/M/MV5BMTUwMzc1NjIzMV5BMl5BanBnXkFtZTgwODUyMTIxMTE@._V1_UX67_CR0,0,67,98_AL_.jpg', 7.8, 76.0, 50523, 4231500.0, 13);
INSERT INTO MovieGenres (MovieID, GenreID) VALUES (591, 7);
INSERT INTO MovieGenres (MovieID, GenreID) VALUES (591, 16);
INSERT INTO MoviePeople (MovieID, PersonID, RoleID) VALUES (591, 2503, 1);
INSERT INTO MoviePeople (MovieID, PersonID, RoleID) VALUES (591, 1180, 2);
INSERT INTO MoviePeople (MovieID, PersonID, RoleID) VALUES (591, 2212, 3);
INSERT INTO MoviePeople (MovieID, PersonID, RoleID) VALUES (591, 2180, 4);
INSERT INTO MoviePeople (MovieID, PersonID, RoleID) VALUES (591, 1794, 5);

INSERT INTO Movies (MovieID, Series_Title, Released_Year, RuntimeMinutes, Overview, Poster_Link, IMDB_Rating, Meta_score, No_of_Votes, Gross_Revenue, CertificateID) VALUES (592, 'Vicky Donor', 2012.0, 126, 'A man is brought in by an infertility doctor to supply him with his sperm, where he becomes the biggest sperm donor for his clinic.', 'https://m.media-amazon.com/images/M/MV5BYWNlODE1ZTEtOTQ5MS00N2QwLTllNjItZDQ2Y2UzMmU5YmI2XkEyXkFqcGdeQXVyODE5NzE3OTE@._V1_UY98_CR3,0,67,98_AL_.jpg', 7.8, NULL, 39710, 169209.0, 15);
INSERT INTO MovieGenres (MovieID, GenreID) VALUES (592, 5);
INSERT INTO MovieGenres (MovieID, GenreID) VALUES (592, 16);
INSERT INTO MoviePeople (MovieID, PersonID, RoleID) VALUES (592, 2742, 1);
INSERT INTO MoviePeople (MovieID, PersonID, RoleID) VALUES (592, 252, 2);
INSERT INTO MoviePeople (MovieID, PersonID, RoleID) VALUES (592, 3136, 3);
INSERT INTO MoviePeople (MovieID, PersonID, RoleID) VALUES (592, 185, 4);
INSERT INTO MoviePeople (MovieID, PersonID, RoleID) VALUES (592, 699, 5);

INSERT INTO Movies (MovieID, Series_Title, Released_Year, RuntimeMinutes, Overview, Poster_Link, IMDB_Rating, Meta_score, No_of_Votes, Gross_Revenue, CertificateID) VALUES (593, 'Big Hero 6', 2014.0, 102, 'A special bond develops between plus-sized inflatable robot Baymax and prodigy Hiro Hamada, who together team up with a group of friends to form a band of high-tech heroes.', 'https://m.media-amazon.com/images/M/MV5BMDliOTIzNmUtOTllOC00NDU3LWFiNjYtMGM0NDc1YTMxNjYxXkEyXkFqcGdeQXVyNTM3NzExMDQ@._V1_UY98_CR1,0,67,98_AL_.jpg', 7.8, 74.0, 410983, 222527828.0, 13);
INSERT INTO MovieGenres (MovieID, GenreID) VALUES (593, 3);
INSERT INTO MovieGenres (MovieID, GenreID) VALUES (593, 1);
INSERT INTO MovieGenres (MovieID, GenreID) VALUES (593, 2);
INSERT INTO MoviePeople (MovieID, PersonID, RoleID) VALUES (593, 708, 1);
INSERT INTO MoviePeople (MovieID, PersonID, RoleID) VALUES (593, 508, 2);
INSERT INTO MoviePeople (MovieID, PersonID, RoleID) VALUES (593, 2613, 3);
INSERT INTO MoviePeople (MovieID, PersonID, RoleID) VALUES (593, 2684, 4);
INSERT INTO MoviePeople (MovieID, PersonID, RoleID) VALUES (593, 1268, 5);

INSERT INTO Movies (MovieID, Series_Title, Released_Year, RuntimeMinutes, Overview, Poster_Link, IMDB_Rating, Meta_score, No_of_Votes, Gross_Revenue, CertificateID) VALUES (594, 'About Time', 2013.0, 123, 'At the age of 21, Tim discovers he can travel in time and change what happens and has happened in his own life. His decision to make his world a better place by getting a girlfriend turns out not to be as easy as you might think.', 'https://m.media-amazon.com/images/M/MV5BMTA1ODUzMDA3NzFeQTJeQWpwZ15BbWU3MDgxMTYxNTk@._V1_UX67_CR0,0,67,98_AL_.jpg', 7.8, 55.0, 303032, 15322921.0, 9);
INSERT INTO MovieGenres (MovieID, GenreID) VALUES (594, 5);
INSERT INTO MovieGenres (MovieID, GenreID) VALUES (594, 7);
INSERT INTO MovieGenres (MovieID, GenreID) VALUES (594, 9);
INSERT INTO MoviePeople (MovieID, PersonID, RoleID) VALUES (594, 2474, 1);
INSERT INTO MoviePeople (MovieID, PersonID, RoleID) VALUES (594, 701, 2);
INSERT INTO MoviePeople (MovieID, PersonID, RoleID) VALUES (594, 2397, 3);
INSERT INTO MoviePeople (MovieID, PersonID, RoleID) VALUES (594, 306, 4);
INSERT INTO MoviePeople (MovieID, PersonID, RoleID) VALUES (594, 1851, 5);

INSERT INTO Movies (MovieID, Series_Title, Released_Year, RuntimeMinutes, Overview, Poster_Link, IMDB_Rating, Meta_score, No_of_Votes, Gross_Revenue, CertificateID) VALUES (595, 'English Vinglish', 2012.0, 134, 'A quiet, sweet tempered housewife endures small slights from her well-educated husband and daughter every day because of her inability to speak and understand English.', 'https://m.media-amazon.com/images/M/MV5BMjQ5YWVmYmYtOWFiZC00NGMxLWEwODctZDM2MWI4YWViN2E5XkEyXkFqcGdeQXVyNjQ2MjQ5NzM@._V1_UY98_CR0,0,67,98_AL_.jpg', 7.8, NULL, 33618, 1670773.0, 13);
INSERT INTO MovieGenres (MovieID, GenreID) VALUES (595, 5);
INSERT INTO MovieGenres (MovieID, GenreID) VALUES (595, 7);
INSERT INTO MovieGenres (MovieID, GenreID) VALUES (595, 8);
INSERT INTO MoviePeople (MovieID, PersonID, RoleID) VALUES (595, 951, 1);
INSERT INTO MoviePeople (MovieID, PersonID, RoleID) VALUES (595, 2786, 2);
INSERT INTO MoviePeople (MovieID, PersonID, RoleID) VALUES (595, 19, 3);
INSERT INTO MoviePeople (MovieID, PersonID, RoleID) VALUES (595, 2020, 4);
INSERT INTO MoviePeople (MovieID, PersonID, RoleID) VALUES (595, 2384, 5);

INSERT INTO Movies (MovieID, Series_Title, Released_Year, RuntimeMinutes, Overview, Poster_Link, IMDB_Rating, Meta_score, No_of_Votes, Gross_Revenue, CertificateID) VALUES (596, 'Kaze tachinu', 2013.0, 126, 'A look at the life of Jiro Horikoshi, the man who designed Japanese fighter planes during World War II.', 'https://m.media-amazon.com/images/M/MV5BMTU4NDg0MzkzNV5BMl5BanBnXkFtZTgwODA3Mzc1MDE@._V1_UX67_CR0,0,67,98_AL_.jpg', 7.8, 83.0, 73690, 5209580.0, 7);
INSERT INTO MovieGenres (MovieID, GenreID) VALUES (596, 3);
INSERT INTO MovieGenres (MovieID, GenreID) VALUES (596, 4);
INSERT INTO MovieGenres (MovieID, GenreID) VALUES (596, 7);
INSERT INTO MoviePeople (MovieID, PersonID, RoleID) VALUES (596, 1092, 1);
INSERT INTO MoviePeople (MovieID, PersonID, RoleID) VALUES (596, 1122, 2);
INSERT INTO MoviePeople (MovieID, PersonID, RoleID) VALUES (596, 1123, 3);
INSERT INTO MoviePeople (MovieID, PersonID, RoleID) VALUES (596, 2117, 4);
INSERT INTO MoviePeople (MovieID, PersonID, RoleID) VALUES (596, 1976, 5);

INSERT INTO Movies (MovieID, Series_Title, Released_Year, RuntimeMinutes, Overview, Poster_Link, IMDB_Rating, Meta_score, No_of_Votes, Gross_Revenue, CertificateID) VALUES (597, 'Toy Story 4', 2019.0, 100, 'When a new toy called "Forky" joins Woody and the gang, a road trip alongside old and new friends reveals how big the world can be for a toy.', 'https://m.media-amazon.com/images/M/MV5BMTYzMDM4NzkxOV5BMl5BanBnXkFtZTgwNzM1Mzg2NzM@._V1_UX67_CR0,0,67,98_AL_.jpg', 7.8, 84.0, 203177, 434038008.0, 13);
INSERT INTO MovieGenres (MovieID, GenreID) VALUES (597, 3);
INSERT INTO MovieGenres (MovieID, GenreID) VALUES (597, 2);
INSERT INTO MovieGenres (MovieID, GenreID) VALUES (597, 5);
INSERT INTO MoviePeople (MovieID, PersonID, RoleID) VALUES (597, 1531, 1);
INSERT INTO MoviePeople (MovieID, PersonID, RoleID) VALUES (597, 2949, 2);
INSERT INTO MoviePeople (MovieID, PersonID, RoleID) VALUES (597, 2923, 3);
INSERT INTO MoviePeople (MovieID, PersonID, RoleID) VALUES (597, 183, 4);
INSERT INTO MoviePeople (MovieID, PersonID, RoleID) VALUES (597, 2973, 5);

INSERT INTO Movies (MovieID, Series_Title, Released_Year, RuntimeMinutes, Overview, Poster_Link, IMDB_Rating, Meta_score, No_of_Votes, Gross_Revenue, CertificateID) VALUES (598, 'La migliore offerta', 2013.0, 131, 'A lonely art expert working for a mysterious and reclusive heiress finds not only her art worth examining.', 'https://m.media-amazon.com/images/M/MV5BMTQ4MzQ3NjA0N15BMl5BanBnXkFtZTgwODQyNjQ4MDE@._V1_UX67_CR0,0,67,98_AL_.jpg', 7.8, 49.0, 108399, 85433.0, 9);
INSERT INTO MovieGenres (MovieID, GenreID) VALUES (598, 6);
INSERT INTO MovieGenres (MovieID, GenreID) VALUES (598, 7);
INSERT INTO MovieGenres (MovieID, GenreID) VALUES (598, 15);
INSERT INTO MoviePeople (MovieID, PersonID, RoleID) VALUES (598, 1011, 1);
INSERT INTO MoviePeople (MovieID, PersonID, RoleID) VALUES (598, 968, 2);
INSERT INTO MoviePeople (MovieID, PersonID, RoleID) VALUES (598, 1391, 3);
INSERT INTO MoviePeople (MovieID, PersonID, RoleID) VALUES (598, 2841, 4);
INSERT INTO MoviePeople (MovieID, PersonID, RoleID) VALUES (598, 714, 5);

INSERT INTO Movies (MovieID, Series_Title, Released_Year, RuntimeMinutes, Overview, Poster_Link, IMDB_Rating, Meta_score, No_of_Votes, Gross_Revenue, CertificateID) VALUES (599, 'Moonrise Kingdom', 2012.0, 94, 'A pair of young lovers flee their New England town, which causes a local search party to fan out to find them.', 'https://m.media-amazon.com/images/M/MV5BMzllMWI1ZDQtMmFhNS00NzJkLThmMTMtNzFmMmMyYjU3ZGVjXkEyXkFqcGdeQXVyMDI2NDg0NQ@@._V1_UY98_CR1,0,67,98_AL_.jpg', 7.8, 84.0, 318789, 45512466.0, 2);
INSERT INTO MovieGenres (MovieID, GenreID) VALUES (599, 5);
INSERT INTO MovieGenres (MovieID, GenreID) VALUES (599, 7);
INSERT INTO MovieGenres (MovieID, GenreID) VALUES (599, 16);
INSERT INTO MoviePeople (MovieID, PersonID, RoleID) VALUES (599, 3088, 1);
INSERT INTO MoviePeople (MovieID, PersonID, RoleID) VALUES (599, 1291, 2);
INSERT INTO MoviePeople (MovieID, PersonID, RoleID) VALUES (599, 1602, 3);
INSERT INTO MoviePeople (MovieID, PersonID, RoleID) VALUES (599, 385, 4);
INSERT INTO MoviePeople (MovieID, PersonID, RoleID) VALUES (599, 305, 5);

INSERT INTO Movies (MovieID, Series_Title, Released_Year, RuntimeMinutes, Overview, Poster_Link, IMDB_Rating, Meta_score, No_of_Votes, Gross_Revenue, CertificateID) VALUES (600, 'How to Train Your Dragon 2', 2014.0, 102, 'When Hiccup and Toothless discover an ice cave that is home to hundreds of new wild dragons and the mysterious Dragon Rider, the two friends find themselves at the center of a battle to protect the peace.', 'https://m.media-amazon.com/images/M/MV5BMzMwMTAwODczN15BMl5BanBnXkFtZTgwMDk2NDA4MTE@._V1_UX67_CR0,0,67,98_AL_.jpg', 7.8, 76.0, 305611, 177002924.0, 13);
INSERT INTO MovieGenres (MovieID, GenreID) VALUES (600, 3);
INSERT INTO MovieGenres (MovieID, GenreID) VALUES (600, 1);
INSERT INTO MovieGenres (MovieID, GenreID) VALUES (600, 2);
INSERT INTO MoviePeople (MovieID, PersonID, RoleID) VALUES (600, 652, 1);
INSERT INTO MoviePeople (MovieID, PersonID, RoleID) VALUES (600, 1306, 2);
INSERT INTO MoviePeople (MovieID, PersonID, RoleID) VALUES (600, 444, 3);
INSERT INTO MoviePeople (MovieID, PersonID, RoleID) VALUES (600, 994, 4);
INSERT INTO MoviePeople (MovieID, PersonID, RoleID) VALUES (600, 561, 5);

INSERT INTO Movies (MovieID, Series_Title, Released_Year, RuntimeMinutes, Overview, Poster_Link, IMDB_Rating, Meta_score, No_of_Votes, Gross_Revenue, CertificateID) VALUES (601, 'The Big Short', 2015.0, 130, 'In 2006-2007 a group of investors bet against the US mortgage market. In their research they discover how flawed and corrupt the market is.', 'https://m.media-amazon.com/images/M/MV5BNDc4MThhN2EtZjMzNC00ZDJmLThiZTgtNThlY2UxZWMzNjdkXkEyXkFqcGdeQXVyNDk3NzU2MTQ@._V1_UX67_CR0,0,67,98_AL_.jpg', 7.8, 81.0, 362942, 70259870.0, 2);
INSERT INTO MovieGenres (MovieID, GenreID) VALUES (601, 4);
INSERT INTO MovieGenres (MovieID, GenreID) VALUES (601, 5);
INSERT INTO MovieGenres (MovieID, GenreID) VALUES (601, 7);
INSERT INTO MoviePeople (MovieID, PersonID, RoleID) VALUES (601, 16, 1);
INSERT INTO MoviePeople (MovieID, PersonID, RoleID) VALUES (601, 509, 2);
INSERT INTO MoviePeople (MovieID, PersonID, RoleID) VALUES (601, 2811, 3);
INSERT INTO MoviePeople (MovieID, PersonID, RoleID) VALUES (601, 2610, 4);
INSERT INTO MoviePeople (MovieID, PersonID, RoleID) VALUES (601, 351, 5);

INSERT INTO Movies (MovieID, Series_Title, Released_Year, RuntimeMinutes, Overview, Poster_Link, IMDB_Rating, Meta_score, No_of_Votes, Gross_Revenue, CertificateID) VALUES (602, 'Kokuhaku', 2010.0, 106, 'A psychological thriller of a grieving mother turned cold-blooded avenger with a twisty master plan to pay back those who were responsible for her daughter''s death.', 'https://m.media-amazon.com/images/M/MV5BYzM2OGQ2NzUtNzlmYi00ZDg4LWExODgtMDVmOTU2Yzg2N2U5XkEyXkFqcGdeQXVyMTMxODk2OTU@._V1_UY98_CR0,0,67,98_AL_.jpg', 7.8, NULL, 35713, NULL, NULL);
INSERT INTO MovieGenres (MovieID, GenreID) VALUES (602, 7);
INSERT INTO MovieGenres (MovieID, GenreID) VALUES (602, 19);
INSERT INTO MoviePeople (MovieID, PersonID, RoleID) VALUES (602, 2900, 1);
INSERT INTO MoviePeople (MovieID, PersonID, RoleID) VALUES (602, 2852, 2);
INSERT INTO MoviePeople (MovieID, PersonID, RoleID) VALUES (602, 3158, 3);
INSERT INTO MoviePeople (MovieID, PersonID, RoleID) VALUES (602, 1979, 4);
INSERT INTO MoviePeople (MovieID, PersonID, RoleID) VALUES (602, 3162, 5);

INSERT INTO Movies (MovieID, Series_Title, Released_Year, RuntimeMinutes, Overview, Poster_Link, IMDB_Rating, Meta_score, No_of_Votes, Gross_Revenue, CertificateID) VALUES (603, 'Ang-ma-reul bo-at-da', 2010.0, 144, 'A secret agent exacts revenge on a serial killer through a series of captures and releases.', 'https://m.media-amazon.com/images/M/MV5BZjRmNjc5MTYtYjc3My00ZjNiLTg4YjUtMTQ0ZTFkZmMxMDUzXkEyXkFqcGdeQXVyNDY5MTUyNjU@._V1_UY98_CR3,0,67,98_AL_.jpg', 7.8, 67.0, 111252, 128392.0, NULL);
INSERT INTO MovieGenres (MovieID, GenreID) VALUES (603, 1);
INSERT INTO MovieGenres (MovieID, GenreID) VALUES (603, 6);
INSERT INTO MovieGenres (MovieID, GenreID) VALUES (603, 7);
INSERT INTO MoviePeople (MovieID, PersonID, RoleID) VALUES (603, 1337, 1);
INSERT INTO MoviePeople (MovieID, PersonID, RoleID) VALUES (603, 1748, 2);
INSERT INTO MoviePeople (MovieID, PersonID, RoleID) VALUES (603, 493, 3);
INSERT INTO MoviePeople (MovieID, PersonID, RoleID) VALUES (603, 1361, 4);
INSERT INTO MoviePeople (MovieID, PersonID, RoleID) VALUES (603, 1130, 5);

INSERT INTO Movies (MovieID, Series_Title, Released_Year, RuntimeMinutes, Overview, Poster_Link, IMDB_Rating, Meta_score, No_of_Votes, Gross_Revenue, CertificateID) VALUES (604, 'The Girl with the Dragon Tattoo', 2011.0, 158, 'Journalist Mikael Blomkvist is aided in his search for a woman who has been missing for forty years by Lisbeth Salander, a young computer hacker.', 'https://m.media-amazon.com/images/M/MV5BMTczNDk4NTQ0OV5BMl5BanBnXkFtZTcwNDAxMDgxNw@@._V1_UX67_CR0,0,67,98_AL_.jpg', 7.8, 71.0, 423010, 102515793.0, 9);
INSERT INTO MovieGenres (MovieID, GenreID) VALUES (604, 6);
INSERT INTO MovieGenres (MovieID, GenreID) VALUES (604, 7);
INSERT INTO MovieGenres (MovieID, GenreID) VALUES (604, 15);
INSERT INTO MoviePeople (MovieID, PersonID, RoleID) VALUES (604, 630, 1);
INSERT INTO MoviePeople (MovieID, PersonID, RoleID) VALUES (604, 593, 2);
INSERT INTO MoviePeople (MovieID, PersonID, RoleID) VALUES (604, 2572, 3);
INSERT INTO MoviePeople (MovieID, PersonID, RoleID) VALUES (604, 528, 4);
INSERT INTO MoviePeople (MovieID, PersonID, RoleID) VALUES (604, 2797, 5);

INSERT INTO Movies (MovieID, Series_Title, Released_Year, RuntimeMinutes, Overview, Poster_Link, IMDB_Rating, Meta_score, No_of_Votes, Gross_Revenue, CertificateID) VALUES (605, 'Captain Phillips', 2013.0, 134, 'The true story of Captain Richard Phillips and the 2009 hijacking by Somali pirates of the U.S.-flagged MV Maersk Alabama, the first American cargo ship to be hijacked in two hundred years.', 'https://m.media-amazon.com/images/M/MV5BODhiZWRhMjctNDUyMS00NmUwLTgwYmItMjJhOWNkZWQ3ZTQxXkEyXkFqcGdeQXVyMTMxODk2OTU@._V1_UX67_CR0,0,67,98_AL_.jpg', 7.8, 82.0, 421244, 107100855.0, 15);
INSERT INTO MovieGenres (MovieID, GenreID) VALUES (605, 2);
INSERT INTO MovieGenres (MovieID, GenreID) VALUES (605, 4);
INSERT INTO MovieGenres (MovieID, GenreID) VALUES (605, 6);
INSERT INTO MoviePeople (MovieID, PersonID, RoleID) VALUES (605, 2301, 1);
INSERT INTO MoviePeople (MovieID, PersonID, RoleID) VALUES (605, 2949, 2);
INSERT INTO MoviePeople (MovieID, PersonID, RoleID) VALUES (605, 265, 3);
INSERT INTO MoviePeople (MovieID, PersonID, RoleID) VALUES (605, 266, 4);
INSERT INTO MoviePeople (MovieID, PersonID, RoleID) VALUES (605, 446, 5);

INSERT INTO Movies (MovieID, Series_Title, Released_Year, RuntimeMinutes, Overview, Poster_Link, IMDB_Rating, Meta_score, No_of_Votes, Gross_Revenue, CertificateID) VALUES (606, 'Ajeossi', 2010.0, 119, 'A quiet pawnshop keeper with a violent past takes on a drug-and-organ trafficking ring in hope of saving the child who is his only friend.', 'https://m.media-amazon.com/images/M/MV5BMTgzMTkxNjAxNV5BMl5BanBnXkFtZTgwMDU3MDE0MjE@._V1_UY98_CR0,0,67,98_AL_.jpg', 7.8, NULL, 62848, 6460.0, 9);
INSERT INTO MovieGenres (MovieID, GenreID) VALUES (606, 1);
INSERT INTO MovieGenres (MovieID, GenreID) VALUES (606, 6);
INSERT INTO MovieGenres (MovieID, GenreID) VALUES (606, 7);
INSERT INTO MoviePeople (MovieID, PersonID, RoleID) VALUES (606, 1362, 1);
INSERT INTO MoviePeople (MovieID, PersonID, RoleID) VALUES (606, 3127, 2);
INSERT INTO MoviePeople (MovieID, PersonID, RoleID) VALUES (606, 2623, 3);
INSERT INTO MoviePeople (MovieID, PersonID, RoleID) VALUES (606, 2849, 4);
INSERT INTO MoviePeople (MovieID, PersonID, RoleID) VALUES (606, 1097, 5);

INSERT INTO Movies (MovieID, Series_Title, Released_Year, RuntimeMinutes, Overview, Poster_Link, IMDB_Rating, Meta_score, No_of_Votes, Gross_Revenue, CertificateID) VALUES (607, 'Straight Outta Compton', 2015.0, 147, 'The rap group NWA emerges from the mean streets of Compton in Los Angeles, California, in the mid-1980s and revolutionizes Hip Hop culture with their music and tales about life in the hood.', 'https://m.media-amazon.com/images/M/MV5BMTA5MzkyMzIxNjJeQTJeQWpwZ15BbWU4MDU0MDk0OTUx._V1_UX67_CR0,0,67,98_AL_.jpg', 7.8, 72.0, 179264, 161197785.0, 9);
INSERT INTO MovieGenres (MovieID, GenreID) VALUES (607, 4);
INSERT INTO MovieGenres (MovieID, GenreID) VALUES (607, 7);
INSERT INTO MovieGenres (MovieID, GenreID) VALUES (607, 11);
INSERT INTO MoviePeople (MovieID, PersonID, RoleID) VALUES (607, 849, 1);
INSERT INTO MoviePeople (MovieID, PersonID, RoleID) VALUES (607, 2236, 2);
INSERT INTO MoviePeople (MovieID, PersonID, RoleID) VALUES (607, 558, 3);
INSERT INTO MoviePeople (MovieID, PersonID, RoleID) VALUES (607, 1298, 4);
INSERT INTO MoviePeople (MovieID, PersonID, RoleID) VALUES (607, 2186, 5);

INSERT INTO Movies (MovieID, Series_Title, Released_Year, RuntimeMinutes, Overview, Poster_Link, IMDB_Rating, Meta_score, No_of_Votes, Gross_Revenue, CertificateID) VALUES (608, 'Madeo', 2009.0, 129, 'A mother desperately searches for the killer who framed her son for a girl''s horrific murder.', 'https://m.media-amazon.com/images/M/MV5BMTQzMTg0NDA1M15BMl5BanBnXkFtZTgwODUzMTE0MjE@._V1_UY98_CR0,0,67,98_AL_.jpg', 7.8, 79.0, 52758, 547292.0, 9);
INSERT INTO MovieGenres (MovieID, GenreID) VALUES (608, 6);
INSERT INTO MovieGenres (MovieID, GenreID) VALUES (608, 7);
INSERT INTO MovieGenres (MovieID, GenreID) VALUES (608, 15);
INSERT INTO MoviePeople (MovieID, PersonID, RoleID) VALUES (608, 339, 1);
INSERT INTO MoviePeople (MovieID, PersonID, RoleID) VALUES (608, 1154, 2);
INSERT INTO MoviePeople (MovieID, PersonID, RoleID) VALUES (608, 3127, 3);
INSERT INTO MoviePeople (MovieID, PersonID, RoleID) VALUES (608, 1394, 4);
INSERT INTO MoviePeople (MovieID, PersonID, RoleID) VALUES (608, 1310, 5);

INSERT INTO Movies (MovieID, Series_Title, Released_Year, RuntimeMinutes, Overview, Poster_Link, IMDB_Rating, Meta_score, No_of_Votes, Gross_Revenue, CertificateID) VALUES (609, 'Chugyeokja', 2008.0, 125, 'A disgraced ex-policeman who runs a small ring of prostitutes finds himself in a race against time when one of his women goes missing.', 'https://m.media-amazon.com/images/M/MV5BY2ViOTU5MDQtZTRiZi00YjViLWFiY2ItOTRhNWYyN2ZiMzUyXkEyXkFqcGdeQXVyNTAyODkwOQ@@._V1_UY98_CR1,0,67,98_AL_.jpg', 7.8, 64.0, 58468, NULL, NULL);
INSERT INTO MovieGenres (MovieID, GenreID) VALUES (609, 1);
INSERT INTO MovieGenres (MovieID, GenreID) VALUES (609, 6);
INSERT INTO MovieGenres (MovieID, GenreID) VALUES (609, 19);
INSERT INTO MoviePeople (MovieID, PersonID, RoleID) VALUES (609, 1133, 1);
INSERT INTO MoviePeople (MovieID, PersonID, RoleID) VALUES (609, 1685, 2);
INSERT INTO MoviePeople (MovieID, PersonID, RoleID) VALUES (609, 1575, 3);
INSERT INTO MoviePeople (MovieID, PersonID, RoleID) VALUES (609, 3144, 4);
INSERT INTO MoviePeople (MovieID, PersonID, RoleID) VALUES (609, 3152, 5);

INSERT INTO Movies (MovieID, Series_Title, Released_Year, RuntimeMinutes, Overview, Poster_Link, IMDB_Rating, Meta_score, No_of_Votes, Gross_Revenue, CertificateID) VALUES (610, 'The Hobbit: The Desolation of Smaug', 2013.0, 161, 'The dwarves, along with Bilbo Baggins and Gandalf the Grey, continue their quest to reclaim Erebor, their homeland, from Smaug. Bilbo Baggins is in possession of a mysterious and magical ring.', 'https://m.media-amazon.com/images/M/MV5BMzU0NDY0NDEzNV5BMl5BanBnXkFtZTgwOTIxNDU1MDE@._V1_UX67_CR0,0,67,98_AL_.jpg', 7.8, 66.0, 601408, 258366855.0, 15);
INSERT INTO MovieGenres (MovieID, GenreID) VALUES (610, 2);
INSERT INTO MovieGenres (MovieID, GenreID) VALUES (610, 9);
INSERT INTO MoviePeople (MovieID, PersonID, RoleID) VALUES (610, 2345, 1);
INSERT INTO MoviePeople (MovieID, PersonID, RoleID) VALUES (610, 1162, 2);
INSERT INTO MoviePeople (MovieID, PersonID, RoleID) VALUES (610, 1950, 3);
INSERT INTO MoviePeople (MovieID, PersonID, RoleID) VALUES (610, 2467, 4);
INSERT INTO MoviePeople (MovieID, PersonID, RoleID) VALUES (610, 1652, 5);

INSERT INTO Movies (MovieID, Series_Title, Released_Year, RuntimeMinutes, Overview, Poster_Link, IMDB_Rating, Meta_score, No_of_Votes, Gross_Revenue, CertificateID) VALUES (611, 'Das weiße Band - Eine deutsche Kindergeschichte', 2009.0, 144, 'Strange events happen in a small village in the north of Germany during the years before World War I, which seem to be ritual punishment. Who is responsible?', 'https://m.media-amazon.com/images/M/MV5BMTQ2OTYyNzUxOF5BMl5BanBnXkFtZTcwMzUwMDY4Mg@@._V1_UX67_CR0,0,67,98_AL_.jpg', 7.8, 82.0, 68715, 2222647.0, 15);
INSERT INTO MovieGenres (MovieID, GenreID) VALUES (611, 7);
INSERT INTO MovieGenres (MovieID, GenreID) VALUES (611, 11);
INSERT INTO MovieGenres (MovieID, GenreID) VALUES (611, 15);
INSERT INTO MoviePeople (MovieID, PersonID, RoleID) VALUES (611, 2054, 1);
INSERT INTO MoviePeople (MovieID, PersonID, RoleID) VALUES (611, 512, 2);
INSERT INTO MoviePeople (MovieID, PersonID, RoleID) VALUES (611, 832, 3);
INSERT INTO MoviePeople (MovieID, PersonID, RoleID) VALUES (611, 1776, 4);
INSERT INTO MoviePeople (MovieID, PersonID, RoleID) VALUES (611, 3008, 5);

INSERT INTO Movies (MovieID, Series_Title, Released_Year, RuntimeMinutes, Overview, Poster_Link, IMDB_Rating, Meta_score, No_of_Votes, Gross_Revenue, CertificateID) VALUES (612, 'Män som hatar kvinnor', 2009.0, 152, 'A journalist is aided by a young female hacker in his search for the killer of a woman who has been dead for forty years.', 'https://m.media-amazon.com/images/M/MV5BMTc2Mjc0MDg3MV5BMl5BanBnXkFtZTcwMjUzMDkxMw@@._V1_UX67_CR0,0,67,98_AL_.jpg', 7.8, 76.0, 208994, 10095170.0, 9);
INSERT INTO MovieGenres (MovieID, GenreID) VALUES (612, 6);
INSERT INTO MovieGenres (MovieID, GenreID) VALUES (612, 7);
INSERT INTO MovieGenres (MovieID, GenreID) VALUES (612, 15);
INSERT INTO MoviePeople (MovieID, PersonID, RoleID) VALUES (612, 2204, 1);
INSERT INTO MoviePeople (MovieID, PersonID, RoleID) VALUES (612, 2064, 2);
INSERT INTO MoviePeople (MovieID, PersonID, RoleID) VALUES (612, 2221, 3);
INSERT INTO MoviePeople (MovieID, PersonID, RoleID) VALUES (612, 845, 4);
INSERT INTO MoviePeople (MovieID, PersonID, RoleID) VALUES (612, 1765, 5);

INSERT INTO Movies (MovieID, Series_Title, Released_Year, RuntimeMinutes, Overview, Poster_Link, IMDB_Rating, Meta_score, No_of_Votes, Gross_Revenue, CertificateID) VALUES (613, 'The Trial of the Chicago 7', 2020.0, 129, 'The story of 7 people on trial stemming from various charges surrounding the uprising at the 1968 Democratic National Convention in Chicago, Illinois.', 'https://m.media-amazon.com/images/M/MV5BYjYzOGE1MjUtODgyMy00ZDAxLTljYTgtNzk0Njg2YWQwMTZhXkEyXkFqcGdeQXVyMDM2NDM2MQ@@._V1_UX67_CR0,0,67,98_AL_.jpg', 7.8, 77.0, 89896, NULL, 9);
INSERT INTO MovieGenres (MovieID, GenreID) VALUES (613, 7);
INSERT INTO MovieGenres (MovieID, GenreID) VALUES (613, 11);
INSERT INTO MovieGenres (MovieID, GenreID) VALUES (613, 19);
INSERT INTO MoviePeople (MovieID, PersonID, RoleID) VALUES (613, 4, 1);
INSERT INTO MoviePeople (MovieID, PersonID, RoleID) VALUES (613, 739, 2);
INSERT INTO MoviePeople (MovieID, PersonID, RoleID) VALUES (613, 80, 3);
INSERT INTO MoviePeople (MovieID, PersonID, RoleID) VALUES (613, 2621, 4);
INSERT INTO MoviePeople (MovieID, PersonID, RoleID) VALUES (613, 1365, 5);

INSERT INTO Movies (MovieID, Series_Title, Released_Year, RuntimeMinutes, Overview, Poster_Link, IMDB_Rating, Meta_score, No_of_Votes, Gross_Revenue, CertificateID) VALUES (614, 'Druk', 2020.0, 117, 'Four friends, all high school teachers, test a theory that they will improve their lives by maintaining a constant level of alcohol in their blood.', 'https://m.media-amazon.com/images/M/MV5BOTNjM2Y2ZjgtMDc5NS00MDQ1LTgyNGYtYzYwMTAyNWQwYTMyXkEyXkFqcGdeQXVyMjE4NzUxNDA@._V1_UX67_CR0,0,67,98_AL_.jpg', 7.8, 81.0, 33931, NULL, NULL);
INSERT INTO MovieGenres (MovieID, GenreID) VALUES (614, 5);
INSERT INTO MovieGenres (MovieID, GenreID) VALUES (614, 7);
INSERT INTO MoviePeople (MovieID, PersonID, RoleID) VALUES (614, 2917, 1);
INSERT INTO MoviePeople (MovieID, PersonID, RoleID) VALUES (614, 1866, 2);
INSERT INTO MoviePeople (MovieID, PersonID, RoleID) VALUES (614, 2909, 3);
INSERT INTO MoviePeople (MovieID, PersonID, RoleID) VALUES (614, 1872, 4);
INSERT INTO MoviePeople (MovieID, PersonID, RoleID) VALUES (614, 1729, 5);

INSERT INTO Movies (MovieID, Series_Title, Released_Year, RuntimeMinutes, Overview, Poster_Link, IMDB_Rating, Meta_score, No_of_Votes, Gross_Revenue, CertificateID) VALUES (615, 'The Fighter', 2010.0, 116, 'Based on the story of Micky Ward, a fledgling boxer who tries to escape the shadow of his more famous but troubled older boxing brother and get his own shot at greatness.', 'https://m.media-amazon.com/images/M/MV5BMTM0ODk3MjM1MV5BMl5BanBnXkFtZTcwNzc1MDIwNA@@._V1_UX67_CR0,0,67,98_AL_.jpg', 7.8, 79.0, 340584, 93617009.0, 15);
INSERT INTO MovieGenres (MovieID, GenreID) VALUES (615, 4);
INSERT INTO MovieGenres (MovieID, GenreID) VALUES (615, 7);
INSERT INTO MovieGenres (MovieID, GenreID) VALUES (615, 18);
INSERT INTO MoviePeople (MovieID, PersonID, RoleID) VALUES (615, 642, 1);
INSERT INTO MoviePeople (MovieID, PersonID, RoleID) VALUES (615, 1940, 2);
INSERT INTO MoviePeople (MovieID, PersonID, RoleID) VALUES (615, 509, 3);
INSERT INTO MoviePeople (MovieID, PersonID, RoleID) VALUES (615, 117, 4);
INSERT INTO MoviePeople (MovieID, PersonID, RoleID) VALUES (615, 2028, 5);

INSERT INTO Movies (MovieID, Series_Title, Released_Year, RuntimeMinutes, Overview, Poster_Link, IMDB_Rating, Meta_score, No_of_Votes, Gross_Revenue, CertificateID) VALUES (616, 'Taken', 2008.0, 90, 'A retired CIA agent travels across Europe and relies on his old skills to save his estranged daughter, who has been kidnapped while on a trip to Paris.', 'https://m.media-amazon.com/images/M/MV5BMTM4NzQ0OTYyOF5BMl5BanBnXkFtZTcwMDkyNjQyMg@@._V1_UX67_CR0,0,67,98_AL_.jpg', 7.8, 51.0, 564791, 145000989.0, 2);
INSERT INTO MovieGenres (MovieID, GenreID) VALUES (616, 1);
INSERT INTO MovieGenres (MovieID, GenreID) VALUES (616, 19);
INSERT INTO MoviePeople (MovieID, PersonID, RoleID) VALUES (616, 2371, 1);
INSERT INTO MoviePeople (MovieID, PersonID, RoleID) VALUES (616, 1789, 2);
INSERT INTO MoviePeople (MovieID, PersonID, RoleID) VALUES (616, 1870, 3);
INSERT INTO MoviePeople (MovieID, PersonID, RoleID) VALUES (616, 853, 4);
INSERT INTO MoviePeople (MovieID, PersonID, RoleID) VALUES (616, 1762, 5);

INSERT INTO Movies (MovieID, Series_Title, Released_Year, RuntimeMinutes, Overview, Poster_Link, IMDB_Rating, Meta_score, No_of_Votes, Gross_Revenue, CertificateID) VALUES (617, 'The Boy in the Striped Pyjamas', 2008.0, 94, 'Through the innocent eyes of Bruno, the eight-year-old son of the commandant at a German concentration camp, a forbidden friendship with a Jewish boy on the other side of the camp fence has startling and unexpected consequences.', 'https://m.media-amazon.com/images/M/MV5BMTMzMTc3MjA5NF5BMl5BanBnXkFtZTcwOTk3MDE5MQ@@._V1_UX67_CR0,0,67,98_AL_.jpg', 7.8, 55.0, 190748, 9030581.0, 7);
INSERT INTO MovieGenres (MovieID, GenreID) VALUES (617, 7);
INSERT INTO MovieGenres (MovieID, GenreID) VALUES (617, 11);
INSERT INTO MovieGenres (MovieID, GenreID) VALUES (617, 20);
INSERT INTO MoviePeople (MovieID, PersonID, RoleID) VALUES (617, 1933, 1);
INSERT INTO MoviePeople (MovieID, PersonID, RoleID) VALUES (617, 233, 2);
INSERT INTO MoviePeople (MovieID, PersonID, RoleID) VALUES (617, 645, 3);
INSERT INTO MoviePeople (MovieID, PersonID, RoleID) VALUES (617, 2596, 4);
INSERT INTO MoviePeople (MovieID, PersonID, RoleID) VALUES (617, 3177, 5);

INSERT INTO Movies (MovieID, Series_Title, Released_Year, RuntimeMinutes, Overview, Poster_Link, IMDB_Rating, Meta_score, No_of_Votes, Gross_Revenue, CertificateID) VALUES (618, 'Once', 2007.0, 86, 'A modern-day musical about a busker and an immigrant and their eventful week in Dublin, as they write, rehearse and record songs that tell their love story.', 'https://m.media-amazon.com/images/M/MV5BYWUxZjJkMDktZmMxMS00Mzg3LTk4MDItN2IwODlmN2E0MTM0XkEyXkFqcGdeQXVyMTMxODk2OTU@._V1_UX67_CR0,0,67,98_AL_.jpg', 7.8, 88.0, 110656, 9439923.0, 9);
INSERT INTO MovieGenres (MovieID, GenreID) VALUES (618, 7);
INSERT INTO MovieGenres (MovieID, GenreID) VALUES (618, 13);
INSERT INTO MovieGenres (MovieID, GenreID) VALUES (618, 16);
INSERT INTO MoviePeople (MovieID, PersonID, RoleID) VALUES (618, 1433, 1);
INSERT INTO MoviePeople (MovieID, PersonID, RoleID) VALUES (618, 1015, 2);
INSERT INTO MoviePeople (MovieID, PersonID, RoleID) VALUES (618, 1942, 3);
INSERT INTO MoviePeople (MovieID, PersonID, RoleID) VALUES (618, 1148, 4);
INSERT INTO MoviePeople (MovieID, PersonID, RoleID) VALUES (618, 995, 5);

INSERT INTO Movies (MovieID, Series_Title, Released_Year, RuntimeMinutes, Overview, Poster_Link, IMDB_Rating, Meta_score, No_of_Votes, Gross_Revenue, CertificateID) VALUES (619, 'The Hobbit: An Unexpected Journey', 2012.0, 169, 'A reluctant Hobbit, Bilbo Baggins, sets out to the Lonely Mountain with a spirited group of dwarves to reclaim their mountain home, and the gold within it from the dragon Smaug.', 'https://m.media-amazon.com/images/M/MV5BMTcwNTE4MTUxMl5BMl5BanBnXkFtZTcwMDIyODM4OA@@._V1_UX67_CR0,0,67,98_AL_.jpg', 7.8, 58.0, 757377, 303003568.0, 15);
INSERT INTO MovieGenres (MovieID, GenreID) VALUES (619, 2);
INSERT INTO MovieGenres (MovieID, GenreID) VALUES (619, 9);
INSERT INTO MoviePeople (MovieID, PersonID, RoleID) VALUES (619, 2345, 1);
INSERT INTO MoviePeople (MovieID, PersonID, RoleID) VALUES (619, 1950, 2);
INSERT INTO MoviePeople (MovieID, PersonID, RoleID) VALUES (619, 1162, 3);
INSERT INTO MoviePeople (MovieID, PersonID, RoleID) VALUES (619, 2467, 4);
INSERT INTO MoviePeople (MovieID, PersonID, RoleID) VALUES (619, 154, 5);

INSERT INTO Movies (MovieID, Series_Title, Released_Year, RuntimeMinutes, Overview, Poster_Link, IMDB_Rating, Meta_score, No_of_Votes, Gross_Revenue, CertificateID) VALUES (620, 'Auf der anderen Seite', 2007.0, 122, 'A Turkish man travels to Istanbul to find the daughter of his father''s former girlfriend.', 'https://m.media-amazon.com/images/M/MV5BMzgxMzYyNzAyOF5BMl5BanBnXkFtZTcwODY5MjY3MQ@@._V1_UY98_CR1,0,67,98_AL_.jpg', 7.8, 85.0, 30827, 741283.0, NULL);
INSERT INTO MovieGenres (MovieID, GenreID) VALUES (620, 7);
INSERT INTO MoviePeople (MovieID, PersonID, RoleID) VALUES (620, 857, 1);
INSERT INTO MoviePeople (MovieID, PersonID, RoleID) VALUES (620, 260, 2);
INSERT INTO MoviePeople (MovieID, PersonID, RoleID) VALUES (620, 2233, 3);
INSERT INTO MoviePeople (MovieID, PersonID, RoleID) VALUES (620, 2995, 4);
INSERT INTO MoviePeople (MovieID, PersonID, RoleID) VALUES (620, 2235, 5);

INSERT INTO Movies (MovieID, Series_Title, Released_Year, RuntimeMinutes, Overview, Poster_Link, IMDB_Rating, Meta_score, No_of_Votes, Gross_Revenue, CertificateID) VALUES (621, 'Atonement', 2007.0, 123, 'Thirteen-year-old fledgling writer Briony Tallis irrevocably changes the course of several lives when she accuses her older sister''s lover of a crime he did not commit.', 'https://m.media-amazon.com/images/M/MV5BMGRiYjE0YzItMzk3Zi00ZmYwLWJjNDktYTAwYjIwMjIxYzM3XkEyXkFqcGdeQXVyMTMxODk2OTU@._V1_UX67_CR0,0,67,98_AL_.jpg', 7.8, 85.0, 251370, 50927067.0, 9);
INSERT INTO MovieGenres (MovieID, GenreID) VALUES (621, 7);
INSERT INTO MovieGenres (MovieID, GenreID) VALUES (621, 15);
INSERT INTO MovieGenres (MovieID, GenreID) VALUES (621, 16);
INSERT INTO MoviePeople (MovieID, PersonID, RoleID) VALUES (621, 1416, 1);
INSERT INTO MoviePeople (MovieID, PersonID, RoleID) VALUES (621, 1644, 2);
INSERT INTO MoviePeople (MovieID, PersonID, RoleID) VALUES (621, 1258, 3);
INSERT INTO MoviePeople (MovieID, PersonID, RoleID) VALUES (621, 358, 4);
INSERT INTO MoviePeople (MovieID, PersonID, RoleID) VALUES (621, 2665, 5);

INSERT INTO Movies (MovieID, Series_Title, Released_Year, RuntimeMinutes, Overview, Poster_Link, IMDB_Rating, Meta_score, No_of_Votes, Gross_Revenue, CertificateID) VALUES (622, 'Drive', 2011.0, 100, 'A mysterious Hollywood stuntman and mechanic moonlights as a getaway driver and finds himself in trouble when he helps out his neighbor.', 'https://m.media-amazon.com/images/M/MV5BZjY5ZjQyMjMtMmEwOC00Nzc2LTllYTItMmU2MzJjNTg1NjY0XkEyXkFqcGdeQXVyNjQ1MTMzMDQ@._V1_UX67_CR0,0,67,98_AL_.jpg', 7.8, 78.0, 571571, 35061555.0, 2);
INSERT INTO MovieGenres (MovieID, GenreID) VALUES (622, 6);
INSERT INTO MovieGenres (MovieID, GenreID) VALUES (622, 7);
INSERT INTO MoviePeople (MovieID, PersonID, RoleID) VALUES (622, 2201, 1);
INSERT INTO MoviePeople (MovieID, PersonID, RoleID) VALUES (622, 2610, 2);
INSERT INTO MoviePeople (MovieID, PersonID, RoleID) VALUES (622, 417, 3);
INSERT INTO MoviePeople (MovieID, PersonID, RoleID) VALUES (622, 389, 4);
INSERT INTO MoviePeople (MovieID, PersonID, RoleID) VALUES (622, 59, 5);

INSERT INTO Movies (MovieID, Series_Title, Released_Year, RuntimeMinutes, Overview, Poster_Link, IMDB_Rating, Meta_score, No_of_Votes, Gross_Revenue, CertificateID) VALUES (623, 'American Gangster', 2007.0, 157, 'An outcast New York City cop is charged with bringing down Harlem drug lord Frank Lucas, whose real life inspired this partly biographical film.', 'https://m.media-amazon.com/images/M/MV5BMjFmZGI2YTEtYmJhMS00YTE5LWJjNjAtNDI5OGY5ZDhmNTRlXkEyXkFqcGdeQXVyODAwMTU1MTE@._V1_UX67_CR0,0,67,98_AL_.jpg', 7.8, 76.0, 392449, 130164645.0, 2);
INSERT INTO MovieGenres (MovieID, GenreID) VALUES (623, 4);
INSERT INTO MovieGenres (MovieID, GenreID) VALUES (623, 6);
INSERT INTO MovieGenres (MovieID, GenreID) VALUES (623, 7);
INSERT INTO MoviePeople (MovieID, PersonID, RoleID) VALUES (623, 2498, 1);
INSERT INTO MoviePeople (MovieID, PersonID, RoleID) VALUES (623, 675, 2);
INSERT INTO MoviePeople (MovieID, PersonID, RoleID) VALUES (623, 2600, 3);
INSERT INTO MoviePeople (MovieID, PersonID, RoleID) VALUES (623, 489, 4);
INSERT INTO MoviePeople (MovieID, PersonID, RoleID) VALUES (623, 1529, 5);

INSERT INTO Movies (MovieID, Series_Title, Released_Year, RuntimeMinutes, Overview, Poster_Link, IMDB_Rating, Meta_score, No_of_Votes, Gross_Revenue, CertificateID) VALUES (624, 'Avatar', 2009.0, 162, 'A paraplegic Marine dispatched to the moon Pandora on a unique mission becomes torn between following his orders and protecting the world he feels is his home.', 'https://m.media-amazon.com/images/M/MV5BMTYwOTEwNjAzMl5BMl5BanBnXkFtZTcwODc5MTUwMw@@._V1_UX67_CR0,0,67,98_AL_.jpg', 7.8, 83.0, 1118998, 760507625.0, 15);
INSERT INTO MovieGenres (MovieID, GenreID) VALUES (624, 1);
INSERT INTO MovieGenres (MovieID, GenreID) VALUES (624, 2);
INSERT INTO MovieGenres (MovieID, GenreID) VALUES (624, 9);
INSERT INTO MoviePeople (MovieID, PersonID, RoleID) VALUES (624, 1239, 1);
INSERT INTO MoviePeople (MovieID, PersonID, RoleID) VALUES (624, 2649, 2);
INSERT INTO MoviePeople (MovieID, PersonID, RoleID) VALUES (624, 3192, 3);
INSERT INTO MoviePeople (MovieID, PersonID, RoleID) VALUES (624, 2756, 4);
INSERT INTO MoviePeople (MovieID, PersonID, RoleID) VALUES (624, 2089, 5);

INSERT INTO Movies (MovieID, Series_Title, Released_Year, RuntimeMinutes, Overview, Poster_Link, IMDB_Rating, Meta_score, No_of_Votes, Gross_Revenue, CertificateID) VALUES (625, 'Mr. Nobody', 2009.0, 141, 'A boy stands on a station platform as a train is about to leave. Should he go with his mother or stay with his father? Infinite possibilities arise from this decision. As long as he doesn''t choose, anything is possible.', 'https://m.media-amazon.com/images/M/MV5BMTg4ODkzMDQ3Nl5BMl5BanBnXkFtZTgwNTEwMTkxMDE@._V1_UX67_CR0,0,67,98_AL_.jpg', 7.8, 63.0, 216421, 3600.0, 9);
INSERT INTO MovieGenres (MovieID, GenreID) VALUES (625, 7);
INSERT INTO MovieGenres (MovieID, GenreID) VALUES (625, 9);
INSERT INTO MovieGenres (MovieID, GenreID) VALUES (625, 16);
INSERT INTO MoviePeople (MovieID, PersonID, RoleID) VALUES (625, 1223, 1);
INSERT INTO MoviePeople (MovieID, PersonID, RoleID) VALUES (625, 1292, 2);
INSERT INTO MoviePeople (MovieID, PersonID, RoleID) VALUES (625, 2672, 3);
INSERT INTO MoviePeople (MovieID, PersonID, RoleID) VALUES (625, 683, 4);
INSERT INTO MoviePeople (MovieID, PersonID, RoleID) VALUES (625, 1808, 5);

INSERT INTO Movies (MovieID, Series_Title, Released_Year, RuntimeMinutes, Overview, Poster_Link, IMDB_Rating, Meta_score, No_of_Votes, Gross_Revenue, CertificateID) VALUES (626, 'Apocalypto', 2006.0, 139, 'As the Mayan kingdom faces its decline, a young man is taken on a perilous journey to a world ruled by fear and oppression.', 'https://m.media-amazon.com/images/M/MV5BMzhmNGMzMDMtZDM0Yi00MmVmLWExYjAtZDhjZjcxZDM0MzJhXkEyXkFqcGdeQXVyNjU0OTQ0OTY@._V1_UX67_CR0,0,67,98_AL_.jpg', 7.8, 68.0, 291018, 50866635.0, 2);
INSERT INTO MovieGenres (MovieID, GenreID) VALUES (626, 1);
INSERT INTO MovieGenres (MovieID, GenreID) VALUES (626, 2);
INSERT INTO MovieGenres (MovieID, GenreID) VALUES (626, 7);
INSERT INTO MoviePeople (MovieID, PersonID, RoleID) VALUES (626, 2023, 1);
INSERT INTO MoviePeople (MovieID, PersonID, RoleID) VALUES (626, 996, 2);
INSERT INTO MoviePeople (MovieID, PersonID, RoleID) VALUES (626, 2433, 3);
INSERT INTO MoviePeople (MovieID, PersonID, RoleID) VALUES (626, 579, 4);
INSERT INTO MoviePeople (MovieID, PersonID, RoleID) VALUES (626, 2591, 5);

INSERT INTO Movies (MovieID, Series_Title, Released_Year, RuntimeMinutes, Overview, Poster_Link, IMDB_Rating, Meta_score, No_of_Votes, Gross_Revenue, CertificateID) VALUES (627, 'Little Miss Sunshine', 2006.0, 101, 'A family determined to get their young daughter into the finals of a beauty pageant take a cross-country trip in their VW bus.', 'https://m.media-amazon.com/images/M/MV5BMTgzNTgzODU0NV5BMl5BanBnXkFtZTcwMjEyMjMzMQ@@._V1_UX67_CR0,0,67,98_AL_.jpg', 7.8, 80.0, 439856, 59891098.0, 15);
INSERT INTO MovieGenres (MovieID, GenreID) VALUES (627, 5);
INSERT INTO MovieGenres (MovieID, GenreID) VALUES (627, 7);
INSERT INTO MoviePeople (MovieID, PersonID, RoleID) VALUES (627, 1505, 1);
INSERT INTO MoviePeople (MovieID, PersonID, RoleID) VALUES (627, 3014, 2);
INSERT INTO MoviePeople (MovieID, PersonID, RoleID) VALUES (627, 2811, 3);
INSERT INTO MoviePeople (MovieID, PersonID, RoleID) VALUES (627, 2968, 4);
INSERT INTO MoviePeople (MovieID, PersonID, RoleID) VALUES (627, 1036, 5);

INSERT INTO Movies (MovieID, Series_Title, Released_Year, RuntimeMinutes, Overview, Poster_Link, IMDB_Rating, Meta_score, No_of_Votes, Gross_Revenue, CertificateID) VALUES (628, 'Hot Fuzz', 2007.0, 121, 'A skilled London police officer is transferred to a small town with a dark secret.', 'https://m.media-amazon.com/images/M/MV5BMzg4MDJhMDMtYmJiMS00ZDZmLThmZWUtYTMwZDM1YTc5MWE2XkEyXkFqcGdeQXVyNjU0OTQ0OTY@._V1_UX67_CR0,0,67,98_AL_.jpg', 7.8, 81.0, 463466, 23637265.0, 15);
INSERT INTO MovieGenres (MovieID, GenreID) VALUES (628, 1);
INSERT INTO MovieGenres (MovieID, GenreID) VALUES (628, 5);
INSERT INTO MovieGenres (MovieID, GenreID) VALUES (628, 15);
INSERT INTO MoviePeople (MovieID, PersonID, RoleID) VALUES (628, 741, 1);
INSERT INTO MoviePeople (MovieID, PersonID, RoleID) VALUES (628, 2758, 2);
INSERT INTO MoviePeople (MovieID, PersonID, RoleID) VALUES (628, 2195, 3);
INSERT INTO MoviePeople (MovieID, PersonID, RoleID) VALUES (628, 1950, 4);
INSERT INTO MoviePeople (MovieID, PersonID, RoleID) VALUES (628, 306, 5);

INSERT INTO Movies (MovieID, Series_Title, Released_Year, RuntimeMinutes, Overview, Poster_Link, IMDB_Rating, Meta_score, No_of_Votes, Gross_Revenue, CertificateID) VALUES (629, 'The Curious Case of Benjamin Button', 2008.0, 166, 'Tells the story of Benjamin Button, a man who starts aging backwards with consequences.', 'https://m.media-amazon.com/images/M/MV5BNjQ0NTY2ODY2M15BMl5BanBnXkFtZTgwMjE4MzkxMDE@._V1_UX67_CR0,0,67,98_AL_.jpg', 7.8, 70.0, 589160, 127509326.0, 15);
INSERT INTO MovieGenres (MovieID, GenreID) VALUES (629, 7);
INSERT INTO MovieGenres (MovieID, GenreID) VALUES (629, 9);
INSERT INTO MovieGenres (MovieID, GenreID) VALUES (629, 16);
INSERT INTO MoviePeople (MovieID, PersonID, RoleID) VALUES (629, 630, 1);
INSERT INTO MoviePeople (MovieID, PersonID, RoleID) VALUES (629, 351, 2);
INSERT INTO MoviePeople (MovieID, PersonID, RoleID) VALUES (629, 444, 3);
INSERT INTO MoviePeople (MovieID, PersonID, RoleID) VALUES (629, 2922, 4);
INSERT INTO MoviePeople (MovieID, PersonID, RoleID) VALUES (629, 1553, 5);

INSERT INTO Movies (MovieID, Series_Title, Released_Year, RuntimeMinutes, Overview, Poster_Link, IMDB_Rating, Meta_score, No_of_Votes, Gross_Revenue, CertificateID) VALUES (630, 'Veer-Zaara', 2004.0, 192, 'Veer-Zaara is a saga of love, separation, courage and sacrifice. A love story that is an inspiration and will remain a legend forever.', 'https://m.media-amazon.com/images/M/MV5BY2VlOTc4ZjctYjVlMS00NDYwLWEwZjctZmYzZmVkNGU5NjNjXkEyXkFqcGdeQXVyODE5NzE3OTE@._V1_UY98_CR2,0,67,98_AL_.jpg', 7.8, 67.0, 49050, 2921738.0, 13);
INSERT INTO MovieGenres (MovieID, GenreID) VALUES (630, 7);
INSERT INTO MovieGenres (MovieID, GenreID) VALUES (630, 8);
INSERT INTO MovieGenres (MovieID, GenreID) VALUES (630, 14);
INSERT INTO MoviePeople (MovieID, PersonID, RoleID) VALUES (630, 3139, 1);
INSERT INTO MoviePeople (MovieID, PersonID, RoleID) VALUES (630, 2715, 2);
INSERT INTO MoviePeople (MovieID, PersonID, RoleID) VALUES (630, 2381, 3);
INSERT INTO MoviePeople (MovieID, PersonID, RoleID) VALUES (630, 2431, 4);
INSERT INTO MoviePeople (MovieID, PersonID, RoleID) VALUES (630, 1694, 5);

INSERT INTO Movies (MovieID, Series_Title, Released_Year, RuntimeMinutes, Overview, Poster_Link, IMDB_Rating, Meta_score, No_of_Votes, Gross_Revenue, CertificateID) VALUES (631, 'Adams æbler', 2005.0, 94, 'A neo-nazi sentenced to community service at a church clashes with the blindly devotional priest.', 'https://m.media-amazon.com/images/M/MV5BMTU4NTc5NjM5M15BMl5BanBnXkFtZTgwODEyMTE0MDE@._V1_UY98_CR1,0,67,98_AL_.jpg', 7.8, 51.0, 45717, 1305.0, 9);
INSERT INTO MovieGenres (MovieID, GenreID) VALUES (631, 5);
INSERT INTO MovieGenres (MovieID, GenreID) VALUES (631, 6);
INSERT INTO MovieGenres (MovieID, GenreID) VALUES (631, 7);
INSERT INTO MoviePeople (MovieID, PersonID, RoleID) VALUES (631, 128, 1);
INSERT INTO MoviePeople (MovieID, PersonID, RoleID) VALUES (631, 3007, 2);
INSERT INTO MoviePeople (MovieID, PersonID, RoleID) VALUES (631, 1866, 3);
INSERT INTO MoviePeople (MovieID, PersonID, RoleID) VALUES (631, 2199, 4);
INSERT INTO MoviePeople (MovieID, PersonID, RoleID) VALUES (631, 2277, 5);

INSERT INTO Movies (MovieID, Series_Title, Released_Year, RuntimeMinutes, Overview, Poster_Link, IMDB_Rating, Meta_score, No_of_Votes, Gross_Revenue, CertificateID) VALUES (632, 'Pride & Prejudice', 2005.0, 129, 'Sparks fly when spirited Elizabeth Bennet meets single, rich, and proud Mr. Darcy. But Mr. Darcy reluctantly finds himself falling in love with a woman beneath his class. Can each overcome their own pride and prejudice?', 'https://m.media-amazon.com/images/M/MV5BMTA1NDQ3NTcyOTNeQTJeQWpwZ15BbWU3MDA0MzA4MzE@._V1_UX67_CR0,0,67,98_AL_.jpg', 7.8, 82.0, 258924, 38405088.0, 6);
INSERT INTO MovieGenres (MovieID, GenreID) VALUES (632, 7);
INSERT INTO MovieGenres (MovieID, GenreID) VALUES (632, 16);
INSERT INTO MoviePeople (MovieID, PersonID, RoleID) VALUES (632, 1416, 1);
INSERT INTO MoviePeople (MovieID, PersonID, RoleID) VALUES (632, 1644, 2);
INSERT INTO MoviePeople (MovieID, PersonID, RoleID) VALUES (632, 1992, 3);
INSERT INTO MoviePeople (MovieID, PersonID, RoleID) VALUES (632, 358, 4);
INSERT INTO MoviePeople (MovieID, PersonID, RoleID) VALUES (632, 714, 5);

INSERT INTO Movies (MovieID, Series_Title, Released_Year, RuntimeMinutes, Overview, Poster_Link, IMDB_Rating, Meta_score, No_of_Votes, Gross_Revenue, CertificateID) VALUES (633, 'The World''s Fastest Indian', 2005.0, 127, 'The story of New Zealander Burt Munro, who spent years rebuilding a 1920 Indian motorcycle, which helped him set the land speed world record at Utah''s Bonneville Salt Flats in 1967.', 'https://m.media-amazon.com/images/M/MV5BMjE1MjA0MDA3MV5BMl5BanBnXkFtZTcwOTU0MjMzMQ@@._V1_UY98_CR1,0,67,98_AL_.jpg', 7.8, 68.0, 51980, 5128124.0, 13);
INSERT INTO MovieGenres (MovieID, GenreID) VALUES (633, 4);
INSERT INTO MovieGenres (MovieID, GenreID) VALUES (633, 7);
INSERT INTO MovieGenres (MovieID, GenreID) VALUES (633, 18);
INSERT INTO MoviePeople (MovieID, PersonID, RoleID) VALUES (633, 2556, 1);
INSERT INTO MoviePeople (MovieID, PersonID, RoleID) VALUES (633, 193, 2);
INSERT INTO MoviePeople (MovieID, PersonID, RoleID) VALUES (633, 684, 3);
INSERT INTO MoviePeople (MovieID, PersonID, RoleID) VALUES (633, 1158, 4);
INSERT INTO MoviePeople (MovieID, PersonID, RoleID) VALUES (633, 2896, 5);

INSERT INTO Movies (MovieID, Series_Title, Released_Year, RuntimeMinutes, Overview, Poster_Link, IMDB_Rating, Meta_score, No_of_Votes, Gross_Revenue, CertificateID) VALUES (634, 'Tôkyô goddofâzâzu', 2003.0, 90, 'On Christmas Eve, three homeless people living on the streets of Tokyo discover a newborn baby among the trash and set out to find its parents.', 'https://m.media-amazon.com/images/M/MV5BNWY2ODRkZDYtMjllYi00Y2EyLWFhYjktMTQ5OGNkY2ViYmY2XkEyXkFqcGdeQXVyNjUxMDQ0MTg@._V1_UY98_CR1,0,67,98_AL_.jpg', 7.8, 73.0, 31658, 128985.0, 15);
INSERT INTO MovieGenres (MovieID, GenreID) VALUES (634, 3);
INSERT INTO MovieGenres (MovieID, GenreID) VALUES (634, 2);
INSERT INTO MovieGenres (MovieID, GenreID) VALUES (634, 5);
INSERT INTO MoviePeople (MovieID, PersonID, RoleID) VALUES (634, 2679, 1);
INSERT INTO MoviePeople (MovieID, PersonID, RoleID) VALUES (634, 2746, 2);
INSERT INTO MoviePeople (MovieID, PersonID, RoleID) VALUES (634, 3001, 3);
INSERT INTO MoviePeople (MovieID, PersonID, RoleID) VALUES (634, 3155, 4);
INSERT INTO MoviePeople (MovieID, PersonID, RoleID) VALUES (634, 247, 5);

INSERT INTO Movies (MovieID, Series_Title, Released_Year, RuntimeMinutes, Overview, Poster_Link, IMDB_Rating, Meta_score, No_of_Votes, Gross_Revenue, CertificateID) VALUES (635, 'Serenity', 2005.0, 119, 'The crew of the ship Serenity try to evade an assassin sent to recapture one of their members who is telepathic.', 'https://m.media-amazon.com/images/M/MV5BOWE2MDAwZjEtODEyOS00ZjYyLTgzNDUtYmNiY2VmNWRiMTQxXkEyXkFqcGdeQXVyNTIzOTk5ODM@._V1_UX67_CR0,0,67,98_AL_.jpg', 7.8, 74.0, 283310, 25514517.0, 7);
INSERT INTO MovieGenres (MovieID, GenreID) VALUES (635, 1);
INSERT INTO MovieGenres (MovieID, GenreID) VALUES (635, 2);
INSERT INTO MovieGenres (MovieID, GenreID) VALUES (635, 17);
INSERT INTO MoviePeople (MovieID, PersonID, RoleID) VALUES (635, 1535, 1);
INSERT INTO MoviePeople (MovieID, PersonID, RoleID) VALUES (635, 2178, 2);
INSERT INTO MoviePeople (MovieID, PersonID, RoleID) VALUES (635, 1004, 3);
INSERT INTO MoviePeople (MovieID, PersonID, RoleID) VALUES (635, 489, 4);
INSERT INTO MoviePeople (MovieID, PersonID, RoleID) VALUES (635, 58, 5);

INSERT INTO Movies (MovieID, Series_Title, Released_Year, RuntimeMinutes, Overview, Poster_Link, IMDB_Rating, Meta_score, No_of_Votes, Gross_Revenue, CertificateID) VALUES (636, 'Walk the Line', 2005.0, 136, 'A chronicle of country music legend Johnny Cash''s life, from his early days on an Arkansas cotton farm to his rise to fame with Sun Records in Memphis, where he recorded alongside Elvis Presley, Jerry Lee Lewis, and Carl Perkins.', 'https://m.media-amazon.com/images/M/MV5BMjIyOTU3MjUxOF5BMl5BanBnXkFtZTcwMTQ0NjYzMw@@._V1_UX67_CR0,0,67,98_AL_.jpg', 7.8, 72.0, 234207, 119519402.0, 7);
INSERT INTO MovieGenres (MovieID, GenreID) VALUES (636, 4);
INSERT INTO MovieGenres (MovieID, GenreID) VALUES (636, 7);
INSERT INTO MovieGenres (MovieID, GenreID) VALUES (636, 13);
INSERT INTO MoviePeople (MovieID, PersonID, RoleID) VALUES (636, 1254, 1);
INSERT INTO MoviePeople (MovieID, PersonID, RoleID) VALUES (636, 1408, 2);
INSERT INTO MoviePeople (MovieID, PersonID, RoleID) VALUES (636, 2445, 3);
INSERT INTO MoviePeople (MovieID, PersonID, RoleID) VALUES (636, 1005, 4);
INSERT INTO MoviePeople (MovieID, PersonID, RoleID) VALUES (636, 2528, 5);

INSERT INTO Movies (MovieID, Series_Title, Released_Year, RuntimeMinutes, Overview, Poster_Link, IMDB_Rating, Meta_score, No_of_Votes, Gross_Revenue, CertificateID) VALUES (637, 'Ondskan', 2003.0, 113, 'A teenage boy expelled from school for fighting arrives at a boarding school where the systematic bullying of younger students is encouraged as a means to maintain discipline, and decides to fight back.', 'https://m.media-amazon.com/images/M/MV5BMzYwODUxNjkyMF5BMl5BanBnXkFtZTcwODUzNjQyMQ@@._V1_UY98_CR0,0,67,98_AL_.jpg', 7.8, 61.0, 35682, 15280.0, NULL);
INSERT INTO MovieGenres (MovieID, GenreID) VALUES (637, 7);
INSERT INTO MoviePeople (MovieID, PersonID, RoleID) VALUES (637, 2096, 1);
INSERT INTO MoviePeople (MovieID, PersonID, RoleID) VALUES (637, 133, 2);
INSERT INTO MoviePeople (MovieID, PersonID, RoleID) VALUES (637, 1109, 3);
INSERT INTO MoviePeople (MovieID, PersonID, RoleID) VALUES (637, 1050, 4);
INSERT INTO MoviePeople (MovieID, PersonID, RoleID) VALUES (637, 1806, 5);

INSERT INTO Movies (MovieID, Series_Title, Released_Year, RuntimeMinutes, Overview, Poster_Link, IMDB_Rating, Meta_score, No_of_Votes, Gross_Revenue, CertificateID) VALUES (638, 'The Notebook', 2004.0, 123, 'A poor yet passionate young man falls in love with a rich young woman, giving her a sense of freedom, but they are soon separated because of their social differences.', 'https://m.media-amazon.com/images/M/MV5BMTk3OTM5Njg5M15BMl5BanBnXkFtZTYwMzA0ODI3._V1_UX67_CR0,0,67,98_AL_.jpg', 7.8, 53.0, 520284, 81001787.0, 2);
INSERT INTO MovieGenres (MovieID, GenreID) VALUES (638, 7);
INSERT INTO MovieGenres (MovieID, GenreID) VALUES (638, 16);
INSERT INTO MoviePeople (MovieID, PersonID, RoleID) VALUES (638, 2194, 1);
INSERT INTO MoviePeople (MovieID, PersonID, RoleID) VALUES (638, 958, 2);
INSERT INTO MoviePeople (MovieID, PersonID, RoleID) VALUES (638, 1248, 3);
INSERT INTO MoviePeople (MovieID, PersonID, RoleID) VALUES (638, 2397, 4);
INSERT INTO MoviePeople (MovieID, PersonID, RoleID) VALUES (638, 2610, 5);

INSERT INTO Movies (MovieID, Series_Title, Released_Year, RuntimeMinutes, Overview, Poster_Link, IMDB_Rating, Meta_score, No_of_Votes, Gross_Revenue, CertificateID) VALUES (639, 'Diarios de motocicleta', 2004.0, 126, 'The dramatization of a motorcycle road trip Che Guevara went on in his youth that showed him his life''s calling.', 'https://m.media-amazon.com/images/M/MV5BOTNmZTgyMzAtMTUwZC00NjAwLTk4MjktODllYTY5YTUwN2YwXkEyXkFqcGdeQXVyMTQxNzMzNDI@._V1_UX67_CR0,0,67,98_AL_.jpg', 7.8, 75.0, 96703, 16756372.0, 13);
INSERT INTO MovieGenres (MovieID, GenreID) VALUES (639, 2);
INSERT INTO MovieGenres (MovieID, GenreID) VALUES (639, 4);
INSERT INTO MovieGenres (MovieID, GenreID) VALUES (639, 7);
INSERT INTO MoviePeople (MovieID, PersonID, RoleID) VALUES (639, 3075, 1);
INSERT INTO MoviePeople (MovieID, PersonID, RoleID) VALUES (639, 932, 2);
INSERT INTO MoviePeople (MovieID, PersonID, RoleID) VALUES (639, 2553, 3);
INSERT INTO MoviePeople (MovieID, PersonID, RoleID) VALUES (639, 2155, 4);
INSERT INTO MoviePeople (MovieID, PersonID, RoleID) VALUES (639, 2031, 5);

INSERT INTO Movies (MovieID, Series_Title, Released_Year, RuntimeMinutes, Overview, Poster_Link, IMDB_Rating, Meta_score, No_of_Votes, Gross_Revenue, CertificateID) VALUES (640, 'Lilja 4-ever', 2002.0, 109, 'Sixteen-year-old Lilja and her only friend, the young boy Volodja, live in Russia, fantasizing about a better life. One day, Lilja falls in love with Andrej, who is going to Sweden, and invites Lilja to come along and start a new life.', 'https://m.media-amazon.com/images/M/MV5BM2YwNTQwM2ItZTA2Ni00NGY1LThjY2QtNzgyZTBhMTM0MWI4XkEyXkFqcGdeQXVyNzQxNDExNTU@._V1_UY98_CR0,0,67,98_AL_.jpg', 7.8, 82.0, 42673, 181655.0, 9);
INSERT INTO MovieGenres (MovieID, GenreID) VALUES (640, 6);
INSERT INTO MovieGenres (MovieID, GenreID) VALUES (640, 7);
INSERT INTO MoviePeople (MovieID, PersonID, RoleID) VALUES (640, 1848, 1);
INSERT INTO MoviePeople (MovieID, PersonID, RoleID) VALUES (640, 2240, 2);
INSERT INTO MoviePeople (MovieID, PersonID, RoleID) VALUES (640, 232, 3);
INSERT INTO MoviePeople (MovieID, PersonID, RoleID) VALUES (640, 2323, 4);
INSERT INTO MoviePeople (MovieID, PersonID, RoleID) VALUES (640, 1852, 5);

INSERT INTO Movies (MovieID, Series_Title, Released_Year, RuntimeMinutes, Overview, Poster_Link, IMDB_Rating, Meta_score, No_of_Votes, Gross_Revenue, CertificateID) VALUES (641, 'Les triplettes de Belleville', 2003.0, 80, 'When her grandson is kidnapped during the Tour de France, Madame Souza and her beloved pooch Bruno team up with the Belleville Sisters--an aged song-and-dance team from the days of Fred Astaire--to rescue him.', 'https://m.media-amazon.com/images/M/MV5BNGRiOTIwNTAtYWM2Yy00Yzc4LTkyZjEtNTM3NTIyZTNhMzg1XkEyXkFqcGdeQXVyODIyOTEyMzY@._V1_UY98_CR1,0,67,98_AL_.jpg', 7.8, 91.0, 50622, 7002255.0, 7);
INSERT INTO MovieGenres (MovieID, GenreID) VALUES (641, 3);
INSERT INTO MovieGenres (MovieID, GenreID) VALUES (641, 5);
INSERT INTO MovieGenres (MovieID, GenreID) VALUES (641, 7);
INSERT INTO MoviePeople (MovieID, PersonID, RoleID) VALUES (641, 2839, 1);
INSERT INTO MoviePeople (MovieID, PersonID, RoleID) VALUES (641, 2092, 2);
INSERT INTO MoviePeople (MovieID, PersonID, RoleID) VALUES (641, 1324, 3);
INSERT INTO MoviePeople (MovieID, PersonID, RoleID) VALUES (641, 2082, 4);
INSERT INTO MoviePeople (MovieID, PersonID, RoleID) VALUES (641, 2139, 5);

INSERT INTO Movies (MovieID, Series_Title, Released_Year, RuntimeMinutes, Overview, Poster_Link, IMDB_Rating, Meta_score, No_of_Votes, Gross_Revenue, CertificateID) VALUES (642, 'Gongdong gyeongbi guyeok JSA', 2000.0, 110, 'After a shooting incident at the North/South Korean border/DMZ leaves 2 North Korean soldiers dead, a neutral Swiss/Swedish team investigates, what actually happened.', 'https://m.media-amazon.com/images/M/MV5BMTI1NDA4NTMyN15BMl5BanBnXkFtZTYwNTA2ODc5._V1_UY98_CR1,0,67,98_AL_.jpg', 7.8, 58.0, 26518, NULL, NULL);
INSERT INTO MovieGenres (MovieID, GenreID) VALUES (642, 1);
INSERT INTO MovieGenres (MovieID, GenreID) VALUES (642, 7);
INSERT INTO MovieGenres (MovieID, GenreID) VALUES (642, 19);
INSERT INTO MoviePeople (MovieID, PersonID, RoleID) VALUES (642, 458, 1);
INSERT INTO MoviePeople (MovieID, PersonID, RoleID) VALUES (642, 1758, 2);
INSERT INTO MoviePeople (MovieID, PersonID, RoleID) VALUES (642, 1748, 3);
INSERT INTO MoviePeople (MovieID, PersonID, RoleID) VALUES (642, 1598, 4);
INSERT INTO MoviePeople (MovieID, PersonID, RoleID) VALUES (642, 1683, 5);

INSERT INTO Movies (MovieID, Series_Title, Released_Year, RuntimeMinutes, Overview, Poster_Link, IMDB_Rating, Meta_score, No_of_Votes, Gross_Revenue, CertificateID) VALUES (643, 'The Count of Monte Cristo', 2002.0, 131, 'A young man, falsely imprisoned by his jealous "friend", escapes and uses a hidden treasure to exact his revenge.', 'https://m.media-amazon.com/images/M/MV5BMDM0ZWRjZDgtZWI0MS00ZTIzLTg4MWYtZjU5MDEyMDU0ODBjXkEyXkFqcGdeQXVyMTQxNzMzNDI@._V1_UX67_CR0,0,67,98_AL_.jpg', 7.8, 61.0, 129022, 54234062.0, 7);
INSERT INTO MovieGenres (MovieID, GenreID) VALUES (643, 1);
INSERT INTO MovieGenres (MovieID, GenreID) VALUES (643, 2);
INSERT INTO MovieGenres (MovieID, GenreID) VALUES (643, 7);
INSERT INTO MoviePeople (MovieID, PersonID, RoleID) VALUES (643, 1670, 1);
INSERT INTO MoviePeople (MovieID, PersonID, RoleID) VALUES (643, 1386, 2);
INSERT INTO MoviePeople (MovieID, PersonID, RoleID) VALUES (643, 1055, 3);
INSERT INTO MoviePeople (MovieID, PersonID, RoleID) VALUES (643, 518, 4);
INSERT INTO MoviePeople (MovieID, PersonID, RoleID) VALUES (643, 1205, 5);

INSERT INTO Movies (MovieID, Series_Title, Released_Year, RuntimeMinutes, Overview, Poster_Link, IMDB_Rating, Meta_score, No_of_Votes, Gross_Revenue, CertificateID) VALUES (644, 'Waking Life', 2001.0, 99, 'A man shuffles through a dream meeting various people and discussing the meanings and purposes of the universe.', 'https://m.media-amazon.com/images/M/MV5BMWM0ZjY5ZjctODNkZi00Nzk0LWE1ODUtNGM4ZDUyMzUwMGYwXkEyXkFqcGdeQXVyMTQxNzMzNDI@._V1_UX67_CR0,0,67,98_AL_.jpg', 7.8, 83.0, 60684, 2892011.0, 9);
INSERT INTO MovieGenres (MovieID, GenreID) VALUES (644, 3);
INSERT INTO MovieGenres (MovieID, GenreID) VALUES (644, 7);
INSERT INTO MovieGenres (MovieID, GenreID) VALUES (644, 9);
INSERT INTO MoviePeople (MovieID, PersonID, RoleID) VALUES (644, 2489, 1);
INSERT INTO MoviePeople (MovieID, PersonID, RoleID) VALUES (644, 837, 2);
INSERT INTO MoviePeople (MovieID, PersonID, RoleID) VALUES (644, 2986, 3);
INSERT INTO MoviePeople (MovieID, PersonID, RoleID) VALUES (644, 1822, 4);
INSERT INTO MoviePeople (MovieID, PersonID, RoleID) VALUES (644, 3094, 5);

INSERT INTO Movies (MovieID, Series_Title, Released_Year, RuntimeMinutes, Overview, Poster_Link, IMDB_Rating, Meta_score, No_of_Votes, Gross_Revenue, CertificateID) VALUES (645, 'Remember the Titans', 2000.0, 113, 'The true story of a newly appointed African-American coach and his high school team on their first season as a racially integrated unit.', 'https://m.media-amazon.com/images/M/MV5BYThkMzgxNjEtMzFiOC00MTI0LWI5MDItNDVmYjA4NzY5MDQ2L2ltYWdlL2ltYWdlXkEyXkFqcGdeQXVyMTQxNzMzNDI@._V1_UX67_CR0,0,67,98_AL_.jpg', 7.8, 48.0, 198089, 115654751.0, 13);
INSERT INTO MovieGenres (MovieID, GenreID) VALUES (645, 4);
INSERT INTO MovieGenres (MovieID, GenreID) VALUES (645, 7);
INSERT INTO MovieGenres (MovieID, GenreID) VALUES (645, 18);
INSERT INTO MoviePeople (MovieID, PersonID, RoleID) VALUES (645, 324, 1);
INSERT INTO MoviePeople (MovieID, PersonID, RoleID) VALUES (645, 675, 2);
INSERT INTO MoviePeople (MovieID, PersonID, RoleID) VALUES (645, 3099, 3);
INSERT INTO MoviePeople (MovieID, PersonID, RoleID) VALUES (645, 3128, 4);
INSERT INTO MoviePeople (MovieID, PersonID, RoleID) VALUES (645, 2611, 5);

INSERT INTO Movies (MovieID, Series_Title, Released_Year, RuntimeMinutes, Overview, Poster_Link, IMDB_Rating, Meta_score, No_of_Votes, Gross_Revenue, CertificateID) VALUES (646, 'Wo hu cang long', 2000.0, 120, 'A young Chinese warrior steals a sword from a famed swordsman and then escapes into a world of romantic adventure with a mysterious man in the frontier of the nation.', 'https://m.media-amazon.com/images/M/MV5BNDdhMzMxOTctNDMyNS00NTZmLTljNWEtNTc4MDBmZTYxY2NmXkEyXkFqcGdeQXVyNjU0OTQ0OTY@._V1_UX67_CR0,0,67,98_AL_.jpg', 7.8, 94.0, 253228, 128078872.0, 15);
INSERT INTO MovieGenres (MovieID, GenreID) VALUES (646, 1);
INSERT INTO MovieGenres (MovieID, GenreID) VALUES (646, 2);
INSERT INTO MovieGenres (MovieID, GenreID) VALUES (646, 9);
INSERT INTO MoviePeople (MovieID, PersonID, RoleID) VALUES (646, 156, 1);
INSERT INTO MoviePeople (MovieID, PersonID, RoleID) VALUES (646, 3165, 2);
INSERT INTO MoviePeople (MovieID, PersonID, RoleID) VALUES (646, 2091, 3);
INSERT INTO MoviePeople (MovieID, PersonID, RoleID) VALUES (646, 3191, 4);
INSERT INTO MoviePeople (MovieID, PersonID, RoleID) VALUES (646, 480, 5);

INSERT INTO Movies (MovieID, Series_Title, Released_Year, RuntimeMinutes, Overview, Poster_Link, IMDB_Rating, Meta_score, No_of_Votes, Gross_Revenue, CertificateID) VALUES (647, 'Todo sobre mi madre', 1999.0, 101, 'Young Esteban wants to become a writer and also to discover the identity of his second mother, a trans woman, carefully concealed by his mother Manuela.', 'https://m.media-amazon.com/images/M/MV5BZTk2ZTMzMmUtZjUyNi00YzMyLWE3NTAtNDNjNzU3MGQ1YTFjXkEyXkFqcGdeQXVyMTA0MjU0Ng@@._V1_UY98_CR3,0,67,98_AL_.jpg', 7.8, 87.0, 89058, 8264530.0, 9);
INSERT INTO MovieGenres (MovieID, GenreID) VALUES (647, 7);
INSERT INTO MoviePeople (MovieID, PersonID, RoleID) VALUES (647, 2326, 1);
INSERT INTO MoviePeople (MovieID, PersonID, RoleID) VALUES (647, 453, 2);
INSERT INTO MoviePeople (MovieID, PersonID, RoleID) VALUES (647, 1927, 3);
INSERT INTO MoviePeople (MovieID, PersonID, RoleID) VALUES (647, 416, 4);
INSERT INTO MoviePeople (MovieID, PersonID, RoleID) VALUES (647, 203, 5);

INSERT INTO Movies (MovieID, Series_Title, Released_Year, RuntimeMinutes, Overview, Poster_Link, IMDB_Rating, Meta_score, No_of_Votes, Gross_Revenue, CertificateID) VALUES (648, 'Cast Away', 2000.0, 143, 'A FedEx executive undergoes a physical and emotional transformation after crash landing on a deserted island.', 'https://m.media-amazon.com/images/M/MV5BN2Y5ZTU4YjctMDRmMC00MTg4LWE1M2MtMjk4MzVmOTE4YjkzXkEyXkFqcGdeQXVyNTc1NTQxODI@._V1_UX67_CR0,0,67,98_AL_.jpg', 7.8, 73.0, 524235, 233632142.0, 15);
INSERT INTO MovieGenres (MovieID, GenreID) VALUES (648, 2);
INSERT INTO MovieGenres (MovieID, GenreID) VALUES (648, 7);
INSERT INTO MovieGenres (MovieID, GenreID) VALUES (648, 16);
INSERT INTO MoviePeople (MovieID, PersonID, RoleID) VALUES (648, 2541, 1);
INSERT INTO MoviePeople (MovieID, PersonID, RoleID) VALUES (648, 2949, 2);
INSERT INTO MoviePeople (MovieID, PersonID, RoleID) VALUES (648, 1098, 3);
INSERT INTO MoviePeople (MovieID, PersonID, RoleID) VALUES (648, 2315, 4);
INSERT INTO MoviePeople (MovieID, PersonID, RoleID) VALUES (648, 1727, 5);

INSERT INTO Movies (MovieID, Series_Title, Released_Year, RuntimeMinutes, Overview, Poster_Link, IMDB_Rating, Meta_score, No_of_Votes, Gross_Revenue, CertificateID) VALUES (649, 'The Boondock Saints', 1999.0, 108, 'Two Irish Catholic brothers become vigilantes and wipe out Boston''s criminal underworld in the name of God.', 'https://m.media-amazon.com/images/M/MV5BYzVmMTdjOTYtOTJkYS00ZTg2LWExNTgtNzA1N2Y0MDgwYWFhXkEyXkFqcGdeQXVyMTQxNzMzNDI@._V1_UX67_CR0,0,67,98_AL_.jpg', 7.8, 44.0, 227143, 25812.0, 9);
INSERT INTO MovieGenres (MovieID, GenreID) VALUES (649, 1);
INSERT INTO MovieGenres (MovieID, GenreID) VALUES (649, 6);
INSERT INTO MovieGenres (MovieID, GenreID) VALUES (649, 19);
INSERT INTO MoviePeople (MovieID, PersonID, RoleID) VALUES (649, 2989, 1);
INSERT INTO MoviePeople (MovieID, PersonID, RoleID) VALUES (649, 3102, 2);
INSERT INTO MoviePeople (MovieID, PersonID, RoleID) VALUES (649, 2696, 3);
INSERT INTO MoviePeople (MovieID, PersonID, RoleID) VALUES (649, 2229, 4);
INSERT INTO MoviePeople (MovieID, PersonID, RoleID) VALUES (649, 628, 5);

INSERT INTO Movies (MovieID, Series_Title, Released_Year, RuntimeMinutes, Overview, Poster_Link, IMDB_Rating, Meta_score, No_of_Votes, Gross_Revenue, CertificateID) VALUES (650, 'The Insider', 1999.0, 157, 'A research chemist comes under personal and professional attack when he decides to appear in a 60 Minutes exposé on Big Tobacco.', 'https://m.media-amazon.com/images/M/MV5BODg0YjAzNDQtOGFkMi00Yzk2LTg1NzYtYTNjY2UwZTM2ZDdkL2ltYWdlXkEyXkFqcGdeQXVyMTQxNzMzNDI@._V1_UY98_CR0,0,67,98_AL_.jpg', 7.8, 84.0, 159886, 28965197.0, 15);
INSERT INTO MovieGenres (MovieID, GenreID) VALUES (650, 4);
INSERT INTO MovieGenres (MovieID, GenreID) VALUES (650, 7);
INSERT INTO MovieGenres (MovieID, GenreID) VALUES (650, 19);
INSERT INTO MoviePeople (MovieID, PersonID, RoleID) VALUES (650, 2061, 1);
INSERT INTO MoviePeople (MovieID, PersonID, RoleID) VALUES (650, 2600, 2);
INSERT INTO MoviePeople (MovieID, PersonID, RoleID) VALUES (650, 45, 3);
INSERT INTO MoviePeople (MovieID, PersonID, RoleID) VALUES (650, 528, 4);
INSERT INTO MoviePeople (MovieID, PersonID, RoleID) VALUES (650, 685, 5);

INSERT INTO Movies (MovieID, Series_Title, Released_Year, RuntimeMinutes, Overview, Poster_Link, IMDB_Rating, Meta_score, No_of_Votes, Gross_Revenue, CertificateID) VALUES (651, 'October Sky', 1999.0, 108, 'The true story of Homer Hickam, a coal miner''s son who was inspired by the first Sputnik launch to take up rocketry against his father''s wishes.', 'https://m.media-amazon.com/images/M/MV5BZmIzMjE0M2YtNzliZi00YWNmLTgyNDItZDhjNWVhY2Q2ODk0XkEyXkFqcGdeQXVyNTAyODkwOQ@@._V1_UX67_CR0,0,67,98_AL_.jpg', 7.8, 71.0, 82855, 32481825.0, 6);
INSERT INTO MovieGenres (MovieID, GenreID) VALUES (651, 4);
INSERT INTO MovieGenres (MovieID, GenreID) VALUES (651, 7);
INSERT INTO MovieGenres (MovieID, GenreID) VALUES (651, 8);
INSERT INTO MoviePeople (MovieID, PersonID, RoleID) VALUES (651, 1411, 1);
INSERT INTO MoviePeople (MovieID, PersonID, RoleID) VALUES (651, 1233, 2);
INSERT INTO MoviePeople (MovieID, PersonID, RoleID) VALUES (651, 496, 3);
INSERT INTO MoviePeople (MovieID, PersonID, RoleID) VALUES (651, 1733, 4);
INSERT INTO MoviePeople (MovieID, PersonID, RoleID) VALUES (651, 501, 5);

INSERT INTO Movies (MovieID, Series_Title, Released_Year, RuntimeMinutes, Overview, Poster_Link, IMDB_Rating, Meta_score, No_of_Votes, Gross_Revenue, CertificateID) VALUES (652, 'Shrek', 2001.0, 90, 'A mean lord exiles fairytale creatures to the swamp of a grumpy ogre, who must go on a quest and rescue a princess for the lord in order to get his land back.', 'https://m.media-amazon.com/images/M/MV5BOGZhM2FhNTItODAzNi00YjA0LWEyN2UtNjJlYWQzYzU1MDg5L2ltYWdlL2ltYWdlXkEyXkFqcGdeQXVyMTQxNzMzNDI@._V1_UX67_CR0,0,67,98_AL_.jpg', 7.8, 84.0, 613941, 267665011.0, 13);
INSERT INTO MovieGenres (MovieID, GenreID) VALUES (652, 3);
INSERT INTO MovieGenres (MovieID, GenreID) VALUES (652, 2);
INSERT INTO MovieGenres (MovieID, GenreID) VALUES (652, 5);
INSERT INTO MoviePeople (MovieID, PersonID, RoleID) VALUES (652, 135, 1);
INSERT INTO MoviePeople (MovieID, PersonID, RoleID) VALUES (652, 3025, 2);
INSERT INTO MoviePeople (MovieID, PersonID, RoleID) VALUES (652, 2100, 3);
INSERT INTO MoviePeople (MovieID, PersonID, RoleID) VALUES (652, 738, 4);
INSERT INTO MoviePeople (MovieID, PersonID, RoleID) VALUES (652, 414, 5);

INSERT INTO Movies (MovieID, Series_Title, Released_Year, RuntimeMinutes, Overview, Poster_Link, IMDB_Rating, Meta_score, No_of_Votes, Gross_Revenue, CertificateID) VALUES (653, 'Titanic', 1997.0, 194, 'A seventeen-year-old aristocrat falls in love with a kind but poor artist aboard the luxurious, ill-fated R.M.S. Titanic.', 'https://m.media-amazon.com/images/M/MV5BMDdmZGU3NDQtY2E5My00ZTliLWIzOTUtMTY4ZGI1YjdiNjk3XkEyXkFqcGdeQXVyNTA4NzY1MzY@._V1_UX67_CR0,0,67,98_AL_.jpg', 7.8, 75.0, 1046089, 659325379.0, 15);
INSERT INTO MovieGenres (MovieID, GenreID) VALUES (653, 7);
INSERT INTO MovieGenres (MovieID, GenreID) VALUES (653, 16);
INSERT INTO MoviePeople (MovieID, PersonID, RoleID) VALUES (653, 1239, 1);
INSERT INTO MoviePeople (MovieID, PersonID, RoleID) VALUES (653, 1775, 2);
INSERT INTO MoviePeople (MovieID, PersonID, RoleID) VALUES (653, 1619, 3);
INSERT INTO MoviePeople (MovieID, PersonID, RoleID) VALUES (653, 317, 4);
INSERT INTO MoviePeople (MovieID, PersonID, RoleID) VALUES (653, 1625, 5);

INSERT INTO Movies (MovieID, Series_Title, Released_Year, RuntimeMinutes, Overview, Poster_Link, IMDB_Rating, Meta_score, No_of_Votes, Gross_Revenue, CertificateID) VALUES (654, 'Hana-bi', 1997.0, 103, 'Nishi leaves the police in the face of harrowing personal and professional difficulties. Spiraling into depression, he makes questionable decisions.', 'https://m.media-amazon.com/images/M/MV5BODk4MzE5NjgtN2ZhOS00YTdkLTg0YzktMmE1MTkxZmMyMWI2L2ltYWdlXkEyXkFqcGdeQXVyNTAyODkwOQ@@._V1_UX67_CR0,0,67,98_AL_.jpg', 7.8, NULL, 27712, 233986.0, NULL);
INSERT INTO MovieGenres (MovieID, GenreID) VALUES (654, 6);
INSERT INTO MovieGenres (MovieID, GenreID) VALUES (654, 7);
INSERT INTO MovieGenres (MovieID, GenreID) VALUES (654, 16);
INSERT INTO MoviePeople (MovieID, PersonID, RoleID) VALUES (654, 2858, 1);
INSERT INTO MoviePeople (MovieID, PersonID, RoleID) VALUES (654, 2858, 2);
INSERT INTO MoviePeople (MovieID, PersonID, RoleID) VALUES (654, 1634, 3);
INSERT INTO MoviePeople (MovieID, PersonID, RoleID) VALUES (654, 2450, 4);
INSERT INTO MoviePeople (MovieID, PersonID, RoleID) VALUES (654, 2836, 5);

INSERT INTO Movies (MovieID, Series_Title, Released_Year, RuntimeMinutes, Overview, Poster_Link, IMDB_Rating, Meta_score, No_of_Votes, Gross_Revenue, CertificateID) VALUES (655, 'Gattaca', 1997.0, 106, 'A genetically inferior man assumes the identity of a superior one in order to pursue his lifelong dream of space travel.', 'https://m.media-amazon.com/images/M/MV5BODI3ZTc5NjktOGMyOC00NjYzLTgwZDYtYmQ4NDc1MmJjMjRlXkEyXkFqcGdeQXVyMTQxNzMzNDI@._V1_UX67_CR0,0,67,98_AL_.jpg', 7.8, 64.0, 280845, 12339633.0, 15);
INSERT INTO MovieGenres (MovieID, GenreID) VALUES (655, 7);
INSERT INTO MovieGenres (MovieID, GenreID) VALUES (655, 17);
INSERT INTO MovieGenres (MovieID, GenreID) VALUES (655, 19);
INSERT INTO MoviePeople (MovieID, PersonID, RoleID) VALUES (655, 142, 1);
INSERT INTO MoviePeople (MovieID, PersonID, RoleID) VALUES (655, 837, 2);
INSERT INTO MoviePeople (MovieID, PersonID, RoleID) VALUES (655, 3009, 3);
INSERT INTO MoviePeople (MovieID, PersonID, RoleID) VALUES (655, 1545, 4);
INSERT INTO MoviePeople (MovieID, PersonID, RoleID) VALUES (655, 1025, 5);

INSERT INTO Movies (MovieID, Series_Title, Released_Year, RuntimeMinutes, Overview, Poster_Link, IMDB_Rating, Meta_score, No_of_Votes, Gross_Revenue, CertificateID) VALUES (656, 'The Game', 1997.0, 129, 'After a wealthy banker is given an opportunity to participate in a mysterious game, his life is turned upside down when he becomes unable to distinguish between the game and reality.', 'https://m.media-amazon.com/images/M/MV5BZGVmMDNmYmEtNGQ2Mi00Y2ZhLThhZTYtYjE5YmQzMjZiZGMxXkEyXkFqcGdeQXVyNDk3NzU2MTQ@._V1_UY98_CR1,0,67,98_AL_.jpg', 7.8, 61.0, 345096, 48323648.0, 15);
INSERT INTO MovieGenres (MovieID, GenreID) VALUES (656, 1);
INSERT INTO MovieGenres (MovieID, GenreID) VALUES (656, 7);
INSERT INTO MovieGenres (MovieID, GenreID) VALUES (656, 15);
INSERT INTO MoviePeople (MovieID, PersonID, RoleID) VALUES (656, 630, 1);
INSERT INTO MoviePeople (MovieID, PersonID, RoleID) VALUES (656, 2050, 2);
INSERT INTO MoviePeople (MovieID, PersonID, RoleID) VALUES (656, 657, 3);
INSERT INTO MoviePeople (MovieID, PersonID, RoleID) VALUES (656, 2697, 4);
INSERT INTO MoviePeople (MovieID, PersonID, RoleID) VALUES (656, 1260, 5);

INSERT INTO Movies (MovieID, Series_Title, Released_Year, RuntimeMinutes, Overview, Poster_Link, IMDB_Rating, Meta_score, No_of_Votes, Gross_Revenue, CertificateID) VALUES (657, 'Breaking the Waves', 1996.0, 159, 'Oilman Jan is paralyzed in an accident. His wife, who prayed for his return, feels guilty; even more, when Jan urges her to have sex with another.', 'https://m.media-amazon.com/images/M/MV5BNDYwZTU2MzktNWYxMS00NTYzLTgzOWEtMTRiYjc5NGY2Nzg1XkEyXkFqcGdeQXVyMTQxNzMzNDI@._V1_UX67_CR0,0,67,98_AL_.jpg', 7.8, 76.0, 62428, 4040691.0, 9);
INSERT INTO MovieGenres (MovieID, GenreID) VALUES (657, 7);
INSERT INTO MoviePeople (MovieID, PersonID, RoleID) VALUES (657, 1730, 1);
INSERT INTO MoviePeople (MovieID, PersonID, RoleID) VALUES (657, 806, 2);
INSERT INTO MoviePeople (MovieID, PersonID, RoleID) VALUES (657, 2797, 3);
INSERT INTO MoviePeople (MovieID, PersonID, RoleID) VALUES (657, 1627, 4);
INSERT INTO MoviePeople (MovieID, PersonID, RoleID) VALUES (657, 1328, 5);

INSERT INTO Movies (MovieID, Series_Title, Released_Year, RuntimeMinutes, Overview, Poster_Link, IMDB_Rating, Meta_score, No_of_Votes, Gross_Revenue, CertificateID) VALUES (658, 'Ed Wood', 1994.0, 127, 'Ambitious but troubled movie director Edward D. Wood Jr. tries his best to fulfill his dreams, despite his lack of talent.', 'https://m.media-amazon.com/images/M/MV5BNTA5ZjdjNWUtZGUwNy00N2RhLWJiZmItYzFhYjU1NmYxNjY4XkEyXkFqcGdeQXVyMTQxNzMzNDI@._V1_UX67_CR0,0,67,98_AL_.jpg', 7.8, 70.0, 164937, 5887457.0, 13);
INSERT INTO MovieGenres (MovieID, GenreID) VALUES (658, 4);
INSERT INTO MovieGenres (MovieID, GenreID) VALUES (658, 5);
INSERT INTO MovieGenres (MovieID, GenreID) VALUES (658, 7);
INSERT INTO MoviePeople (MovieID, PersonID, RoleID) VALUES (658, 2925, 1);
INSERT INTO MoviePeople (MovieID, PersonID, RoleID) VALUES (658, 1496, 2);
INSERT INTO MoviePeople (MovieID, PersonID, RoleID) VALUES (658, 1951, 3);
INSERT INTO MoviePeople (MovieID, PersonID, RoleID) VALUES (658, 2670, 4);
INSERT INTO MoviePeople (MovieID, PersonID, RoleID) VALUES (658, 2282, 5);

INSERT INTO Movies (MovieID, Series_Title, Released_Year, RuntimeMinutes, Overview, Poster_Link, IMDB_Rating, Meta_score, No_of_Votes, Gross_Revenue, CertificateID) VALUES (659, 'What''s Eating Gilbert Grape', 1993.0, 118, 'A young man in a small Midwestern town struggles to care for his mentally-disabled younger brother and morbidly obese mother while attempting to pursue his own happiness.', 'https://m.media-amazon.com/images/M/MV5BY2EyZDlhNjItODYzNi00Mzc3LWJjOWUtMTViODU5MTExZWMyL2ltYWdlXkEyXkFqcGdeQXVyMTQxNzMzNDI@._V1_UX67_CR0,0,67,98_AL_.jpg', 7.8, 73.0, 215034, 9170214.0, 13);
INSERT INTO MovieGenres (MovieID, GenreID) VALUES (659, 7);
INSERT INTO MoviePeople (MovieID, PersonID, RoleID) VALUES (659, 1732, 1);
INSERT INTO MoviePeople (MovieID, PersonID, RoleID) VALUES (659, 1496, 2);
INSERT INTO MoviePeople (MovieID, PersonID, RoleID) VALUES (659, 1775, 3);
INSERT INTO MoviePeople (MovieID, PersonID, RoleID) VALUES (659, 1571, 4);
INSERT INTO MoviePeople (MovieID, PersonID, RoleID) VALUES (659, 1966, 5);

INSERT INTO Movies (MovieID, Series_Title, Released_Year, RuntimeMinutes, Overview, Poster_Link, IMDB_Rating, Meta_score, No_of_Votes, Gross_Revenue, CertificateID) VALUES (660, 'Tombstone', 1993.0, 130, 'A successful lawman''s plans to retire anonymously in Tombstone, Arizona are disrupted by the kind of outlaws he was famous for eliminating.', 'https://m.media-amazon.com/images/M/MV5BODRkYzA4MGItODE2MC00ZjkwLWI2NDEtYzU1NzFiZGU1YzA0XkEyXkFqcGdeQXVyNTAyODkwOQ@@._V1_UX67_CR0,0,67,98_AL_.jpg', 7.8, 50.0, 126871, 56505065.0, 9);
INSERT INTO MovieGenres (MovieID, GenreID) VALUES (660, 1);
INSERT INTO MovieGenres (MovieID, GenreID) VALUES (660, 4);
INSERT INTO MovieGenres (MovieID, GenreID) VALUES (660, 7);
INSERT INTO MoviePeople (MovieID, PersonID, RoleID) VALUES (660, 980, 1);
INSERT INTO MoviePeople (MovieID, PersonID, RoleID) VALUES (660, 1665, 2);
INSERT INTO MoviePeople (MovieID, PersonID, RoleID) VALUES (660, 1713, 3);
INSERT INTO MoviePeople (MovieID, PersonID, RoleID) VALUES (660, 3011, 4);
INSERT INTO MoviePeople (MovieID, PersonID, RoleID) VALUES (660, 2638, 5);

INSERT INTO Movies (MovieID, Series_Title, Released_Year, RuntimeMinutes, Overview, Poster_Link, IMDB_Rating, Meta_score, No_of_Votes, Gross_Revenue, CertificateID) VALUES (661, 'The Sandlot', 1993.0, 101, 'In the summer of 1962, a new kid in town is taken under the wing of a young baseball prodigy and his rowdy team, resulting in many adventures.', 'https://m.media-amazon.com/images/M/MV5BODllYjM1ODItYjBmOC00MzkwLWJmM2YtMjMyZDU3MGJhNjc4L2ltYWdlL2ltYWdlXkEyXkFqcGdeQXVyMTQxNzMzNDI@._V1_UX67_CR0,0,67,98_AL_.jpg', 7.8, 55.0, 78963, 32416586.0, 13);
INSERT INTO MovieGenres (MovieID, GenreID) VALUES (661, 5);
INSERT INTO MovieGenres (MovieID, GenreID) VALUES (661, 7);
INSERT INTO MovieGenres (MovieID, GenreID) VALUES (661, 8);
INSERT INTO MoviePeople (MovieID, PersonID, RoleID) VALUES (661, 640, 1);
INSERT INTO MoviePeople (MovieID, PersonID, RoleID) VALUES (661, 2948, 2);
INSERT INTO MoviePeople (MovieID, PersonID, RoleID) VALUES (661, 2103, 3);
INSERT INTO MoviePeople (MovieID, PersonID, RoleID) VALUES (661, 226, 4);
INSERT INTO MoviePeople (MovieID, PersonID, RoleID) VALUES (661, 2290, 5);

INSERT INTO Movies (MovieID, Series_Title, Released_Year, RuntimeMinutes, Overview, Poster_Link, IMDB_Rating, Meta_score, No_of_Votes, Gross_Revenue, CertificateID) VALUES (662, 'The Remains of the Day', 1993.0, 134, 'A butler who sacrificed body and soul to service in the years leading up to World War II realizes too late how misguided his loyalty was to his lordly employer.', 'https://m.media-amazon.com/images/M/MV5BNDYwOThlMDAtYWUwMS00MjY5LTliMGUtZWFiYTA5MjYwZDAyXkEyXkFqcGdeQXVyNjY1NTQ0NDg@._V1_UX67_CR0,0,67,98_AL_.jpg', 7.8, 84.0, 66065, 22954968.0, 13);
INSERT INTO MovieGenres (MovieID, GenreID) VALUES (662, 7);
INSERT INTO MovieGenres (MovieID, GenreID) VALUES (662, 16);
INSERT INTO MoviePeople (MovieID, PersonID, RoleID) VALUES (662, 1251, 1);
INSERT INTO MoviePeople (MovieID, PersonID, RoleID) VALUES (662, 193, 2);
INSERT INTO MoviePeople (MovieID, PersonID, RoleID) VALUES (662, 809, 3);
INSERT INTO MoviePeople (MovieID, PersonID, RoleID) VALUES (662, 1453, 4);
INSERT INTO MoviePeople (MovieID, PersonID, RoleID) VALUES (662, 529, 5);

INSERT INTO Movies (MovieID, Series_Title, Released_Year, RuntimeMinutes, Overview, Poster_Link, IMDB_Rating, Meta_score, No_of_Votes, Gross_Revenue, CertificateID) VALUES (663, 'Naked', 1993.0, 132, 'Parallel tales of two sexually obsessed men, one hurting and annoying women physically and mentally, one wandering around the city talking to strangers and experiencing dimensions of life.', 'https://m.media-amazon.com/images/M/MV5BMjA3Y2I4NjAtMDQyZS00ZGJhLWEwMzgtODBiNzE5Zjc1Nzk1L2ltYWdlXkEyXkFqcGdeQXVyNTc2MDU0NDE@._V1_UX67_CR0,0,67,98_AL_.jpg', 7.8, 84.0, 34635, 1769305.0, NULL);
INSERT INTO MovieGenres (MovieID, GenreID) VALUES (663, 5);
INSERT INTO MovieGenres (MovieID, GenreID) VALUES (663, 7);
INSERT INTO MoviePeople (MovieID, PersonID, RoleID) VALUES (663, 2099, 1);
INSERT INTO MoviePeople (MovieID, PersonID, RoleID) VALUES (663, 645, 2);
INSERT INTO MoviePeople (MovieID, PersonID, RoleID) VALUES (663, 1778, 3);
INSERT INTO MoviePeople (MovieID, PersonID, RoleID) VALUES (663, 1627, 4);
INSERT INTO MoviePeople (MovieID, PersonID, RoleID) VALUES (663, 1034, 5);

INSERT INTO Movies (MovieID, Series_Title, Released_Year, RuntimeMinutes, Overview, Poster_Link, IMDB_Rating, Meta_score, No_of_Votes, Gross_Revenue, CertificateID) VALUES (664, 'The Fugitive', 1993.0, 130, 'Dr. Richard Kimble, unjustly accused of murdering his wife, must find the real killer while being the target of a nationwide manhunt led by a seasoned U.S. Marshal.', 'https://m.media-amazon.com/images/M/MV5BYmFmOGZjYTItYjY1ZS00OWRiLTk0NDgtMjQ5MzBkYWE2YWE0XkEyXkFqcGdeQXVyNjU0OTQ0OTY@._V1_UX67_CR0,0,67,98_AL_.jpg', 7.8, 87.0, 267684, 183875760.0, 13);
INSERT INTO MovieGenres (MovieID, GenreID) VALUES (664, 1);
INSERT INTO MovieGenres (MovieID, GenreID) VALUES (664, 6);
INSERT INTO MovieGenres (MovieID, GenreID) VALUES (664, 7);
INSERT INTO MoviePeople (MovieID, PersonID, RoleID) VALUES (664, 137, 1);
INSERT INTO MoviePeople (MovieID, PersonID, RoleID) VALUES (664, 1079, 2);
INSERT INTO MoviePeople (MovieID, PersonID, RoleID) VALUES (664, 2966, 3);
INSERT INTO MoviePeople (MovieID, PersonID, RoleID) VALUES (664, 2703, 4);
INSERT INTO MoviePeople (MovieID, PersonID, RoleID) VALUES (664, 1561, 5);

INSERT INTO Movies (MovieID, Series_Title, Released_Year, RuntimeMinutes, Overview, Poster_Link, IMDB_Rating, Meta_score, No_of_Votes, Gross_Revenue, CertificateID) VALUES (665, 'A Bronx Tale', 1993.0, 121, 'A father becomes worried when a local gangster befriends his son in the Bronx in the 1960s.', 'https://m.media-amazon.com/images/M/MV5BMTczOTczNjE3Ml5BMl5BanBnXkFtZTgwODEzMzg5MTI@._V1_UX67_CR0,0,67,98_AL_.jpg', 7.8, 80.0, 128171, 17266971.0, 9);
INSERT INTO MovieGenres (MovieID, GenreID) VALUES (665, 6);
INSERT INTO MovieGenres (MovieID, GenreID) VALUES (665, 7);
INSERT INTO MovieGenres (MovieID, GenreID) VALUES (665, 16);
INSERT INTO MoviePeople (MovieID, PersonID, RoleID) VALUES (665, 2517, 1);
INSERT INTO MoviePeople (MovieID, PersonID, RoleID) VALUES (665, 2517, 2);
INSERT INTO MoviePeople (MovieID, PersonID, RoleID) VALUES (665, 479, 3);
INSERT INTO MoviePeople (MovieID, PersonID, RoleID) VALUES (665, 1796, 4);
INSERT INTO MoviePeople (MovieID, PersonID, RoleID) VALUES (665, 891, 5);

INSERT INTO Movies (MovieID, Series_Title, Released_Year, RuntimeMinutes, Overview, Poster_Link, IMDB_Rating, Meta_score, No_of_Votes, Gross_Revenue, CertificateID) VALUES (666, 'Batman: Mask of the Phantasm', 1993.0, 76, 'Batman is wrongly implicated in a series of murders of mob bosses actually done by a new vigilante assassin.', 'https://m.media-amazon.com/images/M/MV5BYTRiMWM3MGItNjAxZC00M2E3LThhODgtM2QwOGNmZGU4OWZhXkEyXkFqcGdeQXVyNjExODE1MDc@._V1_UX67_CR0,0,67,98_AL_.jpg', 7.8, NULL, 43690, 5617391.0, 6);
INSERT INTO MovieGenres (MovieID, GenreID) VALUES (666, 3);
INSERT INTO MovieGenres (MovieID, GenreID) VALUES (666, 1);
INSERT INTO MovieGenres (MovieID, GenreID) VALUES (666, 6);
INSERT INTO MoviePeople (MovieID, PersonID, RoleID) VALUES (666, 1662, 1);
INSERT INTO MoviePeople (MovieID, PersonID, RoleID) VALUES (666, 345, 2);
INSERT INTO MoviePeople (MovieID, PersonID, RoleID) VALUES (666, 907, 3);
INSERT INTO MoviePeople (MovieID, PersonID, RoleID) VALUES (666, 587, 4);
INSERT INTO MoviePeople (MovieID, PersonID, RoleID) VALUES (666, 825, 5);

INSERT INTO Movies (MovieID, Series_Title, Released_Year, RuntimeMinutes, Overview, Poster_Link, IMDB_Rating, Meta_score, No_of_Votes, Gross_Revenue, CertificateID) VALUES (667, 'Lat sau san taam', 1992.0, 128, 'A tough-as-nails cop teams up with an undercover agent to shut down a sinister mobster and his crew.', 'https://m.media-amazon.com/images/M/MV5BOTIzZGU4ZWMtYmNjMy00NzU0LTljMGYtZmVkMDYwN2U2MzYwL2ltYWdlXkEyXkFqcGdeQXVyNTAyODkwOQ@@._V1_UX67_CR0,0,67,98_AL_.jpg', 7.8, NULL, 46700, NULL, 9);
INSERT INTO MovieGenres (MovieID, GenreID) VALUES (667, 1);
INSERT INTO MovieGenres (MovieID, GenreID) VALUES (667, 6);
INSERT INTO MovieGenres (MovieID, GenreID) VALUES (667, 19);
INSERT INTO MoviePeople (MovieID, PersonID, RoleID) VALUES (667, 1494, 1);
INSERT INTO MoviePeople (MovieID, PersonID, RoleID) VALUES (667, 3165, 2);
INSERT INTO MoviePeople (MovieID, PersonID, RoleID) VALUES (667, 2971, 3);
INSERT INTO MoviePeople (MovieID, PersonID, RoleID) VALUES (667, 2886, 4);
INSERT INTO MoviePeople (MovieID, PersonID, RoleID) VALUES (667, 2358, 5);

INSERT INTO Movies (MovieID, Series_Title, Released_Year, RuntimeMinutes, Overview, Poster_Link, IMDB_Rating, Meta_score, No_of_Votes, Gross_Revenue, CertificateID) VALUES (668, 'Night on Earth', 1991.0, 129, 'An anthology of 5 different cab drivers in 5 American and European cities and their remarkable fares on the same eventful night.', 'https://m.media-amazon.com/images/M/MV5BOGNmMjBmZWEtOWYwZC00NGIzLTg0YWItMzkzMWMwOTU4YTViXkEyXkFqcGdeQXVyNzc5MjA3OA@@._V1_UX67_CR0,0,67,98_AL_.jpg', 7.8, 68.0, 55362, 2015810.0, 9);
INSERT INTO MovieGenres (MovieID, GenreID) VALUES (668, 5);
INSERT INTO MovieGenres (MovieID, GenreID) VALUES (668, 7);
INSERT INTO MoviePeople (MovieID, PersonID, RoleID) VALUES (668, 1388, 1);
INSERT INTO MoviePeople (MovieID, PersonID, RoleID) VALUES (668, 3121, 2);
INSERT INTO MoviePeople (MovieID, PersonID, RoleID) VALUES (668, 958, 3);
INSERT INTO MoviePeople (MovieID, PersonID, RoleID) VALUES (668, 1813, 4);
INSERT INTO MoviePeople (MovieID, PersonID, RoleID) VALUES (668, 55, 5);

INSERT INTO Movies (MovieID, Series_Title, Released_Year, RuntimeMinutes, Overview, Poster_Link, IMDB_Rating, Meta_score, No_of_Votes, Gross_Revenue, CertificateID) VALUES (669, 'La double vie de Véronique', 1991.0, 98, 'Two parallel stories about two identical women; one living in Poland, the other in France. They don''t know each other, but their lives are nevertheless profoundly connected.', 'https://m.media-amazon.com/images/M/MV5BYmE0ZGRiMDgtOTU0ZS00YWUwLTk5YWQtMzhiZGVhNzViMGZiXkEyXkFqcGdeQXVyMTMxODk2OTU@._V1_UX67_CR0,0,67,98_AL_.jpg', 7.8, 86.0, 42376, 1999955.0, 9);
INSERT INTO MovieGenres (MovieID, GenreID) VALUES (669, 7);
INSERT INTO MovieGenres (MovieID, GenreID) VALUES (669, 9);
INSERT INTO MovieGenres (MovieID, GenreID) VALUES (669, 13);
INSERT INTO MoviePeople (MovieID, PersonID, RoleID) VALUES (669, 1710, 1);
INSERT INTO MoviePeople (MovieID, PersonID, RoleID) VALUES (669, 1183, 2);
INSERT INTO MoviePeople (MovieID, PersonID, RoleID) VALUES (669, 3122, 3);
INSERT INTO MoviePeople (MovieID, PersonID, RoleID) VALUES (669, 1069, 4);
INSERT INTO MoviePeople (MovieID, PersonID, RoleID) VALUES (669, 1594, 5);

INSERT INTO Movies (MovieID, Series_Title, Released_Year, RuntimeMinutes, Overview, Poster_Link, IMDB_Rating, Meta_score, No_of_Votes, Gross_Revenue, CertificateID) VALUES (670, 'Boyz n the Hood', 1991.0, 112, 'Follows the lives of three young males living in the Crenshaw ghetto of Los Angeles, dissecting questions of race, relationships, violence, and future prospects.', 'https://m.media-amazon.com/images/M/MV5BZmRjNDI5NTgtOTIwMC00MzJhLWI4ZTYtMmU0ZTE3ZmRkZDNhXkEyXkFqcGdeQXVyMTQxNzMzNDI@._V1_UX67_CR0,0,67,98_AL_.jpg', 7.8, 76.0, 126082, 57504069.0, 2);
INSERT INTO MovieGenres (MovieID, GenreID) VALUES (670, 6);
INSERT INTO MovieGenres (MovieID, GenreID) VALUES (670, 7);
INSERT INTO MoviePeople (MovieID, PersonID, RoleID) VALUES (670, 1488, 1);
INSERT INTO MoviePeople (MovieID, PersonID, RoleID) VALUES (670, 566, 2);
INSERT INTO MoviePeople (MovieID, PersonID, RoleID) VALUES (670, 1740, 3);
INSERT INTO MoviePeople (MovieID, PersonID, RoleID) VALUES (670, 1143, 4);
INSERT INTO MoviePeople (MovieID, PersonID, RoleID) VALUES (670, 1818, 5);

INSERT INTO Movies (MovieID, Series_Title, Released_Year, RuntimeMinutes, Overview, Poster_Link, IMDB_Rating, Meta_score, No_of_Votes, Gross_Revenue, CertificateID) VALUES (671, 'Misery', 1990.0, 107, 'After a famous author is rescued from a car crash by a fan of his novels, he comes to realize that the care he is receiving is only the beginning of a nightmare of captivity and abuse.', 'https://m.media-amazon.com/images/M/MV5BNzY0ODQ3MTMxN15BMl5BanBnXkFtZTgwMDkwNTg4NjE@._V1_UX67_CR0,0,67,98_AL_.jpg', 7.8, 75.0, 184740, 61276872.0, 9);
INSERT INTO MovieGenres (MovieID, GenreID) VALUES (671, 7);
INSERT INTO MovieGenres (MovieID, GenreID) VALUES (671, 19);
INSERT INTO MoviePeople (MovieID, PersonID, RoleID) VALUES (671, 2508, 1);
INSERT INTO MoviePeople (MovieID, PersonID, RoleID) VALUES (671, 1237, 2);
INSERT INTO MoviePeople (MovieID, PersonID, RoleID) VALUES (671, 1625, 3);
INSERT INTO MoviePeople (MovieID, PersonID, RoleID) VALUES (671, 2480, 4);
INSERT INTO MoviePeople (MovieID, PersonID, RoleID) VALUES (671, 889, 5);

INSERT INTO Movies (MovieID, Series_Title, Released_Year, RuntimeMinutes, Overview, Poster_Link, IMDB_Rating, Meta_score, No_of_Votes, Gross_Revenue, CertificateID) VALUES (672, 'Awakenings', 1990.0, 121, 'The victims of an encephalitis epidemic many years ago have been catatonic ever since, but now a new drug offers the prospect of reviving them.', 'https://m.media-amazon.com/images/M/MV5BMjI5NjEzMDYyMl5BMl5BanBnXkFtZTgwNjgwNTg4NjE@._V1_UY98_CR3,0,67,98_AL_.jpg', 7.8, 74.0, 125276, 52096475.0, 13);
INSERT INTO MovieGenres (MovieID, GenreID) VALUES (672, 4);
INSERT INTO MovieGenres (MovieID, GenreID) VALUES (672, 7);
INSERT INTO MoviePeople (MovieID, PersonID, RoleID) VALUES (672, 2329, 1);
INSERT INTO MoviePeople (MovieID, PersonID, RoleID) VALUES (672, 2517, 2);
INSERT INTO MoviePeople (MovieID, PersonID, RoleID) VALUES (672, 2545, 3);
INSERT INTO MoviePeople (MovieID, PersonID, RoleID) VALUES (672, 1568, 4);
INSERT INTO MoviePeople (MovieID, PersonID, RoleID) VALUES (672, 2606, 5);

INSERT INTO Movies (MovieID, Series_Title, Released_Year, RuntimeMinutes, Overview, Poster_Link, IMDB_Rating, Meta_score, No_of_Votes, Gross_Revenue, CertificateID) VALUES (673, 'Majo no takkyûbin', 1989.0, 103, 'A young witch, on her mandatory year of independent life, finds fitting into a new community difficult while she supports herself by running an air courier service.', 'https://m.media-amazon.com/images/M/MV5BOTc0ODM1Njk1NF5BMl5BanBnXkFtZTcwMDI5OTEyNw@@._V1_UY98_CR1,0,67,98_AL_.jpg', 7.8, 83.0, 124193, NULL, 13);
INSERT INTO MovieGenres (MovieID, GenreID) VALUES (673, 3);
INSERT INTO MovieGenres (MovieID, GenreID) VALUES (673, 2);
INSERT INTO MovieGenres (MovieID, GenreID) VALUES (673, 7);
INSERT INTO MoviePeople (MovieID, PersonID, RoleID) VALUES (673, 1092, 1);
INSERT INTO MoviePeople (MovieID, PersonID, RoleID) VALUES (673, 1695, 2);
INSERT INTO MoviePeople (MovieID, PersonID, RoleID) VALUES (673, 2113, 3);
INSERT INTO MoviePeople (MovieID, PersonID, RoleID) VALUES (673, 2449, 4);
INSERT INTO MoviePeople (MovieID, PersonID, RoleID) VALUES (673, 1600, 5);

INSERT INTO Movies (MovieID, Series_Title, Released_Year, RuntimeMinutes, Overview, Poster_Link, IMDB_Rating, Meta_score, No_of_Votes, Gross_Revenue, CertificateID) VALUES (674, 'Glory', 1989.0, 122, 'Robert Gould Shaw leads the U.S. Civil War''s first all-black volunteer company, fighting prejudices from both his own Union Army, and the Confederates.', 'https://m.media-amazon.com/images/M/MV5BODhlNjA5MDEtZDVhNS00ZmM3LTg1YzAtZGRjNjhjNTAzNzVkXkEyXkFqcGdeQXVyNjUwMzI2NzU@._V1_UY98_CR0,0,67,98_AL_.jpg', 7.8, 78.0, 122779, 26830000.0, 9);
INSERT INTO MovieGenres (MovieID, GenreID) VALUES (674, 4);
INSERT INTO MovieGenres (MovieID, GenreID) VALUES (674, 7);
INSERT INTO MovieGenres (MovieID, GenreID) VALUES (674, 11);
INSERT INTO MoviePeople (MovieID, PersonID, RoleID) VALUES (674, 757, 1);
INSERT INTO MoviePeople (MovieID, PersonID, RoleID) VALUES (674, 1989, 2);
INSERT INTO MoviePeople (MovieID, PersonID, RoleID) VALUES (674, 675, 3);
INSERT INTO MoviePeople (MovieID, PersonID, RoleID) VALUES (674, 439, 4);
INSERT INTO MoviePeople (MovieID, PersonID, RoleID) VALUES (674, 2144, 5);

INSERT INTO Movies (MovieID, Series_Title, Released_Year, RuntimeMinutes, Overview, Poster_Link, IMDB_Rating, Meta_score, No_of_Votes, Gross_Revenue, CertificateID) VALUES (675, 'Dip huet seung hung', 1989.0, 111, 'A disillusioned assassin accepts one last hit in hopes of using his earnings to restore vision to a singer he accidentally blinded.', 'https://m.media-amazon.com/images/M/MV5BMDQyMDVhZjItMGI0Mi00MDQ1LTk3NmQtZmRjZGQ5ZTQ2ZDU5XkEyXkFqcGdeQXVyNTAyODkwOQ@@._V1_UX67_CR0,0,67,98_AL_.jpg', 7.8, 82.0, 45624, NULL, 9);
INSERT INTO MovieGenres (MovieID, GenreID) VALUES (675, 1);
INSERT INTO MovieGenres (MovieID, GenreID) VALUES (675, 6);
INSERT INTO MovieGenres (MovieID, GenreID) VALUES (675, 7);
INSERT INTO MoviePeople (MovieID, PersonID, RoleID) VALUES (675, 1494, 1);
INSERT INTO MoviePeople (MovieID, PersonID, RoleID) VALUES (675, 3165, 2);
INSERT INTO MoviePeople (MovieID, PersonID, RoleID) VALUES (675, 611, 3);
INSERT INTO MoviePeople (MovieID, PersonID, RoleID) VALUES (675, 2636, 4);
INSERT INTO MoviePeople (MovieID, PersonID, RoleID) VALUES (675, 1703, 5);

INSERT INTO Movies (MovieID, Series_Title, Released_Year, RuntimeMinutes, Overview, Poster_Link, IMDB_Rating, Meta_score, No_of_Votes, Gross_Revenue, CertificateID) VALUES (676, 'Back to the Future Part II', 1989.0, 108, 'After visiting 2015, Marty McFly must repeat his visit to 1955 to prevent disastrous changes to 1985...without interfering with his first trip.', 'https://m.media-amazon.com/images/M/MV5BZTMxMGM5MjItNDJhNy00MWI2LWJlZWMtOWFhMjI5ZTQwMWM3XkEyXkFqcGdeQXVyMTQxNzMzNDI@._V1_UX67_CR0,0,67,98_AL_.jpg', 7.8, 57.0, 481918, 118500000.0, 13);
INSERT INTO MovieGenres (MovieID, GenreID) VALUES (676, 2);
INSERT INTO MovieGenres (MovieID, GenreID) VALUES (676, 5);
INSERT INTO MovieGenres (MovieID, GenreID) VALUES (676, 17);
INSERT INTO MoviePeople (MovieID, PersonID, RoleID) VALUES (676, 2541, 1);
INSERT INTO MoviePeople (MovieID, PersonID, RoleID) VALUES (676, 2055, 2);
INSERT INTO MoviePeople (MovieID, PersonID, RoleID) VALUES (676, 523, 3);
INSERT INTO MoviePeople (MovieID, PersonID, RoleID) VALUES (676, 1746, 4);
INSERT INTO MoviePeople (MovieID, PersonID, RoleID) VALUES (676, 2910, 5);

INSERT INTO Movies (MovieID, Series_Title, Released_Year, RuntimeMinutes, Overview, Poster_Link, IMDB_Rating, Meta_score, No_of_Votes, Gross_Revenue, CertificateID) VALUES (677, 'Mississippi Burning', 1988.0, 128, 'Two F.B.I. Agents with wildly different styles arrive in Mississippi to investigate the disappearance of some civil rights activists.', 'https://m.media-amazon.com/images/M/MV5BZTFjNjU4OTktYzljMS00MmFlLWI3NGEtNjNhMTYwYzUyZDgyL2ltYWdlL2ltYWdlXkEyXkFqcGdeQXVyNjU0OTQ0OTY@._V1_UX67_CR0,0,67,98_AL_.jpg', 7.8, 65.0, 88214, 34603943.0, 2);
INSERT INTO MovieGenres (MovieID, GenreID) VALUES (677, 6);
INSERT INTO MovieGenres (MovieID, GenreID) VALUES (677, 7);
INSERT INTO MovieGenres (MovieID, GenreID) VALUES (677, 11);
INSERT INTO MoviePeople (MovieID, PersonID, RoleID) VALUES (677, 54, 1);
INSERT INTO MoviePeople (MovieID, PersonID, RoleID) VALUES (677, 960, 2);
INSERT INTO MoviePeople (MovieID, PersonID, RoleID) VALUES (677, 3102, 3);
INSERT INTO MoviePeople (MovieID, PersonID, RoleID) VALUES (677, 888, 4);
INSERT INTO MoviePeople (MovieID, PersonID, RoleID) VALUES (677, 349, 5);

INSERT INTO Movies (MovieID, Series_Title, Released_Year, RuntimeMinutes, Overview, Poster_Link, IMDB_Rating, Meta_score, No_of_Votes, Gross_Revenue, CertificateID) VALUES (678, 'Predator', 1987.0, 107, 'A team of commandos on a mission in a Central American jungle find themselves hunted by an extraterrestrial warrior.', 'https://m.media-amazon.com/images/M/MV5BY2QwYmFmZTEtNzY2Mi00ZWMyLWEwY2YtMGIyNGZjMWExOWEyXkEyXkFqcGdeQXVyNjUwNzk3NDc@._V1_UX67_CR0,0,67,98_AL_.jpg', 7.8, 45.0, 371387, 59735548.0, 2);
INSERT INTO MovieGenres (MovieID, GenreID) VALUES (678, 1);
INSERT INTO MovieGenres (MovieID, GenreID) VALUES (678, 2);
INSERT INTO MovieGenres (MovieID, GenreID) VALUES (678, 17);
INSERT INTO MoviePeople (MovieID, PersonID, RoleID) VALUES (678, 1473, 1);
INSERT INTO MoviePeople (MovieID, PersonID, RoleID) VALUES (678, 224, 2);
INSERT INTO MoviePeople (MovieID, PersonID, RoleID) VALUES (678, 423, 3);
INSERT INTO MoviePeople (MovieID, PersonID, RoleID) VALUES (678, 1669, 4);
INSERT INTO MoviePeople (MovieID, PersonID, RoleID) VALUES (678, 795, 5);

INSERT INTO Movies (MovieID, Series_Title, Released_Year, RuntimeMinutes, Overview, Poster_Link, IMDB_Rating, Meta_score, No_of_Votes, Gross_Revenue, CertificateID) VALUES (679, 'Evil Dead II', 1987.0, 84, 'The lone survivor of an onslaught of flesh-possessing spirits holes up in a cabin with a group of strangers while the demons continue their attack.', 'https://m.media-amazon.com/images/M/MV5BMWY3ODZlOGMtNzJmOS00ZTNjLWI3ZWEtZTJhZTk5NDZjYWRjXkEyXkFqcGdeQXVyNjU0OTQ0OTY@._V1_UX67_CR0,0,67,98_AL_.jpg', 7.8, 72.0, 148359, 5923044.0, 2);
INSERT INTO MovieGenres (MovieID, GenreID) VALUES (679, 1);
INSERT INTO MovieGenres (MovieID, GenreID) VALUES (679, 5);
INSERT INTO MovieGenres (MovieID, GenreID) VALUES (679, 9);
INSERT INTO MoviePeople (MovieID, PersonID, RoleID) VALUES (679, 2643, 1);
INSERT INTO MoviePeople (MovieID, PersonID, RoleID) VALUES (679, 378, 2);
INSERT INTO MoviePeople (MovieID, PersonID, RoleID) VALUES (679, 2668, 3);
INSERT INTO MoviePeople (MovieID, PersonID, RoleID) VALUES (679, 586, 4);
INSERT INTO MoviePeople (MovieID, PersonID, RoleID) VALUES (679, 1614, 5);

INSERT INTO Movies (MovieID, Series_Title, Released_Year, RuntimeMinutes, Overview, Poster_Link, IMDB_Rating, Meta_score, No_of_Votes, Gross_Revenue, CertificateID) VALUES (680, 'Ferris Bueller''s Day Off', 1986.0, 103, 'A high school wise guy is determined to have a day off from school, despite what the Principal thinks of that.', 'https://m.media-amazon.com/images/M/MV5BMDA0NjZhZWUtNmI2NC00MmFjLTgwZDYtYzVjZmNhMDVmOTBkXkEyXkFqcGdeQXVyMTQxNzMzNDI@._V1_UX67_CR0,0,67,98_AL_.jpg', 7.8, 61.0, 321382, 70136369.0, 13);
INSERT INTO MovieGenres (MovieID, GenreID) VALUES (680, 5);
INSERT INTO MoviePeople (MovieID, PersonID, RoleID) VALUES (680, 1459, 1);
INSERT INTO MoviePeople (MovieID, PersonID, RoleID) VALUES (680, 1989, 2);
INSERT INTO MoviePeople (MovieID, PersonID, RoleID) VALUES (680, 57, 3);
INSERT INTO MoviePeople (MovieID, PersonID, RoleID) VALUES (680, 2039, 4);
INSERT INTO MoviePeople (MovieID, PersonID, RoleID) VALUES (680, 1347, 5);

INSERT INTO Movies (MovieID, Series_Title, Released_Year, RuntimeMinutes, Overview, Poster_Link, IMDB_Rating, Meta_score, No_of_Votes, Gross_Revenue, CertificateID) VALUES (681, 'Down by Law', 1986.0, 107, 'Two men are framed and sent to jail, where they meet a murderer who helps them escape and leave the state.', 'https://m.media-amazon.com/images/M/MV5BM2ZmNDJiZTUtYjg5Zi00M2I3LTliZjAtNzQ4NTlkYTAzYTAxXkEyXkFqcGdeQXVyNTkyMDc0MjI@._V1_UX67_CR0,0,67,98_AL_.jpg', 7.8, 75.0, 47834, 1436000.0, 9);
INSERT INTO MovieGenres (MovieID, GenreID) VALUES (681, 5);
INSERT INTO MovieGenres (MovieID, GenreID) VALUES (681, 6);
INSERT INTO MovieGenres (MovieID, GenreID) VALUES (681, 7);
INSERT INTO MoviePeople (MovieID, PersonID, RoleID) VALUES (681, 1388, 1);
INSERT INTO MoviePeople (MovieID, PersonID, RoleID) VALUES (681, 2961, 2);
INSERT INTO MoviePeople (MovieID, PersonID, RoleID) VALUES (681, 1468, 3);
INSERT INTO MoviePeople (MovieID, PersonID, RoleID) VALUES (681, 2543, 4);
INSERT INTO MoviePeople (MovieID, PersonID, RoleID) VALUES (681, 2203, 5);

INSERT INTO Movies (MovieID, Series_Title, Released_Year, RuntimeMinutes, Overview, Poster_Link, IMDB_Rating, Meta_score, No_of_Votes, Gross_Revenue, CertificateID) VALUES (682, 'The Goonies', 1985.0, 114, 'A group of young misfits called The Goonies discover an ancient map and set out on an adventure to find a legendary pirate''s long-lost treasure.', 'https://m.media-amazon.com/images/M/MV5BODRlMjRkZGEtZWM2Zi00ZjYxLWE0MWUtMmM1YWM2NzZlOTE1XkEyXkFqcGdeQXVyMTQxNzMzNDI@._V1_UX67_CR0,0,67,98_AL_.jpg', 7.8, 62.0, 244430, 61503218.0, 13);
INSERT INTO MovieGenres (MovieID, GenreID) VALUES (682, 2);
INSERT INTO MovieGenres (MovieID, GenreID) VALUES (682, 5);
INSERT INTO MovieGenres (MovieID, GenreID) VALUES (682, 8);
INSERT INTO MoviePeople (MovieID, PersonID, RoleID) VALUES (682, 2475, 1);
INSERT INTO MoviePeople (MovieID, PersonID, RoleID) VALUES (682, 2691, 2);
INSERT INTO MoviePeople (MovieID, PersonID, RoleID) VALUES (682, 1529, 3);
INSERT INTO MoviePeople (MovieID, PersonID, RoleID) VALUES (682, 1341, 4);
INSERT INTO MoviePeople (MovieID, PersonID, RoleID) VALUES (682, 557, 5);

INSERT INTO Movies (MovieID, Series_Title, Released_Year, RuntimeMinutes, Overview, Poster_Link, IMDB_Rating, Meta_score, No_of_Votes, Gross_Revenue, CertificateID) VALUES (683, 'The Color Purple', 1985.0, 154, 'A black Southern woman struggles to find her identity after suffering abuse from her father and others over four decades.', 'https://m.media-amazon.com/images/M/MV5BZDRkOWQ5NGUtYTVmOS00ZjNhLWEwODgtOGI2MmUxNTBkMjU0XkEyXkFqcGdeQXVyMjUzOTY1NTc@._V1_UX67_CR0,0,67,98_AL_.jpg', 7.8, 78.0, 78321, 98467863.0, 13);
INSERT INTO MovieGenres (MovieID, GenreID) VALUES (683, 7);
INSERT INTO MoviePeople (MovieID, PersonID, RoleID) VALUES (683, 2818, 1);
INSERT INTO MoviePeople (MovieID, PersonID, RoleID) VALUES (683, 609, 2);
INSERT INTO MoviePeople (MovieID, PersonID, RoleID) VALUES (683, 3091, 3);
INSERT INTO MoviePeople (MovieID, PersonID, RoleID) VALUES (683, 2256, 4);
INSERT INTO MoviePeople (MovieID, PersonID, RoleID) VALUES (683, 1901, 5);

INSERT INTO Movies (MovieID, Series_Title, Released_Year, RuntimeMinutes, Overview, Poster_Link, IMDB_Rating, Meta_score, No_of_Votes, Gross_Revenue, CertificateID) VALUES (684, 'The Breakfast Club', 1985.0, 97, 'Five high school students meet in Saturday detention and discover how they have a lot more in common than they thought.', 'https://m.media-amazon.com/images/M/MV5BOTM5N2ZmZTMtNjlmOS00YzlkLTk3YjEtNTU1ZmQ5OTdhODZhXkEyXkFqcGdeQXVyMTQxNzMzNDI@._V1_UX67_CR0,0,67,98_AL_.jpg', 7.8, 66.0, 357026, 45875171.0, 15);
INSERT INTO MovieGenres (MovieID, GenreID) VALUES (684, 5);
INSERT INTO MovieGenres (MovieID, GenreID) VALUES (684, 7);
INSERT INTO MoviePeople (MovieID, PersonID, RoleID) VALUES (684, 1459, 1);
INSERT INTO MoviePeople (MovieID, PersonID, RoleID) VALUES (684, 803, 2);
INSERT INTO MoviePeople (MovieID, PersonID, RoleID) VALUES (684, 1544, 3);
INSERT INTO MoviePeople (MovieID, PersonID, RoleID) VALUES (684, 2136, 4);
INSERT INTO MoviePeople (MovieID, PersonID, RoleID) VALUES (684, 105, 5);

INSERT INTO Movies (MovieID, Series_Title, Released_Year, RuntimeMinutes, Overview, Poster_Link, IMDB_Rating, Meta_score, No_of_Votes, Gross_Revenue, CertificateID) VALUES (685, 'The Killing Fields', 1984.0, 141, 'A journalist is trapped in Cambodia during tyrant Pol Pot''s bloody ''Year Zero'' cleansing campaign, which claimed the lives of two million ''undesirable'' civilians.', 'https://m.media-amazon.com/images/M/MV5BMGI0NzI5YjAtNTg0MS00NDA2LWE5ZWItODRmOTAxOTAxYjg2L2ltYWdlL2ltYWdlXkEyXkFqcGdeQXVyNTI4MjkwNjA@._V1_UX67_CR0,0,67,98_AL_.jpg', 7.8, 76.0, 51585, 34700291.0, 15);
INSERT INTO MovieGenres (MovieID, GenreID) VALUES (685, 4);
INSERT INTO MovieGenres (MovieID, GenreID) VALUES (685, 7);
INSERT INTO MovieGenres (MovieID, GenreID) VALUES (685, 11);
INSERT INTO MoviePeople (MovieID, PersonID, RoleID) VALUES (685, 2558, 1);
INSERT INTO MoviePeople (MovieID, PersonID, RoleID) VALUES (685, 2647, 2);
INSERT INTO MoviePeople (MovieID, PersonID, RoleID) VALUES (685, 1066, 3);
INSERT INTO MoviePeople (MovieID, PersonID, RoleID) VALUES (685, 1470, 4);
INSERT INTO MoviePeople (MovieID, PersonID, RoleID) VALUES (685, 1558, 5);

INSERT INTO Movies (MovieID, Series_Title, Released_Year, RuntimeMinutes, Overview, Poster_Link, IMDB_Rating, Meta_score, No_of_Votes, Gross_Revenue, CertificateID) VALUES (686, 'Ghostbusters', 1984.0, 105, 'Three former parapsychology professors set up shop as a unique ghost removal service.', 'https://m.media-amazon.com/images/M/MV5BMTkxMjYyNzgwMl5BMl5BanBnXkFtZTgwMTE3MjYyMTE@._V1_UX67_CR0,0,67,98_AL_.jpg', 7.8, 71.0, 355413, 238632124.0, 15);
INSERT INTO MovieGenres (MovieID, GenreID) VALUES (686, 1);
INSERT INTO MovieGenres (MovieID, GenreID) VALUES (686, 5);
INSERT INTO MovieGenres (MovieID, GenreID) VALUES (686, 9);
INSERT INTO MoviePeople (MovieID, PersonID, RoleID) VALUES (686, 1196, 1);
INSERT INTO MoviePeople (MovieID, PersonID, RoleID) VALUES (686, 305, 2);
INSERT INTO MoviePeople (MovieID, PersonID, RoleID) VALUES (686, 583, 3);
INSERT INTO MoviePeople (MovieID, PersonID, RoleID) VALUES (686, 2756, 4);
INSERT INTO MoviePeople (MovieID, PersonID, RoleID) VALUES (686, 1076, 5);

INSERT INTO Movies (MovieID, Series_Title, Released_Year, RuntimeMinutes, Overview, Poster_Link, IMDB_Rating, Meta_score, No_of_Votes, Gross_Revenue, CertificateID) VALUES (687, 'The Right Stuff', 1983.0, 193, 'The story of the original Mercury 7 astronauts and their macho, seat-of-the-pants approach to the space program.', 'https://m.media-amazon.com/images/M/MV5BOTUwMDA3MTYtZjhjMi00ODFmLTg5ZTAtYzgwN2NlODgzMmUwXkEyXkFqcGdeQXVyNjc1NTYyMjg@._V1_UX67_CR0,0,67,98_AL_.jpg', 7.8, 91.0, 56235, 21500000.0, 6);
INSERT INTO MovieGenres (MovieID, GenreID) VALUES (687, 2);
INSERT INTO MovieGenres (MovieID, GenreID) VALUES (687, 4);
INSERT INTO MovieGenres (MovieID, GenreID) VALUES (687, 7);
INSERT INTO MoviePeople (MovieID, PersonID, RoleID) VALUES (687, 2359, 1);
INSERT INTO MoviePeople (MovieID, PersonID, RoleID) VALUES (687, 2646, 2);
INSERT INTO MoviePeople (MovieID, PersonID, RoleID) VALUES (687, 2685, 3);
INSERT INTO MoviePeople (MovieID, PersonID, RoleID) VALUES (687, 734, 4);
INSERT INTO MoviePeople (MovieID, PersonID, RoleID) VALUES (687, 674, 5);

INSERT INTO Movies (MovieID, Series_Title, Released_Year, RuntimeMinutes, Overview, Poster_Link, IMDB_Rating, Meta_score, No_of_Votes, Gross_Revenue, CertificateID) VALUES (688, 'The King of Comedy', 1982.0, 109, 'Rupert Pupkin is a passionate yet unsuccessful comic who craves nothing more than to be in the spotlight and to achieve this, he stalks and kidnaps his idol to take the spotlight for himself.', 'https://m.media-amazon.com/images/M/MV5BMTViNjlkYjgtMmE3Zi00ZGVkLTkyMjMtNzc3YzAwNzNiODQ1XkEyXkFqcGdeQXVyMjA0MzYwMDY@._V1_UX67_CR0,0,67,98_AL_.jpg', 7.8, 73.0, 88511, 2500000.0, 13);
INSERT INTO MovieGenres (MovieID, GenreID) VALUES (688, 5);
INSERT INTO MovieGenres (MovieID, GenreID) VALUES (688, 6);
INSERT INTO MovieGenres (MovieID, GenreID) VALUES (688, 7);
INSERT INTO MoviePeople (MovieID, PersonID, RoleID) VALUES (688, 1955, 1);
INSERT INTO MoviePeople (MovieID, PersonID, RoleID) VALUES (688, 2517, 2);
INSERT INTO MoviePeople (MovieID, PersonID, RoleID) VALUES (688, 1367, 3);
INSERT INTO MoviePeople (MovieID, PersonID, RoleID) VALUES (688, 681, 4);
INSERT INTO MoviePeople (MovieID, PersonID, RoleID) VALUES (688, 2656, 5);

INSERT INTO Movies (MovieID, Series_Title, Released_Year, RuntimeMinutes, Overview, Poster_Link, IMDB_Rating, Meta_score, No_of_Votes, Gross_Revenue, CertificateID) VALUES (689, 'E.T. the Extra-Terrestrial', 1982.0, 115, 'A troubled child summons the courage to help a friendly alien escape Earth and return to his home world.', 'https://m.media-amazon.com/images/M/MV5BMTQ2ODFlMDAtNzdhOC00ZDYzLWE3YTMtNDU4ZGFmZmJmYTczXkEyXkFqcGdeQXVyMTQxNzMzNDI@._V1_UX67_CR0,0,67,98_AL_.jpg', 7.8, 91.0, 372490, 435110554.0, 13);
INSERT INTO MovieGenres (MovieID, GenreID) VALUES (689, 8);
INSERT INTO MovieGenres (MovieID, GenreID) VALUES (689, 17);
INSERT INTO MoviePeople (MovieID, PersonID, RoleID) VALUES (689, 2818, 1);
INSERT INTO MoviePeople (MovieID, PersonID, RoleID) VALUES (689, 1115, 2);
INSERT INTO MoviePeople (MovieID, PersonID, RoleID) VALUES (689, 728, 3);
INSERT INTO MoviePeople (MovieID, PersonID, RoleID) VALUES (689, 2341, 4);
INSERT INTO MoviePeople (MovieID, PersonID, RoleID) VALUES (689, 660, 5);

INSERT INTO Movies (MovieID, Series_Title, Released_Year, RuntimeMinutes, Overview, Poster_Link, IMDB_Rating, Meta_score, No_of_Votes, Gross_Revenue, CertificateID) VALUES (690, 'Kramer vs. Kramer', 1979.0, 105, 'Ted Kramer''s wife leaves him, allowing for a lost bond to be rediscovered between Ted and his son, Billy. But a heated custody battle ensues over the divorced couple''s son, deepening the wounds left by the separation.', 'https://m.media-amazon.com/images/M/MV5BNDM3YjNlYmMtOGY3NS00MmRjLWIyY2UtNDA0MWM3OTNlZTY2XkEyXkFqcGdeQXVyMTQxNzMzNDI@._V1_UX67_CR0,0,67,98_AL_.jpg', 7.8, 77.0, 133351, 106260000.0, 2);
INSERT INTO MovieGenres (MovieID, GenreID) VALUES (690, 7);
INSERT INTO MoviePeople (MovieID, PersonID, RoleID) VALUES (690, 2514, 1);
INSERT INTO MoviePeople (MovieID, PersonID, RoleID) VALUES (690, 731, 2);
INSERT INTO MoviePeople (MovieID, PersonID, RoleID) VALUES (690, 2036, 3);
INSERT INTO MoviePeople (MovieID, PersonID, RoleID) VALUES (690, 1277, 4);
INSERT INTO MoviePeople (MovieID, PersonID, RoleID) VALUES (690, 1579, 5);

INSERT INTO Movies (MovieID, Series_Title, Released_Year, RuntimeMinutes, Overview, Poster_Link, IMDB_Rating, Meta_score, No_of_Votes, Gross_Revenue, CertificateID) VALUES (691, 'Days of Heaven', 1978.0, 94, 'A hot-tempered farm laborer convinces the woman he loves to marry their rich but dying boss so that they can have a claim to his fortune.', 'https://m.media-amazon.com/images/M/MV5BZjMyZmU4OGYtNjBiYS00YTIxLWJjMDUtZjczZmQwMTM4YjQxXkEyXkFqcGdeQXVyNTI4MjkwNjA@._V1_UX67_CR0,0,67,98_AL_.jpg', 7.8, 93.0, 52852, NULL, 6);
INSERT INTO MovieGenres (MovieID, GenreID) VALUES (691, 7);
INSERT INTO MovieGenres (MovieID, GenreID) VALUES (691, 16);
INSERT INTO MoviePeople (MovieID, PersonID, RoleID) VALUES (691, 2892, 1);
INSERT INTO MoviePeople (MovieID, PersonID, RoleID) VALUES (691, 2481, 2);
INSERT INTO MoviePeople (MovieID, PersonID, RoleID) VALUES (691, 374, 3);
INSERT INTO MoviePeople (MovieID, PersonID, RoleID) VALUES (691, 2646, 4);
INSERT INTO MoviePeople (MovieID, PersonID, RoleID) VALUES (691, 1805, 5);

INSERT INTO Movies (MovieID, Series_Title, Released_Year, RuntimeMinutes, Overview, Poster_Link, IMDB_Rating, Meta_score, No_of_Votes, Gross_Revenue, CertificateID) VALUES (692, 'The Outlaw Josey Wales', 1976.0, 135, 'Missouri farmer Josey Wales joins a Confederate guerrilla unit and winds up on the run from the Union soldiers who murdered his family.', 'https://m.media-amazon.com/images/M/MV5BMjIxNDYxMTk2MF5BMl5BanBnXkFtZTgwMjQxNjU3MTE@._V1_UY98_CR0,0,67,98_AL_.jpg', 7.8, 69.0, 65659, 31800000.0, 2);
INSERT INTO MovieGenres (MovieID, GenreID) VALUES (692, 21);
INSERT INTO MoviePeople (MovieID, PersonID, RoleID) VALUES (692, 547, 1);
INSERT INTO MoviePeople (MovieID, PersonID, RoleID) VALUES (692, 547, 2);
INSERT INTO MoviePeople (MovieID, PersonID, RoleID) VALUES (692, 2774, 3);
INSERT INTO MoviePeople (MovieID, PersonID, RoleID) VALUES (692, 484, 4);
INSERT INTO MoviePeople (MovieID, PersonID, RoleID) VALUES (692, 304, 5);

INSERT INTO Movies (MovieID, Series_Title, Released_Year, RuntimeMinutes, Overview, Poster_Link, IMDB_Rating, Meta_score, No_of_Votes, Gross_Revenue, CertificateID) VALUES (693, 'The Man Who Would Be King', 1975.0, 129, 'Two British former soldiers decide to set themselves up as Kings in Kafiristan, a land where no white man has set foot since Alexander the Great.', 'https://m.media-amazon.com/images/M/MV5BZWQzYjBjZmQtZDFiOS00ZDQ1LWI4MDAtMDk1NGE1NDBhYjNhL2ltYWdlXkEyXkFqcGdeQXVyNjc1NTYyMjg@._V1_UX67_CR0,0,67,98_AL_.jpg', 7.8, 91.0, 44917, NULL, 6);
INSERT INTO MovieGenres (MovieID, GenreID) VALUES (693, 2);
INSERT INTO MovieGenres (MovieID, GenreID) VALUES (693, 11);
INSERT INTO MovieGenres (MovieID, GenreID) VALUES (693, 20);
INSERT INTO MoviePeople (MovieID, PersonID, RoleID) VALUES (693, 1461, 1);
INSERT INTO MoviePeople (MovieID, PersonID, RoleID) VALUES (693, 2695, 2);
INSERT INTO MoviePeople (MovieID, PersonID, RoleID) VALUES (693, 2046, 3);
INSERT INTO MoviePeople (MovieID, PersonID, RoleID) VALUES (693, 528, 4);
INSERT INTO MoviePeople (MovieID, PersonID, RoleID) VALUES (693, 2624, 5);

INSERT INTO Movies (MovieID, Series_Title, Released_Year, RuntimeMinutes, Overview, Poster_Link, IMDB_Rating, Meta_score, No_of_Votes, Gross_Revenue, CertificateID) VALUES (694, 'The Conversation', 1974.0, 113, 'A paranoid, secretive surveillance expert has a crisis of conscience when he suspects that the couple he is spying on will be murdered.', 'https://m.media-amazon.com/images/M/MV5BNzZlMThlYzktMDlmZC00YTI1LThlNzktZWU0MTY4ODc2ZWY4XkEyXkFqcGdeQXVyNTA1NjYyMDk@._V1_UX67_CR0,0,67,98_AL_.jpg', 7.8, 85.0, 98611, 4420000.0, 13);
INSERT INTO MovieGenres (MovieID, GenreID) VALUES (694, 7);
INSERT INTO MovieGenres (MovieID, GenreID) VALUES (694, 15);
INSERT INTO MovieGenres (MovieID, GenreID) VALUES (694, 19);
INSERT INTO MoviePeople (MovieID, PersonID, RoleID) VALUES (694, 892, 1);
INSERT INTO MoviePeople (MovieID, PersonID, RoleID) VALUES (694, 960, 2);
INSERT INTO MoviePeople (MovieID, PersonID, RoleID) VALUES (694, 1438, 3);
INSERT INTO MoviePeople (MovieID, PersonID, RoleID) VALUES (694, 102, 4);
INSERT INTO MoviePeople (MovieID, PersonID, RoleID) VALUES (694, 921, 5);

INSERT INTO Movies (MovieID, Series_Title, Released_Year, RuntimeMinutes, Overview, Poster_Link, IMDB_Rating, Meta_score, No_of_Votes, Gross_Revenue, CertificateID) VALUES (695, 'La planète sauvage', 1973.0, 72, 'On a faraway planet where blue giants rule, oppressed humanoids rebel against their machine-like leaders.', 'https://m.media-amazon.com/images/M/MV5BYjhhMDFlZDctYzg1Mi00ZmZiLTgyNTgtM2NkMjRkNzYwZmQ0XkEyXkFqcGdeQXVyMTMxODk2OTU@._V1_UX67_CR0,0,67,98_AL_.jpg', 7.8, 73.0, 25229, 193817.0, 13);
INSERT INTO MovieGenres (MovieID, GenreID) VALUES (695, 3);
INSERT INTO MovieGenres (MovieID, GenreID) VALUES (695, 17);
INSERT INTO MoviePeople (MovieID, PersonID, RoleID) VALUES (695, 2456, 1);
INSERT INTO MoviePeople (MovieID, PersonID, RoleID) VALUES (695, 267, 2);
INSERT INTO MoviePeople (MovieID, PersonID, RoleID) VALUES (695, 1353, 3);
INSERT INTO MoviePeople (MovieID, PersonID, RoleID) VALUES (695, 822, 4);
INSERT INTO MoviePeople (MovieID, PersonID, RoleID) VALUES (695, 1322, 5);

INSERT INTO Movies (MovieID, Series_Title, Released_Year, RuntimeMinutes, Overview, Poster_Link, IMDB_Rating, Meta_score, No_of_Votes, Gross_Revenue, CertificateID) VALUES (696, 'The Day of the Jackal', 1973.0, 143, 'A professional assassin codenamed "Jackal" plots to kill Charles de Gaulle, the President of France.', 'https://m.media-amazon.com/images/M/MV5BNjZmMWE4NzgtZjc5OS00NTBmLThlY2MtM2MzNTA5NTZiNTFjXkEyXkFqcGdeQXVyNjc1NTYyMjg@._V1_UY98_CR0,0,67,98_AL_.jpg', 7.8, 80.0, 37445, 16056255.0, 2);
INSERT INTO MovieGenres (MovieID, GenreID) VALUES (696, 6);
INSERT INTO MovieGenres (MovieID, GenreID) VALUES (696, 7);
INSERT INTO MovieGenres (MovieID, GenreID) VALUES (696, 19);
INSERT INTO MoviePeople (MovieID, PersonID, RoleID) VALUES (696, 920, 1);
INSERT INTO MoviePeople (MovieID, PersonID, RoleID) VALUES (696, 752, 2);
INSERT INTO MoviePeople (MovieID, PersonID, RoleID) VALUES (696, 2884, 3);
INSERT INTO MoviePeople (MovieID, PersonID, RoleID) VALUES (696, 2077, 4);
INSERT INTO MoviePeople (MovieID, PersonID, RoleID) VALUES (696, 51, 5);

INSERT INTO Movies (MovieID, Series_Title, Released_Year, RuntimeMinutes, Overview, Poster_Link, IMDB_Rating, Meta_score, No_of_Votes, Gross_Revenue, CertificateID) VALUES (697, 'Badlands', 1973.0, 94, 'An impressionable teenage girl from a dead-end town and her older greaser boyfriend embark on a killing spree in the South Dakota badlands.', 'https://m.media-amazon.com/images/M/MV5BMDcxNjhiOTEtMzQ0YS00OTBhLTkxM2QtN2UyZDMzNzIzNWFlXkEyXkFqcGdeQXVyMTQxNzMzNDI@._V1_UY98_CR1,0,67,98_AL_.jpg', 7.8, 93.0, 66009, NULL, 6);
INSERT INTO MovieGenres (MovieID, GenreID) VALUES (697, 1);
INSERT INTO MovieGenres (MovieID, GenreID) VALUES (697, 6);
INSERT INTO MovieGenres (MovieID, GenreID) VALUES (697, 7);
INSERT INTO MoviePeople (MovieID, PersonID, RoleID) VALUES (697, 2892, 1);
INSERT INTO MoviePeople (MovieID, PersonID, RoleID) VALUES (697, 1956, 2);
INSERT INTO MoviePeople (MovieID, PersonID, RoleID) VALUES (697, 2761, 3);
INSERT INTO MoviePeople (MovieID, PersonID, RoleID) VALUES (697, 3081, 4);
INSERT INTO MoviePeople (MovieID, PersonID, RoleID) VALUES (697, 2426, 5);

INSERT INTO Movies (MovieID, Series_Title, Released_Year, RuntimeMinutes, Overview, Poster_Link, IMDB_Rating, Meta_score, No_of_Votes, Gross_Revenue, CertificateID) VALUES (698, 'Cabaret', 1972.0, 124, 'A female girlie club entertainer in Weimar Republic era Berlin romances two men while the Nazi Party rises to power around them.', 'https://m.media-amazon.com/images/M/MV5BNTEyMzc0Mjk5MV5BMl5BanBnXkFtZTgwMjI2NDIwMTE@._V1_UX67_CR0,0,67,98_AL_.jpg', 7.8, 80.0, 48334, 42765000.0, 2);
INSERT INTO MovieGenres (MovieID, GenreID) VALUES (698, 7);
INSERT INTO MovieGenres (MovieID, GenreID) VALUES (698, 13);
INSERT INTO MovieGenres (MovieID, GenreID) VALUES (698, 14);
INSERT INTO MoviePeople (MovieID, PersonID, RoleID) VALUES (698, 327, 1);
INSERT INTO MoviePeople (MovieID, PersonID, RoleID) VALUES (698, 1816, 2);
INSERT INTO MoviePeople (MovieID, PersonID, RoleID) VALUES (698, 2076, 3);
INSERT INTO MoviePeople (MovieID, PersonID, RoleID) VALUES (698, 1101, 4);
INSERT INTO MoviePeople (MovieID, PersonID, RoleID) VALUES (698, 1420, 5);

INSERT INTO Movies (MovieID, Series_Title, Released_Year, RuntimeMinutes, Overview, Poster_Link, IMDB_Rating, Meta_score, No_of_Votes, Gross_Revenue, CertificateID) VALUES (699, 'Willy Wonka & the Chocolate Factory', 1971.0, 100, 'A poor but hopeful boy seeks one of the five coveted golden tickets that will send him on a tour of Willy Wonka''s mysterious chocolate factory.', 'https://m.media-amazon.com/images/M/MV5BZTllNDU0ZTItYTYxMC00OTI4LThlNDAtZjNiNzdhMWZiYjNmXkEyXkFqcGdeQXVyNzY1NDgwNjQ@._V1_UX67_CR0,0,67,98_AL_.jpg', 7.8, 67.0, 178731, 4000000.0, 13);
INSERT INTO MovieGenres (MovieID, GenreID) VALUES (699, 8);
INSERT INTO MovieGenres (MovieID, GenreID) VALUES (699, 9);
INSERT INTO MovieGenres (MovieID, GenreID) VALUES (699, 14);
INSERT INTO MoviePeople (MovieID, PersonID, RoleID) VALUES (699, 2024, 1);
INSERT INTO MoviePeople (MovieID, PersonID, RoleID) VALUES (699, 965, 2);
INSERT INTO MoviePeople (MovieID, PersonID, RoleID) VALUES (699, 1206, 3);
INSERT INTO MoviePeople (MovieID, PersonID, RoleID) VALUES (699, 2349, 4);
INSERT INTO MoviePeople (MovieID, PersonID, RoleID) VALUES (699, 2586, 5);

INSERT INTO Movies (MovieID, Series_Title, Released_Year, RuntimeMinutes, Overview, Poster_Link, IMDB_Rating, Meta_score, No_of_Votes, Gross_Revenue, CertificateID) VALUES (700, 'Midnight Cowboy', 1969.0, 113, 'A naive hustler travels from Texas to New York City to seek personal fortune, finding a new friend in the process.', 'https://m.media-amazon.com/images/M/MV5BNTgwZmIzMmYtZjE3Yy00NzgzLTgxNmUtNjlmZDlkMzlhOTJkXkEyXkFqcGdeQXVyNjUwNzk3NDc@._V1_UX67_CR0,0,67,98_AL_.jpg', 7.8, 79.0, 101124, 44785053.0, 2);
INSERT INTO MovieGenres (MovieID, GenreID) VALUES (700, 7);
INSERT INTO MoviePeople (MovieID, PersonID, RoleID) VALUES (700, 1486, 1);
INSERT INTO MoviePeople (MovieID, PersonID, RoleID) VALUES (700, 731, 2);
INSERT INTO MoviePeople (MovieID, PersonID, RoleID) VALUES (700, 1503, 3);
INSERT INTO MoviePeople (MovieID, PersonID, RoleID) VALUES (700, 2842, 4);
INSERT INTO MoviePeople (MovieID, PersonID, RoleID) VALUES (700, 1472, 5);

INSERT INTO Movies (MovieID, Series_Title, Released_Year, RuntimeMinutes, Overview, Poster_Link, IMDB_Rating, Meta_score, No_of_Votes, Gross_Revenue, CertificateID) VALUES (701, 'Wait Until Dark', 1967.0, 108, 'A recently blinded woman is terrorized by a trio of thugs while they search for a heroin-stuffed doll they believe is in her apartment.', 'https://m.media-amazon.com/images/M/MV5BMTQyNTAzOTI3NF5BMl5BanBnXkFtZTcwNTM0Mjg0Mg@@._V1_UX67_CR0,0,67,98_AL_.jpg', 7.8, 81.0, 27733, 17550741.0, NULL);
INSERT INTO MovieGenres (MovieID, GenreID) VALUES (701, 19);
INSERT INTO MoviePeople (MovieID, PersonID, RoleID) VALUES (701, 2885, 1);
INSERT INTO MoviePeople (MovieID, PersonID, RoleID) VALUES (701, 241, 2);
INSERT INTO MoviePeople (MovieID, PersonID, RoleID) VALUES (701, 50, 3);
INSERT INTO MoviePeople (MovieID, PersonID, RoleID) VALUES (701, 2473, 4);
INSERT INTO MoviePeople (MovieID, PersonID, RoleID) VALUES (701, 758, 5);

INSERT INTO Movies (MovieID, Series_Title, Released_Year, RuntimeMinutes, Overview, Poster_Link, IMDB_Rating, Meta_score, No_of_Votes, Gross_Revenue, CertificateID) VALUES (702, 'Guess Who''s Coming to Dinner', 1967.0, 108, 'A couple''s attitudes are challenged when their daughter introduces them to her African-American fiancé.', 'https://m.media-amazon.com/images/M/MV5BZTVmMTk2NjUtNjVjNC00OTcwLWE4OWEtNzA4Mjk1ZmIwNDExXkEyXkFqcGdeQXVyNjUwNzk3NDc@._V1_UX67_CR0,0,67,98_AL_.jpg', 7.8, 63.0, 39642, 56700000.0, NULL);
INSERT INTO MovieGenres (MovieID, GenreID) VALUES (702, 5);
INSERT INTO MovieGenres (MovieID, GenreID) VALUES (702, 7);
INSERT INTO MoviePeople (MovieID, PersonID, RoleID) VALUES (702, 2793, 1);
INSERT INTO MoviePeople (MovieID, PersonID, RoleID) VALUES (702, 2782, 2);
INSERT INTO MoviePeople (MovieID, PersonID, RoleID) VALUES (702, 2753, 3);
INSERT INTO MoviePeople (MovieID, PersonID, RoleID) VALUES (702, 1620, 4);
INSERT INTO MoviePeople (MovieID, PersonID, RoleID) VALUES (702, 1621, 5);

INSERT INTO Movies (MovieID, Series_Title, Released_Year, RuntimeMinutes, Overview, Poster_Link, IMDB_Rating, Meta_score, No_of_Votes, Gross_Revenue, CertificateID) VALUES (703, 'Bonnie and Clyde', 1967.0, 111, 'Bored waitress Bonnie Parker falls in love with an ex-con named Clyde Barrow and together they start a violent crime spree through the country, stealing cars and robbing banks.', 'https://m.media-amazon.com/images/M/MV5BOTViZmMwOGEtYzc4Yy00ZGQ1LWFkZDQtMDljNGZlMjAxMjhiXkEyXkFqcGdeQXVyNzM0MTUwNTY@._V1_UX67_CR0,0,67,98_AL_.jpg', 7.8, 86.0, 102415, NULL, 2);
INSERT INTO MovieGenres (MovieID, GenreID) VALUES (703, 1);
INSERT INTO MovieGenres (MovieID, GenreID) VALUES (703, 4);
INSERT INTO MovieGenres (MovieID, GenreID) VALUES (703, 6);
INSERT INTO MoviePeople (MovieID, PersonID, RoleID) VALUES (703, 230, 1);
INSERT INTO MoviePeople (MovieID, PersonID, RoleID) VALUES (703, 3079, 2);
INSERT INTO MoviePeople (MovieID, PersonID, RoleID) VALUES (703, 860, 3);
INSERT INTO MoviePeople (MovieID, PersonID, RoleID) VALUES (703, 2056, 4);
INSERT INTO MoviePeople (MovieID, PersonID, RoleID) VALUES (703, 960, 5);

INSERT INTO Movies (MovieID, Series_Title, Released_Year, RuntimeMinutes, Overview, Poster_Link, IMDB_Rating, Meta_score, No_of_Votes, Gross_Revenue, CertificateID) VALUES (704, 'My Fair Lady', 1964.0, 170, 'Snobbish phonetics Professor Henry Higgins agrees to a wager that he can make flower girl Eliza Doolittle presentable in high society.', 'https://m.media-amazon.com/images/M/MV5BNGM0ZTU3NmItZmRmMy00YWNjLWEzMWItYzg3MzcwZmM5NjdiXkEyXkFqcGdeQXVyNDYyMDk5MTU@._V1_UY98_CR2,0,67,98_AL_.jpg', 7.8, 95.0, 86525, 72000000.0, 13);
INSERT INTO MovieGenres (MovieID, GenreID) VALUES (704, 7);
INSERT INTO MovieGenres (MovieID, GenreID) VALUES (704, 8);
INSERT INTO MovieGenres (MovieID, GenreID) VALUES (704, 14);
INSERT INTO MoviePeople (MovieID, PersonID, RoleID) VALUES (704, 972, 1);
INSERT INTO MoviePeople (MovieID, PersonID, RoleID) VALUES (704, 241, 2);
INSERT INTO MoviePeople (MovieID, PersonID, RoleID) VALUES (704, 2459, 3);
INSERT INTO MoviePeople (MovieID, PersonID, RoleID) VALUES (704, 2792, 4);
INSERT INTO MoviePeople (MovieID, PersonID, RoleID) VALUES (704, 3096, 5);

INSERT INTO Movies (MovieID, Series_Title, Released_Year, RuntimeMinutes, Overview, Poster_Link, IMDB_Rating, Meta_score, No_of_Votes, Gross_Revenue, CertificateID) VALUES (705, 'Mary Poppins', 1964.0, 139, 'In turn of the century London, a magical nanny employs music and adventure to help two neglected children become closer to their father.', 'https://m.media-amazon.com/images/M/MV5BNmJkODczNjItNDI5Yy00MGI1LTkyOWItZDNmNjM4ZGI1ZDVlL2ltYWdlL2ltYWdlXkEyXkFqcGdeQXVyMDI2NDg0NQ@@._V1_UX67_CR0,0,67,98_AL_.jpg', 7.8, 88.0, 158029, 102272727.0, 13);
INSERT INTO MovieGenres (MovieID, GenreID) VALUES (705, 5);
INSERT INTO MovieGenres (MovieID, GenreID) VALUES (705, 8);
INSERT INTO MovieGenres (MovieID, GenreID) VALUES (705, 9);
INSERT INTO MoviePeople (MovieID, PersonID, RoleID) VALUES (705, 2536, 1);
INSERT INTO MoviePeople (MovieID, PersonID, RoleID) VALUES (705, 1563, 2);
INSERT INTO MoviePeople (MovieID, PersonID, RoleID) VALUES (705, 689, 3);
INSERT INTO MoviePeople (MovieID, PersonID, RoleID) VALUES (705, 646, 4);
INSERT INTO MoviePeople (MovieID, PersonID, RoleID) VALUES (705, 1020, 5);

INSERT INTO Movies (MovieID, Series_Title, Released_Year, RuntimeMinutes, Overview, Poster_Link, IMDB_Rating, Meta_score, No_of_Votes, Gross_Revenue, CertificateID) VALUES (706, 'The Longest Day', 1962.0, 178, 'The events of D-Day, told on a grand scale from both the Allied and German points of view.', 'https://m.media-amazon.com/images/M/MV5BZTM1ZjQ2YTktNDM2MS00NGY2LTkzNzItZTU4ODg1ODNkMWYxL2ltYWdlXkEyXkFqcGdeQXVyNjc1NTYyMjg@._V1_UX67_CR0,0,67,98_AL_.jpg', 7.8, 75.0, 52141, 39100000.0, 4);
INSERT INTO MovieGenres (MovieID, GenreID) VALUES (706, 1);
INSERT INTO MovieGenres (MovieID, GenreID) VALUES (706, 7);
INSERT INTO MovieGenres (MovieID, GenreID) VALUES (706, 11);
INSERT INTO MoviePeople (MovieID, PersonID, RoleID) VALUES (706, 1648, 1);
INSERT INTO MoviePeople (MovieID, PersonID, RoleID) VALUES (706, 141, 2);
INSERT INTO MoviePeople (MovieID, PersonID, RoleID) VALUES (706, 997, 3);
INSERT INTO MoviePeople (MovieID, PersonID, RoleID) VALUES (706, 296, 4);
INSERT INTO MoviePeople (MovieID, PersonID, RoleID) VALUES (706, 617, 5);

INSERT INTO Movies (MovieID, Series_Title, Released_Year, RuntimeMinutes, Overview, Poster_Link, IMDB_Rating, Meta_score, No_of_Votes, Gross_Revenue, CertificateID) VALUES (707, 'Jules et Jim', 1962.0, 105, 'Decades of a love triangle concerning two friends and an impulsive woman.', 'https://m.media-amazon.com/images/M/MV5BZTM1MTRiNDctMTFiMC00NGM1LTkyMWQtNTY1M2JjZDczOWQ3XkEyXkFqcGdeQXVyMDI3OTIzOA@@._V1_UY98_CR3,0,67,98_AL_.jpg', 7.8, 97.0, 37605, NULL, NULL);
INSERT INTO MovieGenres (MovieID, GenreID) VALUES (707, 7);
INSERT INTO MovieGenres (MovieID, GenreID) VALUES (707, 16);
INSERT INTO MoviePeople (MovieID, PersonID, RoleID) VALUES (707, 917, 1);
INSERT INTO MoviePeople (MovieID, PersonID, RoleID) VALUES (707, 1336, 2);
INSERT INTO MoviePeople (MovieID, PersonID, RoleID) VALUES (707, 2263, 3);
INSERT INTO MoviePeople (MovieID, PersonID, RoleID) VALUES (707, 1105, 4);
INSERT INTO MoviePeople (MovieID, PersonID, RoleID) VALUES (707, 3017, 5);

INSERT INTO Movies (MovieID, Series_Title, Released_Year, RuntimeMinutes, Overview, Poster_Link, IMDB_Rating, Meta_score, No_of_Votes, Gross_Revenue, CertificateID) VALUES (708, 'The Innocents', 1961.0, 100, 'A young governess for two children becomes convinced that the house and grounds are haunted.', 'https://m.media-amazon.com/images/M/MV5BNGQyNjBjNTUtNTM1OS00YzcyLWFhNTgtNTU0MDg3NzBlMDQzXkEyXkFqcGdeQXVyNjc1NTYyMjg@._V1_UY98_CR0,0,67,98_AL_.jpg', 7.8, 88.0, 27007, 2616000.0, 2);
INSERT INTO MovieGenres (MovieID, GenreID) VALUES (708, 12);
INSERT INTO MoviePeople (MovieID, PersonID, RoleID) VALUES (708, 1209, 1);
INSERT INTO MoviePeople (MovieID, PersonID, RoleID) VALUES (708, 658, 2);
INSERT INTO MoviePeople (MovieID, PersonID, RoleID) VALUES (708, 2354, 3);
INSERT INTO MoviePeople (MovieID, PersonID, RoleID) VALUES (708, 2017, 4);
INSERT INTO MoviePeople (MovieID, PersonID, RoleID) VALUES (708, 2070, 5);

INSERT INTO Movies (MovieID, Series_Title, Released_Year, RuntimeMinutes, Overview, Poster_Link, IMDB_Rating, Meta_score, No_of_Votes, Gross_Revenue, CertificateID) VALUES (709, 'À bout de souffle', 1960.0, 90, 'A small-time thief steals a car and impulsively murders a motorcycle policeman. Wanted by the authorities, he reunites with a hip American journalism student and attempts to persuade her to run away with him to Italy.', 'https://m.media-amazon.com/images/M/MV5BNzk5MDk2MjktY2I3NS00ODZkLTk3OTktY2Q3ZDE2MmQ2M2ZmXkEyXkFqcGdeQXVyNjc1NTYyMjg@._V1_UY98_CR2,0,67,98_AL_.jpg', 7.8, NULL, 73251, 336705.0, 13);
INSERT INTO MovieGenres (MovieID, GenreID) VALUES (709, 6);
INSERT INTO MovieGenres (MovieID, GenreID) VALUES (709, 7);
INSERT INTO MoviePeople (MovieID, PersonID, RoleID) VALUES (709, 1327, 1);
INSERT INTO MoviePeople (MovieID, PersonID, RoleID) VALUES (709, 1330, 2);
INSERT INTO MoviePeople (MovieID, PersonID, RoleID) VALUES (709, 1318, 3);
INSERT INTO MoviePeople (MovieID, PersonID, RoleID) VALUES (709, 591, 4);
INSERT INTO MoviePeople (MovieID, PersonID, RoleID) VALUES (709, 1107, 5);

INSERT INTO Movies (MovieID, Series_Title, Released_Year, RuntimeMinutes, Overview, Poster_Link, IMDB_Rating, Meta_score, No_of_Votes, Gross_Revenue, CertificateID) VALUES (710, 'Red River', 1948.0, 133, 'Dunson leads a cattle drive, the culmination of over 14 years of work, to its destination in Missouri. But his tyrannical behavior along the way causes a mutiny, led by his adopted son.', 'https://m.media-amazon.com/images/M/MV5BNzNiOGJhMDUtZjNjMC00YmE5LTk3NjQtNGM4ZjAzOGJjZmRlXkEyXkFqcGdeQXVyNjc1NTYyMjg@._V1_UX67_CR0,0,67,98_AL_.jpg', 7.8, NULL, 28167, NULL, 8);
INSERT INTO MovieGenres (MovieID, GenreID) VALUES (710, 1);
INSERT INTO MovieGenres (MovieID, GenreID) VALUES (710, 2);
INSERT INTO MovieGenres (MovieID, GenreID) VALUES (710, 7);
INSERT INTO MoviePeople (MovieID, PersonID, RoleID) VALUES (710, 1137, 1);
INSERT INTO MoviePeople (MovieID, PersonID, RoleID) VALUES (710, 231, 2);
INSERT INTO MoviePeople (MovieID, PersonID, RoleID) VALUES (710, 1492, 3);
INSERT INTO MoviePeople (MovieID, PersonID, RoleID) VALUES (710, 2141, 4);
INSERT INTO MoviePeople (MovieID, PersonID, RoleID) VALUES (710, 1407, 5);

INSERT INTO Movies (MovieID, Series_Title, Released_Year, RuntimeMinutes, Overview, Poster_Link, IMDB_Rating, Meta_score, No_of_Votes, Gross_Revenue, CertificateID) VALUES (711, 'Key Largo', 1948.0, 100, 'A man visits his war buddy''s family hotel and finds a gangster running things. As a hurricane approaches, the two end up confronting each other.', 'https://m.media-amazon.com/images/M/MV5BODI3YzNiZTUtYjEyZS00ODkwLWE2ZDUtNGJmMTNiYTc4ZTM4XkEyXkFqcGdeQXVyMDI2NDg0NQ@@._V1_UX67_CR0,0,67,98_AL_.jpg', 7.8, NULL, 36995, NULL, NULL);
INSERT INTO MovieGenres (MovieID, GenreID) VALUES (711, 1);
INSERT INTO MovieGenres (MovieID, GenreID) VALUES (711, 6);
INSERT INTO MovieGenres (MovieID, GenreID) VALUES (711, 7);
INSERT INTO MoviePeople (MovieID, PersonID, RoleID) VALUES (711, 1461, 1);
INSERT INTO MoviePeople (MovieID, PersonID, RoleID) VALUES (711, 1152, 2);
INSERT INTO MoviePeople (MovieID, PersonID, RoleID) VALUES (711, 754, 3);
INSERT INTO MoviePeople (MovieID, PersonID, RoleID) VALUES (711, 1738, 4);
INSERT INTO MoviePeople (MovieID, PersonID, RoleID) VALUES (711, 1809, 5);

INSERT INTO Movies (MovieID, Series_Title, Released_Year, RuntimeMinutes, Overview, Poster_Link, IMDB_Rating, Meta_score, No_of_Votes, Gross_Revenue, CertificateID) VALUES (712, 'To Have and Have Not', 1944.0, 100, 'During World War II, American expatriate Harry Morgan helps transport a French Resistance leader and his beautiful wife to Martinique while romancing a sensuous lounge singer.', 'https://m.media-amazon.com/images/M/MV5BZGU2YmU0MWMtMzg5My00ZmY2LTljMDItMTg2YTI5Y2U2OTE3XkEyXkFqcGdeQXVyMjUxODE0MDY@._V1_UY98_CR0,0,67,98_AL_.jpg', 7.8, NULL, 31053, NULL, 6);
INSERT INTO MovieGenres (MovieID, GenreID) VALUES (712, 2);
INSERT INTO MovieGenres (MovieID, GenreID) VALUES (712, 5);
INSERT INTO MovieGenres (MovieID, GenreID) VALUES (712, 10);
INSERT INTO MoviePeople (MovieID, PersonID, RoleID) VALUES (712, 1137, 1);
INSERT INTO MoviePeople (MovieID, PersonID, RoleID) VALUES (712, 1152, 2);
INSERT INTO MoviePeople (MovieID, PersonID, RoleID) VALUES (712, 1738, 3);
INSERT INTO MoviePeople (MovieID, PersonID, RoleID) VALUES (712, 3068, 4);
INSERT INTO MoviePeople (MovieID, PersonID, RoleID) VALUES (712, 700, 5);

INSERT INTO Movies (MovieID, Series_Title, Released_Year, RuntimeMinutes, Overview, Poster_Link, IMDB_Rating, Meta_score, No_of_Votes, Gross_Revenue, CertificateID) VALUES (713, 'Shadow of a Doubt', 1943.0, 108, 'A young girl, overjoyed when her favorite uncle comes to visit the family, slowly begins to suspect that he is in fact the "Merry Widow" killer sought by the authorities.', 'https://m.media-amazon.com/images/M/MV5BM2I1YWM4NTYtYjA0Ny00ZDEwLTg3NTgtNzBjMzZhZTk1YTA1XkEyXkFqcGdeQXVyMTY5Nzc4MDY@._V1_UX67_CR0,0,67,98_AL_.jpg', 7.8, 94.0, 59556, NULL, 6);
INSERT INTO MovieGenres (MovieID, GenreID) VALUES (713, 10);
INSERT INTO MovieGenres (MovieID, GenreID) VALUES (713, 19);
INSERT INTO MoviePeople (MovieID, PersonID, RoleID) VALUES (713, 93, 1);
INSERT INTO MoviePeople (MovieID, PersonID, RoleID) VALUES (713, 2888, 2);
INSERT INTO MoviePeople (MovieID, PersonID, RoleID) VALUES (713, 1519, 3);
INSERT INTO MoviePeople (MovieID, PersonID, RoleID) VALUES (713, 1857, 4);
INSERT INTO MoviePeople (MovieID, PersonID, RoleID) VALUES (713, 1116, 5);

INSERT INTO Movies (MovieID, Series_Title, Released_Year, RuntimeMinutes, Overview, Poster_Link, IMDB_Rating, Meta_score, No_of_Votes, Gross_Revenue, CertificateID) VALUES (714, 'Stagecoach', 1939.0, 96, 'A group of people traveling on a stagecoach find their journey complicated by the threat of Geronimo and learn something about each other in the process.', 'https://m.media-amazon.com/images/M/MV5BOGQ4NDUyNWQtZTEyOC00OTMzLWFhYjAtNDNmYmQ2MWQyMTRmXkEyXkFqcGdeQXVyNTA4NzY1MzY@._V1_UX67_CR0,0,67,98_AL_.jpg', 7.8, 93.0, 43621, NULL, 8);
INSERT INTO MovieGenres (MovieID, GenreID) VALUES (714, 2);
INSERT INTO MovieGenres (MovieID, GenreID) VALUES (714, 7);
INSERT INTO MovieGenres (MovieID, GenreID) VALUES (714, 21);
INSERT INTO MoviePeople (MovieID, PersonID, RoleID) VALUES (714, 1444, 1);
INSERT INTO MoviePeople (MovieID, PersonID, RoleID) VALUES (714, 1492, 2);
INSERT INTO MoviePeople (MovieID, PersonID, RoleID) VALUES (714, 539, 3);
INSERT INTO MoviePeople (MovieID, PersonID, RoleID) VALUES (714, 151, 4);
INSERT INTO MoviePeople (MovieID, PersonID, RoleID) VALUES (714, 1435, 5);

INSERT INTO Movies (MovieID, Series_Title, Released_Year, RuntimeMinutes, Overview, Poster_Link, IMDB_Rating, Meta_score, No_of_Votes, Gross_Revenue, CertificateID) VALUES (715, 'The Lady Vanishes', 1938.0, 96, 'While travelling in continental Europe, a rich young playgirl realizes that an elderly lady seems to have disappeared from the train.', 'https://m.media-amazon.com/images/M/MV5BNjk3YzFjYTktOGY0ZS00Y2EwLTk2NTctYTI1Nzc2OWNiN2I4XkEyXkFqcGdeQXVyNzM0MTUwNTY@._V1_UX67_CR0,0,67,98_AL_.jpg', 7.8, 98.0, 47400, NULL, NULL);
INSERT INTO MovieGenres (MovieID, GenreID) VALUES (715, 15);
INSERT INTO MovieGenres (MovieID, GenreID) VALUES (715, 19);
INSERT INTO MoviePeople (MovieID, PersonID, RoleID) VALUES (715, 93, 1);
INSERT INTO MoviePeople (MovieID, PersonID, RoleID) VALUES (715, 1903, 2);
INSERT INTO MoviePeople (MovieID, PersonID, RoleID) VALUES (715, 2070, 3);
INSERT INTO MoviePeople (MovieID, PersonID, RoleID) VALUES (715, 2305, 4);
INSERT INTO MoviePeople (MovieID, PersonID, RoleID) VALUES (715, 2008, 5);

INSERT INTO Movies (MovieID, Series_Title, Released_Year, RuntimeMinutes, Overview, Poster_Link, IMDB_Rating, Meta_score, No_of_Votes, Gross_Revenue, CertificateID) VALUES (716, 'Bringing Up Baby', 1938.0, 102, 'While trying to secure a $1 million donation for his museum, a befuddled paleontologist is pursued by a flighty and often irritating heiress and her pet leopard, Baby.', 'https://m.media-amazon.com/images/M/MV5BMmVkOTRiYmItZjE4NS00MWNjLWE0ZmMtYzg5YzFjMjMyY2RkXkEyXkFqcGdeQXVyNjc1NTYyMjg@._V1_UX67_CR0,0,67,98_AL_.jpg', 7.8, 91.0, 55163, NULL, 8);
INSERT INTO MovieGenres (MovieID, GenreID) VALUES (716, 5);
INSERT INTO MovieGenres (MovieID, GenreID) VALUES (716, 8);
INSERT INTO MovieGenres (MovieID, GenreID) VALUES (716, 16);
INSERT INTO MoviePeople (MovieID, PersonID, RoleID) VALUES (716, 1137, 1);
INSERT INTO MoviePeople (MovieID, PersonID, RoleID) VALUES (716, 1620, 2);
INSERT INTO MoviePeople (MovieID, PersonID, RoleID) VALUES (716, 440, 3);
INSERT INTO MoviePeople (MovieID, PersonID, RoleID) VALUES (716, 465, 4);
INSERT INTO MoviePeople (MovieID, PersonID, RoleID) VALUES (716, 3069, 5);

INSERT INTO Movies (MovieID, Series_Title, Released_Year, RuntimeMinutes, Overview, Poster_Link, IMDB_Rating, Meta_score, No_of_Votes, Gross_Revenue, CertificateID) VALUES (717, 'Bride of Frankenstein', 1935.0, 75, 'Mary Shelley reveals the main characters of her novel survived: Dr. Frankenstein, goaded by an even madder scientist, builds his monster a mate.', 'https://m.media-amazon.com/images/M/MV5BOTUzMzAzMzEzNV5BMl5BanBnXkFtZTgwOTg1NTAwMjE@._V1_UX67_CR0,0,67,98_AL_.jpg', 7.8, 95.0, 43542, 4360000.0, NULL);
INSERT INTO MovieGenres (MovieID, GenreID) VALUES (717, 7);
INSERT INTO MovieGenres (MovieID, GenreID) VALUES (717, 12);
INSERT INTO MovieGenres (MovieID, GenreID) VALUES (717, 17);
INSERT INTO MoviePeople (MovieID, PersonID, RoleID) VALUES (717, 1265, 1);
INSERT INTO MoviePeople (MovieID, PersonID, RoleID) VALUES (717, 343, 2);
INSERT INTO MoviePeople (MovieID, PersonID, RoleID) VALUES (717, 796, 3);
INSERT INTO MoviePeople (MovieID, PersonID, RoleID) VALUES (717, 551, 4);
INSERT INTO MoviePeople (MovieID, PersonID, RoleID) VALUES (717, 3015, 5);

INSERT INTO Movies (MovieID, Series_Title, Released_Year, RuntimeMinutes, Overview, Poster_Link, IMDB_Rating, Meta_score, No_of_Votes, Gross_Revenue, CertificateID) VALUES (718, 'Duck Soup', 1933.0, 69, 'Rufus T. Firefly is named president/dictator of bankrupt Freedonia and declares war on neighboring Sylvania over the love of wealthy Mrs. Teasdale.', 'https://m.media-amazon.com/images/M/MV5BYmYxZGU2NWYtNzQxZS00NmEyLWIzN2YtMDk5MWM0ODc5ZTE4XkEyXkFqcGdeQXVyNTA4NzY1MzY@._V1_UX67_CR0,0,67,98_AL_.jpg', 7.8, 93.0, 55581, NULL, NULL);
INSERT INTO MovieGenres (MovieID, GenreID) VALUES (718, 5);
INSERT INTO MovieGenres (MovieID, GenreID) VALUES (718, 14);
INSERT INTO MovieGenres (MovieID, GenreID) VALUES (718, 20);
INSERT INTO MoviePeople (MovieID, PersonID, RoleID) VALUES (718, 1770, 1);
INSERT INTO MoviePeople (MovieID, PersonID, RoleID) VALUES (718, 1044, 2);
INSERT INTO MoviePeople (MovieID, PersonID, RoleID) VALUES (718, 1077, 3);
INSERT INTO MoviePeople (MovieID, PersonID, RoleID) VALUES (718, 483, 4);
INSERT INTO MoviePeople (MovieID, PersonID, RoleID) VALUES (718, 3190, 5);

INSERT INTO Movies (MovieID, Series_Title, Released_Year, RuntimeMinutes, Overview, Poster_Link, IMDB_Rating, Meta_score, No_of_Votes, Gross_Revenue, CertificateID) VALUES (719, 'Scarface: The Shame of the Nation', 1932.0, 93, 'An ambitious and nearly insane violent gangster climbs the ladder of success in the mob, but his weaknesses prove to be his downfall.', 'https://m.media-amazon.com/images/M/MV5BYmMxZTU2ZDUtM2Y1MS00ZWFmLWJlN2UtNzI0OTJiOTYzMTk3XkEyXkFqcGdeQXVyMjUxODE0MDY@._V1_UX67_CR0,0,67,98_AL_.jpg', 7.8, 87.0, 25312, NULL, 6);
INSERT INTO MovieGenres (MovieID, GenreID) VALUES (719, 1);
INSERT INTO MovieGenres (MovieID, GenreID) VALUES (719, 6);
INSERT INTO MovieGenres (MovieID, GenreID) VALUES (719, 7);
INSERT INTO MoviePeople (MovieID, PersonID, RoleID) VALUES (719, 1137, 1);
INSERT INTO MoviePeople (MovieID, PersonID, RoleID) VALUES (719, 2492, 2);
INSERT INTO MoviePeople (MovieID, PersonID, RoleID) VALUES (719, 2310, 3);
INSERT INTO MoviePeople (MovieID, PersonID, RoleID) VALUES (719, 166, 4);
INSERT INTO MoviePeople (MovieID, PersonID, RoleID) VALUES (719, 1606, 5);

INSERT INTO Movies (MovieID, Series_Title, Released_Year, RuntimeMinutes, Overview, Poster_Link, IMDB_Rating, Meta_score, No_of_Votes, Gross_Revenue, CertificateID) VALUES (720, 'Frankenstein', 1931.0, 70, 'Dr. Frankenstein dares to tamper with life and death by creating a human monster out of lifeless body parts.', 'https://m.media-amazon.com/images/M/MV5BMTQ0Njc1MjM0OF5BMl5BanBnXkFtZTgwNTY2NTUyMjE@._V1_UX67_CR0,0,67,98_AL_.jpg', 7.8, 91.0, 65341, NULL, 8);
INSERT INTO MovieGenres (MovieID, GenreID) VALUES (720, 7);
INSERT INTO MovieGenres (MovieID, GenreID) VALUES (720, 12);
INSERT INTO MovieGenres (MovieID, GenreID) VALUES (720, 17);
INSERT INTO MoviePeople (MovieID, PersonID, RoleID) VALUES (720, 1265, 1);
INSERT INTO MoviePeople (MovieID, PersonID, RoleID) VALUES (720, 551, 2);
INSERT INTO MoviePeople (MovieID, PersonID, RoleID) VALUES (720, 1867, 3);
INSERT INTO MoviePeople (MovieID, PersonID, RoleID) VALUES (720, 343, 4);
INSERT INTO MoviePeople (MovieID, PersonID, RoleID) VALUES (720, 1426, 5);

INSERT INTO Movies (MovieID, Series_Title, Released_Year, RuntimeMinutes, Overview, Poster_Link, IMDB_Rating, Meta_score, No_of_Votes, Gross_Revenue, CertificateID) VALUES (721, 'Roma', 2018.0, 135, 'A year in the life of a middle-class family''s maid in Mexico City in the early 1970s.', 'https://m.media-amazon.com/images/M/MV5BMTU0OTc3ODk4Ml5BMl5BanBnXkFtZTgwMzM4NzI5NjM@._V1_UX67_CR0,0,67,98_AL_.jpg', 7.7, 96.0, 140375, NULL, 9);
INSERT INTO MovieGenres (MovieID, GenreID) VALUES (721, 7);
INSERT INTO MoviePeople (MovieID, PersonID, RoleID) VALUES (721, 90, 1);
INSERT INTO MoviePeople (MovieID, PersonID, RoleID) VALUES (721, 3135, 2);
INSERT INTO MoviePeople (MovieID, PersonID, RoleID) VALUES (721, 1922, 3);
INSERT INTO MoviePeople (MovieID, PersonID, RoleID) VALUES (721, 691, 4);
INSERT INTO MoviePeople (MovieID, PersonID, RoleID) VALUES (721, 429, 5);

INSERT INTO Movies (MovieID, Series_Title, Released_Year, RuntimeMinutes, Overview, Poster_Link, IMDB_Rating, Meta_score, No_of_Votes, Gross_Revenue, CertificateID) VALUES (722, 'God''s Own Country', 2017.0, 104, 'Spring. Yorkshire. Young farmer Johnny Saxby numbs his daily frustrations with binge drinking and casual sex, until the arrival of a Romanian migrant worker for lambing season ignites an intense relationship that sets Johnny on a new path.', 'https://m.media-amazon.com/images/M/MV5BNjRhYzk2NDAtYzA1Mi00MmNmLWE1ZjQtMDBhZmUyMTdjZjBiXkEyXkFqcGdeQXVyNjk1Njg5NTA@._V1_UX67_CR0,0,67,98_AL_.jpg', 7.7, 85.0, 25198, 335609.0, NULL);
INSERT INTO MovieGenres (MovieID, GenreID) VALUES (722, 7);
INSERT INTO MovieGenres (MovieID, GenreID) VALUES (722, 16);
INSERT INTO MoviePeople (MovieID, PersonID, RoleID) VALUES (722, 894, 1);
INSERT INTO MoviePeople (MovieID, PersonID, RoleID) VALUES (722, 1534, 2);
INSERT INTO MoviePeople (MovieID, PersonID, RoleID) VALUES (722, 68, 3);
INSERT INTO MoviePeople (MovieID, PersonID, RoleID) VALUES (722, 957, 4);
INSERT INTO MoviePeople (MovieID, PersonID, RoleID) VALUES (722, 1159, 5);

INSERT INTO Movies (MovieID, Series_Title, Released_Year, RuntimeMinutes, Overview, Poster_Link, IMDB_Rating, Meta_score, No_of_Votes, Gross_Revenue, CertificateID) VALUES (723, 'Deadpool 2', 2018.0, 119, 'Foul-mouthed mutant mercenary Wade Wilson (a.k.a. Deadpool), brings together a team of fellow mutant rogues to protect a young boy with supernatural abilities from the brutal, time-traveling cyborg Cable.', 'https://m.media-amazon.com/images/M/MV5BNjk1Njk3YjctMmMyYS00Y2I4LThhMzktN2U0MTMyZTFlYWQ5XkEyXkFqcGdeQXVyODM2ODEzMDA@._V1_UY98_CR15,0,67,98_AL_.jpg', 7.7, 66.0, 478586, 324591735.0, 9);
INSERT INTO MovieGenres (MovieID, GenreID) VALUES (723, 1);
INSERT INTO MovieGenres (MovieID, GenreID) VALUES (723, 2);
INSERT INTO MovieGenres (MovieID, GenreID) VALUES (723, 5);
INSERT INTO MoviePeople (MovieID, PersonID, RoleID) VALUES (723, 637, 1);
INSERT INTO MoviePeople (MovieID, PersonID, RoleID) VALUES (723, 2614, 2);
INSERT INTO MoviePeople (MovieID, PersonID, RoleID) VALUES (723, 1529, 3);
INSERT INTO MoviePeople (MovieID, PersonID, RoleID) VALUES (723, 2143, 4);
INSERT INTO MoviePeople (MovieID, PersonID, RoleID) VALUES (723, 1557, 5);

INSERT INTO Movies (MovieID, Series_Title, Released_Year, RuntimeMinutes, Overview, Poster_Link, IMDB_Rating, Meta_score, No_of_Votes, Gross_Revenue, CertificateID) VALUES (724, 'Wind River', 2017.0, 107, 'A veteran hunter helps an FBI agent investigate the murder of a young woman on a Wyoming Native American reservation.', 'https://m.media-amazon.com/images/M/MV5BMTUyMjU1OTUwM15BMl5BanBnXkFtZTgwMDg1NDQ2MjI@._V1_UX67_CR0,0,67,98_AL_.jpg', 7.7, 73.0, 205444, 33800859.0, 9);
INSERT INTO MovieGenres (MovieID, GenreID) VALUES (724, 6);
INSERT INTO MovieGenres (MovieID, GenreID) VALUES (724, 7);
INSERT INTO MovieGenres (MovieID, GenreID) VALUES (724, 15);
INSERT INTO MoviePeople (MovieID, PersonID, RoleID) VALUES (724, 2877, 1);
INSERT INTO MoviePeople (MovieID, PersonID, RoleID) VALUES (724, 1646, 2);
INSERT INTO MoviePeople (MovieID, PersonID, RoleID) VALUES (724, 1364, 3);
INSERT INTO MoviePeople (MovieID, PersonID, RoleID) VALUES (724, 1552, 4);
INSERT INTO MoviePeople (MovieID, PersonID, RoleID) VALUES (724, 2883, 5);

INSERT INTO Movies (MovieID, Series_Title, Released_Year, RuntimeMinutes, Overview, Poster_Link, IMDB_Rating, Meta_score, No_of_Votes, Gross_Revenue, CertificateID) VALUES (725, 'Get Out', 2017.0, 104, 'A young African-American visits his white girlfriend''s parents for the weekend, where his simmering uneasiness about their reception of him eventually reaches a boiling point.', 'https://m.media-amazon.com/images/M/MV5BMjUxMDQwNjcyNl5BMl5BanBnXkFtZTgwNzcwMzc0MTI@._V1_UX67_CR0,0,67,98_AL_.jpg', 7.7, 85.0, 492851, 176040665.0, 9);
INSERT INTO MovieGenres (MovieID, GenreID) VALUES (725, 12);
INSERT INTO MovieGenres (MovieID, GenreID) VALUES (725, 15);
INSERT INTO MovieGenres (MovieID, GenreID) VALUES (725, 19);
INSERT INTO MoviePeople (MovieID, PersonID, RoleID) VALUES (725, 1514, 1);
INSERT INTO MoviePeople (MovieID, PersonID, RoleID) VALUES (725, 596, 2);
INSERT INTO MoviePeople (MovieID, PersonID, RoleID) VALUES (725, 104, 3);
INSERT INTO MoviePeople (MovieID, PersonID, RoleID) VALUES (725, 353, 4);
INSERT INTO MoviePeople (MovieID, PersonID, RoleID) VALUES (725, 446, 5);

INSERT INTO Movies (MovieID, Series_Title, Released_Year, RuntimeMinutes, Overview, Poster_Link, IMDB_Rating, Meta_score, No_of_Votes, Gross_Revenue, CertificateID) VALUES (726, 'Mission: Impossible - Fallout', 2018.0, 147, 'Ethan Hunt and his IMF team, along with some familiar allies, race against time after a mission gone wrong.', 'https://m.media-amazon.com/images/M/MV5BNjRlZmM0ODktY2RjNS00ZDdjLWJhZGYtNDljNWZkMGM5MTg0XkEyXkFqcGdeQXVyNjAwMjI5MDk@._V1_UX67_CR0,0,67,98_AL_.jpg', 7.7, 86.0, 291257, 220159104.0, 15);
INSERT INTO MovieGenres (MovieID, GenreID) VALUES (726, 1);
INSERT INTO MovieGenres (MovieID, GenreID) VALUES (726, 2);
INSERT INTO MovieGenres (MovieID, GenreID) VALUES (726, 19);
INSERT INTO MoviePeople (MovieID, PersonID, RoleID) VALUES (726, 524, 1);
INSERT INTO MoviePeople (MovieID, PersonID, RoleID) VALUES (726, 2947, 2);
INSERT INTO MoviePeople (MovieID, PersonID, RoleID) VALUES (726, 1111, 3);
INSERT INTO MoviePeople (MovieID, PersonID, RoleID) VALUES (726, 3048, 4);
INSERT INTO MoviePeople (MovieID, PersonID, RoleID) VALUES (726, 2758, 5);

INSERT INTO Movies (MovieID, Series_Title, Released_Year, RuntimeMinutes, Overview, Poster_Link, IMDB_Rating, Meta_score, No_of_Votes, Gross_Revenue, CertificateID) VALUES (727, 'En man som heter Ove', 2015.0, 116, 'Ove, an ill-tempered, isolated retiree who spends his days enforcing block association rules and visiting his wife''s grave, has finally given up on life just as an unlikely friendship develops with his boisterous new neighbors.', 'https://m.media-amazon.com/images/M/MV5BMjE0NDUyOTc2MV5BMl5BanBnXkFtZTgwODk2NzU3OTE@._V1_UX67_CR0,0,67,98_AL_.jpg', 7.7, 70.0, 47444, 3358518.0, 7);
INSERT INTO MovieGenres (MovieID, GenreID) VALUES (727, 5);
INSERT INTO MovieGenres (MovieID, GenreID) VALUES (727, 7);
INSERT INTO MovieGenres (MovieID, GenreID) VALUES (727, 16);
INSERT INTO MoviePeople (MovieID, PersonID, RoleID) VALUES (727, 1073, 1);
INSERT INTO MoviePeople (MovieID, PersonID, RoleID) VALUES (727, 2560, 2);
INSERT INTO MoviePeople (MovieID, PersonID, RoleID) VALUES (727, 257, 3);
INSERT INTO MoviePeople (MovieID, PersonID, RoleID) VALUES (727, 873, 4);
INSERT INTO MoviePeople (MovieID, PersonID, RoleID) VALUES (727, 1163, 5);

INSERT INTO Movies (MovieID, Series_Title, Released_Year, RuntimeMinutes, Overview, Poster_Link, IMDB_Rating, Meta_score, No_of_Votes, Gross_Revenue, CertificateID) VALUES (728, 'What We Do in the Shadows', 2014.0, 86, 'Viago, Deacon and Vladislav are vampires who are finding that modern life has them struggling with the mundane - like paying rent, keeping up with the chore wheel, trying to get into nightclubs and overcoming flatmate conflicts.', 'https://m.media-amazon.com/images/M/MV5BMjAwNDA5NzEwM15BMl5BanBnXkFtZTgwMTA1MDUyNDE@._V1_UX67_CR0,0,67,98_AL_.jpg', 7.7, 76.0, 157498, 3333000.0, 9);
INSERT INTO MovieGenres (MovieID, GenreID) VALUES (728, 5);
INSERT INTO MovieGenres (MovieID, GenreID) VALUES (728, 12);
INSERT INTO MoviePeople (MovieID, PersonID, RoleID) VALUES (728, 1349, 1);
INSERT INTO MoviePeople (MovieID, PersonID, RoleID) VALUES (728, 2851, 2);
INSERT INTO MoviePeople (MovieID, PersonID, RoleID) VALUES (728, 1349, 3);
INSERT INTO MoviePeople (MovieID, PersonID, RoleID) VALUES (728, 2851, 4);
INSERT INTO MoviePeople (MovieID, PersonID, RoleID) VALUES (728, 559, 5);

INSERT INTO Movies (MovieID, Series_Title, Released_Year, RuntimeMinutes, Overview, Poster_Link, IMDB_Rating, Meta_score, No_of_Votes, Gross_Revenue, CertificateID) VALUES (729, 'Omoide no Mânî', 2014.0, 103, 'Due to 12 y.o. Anna''s asthma, she''s sent to stay with relatives of her guardian in the Japanese countryside. She likes to be alone, sketching. She befriends Marnie. Who is the mysterious, blonde Marnie.', 'https://m.media-amazon.com/images/M/MV5BZTlmYTJmMWEtNDRhNy00ODc1LTg2OTMtMjk2ODJhNTA4YTE1XkEyXkFqcGdeQXVyMTMxODk2OTU@._V1_UY98_CR0,0,67,98_AL_.jpg', 7.7, 72.0, 32798, 765127.0, 13);
INSERT INTO MovieGenres (MovieID, GenreID) VALUES (729, 3);
INSERT INTO MovieGenres (MovieID, GenreID) VALUES (729, 7);
INSERT INTO MovieGenres (MovieID, GenreID) VALUES (729, 8);
INSERT INTO MoviePeople (MovieID, PersonID, RoleID) VALUES (729, 1262, 1);
INSERT INTO MoviePeople (MovieID, PersonID, RoleID) VALUES (729, 1126, 2);
INSERT INTO MoviePeople (MovieID, PersonID, RoleID) VALUES (729, 2667, 3);
INSERT INTO MoviePeople (MovieID, PersonID, RoleID) VALUES (729, 1615, 4);
INSERT INTO MoviePeople (MovieID, PersonID, RoleID) VALUES (729, 2160, 5);

INSERT INTO Movies (MovieID, Series_Title, Released_Year, RuntimeMinutes, Overview, Poster_Link, IMDB_Rating, Meta_score, No_of_Votes, Gross_Revenue, CertificateID) VALUES (730, 'The Theory of Everything', 2014.0, 123, 'A look at the relationship between the famous physicist Stephen Hawking and his wife.', 'https://m.media-amazon.com/images/M/MV5BMTAwMTU4MDA3NDNeQTJeQWpwZ15BbWU4MDk4NTMxNTIx._V1_UX67_CR0,0,67,98_AL_.jpg', 7.7, 72.0, 404182, 35893537.0, 13);
INSERT INTO MovieGenres (MovieID, GenreID) VALUES (730, 4);
INSERT INTO MovieGenres (MovieID, GenreID) VALUES (730, 7);
INSERT INTO MovieGenres (MovieID, GenreID) VALUES (730, 16);
INSERT INTO MoviePeople (MovieID, PersonID, RoleID) VALUES (730, 1256, 1);
INSERT INTO MoviePeople (MovieID, PersonID, RoleID) VALUES (730, 739, 2);
INSERT INTO MoviePeople (MovieID, PersonID, RoleID) VALUES (730, 864, 3);
INSERT INTO MoviePeople (MovieID, PersonID, RoleID) VALUES (730, 2957, 4);
INSERT INTO MoviePeople (MovieID, PersonID, RoleID) VALUES (730, 2781, 5);

INSERT INTO Movies (MovieID, Series_Title, Released_Year, RuntimeMinutes, Overview, Poster_Link, IMDB_Rating, Meta_score, No_of_Votes, Gross_Revenue, CertificateID) VALUES (731, 'Kingsman: The Secret Service', 2014.0, 129, 'A spy organisation recruits a promising street kid into the agency''s training program, while a global threat emerges from a twisted tech genius.', 'https://m.media-amazon.com/images/M/MV5BYTM3ZTllNzItNTNmOS00NzJiLTg1MWMtMjMxNDc0NmJhODU5XkEyXkFqcGdeQXVyODE5NzE3OTE@._V1_UX67_CR0,0,67,98_AL_.jpg', 7.7, 60.0, 590440, 128261724.0, 2);
INSERT INTO MovieGenres (MovieID, GenreID) VALUES (731, 1);
INSERT INTO MovieGenres (MovieID, GenreID) VALUES (731, 2);
INSERT INTO MovieGenres (MovieID, GenreID) VALUES (731, 5);
INSERT INTO MoviePeople (MovieID, PersonID, RoleID) VALUES (731, 1995, 1);
INSERT INTO MoviePeople (MovieID, PersonID, RoleID) VALUES (731, 553, 2);
INSERT INTO MoviePeople (MovieID, PersonID, RoleID) VALUES (731, 2867, 3);
INSERT INTO MoviePeople (MovieID, PersonID, RoleID) VALUES (731, 2655, 4);
INSERT INTO MoviePeople (MovieID, PersonID, RoleID) VALUES (731, 2046, 5);

INSERT INTO Movies (MovieID, Series_Title, Released_Year, RuntimeMinutes, Overview, Poster_Link, IMDB_Rating, Meta_score, No_of_Votes, Gross_Revenue, CertificateID) VALUES (732, 'The Fault in Our Stars', 2014.0, 126, 'Two teenage cancer patients begin a life-affirming journey to visit a reclusive author in Amsterdam.', 'https://m.media-amazon.com/images/M/MV5BNTVkMTFiZWItOTFkOC00YTc3LWFhYzQtZTg3NzAxZjJlNTAyXkEyXkFqcGdeQXVyODE5NzE3OTE@._V1_UX67_CR0,0,67,98_AL_.jpg', 7.7, 69.0, 344312, 124872350.0, 15);
INSERT INTO MovieGenres (MovieID, GenreID) VALUES (732, 7);
INSERT INTO MovieGenres (MovieID, GenreID) VALUES (732, 16);
INSERT INTO MoviePeople (MovieID, PersonID, RoleID) VALUES (732, 1528, 1);
INSERT INTO MoviePeople (MovieID, PersonID, RoleID) VALUES (732, 2718, 2);
INSERT INTO MoviePeople (MovieID, PersonID, RoleID) VALUES (732, 187, 3);
INSERT INTO MoviePeople (MovieID, PersonID, RoleID) VALUES (732, 2170, 4);
INSERT INTO MoviePeople (MovieID, PersonID, RoleID) VALUES (732, 1733, 5);

INSERT INTO Movies (MovieID, Series_Title, Released_Year, RuntimeMinutes, Overview, Poster_Link, IMDB_Rating, Meta_score, No_of_Votes, Gross_Revenue, CertificateID) VALUES (733, 'Me and Earl and the Dying Girl', 2015.0, 105, 'High schooler Greg, who spends most of his time making parodies of classic movies with his co-worker Earl, finds his outlook forever altered after befriending a classmate who has just been diagnosed with cancer.', 'https://m.media-amazon.com/images/M/MV5BNTA1NzUzNjY4MV5BMl5BanBnXkFtZTgwNDU0MDI0NTE@._V1_UX67_CR0,0,67,98_AL_.jpg', 7.7, 74.0, 123210, 6743776.0, 7);
INSERT INTO MovieGenres (MovieID, GenreID) VALUES (733, 5);
INSERT INTO MovieGenres (MovieID, GenreID) VALUES (733, 7);
INSERT INTO MoviePeople (MovieID, PersonID, RoleID) VALUES (733, 91, 1);
INSERT INTO MoviePeople (MovieID, PersonID, RoleID) VALUES (733, 2914, 2);
INSERT INTO MoviePeople (MovieID, PersonID, RoleID) VALUES (733, 2394, 3);
INSERT INTO MoviePeople (MovieID, PersonID, RoleID) VALUES (733, 2248, 4);
INSERT INTO MoviePeople (MovieID, PersonID, RoleID) VALUES (733, 2198, 5);

INSERT INTO Movies (MovieID, Series_Title, Released_Year, RuntimeMinutes, Overview, Poster_Link, IMDB_Rating, Meta_score, No_of_Votes, Gross_Revenue, CertificateID) VALUES (734, 'Birdman or (The Unexpected Virtue of Ignorance)', 2014.0, 119, 'A washed-up superhero actor attempts to revive his fading career by writing, directing, and starring in a Broadway production.', 'https://m.media-amazon.com/images/M/MV5BODAzNDMxMzAxOV5BMl5BanBnXkFtZTgwMDMxMjA4MjE@._V1_UX67_CR0,0,67,98_AL_.jpg', 7.7, 87.0, 580291, 42340598.0, 2);
INSERT INTO MovieGenres (MovieID, GenreID) VALUES (734, 5);
INSERT INTO MovieGenres (MovieID, GenreID) VALUES (734, 7);
INSERT INTO MoviePeople (MovieID, PersonID, RoleID) VALUES (734, 70, 1);
INSERT INTO MoviePeople (MovieID, PersonID, RoleID) VALUES (734, 2057, 2);
INSERT INTO MoviePeople (MovieID, PersonID, RoleID) VALUES (734, 3178, 3);
INSERT INTO MoviePeople (MovieID, PersonID, RoleID) VALUES (734, 756, 4);
INSERT INTO MoviePeople (MovieID, PersonID, RoleID) VALUES (734, 131, 5);

INSERT INTO Movies (MovieID, Series_Title, Released_Year, RuntimeMinutes, Overview, Poster_Link, IMDB_Rating, Meta_score, No_of_Votes, Gross_Revenue, CertificateID) VALUES (735, 'La vie d''Adèle', 2013.0, 180, 'Adèle''s life is changed when she meets Emma, a young woman with blue hair, who will allow her to discover desire and to assert herself as a woman and as an adult. In front of others, Adèle grows, seeks herself, loses herself, and ultimately finds herself through love and loss.', 'https://m.media-amazon.com/images/M/MV5BMTQ5NTg5ODk4OV5BMl5BanBnXkFtZTgwODc4MTMzMDE@._V1_UX67_CR0,0,67,98_AL_.jpg', 7.7, 89.0, 138741, 2199675.0, 2);
INSERT INTO MovieGenres (MovieID, GenreID) VALUES (735, 7);
INSERT INTO MovieGenres (MovieID, GenreID) VALUES (735, 16);
INSERT INTO MoviePeople (MovieID, PersonID, RoleID) VALUES (735, 7, 1);
INSERT INTO MoviePeople (MovieID, PersonID, RoleID) VALUES (735, 1853, 2);
INSERT INTO MoviePeople (MovieID, PersonID, RoleID) VALUES (735, 25, 3);
INSERT INTO MoviePeople (MovieID, PersonID, RoleID) VALUES (735, 2633, 4);
INSERT INTO MoviePeople (MovieID, PersonID, RoleID) VALUES (735, 246, 5);

INSERT INTO Movies (MovieID, Series_Title, Released_Year, RuntimeMinutes, Overview, Poster_Link, IMDB_Rating, Meta_score, No_of_Votes, Gross_Revenue, CertificateID) VALUES (736, 'Kai po che!', 2013.0, 130, 'Three friends growing up in India at the turn of the millennium set out to open a training academy to produce the country''s next cricket stars.', 'https://m.media-amazon.com/images/M/MV5BMTgwNTAwMjEzMF5BMl5BanBnXkFtZTcwNzMzODY4OA@@._V1_UY98_CR3,0,67,98_AL_.jpg', 7.7, 40.0, 32628, 1122527.0, 13);
INSERT INTO MovieGenres (MovieID, GenreID) VALUES (736, 7);
INSERT INTO MovieGenres (MovieID, GenreID) VALUES (736, 18);
INSERT INTO MoviePeople (MovieID, PersonID, RoleID) VALUES (736, 10, 1);
INSERT INTO MoviePeople (MovieID, PersonID, RoleID) VALUES (736, 111, 2);
INSERT INTO MoviePeople (MovieID, PersonID, RoleID) VALUES (736, 2835, 3);
INSERT INTO MoviePeople (MovieID, PersonID, RoleID) VALUES (736, 2413, 4);
INSERT INTO MoviePeople (MovieID, PersonID, RoleID) VALUES (736, 116, 5);

INSERT INTO Movies (MovieID, Series_Title, Released_Year, RuntimeMinutes, Overview, Poster_Link, IMDB_Rating, Meta_score, No_of_Votes, Gross_Revenue, CertificateID) VALUES (737, 'The Broken Circle Breakdown', 2012.0, 111, 'Elise and Didier fall in love at first sight, in spite of their differences. He talks, she listens. He''s a romantic atheist, she''s a religious realist. When their daughter becomes seriously ill, their love is put on trial.', 'https://m.media-amazon.com/images/M/MV5BMTQzMzg2Nzg2MF5BMl5BanBnXkFtZTgwNjUzNzIzMDE@._V1_UX67_CR0,0,67,98_AL_.jpg', 7.7, 70.0, 39379, 175058.0, NULL);
INSERT INTO MovieGenres (MovieID, GenreID) VALUES (737, 7);
INSERT INTO MovieGenres (MovieID, GenreID) VALUES (737, 13);
INSERT INTO MovieGenres (MovieID, GenreID) VALUES (737, 16);
INSERT INTO MoviePeople (MovieID, PersonID, RoleID) VALUES (737, 866, 1);
INSERT INTO MoviePeople (MovieID, PersonID, RoleID) VALUES (737, 3019, 2);
INSERT INTO MoviePeople (MovieID, PersonID, RoleID) VALUES (737, 1422, 3);
INSERT INTO MoviePeople (MovieID, PersonID, RoleID) VALUES (737, 2190, 4);
INSERT INTO MoviePeople (MovieID, PersonID, RoleID) VALUES (737, 956, 5);

INSERT INTO Movies (MovieID, Series_Title, Released_Year, RuntimeMinutes, Overview, Poster_Link, IMDB_Rating, Meta_score, No_of_Votes, Gross_Revenue, CertificateID) VALUES (738, 'Captain America: The Winter Soldier', 2014.0, 136, 'As Steve Rogers struggles to embrace his role in the modern world, he teams up with a fellow Avenger and S.H.I.E.L.D agent, Black Widow, to battle a new threat from history: an assassin known as the Winter Soldier.', 'https://m.media-amazon.com/images/M/MV5BMzA2NDkwODAwM15BMl5BanBnXkFtZTgwODk5MTgzMTE@._V1_UY98_CR0,0,67,98_AL_.jpg', 7.7, 70.0, 736182, 259766572.0, 15);
INSERT INTO MovieGenres (MovieID, GenreID) VALUES (738, 1);
INSERT INTO MovieGenres (MovieID, GenreID) VALUES (738, 2);
INSERT INTO MovieGenres (MovieID, GenreID) VALUES (738, 17);
INSERT INTO MoviePeople (MovieID, PersonID, RoleID) VALUES (738, 197, 1);
INSERT INTO MoviePeople (MovieID, PersonID, RoleID) VALUES (738, 1415, 2);
INSERT INTO MoviePeople (MovieID, PersonID, RoleID) VALUES (738, 498, 3);
INSERT INTO MoviePeople (MovieID, PersonID, RoleID) VALUES (738, 2655, 4);
INSERT INTO MoviePeople (MovieID, PersonID, RoleID) VALUES (738, 2682, 5);

INSERT INTO Movies (MovieID, Series_Title, Released_Year, RuntimeMinutes, Overview, Poster_Link, IMDB_Rating, Meta_score, No_of_Votes, Gross_Revenue, CertificateID) VALUES (739, 'Rockstar', 2011.0, 159, 'Janardhan Jakhar chases his dreams of becoming a big Rock star, during which he falls in love with Heer.', 'https://m.media-amazon.com/images/M/MV5BOTc3NzAxMjg4M15BMl5BanBnXkFtZTcwMDc2ODQwNw@@._V1_UY98_CR3,0,67,98_AL_.jpg', 7.7, NULL, 39501, 985912.0, 15);
INSERT INTO MovieGenres (MovieID, GenreID) VALUES (739, 7);
INSERT INTO MovieGenres (MovieID, GenreID) VALUES (739, 13);
INSERT INTO MovieGenres (MovieID, GenreID) VALUES (739, 14);
INSERT INTO MoviePeople (MovieID, PersonID, RoleID) VALUES (739, 1170, 1);
INSERT INTO MoviePeople (MovieID, PersonID, RoleID) VALUES (739, 2429, 2);
INSERT INTO MoviePeople (MovieID, PersonID, RoleID) VALUES (739, 2166, 3);
INSERT INTO MoviePeople (MovieID, PersonID, RoleID) VALUES (739, 2720, 4);
INSERT INTO MoviePeople (MovieID, PersonID, RoleID) VALUES (739, 1711, 5);

INSERT INTO Movies (MovieID, Series_Title, Released_Year, RuntimeMinutes, Overview, Poster_Link, IMDB_Rating, Meta_score, No_of_Votes, Gross_Revenue, CertificateID) VALUES (740, 'Nebraska', 2013.0, 115, 'An aging, booze-addled father makes the trip from Montana to Nebraska with his estranged son in order to claim a million-dollar Mega Sweepstakes Marketing prize.', 'https://m.media-amazon.com/images/M/MV5BOGQzODdlMDktNzU4ZC00N2M3LWFkYTAtYTM1NTE0ZWI5YTg4XkEyXkFqcGdeQXVyMTA1NTM1NDI2._V1_UX67_CR0,0,67,98_AL_.jpg', 7.7, 87.0, 112298, 17654912.0, 15);
INSERT INTO MovieGenres (MovieID, GenreID) VALUES (740, 2);
INSERT INTO MovieGenres (MovieID, GenreID) VALUES (740, 5);
INSERT INTO MovieGenres (MovieID, GenreID) VALUES (740, 7);
INSERT INTO MoviePeople (MovieID, PersonID, RoleID) VALUES (740, 84, 1);
INSERT INTO MoviePeople (MovieID, PersonID, RoleID) VALUES (740, 380, 2);
INSERT INTO MoviePeople (MovieID, PersonID, RoleID) VALUES (740, 3098, 3);
INSERT INTO MoviePeople (MovieID, PersonID, RoleID) VALUES (740, 1574, 4);
INSERT INTO MoviePeople (MovieID, PersonID, RoleID) VALUES (740, 332, 5);

INSERT INTO Movies (MovieID, Series_Title, Released_Year, RuntimeMinutes, Overview, Poster_Link, IMDB_Rating, Meta_score, No_of_Votes, Gross_Revenue, CertificateID) VALUES (741, 'Wreck-It Ralph', 2012.0, 101, 'A video game villain wants to be a hero and sets out to fulfill his dream, but his quest brings havoc to the whole arcade where he lives.', 'https://m.media-amazon.com/images/M/MV5BNzMxNTExOTkyMF5BMl5BanBnXkFtZTcwMzEyNDc0OA@@._V1_UX67_CR0,0,67,98_AL_.jpg', 7.7, 72.0, 380195, 189422889.0, 13);
INSERT INTO MovieGenres (MovieID, GenreID) VALUES (741, 3);
INSERT INTO MovieGenres (MovieID, GenreID) VALUES (741, 2);
INSERT INTO MovieGenres (MovieID, GenreID) VALUES (741, 5);
INSERT INTO MoviePeople (MovieID, PersonID, RoleID) VALUES (741, 2465, 1);
INSERT INTO MoviePeople (MovieID, PersonID, RoleID) VALUES (741, 1430, 2);
INSERT INTO MoviePeople (MovieID, PersonID, RoleID) VALUES (741, 1213, 3);
INSERT INTO MoviePeople (MovieID, PersonID, RoleID) VALUES (741, 1282, 4);
INSERT INTO MoviePeople (MovieID, PersonID, RoleID) VALUES (741, 2674, 5);

INSERT INTO Movies (MovieID, Series_Title, Released_Year, RuntimeMinutes, Overview, Poster_Link, IMDB_Rating, Meta_score, No_of_Votes, Gross_Revenue, CertificateID) VALUES (742, 'Le Petit Prince', 2015.0, 108, 'A little girl lives in a very grown-up world with her mother, who tries to prepare her for it. Her neighbor, the Aviator, introduces the girl to an extraordinary world where anything is possible, the world of the Little Prince.', 'https://m.media-amazon.com/images/M/MV5BNjg0OTM5OTQyNV5BMl5BanBnXkFtZTgwNDg5NDQ0NTE@._V1_UY98_CR2,0,67,98_AL_.jpg', 7.7, 70.0, 56720, 1339152.0, 6);
INSERT INTO MovieGenres (MovieID, GenreID) VALUES (742, 3);
INSERT INTO MovieGenres (MovieID, GenreID) VALUES (742, 2);
INSERT INTO MovieGenres (MovieID, GenreID) VALUES (742, 7);
INSERT INTO MoviePeople (MovieID, PersonID, RoleID) VALUES (742, 1935, 1);
INSERT INTO MoviePeople (MovieID, PersonID, RoleID) VALUES (742, 1340, 2);
INSERT INTO MoviePeople (MovieID, PersonID, RoleID) VALUES (742, 1860, 3);
INSERT INTO MoviePeople (MovieID, PersonID, RoleID) VALUES (742, 2397, 4);
INSERT INTO MoviePeople (MovieID, PersonID, RoleID) VALUES (742, 1924, 5);

INSERT INTO Movies (MovieID, Series_Title, Released_Year, RuntimeMinutes, Overview, Poster_Link, IMDB_Rating, Meta_score, No_of_Votes, Gross_Revenue, CertificateID) VALUES (743, 'Detachment', 2011.0, 98, 'A substitute teacher who drifts from classroom to classroom finds a connection to the students and teachers during his latest assignment.', 'https://m.media-amazon.com/images/M/MV5BMTM3NzQzMDA5Ml5BMl5BanBnXkFtZTcwODA5NTcyNw@@._V1_UY98_CR0,0,67,98_AL_.jpg', 7.7, 52.0, 77071, 71177.0, NULL);
INSERT INTO MovieGenres (MovieID, GenreID) VALUES (743, 7);
INSERT INTO MoviePeople (MovieID, PersonID, RoleID) VALUES (743, 2974, 1);
INSERT INTO MoviePeople (MovieID, PersonID, RoleID) VALUES (743, 24, 2);
INSERT INTO MoviePeople (MovieID, PersonID, RoleID) VALUES (743, 514, 3);
INSERT INTO MoviePeople (MovieID, PersonID, RoleID) VALUES (743, 1898, 4);
INSERT INTO MoviePeople (MovieID, PersonID, RoleID) VALUES (743, 1844, 5);

INSERT INTO Movies (MovieID, Series_Title, Released_Year, RuntimeMinutes, Overview, Poster_Link, IMDB_Rating, Meta_score, No_of_Votes, Gross_Revenue, CertificateID) VALUES (744, 'Midnight in Paris', 2011.0, 96, 'While on a trip to Paris with his fiancée''s family, a nostalgic screenwriter finds himself mysteriously going back to the 1920s every day at midnight.', 'https://m.media-amazon.com/images/M/MV5BMTM4NjY1MDQwMl5BMl5BanBnXkFtZTcwNTI3Njg3NA@@._V1_UX67_CR0,0,67,98_AL_.jpg', 7.7, 81.0, 388089, 56816662.0, 7);
INSERT INTO MovieGenres (MovieID, GenreID) VALUES (744, 5);
INSERT INTO MovieGenres (MovieID, GenreID) VALUES (744, 9);
INSERT INTO MovieGenres (MovieID, GenreID) VALUES (744, 16);
INSERT INTO MoviePeople (MovieID, PersonID, RoleID) VALUES (744, 3129, 1);
INSERT INTO MoviePeople (MovieID, PersonID, RoleID) VALUES (744, 2268, 2);
INSERT INTO MoviePeople (MovieID, PersonID, RoleID) VALUES (744, 2397, 3);
INSERT INTO MoviePeople (MovieID, PersonID, RoleID) VALUES (744, 1625, 4);
INSERT INTO MoviePeople (MovieID, PersonID, RoleID) VALUES (744, 1712, 5);

INSERT INTO Movies (MovieID, Series_Title, Released_Year, RuntimeMinutes, Overview, Poster_Link, IMDB_Rating, Meta_score, No_of_Votes, Gross_Revenue, CertificateID) VALUES (745, 'The Lego Movie', 2014.0, 100, 'An ordinary LEGO construction worker, thought to be the prophesied as "special", is recruited to join a quest to stop an evil tyrant from gluing the LEGO universe into eternal stasis.', 'https://m.media-amazon.com/images/M/MV5BMTg4MDk1ODExN15BMl5BanBnXkFtZTgwNzIyNjg3MDE@._V1_UX67_CR0,0,67,98_AL_.jpg', 7.7, 83.0, 323982, 257760692.0, 13);
INSERT INTO MovieGenres (MovieID, GenreID) VALUES (745, 3);
INSERT INTO MovieGenres (MovieID, GenreID) VALUES (745, 1);
INSERT INTO MovieGenres (MovieID, GenreID) VALUES (745, 2);
INSERT INTO MoviePeople (MovieID, PersonID, RoleID) VALUES (745, 525, 1);
INSERT INTO MoviePeople (MovieID, PersonID, RoleID) VALUES (745, 2357, 2);
INSERT INTO MoviePeople (MovieID, PersonID, RoleID) VALUES (745, 504, 3);
INSERT INTO MoviePeople (MovieID, PersonID, RoleID) VALUES (745, 3097, 4);
INSERT INTO MoviePeople (MovieID, PersonID, RoleID) VALUES (745, 782, 5);

INSERT INTO Movies (MovieID, Series_Title, Released_Year, RuntimeMinutes, Overview, Poster_Link, IMDB_Rating, Meta_score, No_of_Votes, Gross_Revenue, CertificateID) VALUES (746, 'Gravity', 2013.0, 91, 'Two astronauts work together to survive after an accident leaves them stranded in space.', 'https://m.media-amazon.com/images/M/MV5BNjE5MzYwMzYxMF5BMl5BanBnXkFtZTcwOTk4MTk0OQ@@._V1_UX67_CR0,0,67,98_AL_.jpg', 7.7, 96.0, 769145, 274092705.0, 15);
INSERT INTO MovieGenres (MovieID, GenreID) VALUES (746, 7);
INSERT INTO MovieGenres (MovieID, GenreID) VALUES (746, 17);
INSERT INTO MovieGenres (MovieID, GenreID) VALUES (746, 19);
INSERT INTO MoviePeople (MovieID, PersonID, RoleID) VALUES (746, 90, 1);
INSERT INTO MoviePeople (MovieID, PersonID, RoleID) VALUES (746, 2657, 2);
INSERT INTO MoviePeople (MovieID, PersonID, RoleID) VALUES (746, 971, 3);
INSERT INTO MoviePeople (MovieID, PersonID, RoleID) VALUES (746, 734, 4);
INSERT INTO MoviePeople (MovieID, PersonID, RoleID) VALUES (746, 2260, 5);

INSERT INTO Movies (MovieID, Series_Title, Released_Year, RuntimeMinutes, Overview, Poster_Link, IMDB_Rating, Meta_score, No_of_Votes, Gross_Revenue, CertificateID) VALUES (747, 'Star Trek Into Darkness', 2013.0, 132, 'After the crew of the Enterprise find an unstoppable force of terror from within their own organization, Captain Kirk leads a manhunt to a war-zone world to capture a one-man weapon of mass destruction.', 'https://m.media-amazon.com/images/M/MV5BMTk2NzczOTgxNF5BMl5BanBnXkFtZTcwODQ5ODczOQ@@._V1_UX67_CR0,0,67,98_AL_.jpg', 7.7, 72.0, 463188, 228778661.0, 15);
INSERT INTO MovieGenres (MovieID, GenreID) VALUES (747, 1);
INSERT INTO MovieGenres (MovieID, GenreID) VALUES (747, 2);
INSERT INTO MovieGenres (MovieID, GenreID) VALUES (747, 17);
INSERT INTO MoviePeople (MovieID, PersonID, RoleID) VALUES (747, 1202, 1);
INSERT INTO MoviePeople (MovieID, PersonID, RoleID) VALUES (747, 503, 2);
INSERT INTO MoviePeople (MovieID, PersonID, RoleID) VALUES (747, 3181, 3);
INSERT INTO MoviePeople (MovieID, PersonID, RoleID) VALUES (747, 3192, 4);
INSERT INTO MoviePeople (MovieID, PersonID, RoleID) VALUES (747, 287, 5);

INSERT INTO Movies (MovieID, Series_Title, Released_Year, RuntimeMinutes, Overview, Poster_Link, IMDB_Rating, Meta_score, No_of_Votes, Gross_Revenue, CertificateID) VALUES (748, 'Beasts of No Nation', 2015.0, 137, 'A drama based on the experiences of Agu, a child soldier fighting in the civil war of an unnamed African country.', 'https://m.media-amazon.com/images/M/MV5BMTYwMzMzMDI0NF5BMl5BanBnXkFtZTgwNDQ3NjI3NjE@._V1_UX67_CR0,0,67,98_AL_.jpg', 7.7, 79.0, 73964, 83861.0, NULL);
INSERT INTO MovieGenres (MovieID, GenreID) VALUES (748, 7);
INSERT INTO MovieGenres (MovieID, GenreID) VALUES (748, 20);
INSERT INTO MoviePeople (MovieID, PersonID, RoleID) VALUES (748, 441, 1);
INSERT INTO MoviePeople (MovieID, PersonID, RoleID) VALUES (748, 12, 2);
INSERT INTO MoviePeople (MovieID, PersonID, RoleID) VALUES (748, 811, 3);
INSERT INTO MoviePeople (MovieID, PersonID, RoleID) VALUES (748, 2496, 4);
INSERT INTO MoviePeople (MovieID, PersonID, RoleID) VALUES (748, 136, 5);

INSERT INTO Movies (MovieID, Series_Title, Released_Year, RuntimeMinutes, Overview, Poster_Link, IMDB_Rating, Meta_score, No_of_Votes, Gross_Revenue, CertificateID) VALUES (749, 'The Social Network', 2010.0, 120, 'As Harvard student Mark Zuckerberg creates the social networking site that would become known as Facebook, he is sued by the twins who claimed he stole their idea, and by the co-founder who was later squeezed out of the business.', 'https://m.media-amazon.com/images/M/MV5BOGUyZDUxZjEtMmIzMC00MzlmLTg4MGItZWJmMzBhZjE0Mjc1XkEyXkFqcGdeQXVyMTMxODk2OTU@._V1_UX67_CR0,0,67,98_AL_.jpg', 7.7, 95.0, 624982, 96962694.0, 15);
INSERT INTO MovieGenres (MovieID, GenreID) VALUES (749, 4);
INSERT INTO MovieGenres (MovieID, GenreID) VALUES (749, 7);
INSERT INTO MoviePeople (MovieID, PersonID, RoleID) VALUES (749, 630, 1);
INSERT INTO MoviePeople (MovieID, PersonID, RoleID) VALUES (749, 1374, 2);
INSERT INTO MoviePeople (MovieID, PersonID, RoleID) VALUES (749, 138, 3);
INSERT INTO MoviePeople (MovieID, PersonID, RoleID) VALUES (749, 1581, 4);
INSERT INTO MoviePeople (MovieID, PersonID, RoleID) VALUES (749, 2572, 5);

INSERT INTO Movies (MovieID, Series_Title, Released_Year, RuntimeMinutes, Overview, Poster_Link, IMDB_Rating, Meta_score, No_of_Votes, Gross_Revenue, CertificateID) VALUES (750, 'X: First Class', 2011.0, 131, 'In the 1960s, superpowered humans Charles Xavier and Erik Lensherr work together to find others like them, but Erik''s vengeful pursuit of an ambitious mutant who ruined his life causes a schism to divide them.', 'https://m.media-amazon.com/images/M/MV5BMTg5OTMxNzk4Nl5BMl5BanBnXkFtZTcwOTk1MjAwNQ@@._V1_UX67_CR0,0,67,98_AL_.jpg', 7.7, 65.0, 645512, 146408305.0, 15);
INSERT INTO MovieGenres (MovieID, GenreID) VALUES (750, 1);
INSERT INTO MovieGenres (MovieID, GenreID) VALUES (750, 2);
INSERT INTO MovieGenres (MovieID, GenreID) VALUES (750, 17);
INSERT INTO MoviePeople (MovieID, PersonID, RoleID) VALUES (750, 1995, 1);
INSERT INTO MoviePeople (MovieID, PersonID, RoleID) VALUES (750, 1258, 2);
INSERT INTO MoviePeople (MovieID, PersonID, RoleID) VALUES (750, 2052, 3);
INSERT INTO MoviePeople (MovieID, PersonID, RoleID) VALUES (750, 1356, 4);
INSERT INTO MoviePeople (MovieID, PersonID, RoleID) VALUES (750, 1663, 5);

INSERT INTO Movies (MovieID, Series_Title, Released_Year, RuntimeMinutes, Overview, Poster_Link, IMDB_Rating, Meta_score, No_of_Votes, Gross_Revenue, CertificateID) VALUES (751, 'The Hangover', 2009.0, 100, 'Three buddies wake up from a bachelor party in Las Vegas, with no memory of the previous night and the bachelor missing. They make their way around the city in order to find their friend before his wedding.', 'https://m.media-amazon.com/images/M/MV5BNGQwZjg5YmYtY2VkNC00NzliLTljYTctNzI5NmU3MjE2ODQzXkEyXkFqcGdeQXVyNzkwMjQ5NzM@._V1_UX67_CR0,0,67,98_AL_.jpg', 7.7, 73.0, 717559, 277322503.0, 15);
INSERT INTO MovieGenres (MovieID, GenreID) VALUES (751, 5);
INSERT INTO MoviePeople (MovieID, PersonID, RoleID) VALUES (751, 2943, 1);
INSERT INTO MoviePeople (MovieID, PersonID, RoleID) VALUES (751, 3178, 2);
INSERT INTO MoviePeople (MovieID, PersonID, RoleID) VALUES (751, 352, 3);
INSERT INTO MoviePeople (MovieID, PersonID, RoleID) VALUES (751, 1577, 4);
INSERT INTO MoviePeople (MovieID, PersonID, RoleID) VALUES (751, 735, 5);

INSERT INTO Movies (MovieID, Series_Title, Released_Year, RuntimeMinutes, Overview, Poster_Link, IMDB_Rating, Meta_score, No_of_Votes, Gross_Revenue, CertificateID) VALUES (752, 'Skyfall', 2012.0, 143, 'James Bond''s loyalty to M is tested when her past comes back to haunt her. When MI6 comes under attack, 007 must track down and destroy the threat, no matter how personal the cost.', 'https://m.media-amazon.com/images/M/MV5BMWZiNjE2OWItMTkwNy00ZWQzLWI0NTgtMWE0NjNiYTljN2Q1XkEyXkFqcGdeQXVyNzAwMjYxMzA@._V1_UX67_CR0,0,67,98_AL_.jpg', 7.7, 81.0, 630614, 304360277.0, 15);
INSERT INTO MovieGenres (MovieID, GenreID) VALUES (752, 1);
INSERT INTO MovieGenres (MovieID, GenreID) VALUES (752, 2);
INSERT INTO MovieGenres (MovieID, GenreID) VALUES (752, 19);
INSERT INTO MoviePeople (MovieID, PersonID, RoleID) VALUES (752, 2640, 1);
INSERT INTO MoviePeople (MovieID, PersonID, RoleID) VALUES (752, 593, 2);
INSERT INTO MoviePeople (MovieID, PersonID, RoleID) VALUES (752, 1304, 3);
INSERT INTO MoviePeople (MovieID, PersonID, RoleID) VALUES (752, 2165, 4);
INSERT INTO MoviePeople (MovieID, PersonID, RoleID) VALUES (752, 1546, 5);

INSERT INTO Movies (MovieID, Series_Title, Released_Year, RuntimeMinutes, Overview, Poster_Link, IMDB_Rating, Meta_score, No_of_Votes, Gross_Revenue, CertificateID) VALUES (753, 'Silver Linings Playbook', 2012.0, 122, 'After a stint in a mental institution, former teacher Pat Solitano moves back in with his parents and tries to reconcile with his ex-wife. Things get more challenging when Pat meets Tiffany, a mysterious girl with problems of her own.', 'https://m.media-amazon.com/images/M/MV5BMTM2MTI5NzA3MF5BMl5BanBnXkFtZTcwODExNTc0OA@@._V1_UX67_CR0,0,67,98_AL_.jpg', 7.7, 81.0, 661871, 132092958.0, 2);
INSERT INTO MovieGenres (MovieID, GenreID) VALUES (753, 5);
INSERT INTO MovieGenres (MovieID, GenreID) VALUES (753, 7);
INSERT INTO MovieGenres (MovieID, GenreID) VALUES (753, 16);
INSERT INTO MoviePeople (MovieID, PersonID, RoleID) VALUES (753, 642, 1);
INSERT INTO MoviePeople (MovieID, PersonID, RoleID) VALUES (753, 352, 2);
INSERT INTO MoviePeople (MovieID, PersonID, RoleID) VALUES (753, 1356, 3);
INSERT INTO MoviePeople (MovieID, PersonID, RoleID) VALUES (753, 2517, 4);
INSERT INTO MoviePeople (MovieID, PersonID, RoleID) VALUES (753, 1219, 5);

INSERT INTO Movies (MovieID, Series_Title, Released_Year, RuntimeMinutes, Overview, Poster_Link, IMDB_Rating, Meta_score, No_of_Votes, Gross_Revenue, CertificateID) VALUES (754, 'Argo', 2012.0, 120, 'Acting under the cover of a Hollywood producer scouting a location for a science fiction film, a CIA agent launches a dangerous operation to rescue six Americans in Tehran during the U.S. hostage crisis in Iran in 1979.', 'https://m.media-amazon.com/images/M/MV5BNzljNjY3MDYtYzc0Ni00YjU0LWIyNDUtNTE0ZDRiMGExMjZlXkEyXkFqcGdeQXVyMTMxODk2OTU@._V1_UX67_CR0,0,67,98_AL_.jpg', 7.7, 86.0, 572581, 136025503.0, 2);
INSERT INTO MovieGenres (MovieID, GenreID) VALUES (754, 4);
INSERT INTO MovieGenres (MovieID, GenreID) VALUES (754, 7);
INSERT INTO MovieGenres (MovieID, GenreID) VALUES (754, 19);
INSERT INTO MoviePeople (MovieID, PersonID, RoleID) VALUES (754, 278, 1);
INSERT INTO MoviePeople (MovieID, PersonID, RoleID) VALUES (754, 278, 2);
INSERT INTO MoviePeople (MovieID, PersonID, RoleID) VALUES (754, 389, 3);
INSERT INTO MoviePeople (MovieID, PersonID, RoleID) VALUES (754, 1452, 4);
INSERT INTO MoviePeople (MovieID, PersonID, RoleID) VALUES (754, 50, 5);

INSERT INTO Movies (MovieID, Series_Title, Released_Year, RuntimeMinutes, Overview, Poster_Link, IMDB_Rating, Meta_score, No_of_Votes, Gross_Revenue, CertificateID) VALUES (755, '(500) Days of Summer', 2009.0, 95, 'An offbeat romantic comedy about a woman who doesn''t believe true love exists, and the young man who falls for her.', 'https://m.media-amazon.com/images/M/MV5BMTk5MjM4OTU1OV5BMl5BanBnXkFtZTcwODkzNDIzMw@@._V1_UX67_CR0,0,67,98_AL_.jpg', 7.7, 76.0, 472242, 32391374.0, 15);
INSERT INTO MovieGenres (MovieID, GenreID) VALUES (755, 5);
INSERT INTO MovieGenres (MovieID, GenreID) VALUES (755, 7);
INSERT INTO MovieGenres (MovieID, GenreID) VALUES (755, 16);
INSERT INTO MoviePeople (MovieID, PersonID, RoleID) VALUES (755, 1894, 1);
INSERT INTO MoviePeople (MovieID, PersonID, RoleID) VALUES (755, 3193, 2);
INSERT INTO MoviePeople (MovieID, PersonID, RoleID) VALUES (755, 1521, 3);
INSERT INTO MoviePeople (MovieID, PersonID, RoleID) VALUES (755, 967, 4);
INSERT INTO MoviePeople (MovieID, PersonID, RoleID) VALUES (755, 490, 5);

INSERT INTO Movies (MovieID, Series_Title, Released_Year, RuntimeMinutes, Overview, Poster_Link, IMDB_Rating, Meta_score, No_of_Votes, Gross_Revenue, CertificateID) VALUES (756, 'Harry Potter and the Deathly Hallows: Part 1', 2010.0, 146, 'As Harry, Ron, and Hermione race against time and evil to destroy the Horcruxes, they uncover the existence of the three most powerful objects in the wizarding world: the Deathly Hallows.', 'https://m.media-amazon.com/images/M/MV5BMTQ2OTE1Mjk0N15BMl5BanBnXkFtZTcwODE3MDAwNA@@._V1_UX67_CR0,0,67,98_AL_.jpg', 7.7, 65.0, 479120, 295983305.0, 2);
INSERT INTO MovieGenres (MovieID, GenreID) VALUES (756, 2);
INSERT INTO MovieGenres (MovieID, GenreID) VALUES (756, 8);
INSERT INTO MovieGenres (MovieID, GenreID) VALUES (756, 9);
INSERT INTO MoviePeople (MovieID, PersonID, RoleID) VALUES (756, 648, 1);
INSERT INTO MoviePeople (MovieID, PersonID, RoleID) VALUES (756, 600, 2);
INSERT INTO MoviePeople (MovieID, PersonID, RoleID) VALUES (756, 810, 3);
INSERT INTO MoviePeople (MovieID, PersonID, RoleID) VALUES (756, 2598, 4);
INSERT INTO MoviePeople (MovieID, PersonID, RoleID) VALUES (756, 306, 5);

INSERT INTO Movies (MovieID, Series_Title, Released_Year, RuntimeMinutes, Overview, Poster_Link, IMDB_Rating, Meta_score, No_of_Votes, Gross_Revenue, CertificateID) VALUES (757, 'Gake no ue no Ponyo', 2008.0, 101, 'A five-year-old boy develops a relationship with Ponyo, a young goldfish princess who longs to become a human after falling in love with him.', 'https://m.media-amazon.com/images/M/MV5BOTc3YmM3N2QtODZkMC00ZDE5LThjMTQtYTljN2Y1YTYwYWJkXkEyXkFqcGdeQXVyODEzNjM5OTQ@._V1_UX67_CR0,0,67,98_AL_.jpg', 7.7, 86.0, 125317, 15090400.0, 13);
INSERT INTO MovieGenres (MovieID, GenreID) VALUES (757, 3);
INSERT INTO MovieGenres (MovieID, GenreID) VALUES (757, 2);
INSERT INTO MovieGenres (MovieID, GenreID) VALUES (757, 5);
INSERT INTO MoviePeople (MovieID, PersonID, RoleID) VALUES (757, 1092, 1);
INSERT INTO MoviePeople (MovieID, PersonID, RoleID) VALUES (757, 444, 2);
INSERT INTO MoviePeople (MovieID, PersonID, RoleID) VALUES (757, 1985, 3);
INSERT INTO MoviePeople (MovieID, PersonID, RoleID) VALUES (757, 1789, 4);
INSERT INTO MoviePeople (MovieID, PersonID, RoleID) VALUES (757, 2967, 5);

INSERT INTO Movies (MovieID, Series_Title, Released_Year, RuntimeMinutes, Overview, Poster_Link, IMDB_Rating, Meta_score, No_of_Votes, Gross_Revenue, CertificateID) VALUES (758, 'Frost/Nixon', 2008.0, 122, 'A dramatic retelling of the post-Watergate television interviews between British talk-show host David Frost and former president Richard Nixon.', 'https://m.media-amazon.com/images/M/MV5BOTY4NTU2NTU4NF5BMl5BanBnXkFtZTcwNjE0OTc5MQ@@._V1_UX67_CR0,0,67,98_AL_.jpg', 7.7, 80.0, 103330, 18593156.0, 9);
INSERT INTO MovieGenres (MovieID, GenreID) VALUES (758, 4);
INSERT INTO MovieGenres (MovieID, GenreID) VALUES (758, 7);
INSERT INTO MovieGenres (MovieID, GenreID) VALUES (758, 11);
INSERT INTO MoviePeople (MovieID, PersonID, RoleID) VALUES (758, 2566, 1);
INSERT INTO MoviePeople (MovieID, PersonID, RoleID) VALUES (758, 901, 2);
INSERT INTO MoviePeople (MovieID, PersonID, RoleID) VALUES (758, 2073, 3);
INSERT INTO MoviePeople (MovieID, PersonID, RoleID) VALUES (758, 1663, 4);
INSERT INTO MoviePeople (MovieID, PersonID, RoleID) VALUES (758, 2645, 5);

INSERT INTO Movies (MovieID, Series_Title, Released_Year, RuntimeMinutes, Overview, Poster_Link, IMDB_Rating, Meta_score, No_of_Votes, Gross_Revenue, CertificateID) VALUES (759, 'Papurika', 2006.0, 90, 'When a machine that allows therapists to enter their patients'' dreams is stolen, all Hell breaks loose. Only a young female therapist, Paprika, can stop it.', 'https://m.media-amazon.com/images/M/MV5BNDliMTMxOWEtODM3Yi00N2QwLTg4YTAtNTE5YzBlNTA2NjhlXkEyXkFqcGdeQXVyNjE5MjUyOTM@._V1_UX67_CR0,0,67,98_AL_.jpg', 7.7, 81.0, 71379, 881302.0, 13);
INSERT INTO MovieGenres (MovieID, GenreID) VALUES (759, 3);
INSERT INTO MovieGenres (MovieID, GenreID) VALUES (759, 7);
INSERT INTO MovieGenres (MovieID, GenreID) VALUES (759, 9);
INSERT INTO MoviePeople (MovieID, PersonID, RoleID) VALUES (759, 2679, 1);
INSERT INTO MoviePeople (MovieID, PersonID, RoleID) VALUES (759, 2018, 2);
INSERT INTO MoviePeople (MovieID, PersonID, RoleID) VALUES (759, 3001, 3);
INSERT INTO MoviePeople (MovieID, PersonID, RoleID) VALUES (759, 1631, 4);
INSERT INTO MoviePeople (MovieID, PersonID, RoleID) VALUES (759, 3002, 5);

INSERT INTO Movies (MovieID, Series_Title, Released_Year, RuntimeMinutes, Overview, Poster_Link, IMDB_Rating, Meta_score, No_of_Votes, Gross_Revenue, CertificateID) VALUES (760, 'Changeling', 2008.0, 141, 'Grief-stricken mother Christine Collins (Angelina Jolie) takes on the L.A.P.D. to her own detriment when it tries to pass off an obvious impostor as her missing child.', 'https://m.media-amazon.com/images/M/MV5BOTA1Mzg3NjIxNV5BMl5BanBnXkFtZTcwNzU2NTc5MQ@@._V1_UX67_CR0,0,67,98_AL_.jpg', 7.7, 63.0, 239203, 35739802.0, 9);
INSERT INTO MovieGenres (MovieID, GenreID) VALUES (760, 4);
INSERT INTO MovieGenres (MovieID, GenreID) VALUES (760, 6);
INSERT INTO MovieGenres (MovieID, GenreID) VALUES (760, 7);
INSERT INTO MoviePeople (MovieID, PersonID, RoleID) VALUES (760, 547, 1);
INSERT INTO MoviePeople (MovieID, PersonID, RoleID) VALUES (760, 159, 2);
INSERT INTO MoviePeople (MovieID, PersonID, RoleID) VALUES (760, 554, 3);
INSERT INTO MoviePeople (MovieID, PersonID, RoleID) VALUES (760, 119, 4);
INSERT INTO MoviePeople (MovieID, PersonID, RoleID) VALUES (760, 950, 5);

INSERT INTO Movies (MovieID, Series_Title, Released_Year, RuntimeMinutes, Overview, Poster_Link, IMDB_Rating, Meta_score, No_of_Votes, Gross_Revenue, CertificateID) VALUES (761, 'Flipped', 2010.0, 90, 'Two eighth-graders start to have feelings for each other despite being total opposites.', 'https://m.media-amazon.com/images/M/MV5BMTU2NjQ1Nzc4MF5BMl5BanBnXkFtZTcwNTM0NDk1Mw@@._V1_UX67_CR0,0,67,98_AL_.jpg', 7.7, 45.0, 81446, 1752214.0, 6);
INSERT INTO MovieGenres (MovieID, GenreID) VALUES (761, 5);
INSERT INTO MovieGenres (MovieID, GenreID) VALUES (761, 7);
INSERT INTO MovieGenres (MovieID, GenreID) VALUES (761, 16);
INSERT INTO MoviePeople (MovieID, PersonID, RoleID) VALUES (761, 2508, 1);
INSERT INTO MoviePeople (MovieID, PersonID, RoleID) VALUES (761, 1863, 2);
INSERT INTO MoviePeople (MovieID, PersonID, RoleID) VALUES (761, 412, 3);
INSERT INTO MoviePeople (MovieID, PersonID, RoleID) VALUES (761, 2443, 4);
INSERT INTO MoviePeople (MovieID, PersonID, RoleID) VALUES (761, 190, 5);

INSERT INTO Movies (MovieID, Series_Title, Released_Year, RuntimeMinutes, Overview, Poster_Link, IMDB_Rating, Meta_score, No_of_Votes, Gross_Revenue, CertificateID) VALUES (762, 'Toki o kakeru shôjo', 2006.0, 98, 'A high-school girl named Makoto acquires the power to travel back in time, and decides to use it for her own personal benefits. Little does she know that she is affecting the lives of others just as much as she is her own.', 'https://m.media-amazon.com/images/M/MV5BMzA4ZGM1NjYtMjcxYS00MTdiLWJmNzEtMTUzODY0NDQ0YzUzXkEyXkFqcGdeQXVyMzYwMjQ3OTI@._V1_UY98_CR1,0,67,98_AL_.jpg', 7.7, NULL, 60368, NULL, 13);
INSERT INTO MovieGenres (MovieID, GenreID) VALUES (762, 3);
INSERT INTO MovieGenres (MovieID, GenreID) VALUES (762, 2);
INSERT INTO MovieGenres (MovieID, GenreID) VALUES (762, 5);
INSERT INTO MoviePeople (MovieID, PersonID, RoleID) VALUES (762, 1884, 1);
INSERT INTO MoviePeople (MovieID, PersonID, RoleID) VALUES (762, 2499, 2);
INSERT INTO MoviePeople (MovieID, PersonID, RoleID) VALUES (762, 2859, 3);
INSERT INTO MoviePeople (MovieID, PersonID, RoleID) VALUES (762, 2129, 4);
INSERT INTO MoviePeople (MovieID, PersonID, RoleID) VALUES (762, 248, 5);

INSERT INTO Movies (MovieID, Series_Title, Released_Year, RuntimeMinutes, Overview, Poster_Link, IMDB_Rating, Meta_score, No_of_Votes, Gross_Revenue, CertificateID) VALUES (763, 'Death Note: Desu nôto', 2006.0, 126, 'A battle between the world''s two greatest minds begins when Light Yagami finds the Death Note, a notebook with the power to kill, and decides to rid the world of criminals.', 'https://m.media-amazon.com/images/M/MV5BZDNlNjEzMzQtZDM0MS00YzhiLTk0MGUtYTdmNDZiZGVjNTk0L2ltYWdlXkEyXkFqcGdeQXVyNTAyODkwOQ@@._V1_UY98_CR1,0,67,98_AL_.jpg', 7.7, NULL, 28630, NULL, NULL);
INSERT INTO MovieGenres (MovieID, GenreID) VALUES (763, 6);
INSERT INTO MovieGenres (MovieID, GenreID) VALUES (763, 7);
INSERT INTO MovieGenres (MovieID, GenreID) VALUES (763, 9);
INSERT INTO MoviePeople (MovieID, PersonID, RoleID) VALUES (763, 2748, 1);
INSERT INTO MoviePeople (MovieID, PersonID, RoleID) VALUES (763, 2872, 2);
INSERT INTO MoviePeople (MovieID, PersonID, RoleID) VALUES (763, 1655, 3);
INSERT INTO MoviePeople (MovieID, PersonID, RoleID) VALUES (763, 234, 4);
INSERT INTO MoviePeople (MovieID, PersonID, RoleID) VALUES (763, 3173, 5);

INSERT INTO Movies (MovieID, Series_Title, Released_Year, RuntimeMinutes, Overview, Poster_Link, IMDB_Rating, Meta_score, No_of_Votes, Gross_Revenue, CertificateID) VALUES (764, 'This Is England', 2006.0, 101, 'A young boy becomes friends with a gang of skinheads. Friends soon become like family, and relationships will be pushed to the very limit.', 'https://m.media-amazon.com/images/M/MV5BMmE3OWZhZDYtOTBjMi00NDIwLTg1NWMtMjg0NjJmZWM4MjliL2ltYWdlXkEyXkFqcGdeQXVyNTAyODkwOQ@@._V1_UX67_CR0,0,67,98_AL_.jpg', 7.7, 86.0, 115576, 327919.0, NULL);
INSERT INTO MovieGenres (MovieID, GenreID) VALUES (764, 6);
INSERT INTO MovieGenres (MovieID, GenreID) VALUES (764, 7);
INSERT INTO MoviePeople (MovieID, PersonID, RoleID) VALUES (764, 2721, 1);
INSERT INTO MoviePeople (MovieID, PersonID, RoleID) VALUES (764, 2916, 2);
INSERT INTO MoviePeople (MovieID, PersonID, RoleID) VALUES (764, 2804, 3);
INSERT INTO MoviePeople (MovieID, PersonID, RoleID) VALUES (764, 1398, 4);
INSERT INTO MoviePeople (MovieID, PersonID, RoleID) VALUES (764, 145, 5);

INSERT INTO Movies (MovieID, Series_Title, Released_Year, RuntimeMinutes, Overview, Poster_Link, IMDB_Rating, Meta_score, No_of_Votes, Gross_Revenue, CertificateID) VALUES (765, 'Ex Machina', 2014.0, 108, 'A young programmer is selected to participate in a ground-breaking experiment in synthetic intelligence by evaluating the human qualities of a highly advanced humanoid A.I.', 'https://m.media-amazon.com/images/M/MV5BMTUxNzc0OTIxMV5BMl5BanBnXkFtZTgwNDI3NzU2NDE@._V1_UX67_CR0,0,67,98_AL_.jpg', 7.7, 78.0, 474141, 25442958.0, 15);
INSERT INTO MovieGenres (MovieID, GenreID) VALUES (765, 7);
INSERT INTO MovieGenres (MovieID, GenreID) VALUES (765, 17);
INSERT INTO MovieGenres (MovieID, GenreID) VALUES (765, 19);
INSERT INTO MoviePeople (MovieID, PersonID, RoleID) VALUES (765, 77, 1);
INSERT INTO MoviePeople (MovieID, PersonID, RoleID) VALUES (765, 96, 2);
INSERT INTO MoviePeople (MovieID, PersonID, RoleID) VALUES (765, 701, 3);
INSERT INTO MoviePeople (MovieID, PersonID, RoleID) VALUES (765, 2262, 4);
INSERT INTO MoviePeople (MovieID, PersonID, RoleID) VALUES (765, 2777, 5);

INSERT INTO Movies (MovieID, Series_Title, Released_Year, RuntimeMinutes, Overview, Poster_Link, IMDB_Rating, Meta_score, No_of_Votes, Gross_Revenue, CertificateID) VALUES (766, 'Efter brylluppet', 2006.0, 120, 'A manager of an orphanage in India is sent to Copenhagen, Denmark, where he discovers a life-altering family secret.', 'https://m.media-amazon.com/images/M/MV5BMjIxODEyOTQ5Ml5BMl5BanBnXkFtZTcwNjE3NzI5Mw@@._V1_UY98_CR1,0,67,98_AL_.jpg', 7.7, 78.0, 32001, 412544.0, 9);
INSERT INTO MovieGenres (MovieID, GenreID) VALUES (766, 7);
INSERT INTO MoviePeople (MovieID, PersonID, RoleID) VALUES (766, 2833, 1);
INSERT INTO MoviePeople (MovieID, PersonID, RoleID) VALUES (766, 1866, 2);
INSERT INTO MoviePeople (MovieID, PersonID, RoleID) VALUES (766, 2754, 3);
INSERT INTO MoviePeople (MovieID, PersonID, RoleID) VALUES (766, 2560, 4);
INSERT INTO MoviePeople (MovieID, PersonID, RoleID) VALUES (766, 2185, 5);

INSERT INTO Movies (MovieID, Series_Title, Released_Year, RuntimeMinutes, Overview, Poster_Link, IMDB_Rating, Meta_score, No_of_Votes, Gross_Revenue, CertificateID) VALUES (767, 'The Last King of Scotland', 2006.0, 123, 'Based on the events of the brutal Ugandan dictator Idi Amin''s regime as seen by his personal physician during the 1970s.', 'https://m.media-amazon.com/images/M/MV5BMjM1NTkxNjkzMl5BMl5BanBnXkFtZTgwNDgwMDAxMzE@._V1_UY98_CR1,0,67,98_AL_.jpg', 7.7, 74.0, 175355, 17605861.0, 9);
INSERT INTO MovieGenres (MovieID, GenreID) VALUES (767, 4);
INSERT INTO MovieGenres (MovieID, GenreID) VALUES (767, 7);
INSERT INTO MovieGenres (MovieID, GenreID) VALUES (767, 11);
INSERT INTO MoviePeople (MovieID, PersonID, RoleID) VALUES (767, 1666, 1);
INSERT INTO MoviePeople (MovieID, PersonID, RoleID) VALUES (767, 1258, 2);
INSERT INTO MoviePeople (MovieID, PersonID, RoleID) VALUES (767, 885, 3);
INSERT INTO MoviePeople (MovieID, PersonID, RoleID) VALUES (767, 1002, 4);
INSERT INTO MoviePeople (MovieID, PersonID, RoleID) VALUES (767, 1661, 5);

INSERT INTO Movies (MovieID, Series_Title, Released_Year, RuntimeMinutes, Overview, Poster_Link, IMDB_Rating, Meta_score, No_of_Votes, Gross_Revenue, CertificateID) VALUES (768, 'Zodiac', 2007.0, 157, 'In the late 1960s/early 1970s, a San Francisco cartoonist becomes an amateur detective obsessed with tracking down the Zodiac Killer, an unidentified individual who terrorizes Northern California with a killing spree.', 'https://m.media-amazon.com/images/M/MV5BN2UwNDc5NmEtNjVjZS00OTI5LWE5YjctMWM3ZjBiZGYwMGI2XkEyXkFqcGdeQXVyNzkwMjQ5NzM@._V1_UX67_CR0,0,67,98_AL_.jpg', 7.7, 78.0, 466080, 33080084.0, 15);
INSERT INTO MovieGenres (MovieID, GenreID) VALUES (768, 6);
INSERT INTO MovieGenres (MovieID, GenreID) VALUES (768, 7);
INSERT INTO MovieGenres (MovieID, GenreID) VALUES (768, 15);
INSERT INTO MoviePeople (MovieID, PersonID, RoleID) VALUES (768, 630, 1);
INSERT INTO MoviePeople (MovieID, PersonID, RoleID) VALUES (768, 1233, 2);
INSERT INTO MoviePeople (MovieID, PersonID, RoleID) VALUES (768, 2519, 3);
INSERT INTO MoviePeople (MovieID, PersonID, RoleID) VALUES (768, 1936, 4);
INSERT INTO MoviePeople (MovieID, PersonID, RoleID) VALUES (768, 190, 5);

INSERT INTO Movies (MovieID, Series_Title, Released_Year, RuntimeMinutes, Overview, Poster_Link, IMDB_Rating, Meta_score, No_of_Votes, Gross_Revenue, CertificateID) VALUES (769, 'Lucky Number Slevin', 2006.0, 110, 'A case of mistaken identity lands Slevin into the middle of a war being plotted by two of the city''s most rival crime bosses. Under constant surveillance by Detective Brikowski and assassin Goodkat, he must get them before they get him.', 'https://m.media-amazon.com/images/M/MV5BZjczMWI1YWMtYTZjOS00ZDc5LWE2MWItMTY3ZGUxNzFkNjJmL2ltYWdlXkEyXkFqcGdeQXVyNjU0OTQ0OTY@._V1_UX67_CR0,0,67,98_AL_.jpg', 7.7, 53.0, 299524, 22494487.0, 9);
INSERT INTO MovieGenres (MovieID, GenreID) VALUES (769, 1);
INSERT INTO MovieGenres (MovieID, GenreID) VALUES (769, 6);
INSERT INTO MovieGenres (MovieID, GenreID) VALUES (769, 7);
INSERT INTO MoviePeople (MovieID, PersonID, RoleID) VALUES (769, 2308, 1);
INSERT INTO MoviePeople (MovieID, PersonID, RoleID) VALUES (769, 1532, 2);
INSERT INTO MoviePeople (MovieID, PersonID, RoleID) VALUES (769, 284, 3);
INSERT INTO MoviePeople (MovieID, PersonID, RoleID) VALUES (769, 2144, 4);
INSERT INTO MoviePeople (MovieID, PersonID, RoleID) VALUES (769, 1844, 5);

INSERT INTO Movies (MovieID, Series_Title, Released_Year, RuntimeMinutes, Overview, Poster_Link, IMDB_Rating, Meta_score, No_of_Votes, Gross_Revenue, CertificateID) VALUES (770, 'Joyeux Noël', 2005.0, 116, 'In December 1914, an unofficial Christmas truce on the Western Front allows soldiers from opposing sides of the First World War to gain insight into each other''s way of life.', 'https://m.media-amazon.com/images/M/MV5BMTQyODczNjU3NF5BMl5BanBnXkFtZTcwNjQ0NDIzMQ@@._V1_UX67_CR0,0,67,98_AL_.jpg', 7.7, 70.0, 28003, 1054361.0, 7);
INSERT INTO MovieGenres (MovieID, GenreID) VALUES (770, 7);
INSERT INTO MovieGenres (MovieID, GenreID) VALUES (770, 11);
INSERT INTO MovieGenres (MovieID, GenreID) VALUES (770, 13);
INSERT INTO MoviePeople (MovieID, PersonID, RoleID) VALUES (770, 511, 1);
INSERT INTO MoviePeople (MovieID, PersonID, RoleID) VALUES (770, 683, 2);
INSERT INTO MoviePeople (MovieID, PersonID, RoleID) VALUES (770, 292, 3);
INSERT INTO MoviePeople (MovieID, PersonID, RoleID) VALUES (770, 1045, 4);
INSERT INTO MoviePeople (MovieID, PersonID, RoleID) VALUES (770, 2171, 5);

INSERT INTO Movies (MovieID, Series_Title, Released_Year, RuntimeMinutes, Overview, Poster_Link, IMDB_Rating, Meta_score, No_of_Votes, Gross_Revenue, CertificateID) VALUES (771, 'Control', 2007.0, 122, 'A profile of Ian Curtis, the enigmatic singer of Joy Division whose personal, professional, and romantic troubles led him to commit suicide at the age of 23.', 'https://m.media-amazon.com/images/M/MV5BNTEzOTYwMTcxN15BMl5BanBnXkFtZTcwNTgyNjI1MQ@@._V1_UX67_CR0,0,67,98_AL_.jpg', 7.7, 78.0, 61609, 871577.0, 9);
INSERT INTO MovieGenres (MovieID, GenreID) VALUES (771, 4);
INSERT INTO MovieGenres (MovieID, GenreID) VALUES (771, 7);
INSERT INTO MovieGenres (MovieID, GenreID) VALUES (771, 13);
INSERT INTO MoviePeople (MovieID, PersonID, RoleID) VALUES (771, 200, 1);
INSERT INTO MoviePeople (MovieID, PersonID, RoleID) VALUES (771, 2644, 2);
INSERT INTO MoviePeople (MovieID, PersonID, RoleID) VALUES (771, 2651, 3);
INSERT INTO MoviePeople (MovieID, PersonID, RoleID) VALUES (771, 562, 4);
INSERT INTO MoviePeople (MovieID, PersonID, RoleID) VALUES (771, 85, 5);

INSERT INTO Movies (MovieID, Series_Title, Released_Year, RuntimeMinutes, Overview, Poster_Link, IMDB_Rating, Meta_score, No_of_Votes, Gross_Revenue, CertificateID) VALUES (772, 'Tangled', 2010.0, 100, 'The magically long-haired Rapunzel has spent her entire life in a tower, but now that a runaway thief has stumbled upon her, she is about to discover the world for the first time, and who she really is.', 'https://m.media-amazon.com/images/M/MV5BMTAxNDYxMjg0MjNeQTJeQWpwZ15BbWU3MDcyNTk2OTM@._V1_UX67_CR0,0,67,98_AL_.jpg', 7.7, 71.0, 405922, 200821936.0, 13);
INSERT INTO MovieGenres (MovieID, GenreID) VALUES (772, 3);
INSERT INTO MovieGenres (MovieID, GenreID) VALUES (772, 2);
INSERT INTO MovieGenres (MovieID, GenreID) VALUES (772, 5);
INSERT INTO MoviePeople (MovieID, PersonID, RoleID) VALUES (772, 2179, 1);
INSERT INTO MoviePeople (MovieID, PersonID, RoleID) VALUES (772, 404, 2);
INSERT INTO MoviePeople (MovieID, PersonID, RoleID) VALUES (772, 1886, 3);
INSERT INTO MoviePeople (MovieID, PersonID, RoleID) VALUES (772, 3180, 4);
INSERT INTO MoviePeople (MovieID, PersonID, RoleID) VALUES (772, 716, 5);

INSERT INTO Movies (MovieID, Series_Title, Released_Year, RuntimeMinutes, Overview, Poster_Link, IMDB_Rating, Meta_score, No_of_Votes, Gross_Revenue, CertificateID) VALUES (773, 'Zwartboek', 2006.0, 145, 'In the Nazi-occupied Netherlands during World War II, a Jewish singer infiltrates the regional Gestapo headquarters for the Dutch resistance.', 'https://m.media-amazon.com/images/M/MV5BODFlNTI0ZWQtOTcxNC00OTc0LTkwZDUtMmNkM2I1ZWFlYzZkXkEyXkFqcGdeQXVyNTIzOTk5ODM@._V1_UY98_CR2,0,67,98_AL_.jpg', 7.7, 71.0, 72643, 4398392.0, 9);
INSERT INTO MovieGenres (MovieID, GenreID) VALUES (773, 7);
INSERT INTO MovieGenres (MovieID, GenreID) VALUES (773, 19);
INSERT INTO MovieGenres (MovieID, GenreID) VALUES (773, 20);
INSERT INTO MoviePeople (MovieID, PersonID, RoleID) VALUES (773, 2318, 1);
INSERT INTO MoviePeople (MovieID, PersonID, RoleID) VALUES (773, 418, 2);
INSERT INTO MoviePeople (MovieID, PersonID, RoleID) VALUES (773, 2700, 3);
INSERT INTO MoviePeople (MovieID, PersonID, RoleID) VALUES (773, 2908, 4);
INSERT INTO MoviePeople (MovieID, PersonID, RoleID) VALUES (773, 1070, 5);

INSERT INTO Movies (MovieID, Series_Title, Released_Year, RuntimeMinutes, Overview, Poster_Link, IMDB_Rating, Meta_score, No_of_Votes, Gross_Revenue, CertificateID) VALUES (774, 'Brokeback Mountain', 2005.0, 134, 'The story of a forbidden and secretive relationship between two cowboys, and their lives over the years.', 'https://m.media-amazon.com/images/M/MV5BMTY5NTAzNTc1NF5BMl5BanBnXkFtZTYwNDY4MDc3._V1_UX67_CR0,0,67,98_AL_.jpg', 7.7, 87.0, 323103, 83043761.0, 2);
INSERT INTO MovieGenres (MovieID, GenreID) VALUES (774, 7);
INSERT INTO MovieGenres (MovieID, GenreID) VALUES (774, 16);
INSERT INTO MoviePeople (MovieID, PersonID, RoleID) VALUES (774, 156, 1);
INSERT INTO MoviePeople (MovieID, PersonID, RoleID) VALUES (774, 1233, 2);
INSERT INTO MoviePeople (MovieID, PersonID, RoleID) VALUES (774, 1094, 3);
INSERT INTO MoviePeople (MovieID, PersonID, RoleID) VALUES (774, 2090, 4);
INSERT INTO MoviePeople (MovieID, PersonID, RoleID) VALUES (774, 2430, 5);

INSERT INTO Movies (MovieID, Series_Title, Released_Year, RuntimeMinutes, Overview, Poster_Link, IMDB_Rating, Meta_score, No_of_Votes, Gross_Revenue, CertificateID) VALUES (775, '3:10 to Yuma', 2007.0, 122, 'A small-time rancher agrees to hold a captured outlaw who''s awaiting a train to go to court in Yuma. A battle of wills ensues as the outlaw tries to psych out the rancher.', 'https://m.media-amazon.com/images/M/MV5BODE0NTcxNTQzNF5BMl5BanBnXkFtZTcwMzczOTIzMw@@._V1_UX67_CR0,0,67,98_AL_.jpg', 7.7, 76.0, 288797, 53606916.0, 2);
INSERT INTO MovieGenres (MovieID, GenreID) VALUES (775, 1);
INSERT INTO MovieGenres (MovieID, GenreID) VALUES (775, 6);
INSERT INTO MovieGenres (MovieID, GenreID) VALUES (775, 7);
INSERT INTO MoviePeople (MovieID, PersonID, RoleID) VALUES (775, 1254, 1);
INSERT INTO MoviePeople (MovieID, PersonID, RoleID) VALUES (775, 2600, 2);
INSERT INTO MoviePeople (MovieID, PersonID, RoleID) VALUES (775, 509, 3);
INSERT INTO MoviePeople (MovieID, PersonID, RoleID) VALUES (775, 280, 4);
INSERT INTO MoviePeople (MovieID, PersonID, RoleID) VALUES (775, 1820, 5);

INSERT INTO Movies (MovieID, Series_Title, Released_Year, RuntimeMinutes, Overview, Poster_Link, IMDB_Rating, Meta_score, No_of_Votes, Gross_Revenue, CertificateID) VALUES (776, 'Crash', 2004.0, 112, 'Los Angeles citizens with vastly separate lives collide in interweaving stories of race, loss and redemption.', 'https://m.media-amazon.com/images/M/MV5BOTk1OTA1MjIyNV5BMl5BanBnXkFtZTcwODQxMTkyMQ@@._V1_UX67_CR0,0,67,98_AL_.jpg', 7.7, 66.0, 419483, 54580300.0, 15);
INSERT INTO MovieGenres (MovieID, GenreID) VALUES (776, 6);
INSERT INTO MovieGenres (MovieID, GenreID) VALUES (776, 7);
INSERT INTO MovieGenres (MovieID, GenreID) VALUES (776, 19);
INSERT INTO MoviePeople (MovieID, PersonID, RoleID) VALUES (776, 2302, 1);
INSERT INTO MoviePeople (MovieID, PersonID, RoleID) VALUES (776, 706, 2);
INSERT INTO MoviePeople (MovieID, PersonID, RoleID) VALUES (776, 2657, 3);
INSERT INTO MoviePeople (MovieID, PersonID, RoleID) VALUES (776, 2901, 4);
INSERT INTO MoviePeople (MovieID, PersonID, RoleID) VALUES (776, 1608, 5);

INSERT INTO Movies (MovieID, Series_Title, Released_Year, RuntimeMinutes, Overview, Poster_Link, IMDB_Rating, Meta_score, No_of_Votes, Gross_Revenue, CertificateID) VALUES (777, 'Kung fu', 2004.0, 99, 'In Shanghai, China in the 1940s, a wannabe gangster aspires to join the notorious "Axe Gang" while residents of a housing complex exhibit extraordinary powers in defending their turf.', 'https://m.media-amazon.com/images/M/MV5BMjZiOTNlMzYtZWYwZS00YWJjLTk5NDgtODkwNjRhMDI0MjhjXkEyXkFqcGdeQXVyMjgyNjk3MzE@._V1_UY98_CR1,0,67,98_AL_.jpg', 7.7, 78.0, 127250, 17108591.0, 15);
INSERT INTO MovieGenres (MovieID, GenreID) VALUES (777, 1);
INSERT INTO MovieGenres (MovieID, GenreID) VALUES (777, 5);
INSERT INTO MovieGenres (MovieID, GenreID) VALUES (777, 9);
INSERT INTO MoviePeople (MovieID, PersonID, RoleID) VALUES (777, 2801, 1);
INSERT INTO MoviePeople (MovieID, PersonID, RoleID) VALUES (777, 2801, 2);
INSERT INTO MoviePeople (MovieID, PersonID, RoleID) VALUES (777, 3066, 3);
INSERT INTO MoviePeople (MovieID, PersonID, RoleID) VALUES (777, 2390, 4);
INSERT INTO MoviePeople (MovieID, PersonID, RoleID) VALUES (777, 2762, 5);

INSERT INTO Movies (MovieID, Series_Title, Released_Year, RuntimeMinutes, Overview, Poster_Link, IMDB_Rating, Meta_score, No_of_Votes, Gross_Revenue, CertificateID) VALUES (778, 'The Bourne Supremacy', 2004.0, 108, 'When Jason Bourne is framed for a CIA operation gone awry, he is forced to resume his former life as a trained assassin to survive.', 'https://m.media-amazon.com/images/M/MV5BYTIyMDFmMmItMWQzYy00MjBiLTg2M2UtM2JiNDRhOWE4NjBhXkEyXkFqcGdeQXVyNjU0OTQ0OTY@._V1_UX67_CR0,0,67,98_AL_.jpg', 7.7, 73.0, 434841, 176241941.0, 2);
INSERT INTO MovieGenres (MovieID, GenreID) VALUES (778, 1);
INSERT INTO MovieGenres (MovieID, GenreID) VALUES (778, 15);
INSERT INTO MovieGenres (MovieID, GenreID) VALUES (778, 19);
INSERT INTO MoviePeople (MovieID, PersonID, RoleID) VALUES (778, 2301, 1);
INSERT INTO MoviePeople (MovieID, PersonID, RoleID) VALUES (778, 1985, 2);
INSERT INTO MoviePeople (MovieID, PersonID, RoleID) VALUES (778, 910, 3);
INSERT INTO MoviePeople (MovieID, PersonID, RoleID) VALUES (778, 1400, 4);
INSERT INTO MoviePeople (MovieID, PersonID, RoleID) VALUES (778, 362, 5);

INSERT INTO Movies (MovieID, Series_Title, Released_Year, RuntimeMinutes, Overview, Poster_Link, IMDB_Rating, Meta_score, No_of_Votes, Gross_Revenue, CertificateID) VALUES (779, 'The Machinist', 2004.0, 101, 'An industrial worker who hasn''t slept in a year begins to doubt his own sanity.', 'https://m.media-amazon.com/images/M/MV5BNjk1NzBlY2YtNjJmNi00YTVmLWI2OTgtNDUxNDE5NjUzZmE0XkEyXkFqcGdeQXVyNTc1NTQxODI@._V1_UX67_CR0,0,67,98_AL_.jpg', 7.7, 61.0, 358432, 1082715.0, 9);
INSERT INTO MovieGenres (MovieID, GenreID) VALUES (779, 7);
INSERT INTO MovieGenres (MovieID, GenreID) VALUES (779, 19);
INSERT INTO MoviePeople (MovieID, PersonID, RoleID) VALUES (779, 346, 1);
INSERT INTO MoviePeople (MovieID, PersonID, RoleID) VALUES (779, 509, 2);
INSERT INTO MoviePeople (MovieID, PersonID, RoleID) VALUES (779, 1355, 3);
INSERT INTO MoviePeople (MovieID, PersonID, RoleID) VALUES (779, 32, 4);
INSERT INTO MoviePeople (MovieID, PersonID, RoleID) VALUES (779, 1487, 5);

INSERT INTO Movies (MovieID, Series_Title, Released_Year, RuntimeMinutes, Overview, Poster_Link, IMDB_Rating, Meta_score, No_of_Votes, Gross_Revenue, CertificateID) VALUES (780, 'Ray', 2004.0, 152, 'The story of the life and career of the legendary rhythm and blues musician Ray Charles, from his humble beginnings in the South, where he went blind at age seven, to his meteoric rise to stardom during the 1950s and 1960s.', 'https://m.media-amazon.com/images/M/MV5BMTQxNDQwNjQzOV5BMl5BanBnXkFtZTcwNTQxNDYyMQ@@._V1_UX67_CR0,0,67,98_AL_.jpg', 7.7, 73.0, 138356, 75331600.0, 2);
INSERT INTO MovieGenres (MovieID, GenreID) VALUES (780, 4);
INSERT INTO MovieGenres (MovieID, GenreID) VALUES (780, 7);
INSERT INTO MovieGenres (MovieID, GenreID) VALUES (780, 13);
INSERT INTO MoviePeople (MovieID, PersonID, RoleID) VALUES (780, 2876, 1);
INSERT INTO MoviePeople (MovieID, PersonID, RoleID) VALUES (780, 1270, 2);
INSERT INTO MoviePeople (MovieID, PersonID, RoleID) VALUES (780, 2446, 3);
INSERT INTO MoviePeople (MovieID, PersonID, RoleID) VALUES (780, 1661, 4);
INSERT INTO MoviePeople (MovieID, PersonID, RoleID) VALUES (780, 545, 5);

INSERT INTO Movies (MovieID, Series_Title, Released_Year, RuntimeMinutes, Overview, Poster_Link, IMDB_Rating, Meta_score, No_of_Votes, Gross_Revenue, CertificateID) VALUES (781, 'Lost in Translation', 2003.0, 102, 'A faded movie star and a neglected young woman form an unlikely bond after crossing paths in Tokyo.', 'https://m.media-amazon.com/images/M/MV5BMTI2NDI5ODk4N15BMl5BanBnXkFtZTYwMTI3NTE3._V1_UX67_CR0,0,67,98_AL_.jpg', 7.7, 89.0, 415074, 44585453.0, 15);
INSERT INTO MovieGenres (MovieID, GenreID) VALUES (781, 5);
INSERT INTO MovieGenres (MovieID, GenreID) VALUES (781, 7);
INSERT INTO MoviePeople (MovieID, PersonID, RoleID) VALUES (781, 2767, 1);
INSERT INTO MoviePeople (MovieID, PersonID, RoleID) VALUES (781, 305, 2);
INSERT INTO MoviePeople (MovieID, PersonID, RoleID) VALUES (781, 2682, 3);
INSERT INTO MoviePeople (MovieID, PersonID, RoleID) VALUES (781, 1008, 4);
INSERT INTO MoviePeople (MovieID, PersonID, RoleID) VALUES (781, 169, 5);

INSERT INTO Movies (MovieID, Series_Title, Released_Year, RuntimeMinutes, Overview, Poster_Link, IMDB_Rating, Meta_score, No_of_Votes, Gross_Revenue, CertificateID) VALUES (782, 'Harry Potter and the Goblet of Fire', 2005.0, 157, 'Harry Potter finds himself competing in a hazardous tournament between rival schools of magic, but he is distracted by recurring nightmares.', 'https://m.media-amazon.com/images/M/MV5BMTI1NDMyMjExOF5BMl5BanBnXkFtZTcwOTc4MjQzMQ@@._V1_UX67_CR0,0,67,98_AL_.jpg', 7.7, 81.0, 548619, 290013036.0, 15);
INSERT INTO MovieGenres (MovieID, GenreID) VALUES (782, 2);
INSERT INTO MovieGenres (MovieID, GenreID) VALUES (782, 8);
INSERT INTO MovieGenres (MovieID, GenreID) VALUES (782, 9);
INSERT INTO MoviePeople (MovieID, PersonID, RoleID) VALUES (782, 2101, 1);
INSERT INTO MoviePeople (MovieID, PersonID, RoleID) VALUES (782, 600, 2);
INSERT INTO MoviePeople (MovieID, PersonID, RoleID) VALUES (782, 810, 3);
INSERT INTO MoviePeople (MovieID, PersonID, RoleID) VALUES (782, 2598, 4);
INSERT INTO MoviePeople (MovieID, PersonID, RoleID) VALUES (782, 827, 5);

INSERT INTO Movies (MovieID, Series_Title, Released_Year, RuntimeMinutes, Overview, Poster_Link, IMDB_Rating, Meta_score, No_of_Votes, Gross_Revenue, CertificateID) VALUES (783, 'Man on Fire', 2004.0, 146, 'In Mexico City, a former CIA operative swears vengeance on those who committed an unspeakable act against the family he was hired to protect.', 'https://m.media-amazon.com/images/M/MV5BODFlMmEwMDgtYjhmZi00ZTE5LTk2NWQtMWE1Y2M0NjkzOGYxXkEyXkFqcGdeQXVyNjU0OTQ0OTY@._V1_UX67_CR0,0,67,98_AL_.jpg', 7.7, 47.0, 329592, 77911774.0, 15);
INSERT INTO MovieGenres (MovieID, GenreID) VALUES (783, 1);
INSERT INTO MovieGenres (MovieID, GenreID) VALUES (783, 6);
INSERT INTO MovieGenres (MovieID, GenreID) VALUES (783, 7);
INSERT INTO MoviePeople (MovieID, PersonID, RoleID) VALUES (783, 2978, 1);
INSERT INTO MoviePeople (MovieID, PersonID, RoleID) VALUES (783, 675, 2);
INSERT INTO MoviePeople (MovieID, PersonID, RoleID) VALUES (783, 531, 3);
INSERT INTO MoviePeople (MovieID, PersonID, RoleID) VALUES (783, 577, 4);
INSERT INTO MoviePeople (MovieID, PersonID, RoleID) VALUES (783, 2401, 5);

INSERT INTO Movies (MovieID, Series_Title, Released_Year, RuntimeMinutes, Overview, Poster_Link, IMDB_Rating, Meta_score, No_of_Votes, Gross_Revenue, CertificateID) VALUES (784, 'Coraline', 2009.0, 100, 'An adventurous 11-year-old girl finds another world that is a strangely idealized version of her frustrating home, but it has sinister secrets.', 'https://m.media-amazon.com/images/M/MV5BMzQxNjM5NzkxNV5BMl5BanBnXkFtZTcwMzg5NDMwMg@@._V1_UX67_CR0,0,67,98_AL_.jpg', 7.7, 80.0, 197761, 75286229.0, 13);
INSERT INTO MovieGenres (MovieID, GenreID) VALUES (784, 3);
INSERT INTO MovieGenres (MovieID, GenreID) VALUES (784, 7);
INSERT INTO MovieGenres (MovieID, GenreID) VALUES (784, 8);
INSERT INTO MoviePeople (MovieID, PersonID, RoleID) VALUES (784, 1114, 1);
INSERT INTO MoviePeople (MovieID, PersonID, RoleID) VALUES (784, 577, 2);
INSERT INTO MoviePeople (MovieID, PersonID, RoleID) VALUES (784, 2890, 3);
INSERT INTO MoviePeople (MovieID, PersonID, RoleID) VALUES (784, 1456, 4);
INSERT INTO MoviePeople (MovieID, PersonID, RoleID) VALUES (784, 1359, 5);

INSERT INTO Movies (MovieID, Series_Title, Released_Year, RuntimeMinutes, Overview, Poster_Link, IMDB_Rating, Meta_score, No_of_Votes, Gross_Revenue, CertificateID) VALUES (785, 'The Last Samurai', 2003.0, 154, 'An American military advisor embraces the Samurai culture he was hired to destroy after he is captured in battle.', 'https://m.media-amazon.com/images/M/MV5BMzkyNzQ1Mzc0NV5BMl5BanBnXkFtZTcwODg3MzUzMw@@._V1_UX67_CR0,0,67,98_AL_.jpg', 7.7, 55.0, 400049, 111110575.0, 15);
INSERT INTO MovieGenres (MovieID, GenreID) VALUES (785, 1);
INSERT INTO MovieGenres (MovieID, GenreID) VALUES (785, 7);
INSERT INTO MoviePeople (MovieID, PersonID, RoleID) VALUES (785, 757, 1);
INSERT INTO MoviePeople (MovieID, PersonID, RoleID) VALUES (785, 2947, 2);
INSERT INTO MoviePeople (MovieID, PersonID, RoleID) VALUES (785, 1653, 3);
INSERT INTO MoviePeople (MovieID, PersonID, RoleID) VALUES (785, 312, 4);
INSERT INTO MoviePeople (MovieID, PersonID, RoleID) VALUES (785, 3103, 5);

INSERT INTO Movies (MovieID, Series_Title, Released_Year, RuntimeMinutes, Overview, Poster_Link, IMDB_Rating, Meta_score, No_of_Votes, Gross_Revenue, CertificateID) VALUES (786, 'The Magdalene Sisters', 2002.0, 114, 'Three young Irish women struggle to maintain their spirits while they endure dehumanizing abuse as inmates of a Magdalene Sisters Asylum.', 'https://m.media-amazon.com/images/M/MV5BMTI2NzU1NTc1NF5BMl5BanBnXkFtZTcwOTQ1MjAwMQ@@._V1_UX67_CR0,0,67,98_AL_.jpg', 7.7, 83.0, 25938, 4890878.0, 9);
INSERT INTO MovieGenres (MovieID, GenreID) VALUES (786, 7);
INSERT INTO MoviePeople (MovieID, PersonID, RoleID) VALUES (786, 2347, 1);
INSERT INTO MoviePeople (MovieID, PersonID, RoleID) VALUES (786, 763, 2);
INSERT INTO MoviePeople (MovieID, PersonID, RoleID) VALUES (786, 723, 3);
INSERT INTO MoviePeople (MovieID, PersonID, RoleID) VALUES (786, 2224, 4);
INSERT INTO MoviePeople (MovieID, PersonID, RoleID) VALUES (786, 180, 5);

INSERT INTO Movies (MovieID, Series_Title, Released_Year, RuntimeMinutes, Overview, Poster_Link, IMDB_Rating, Meta_score, No_of_Votes, Gross_Revenue, CertificateID) VALUES (787, 'Good Bye Lenin!', 2003.0, 121, 'In 1990, to protect his fragile mother from a fatal shock after a long coma, a young man must keep her from learning that her beloved nation of East Germany as she knew it has disappeared.', 'https://m.media-amazon.com/images/M/MV5BMTI0MTg4NzI3M15BMl5BanBnXkFtZTcwOTE0MTUyMQ@@._V1_UY98_CR0,0,67,98_AL_.jpg', 7.7, 68.0, 137981, 4064200.0, 9);
INSERT INTO MovieGenres (MovieID, GenreID) VALUES (787, 5);
INSERT INTO MovieGenres (MovieID, GenreID) VALUES (787, 7);
INSERT INTO MovieGenres (MovieID, GenreID) VALUES (787, 16);
INSERT INTO MoviePeople (MovieID, PersonID, RoleID) VALUES (787, 3123, 1);
INSERT INTO MoviePeople (MovieID, PersonID, RoleID) VALUES (787, 592, 2);
INSERT INTO MoviePeople (MovieID, PersonID, RoleID) VALUES (787, 1628, 3);
INSERT INTO MoviePeople (MovieID, PersonID, RoleID) VALUES (787, 532, 4);
INSERT INTO MoviePeople (MovieID, PersonID, RoleID) VALUES (787, 881, 5);

INSERT INTO Movies (MovieID, Series_Title, Released_Year, RuntimeMinutes, Overview, Poster_Link, IMDB_Rating, Meta_score, No_of_Votes, Gross_Revenue, CertificateID) VALUES (788, 'In America', 2002.0, 105, 'A family of Irish immigrants adjust to life on the mean streets of Hell''s Kitchen while also grieving the death of a child.', 'https://m.media-amazon.com/images/M/MV5BOGY1YmUzN2MtNDQ3NC00Nzc4LWI5M2EtYzUwMGQ4NWM4NjE1XkEyXkFqcGdeQXVyMTQxNzMzNDI@._V1_UY98_CR0,0,67,98_AL_.jpg', 7.7, 76.0, 40403, 15539266.0, 7);
INSERT INTO MovieGenres (MovieID, GenreID) VALUES (788, 7);
INSERT INTO MoviePeople (MovieID, PersonID, RoleID) VALUES (788, 1390, 1);
INSERT INTO MoviePeople (MovieID, PersonID, RoleID) VALUES (788, 2271, 2);
INSERT INTO MoviePeople (MovieID, PersonID, RoleID) VALUES (788, 2651, 3);
INSERT INTO MoviePeople (MovieID, PersonID, RoleID) VALUES (788, 697, 4);
INSERT INTO MoviePeople (MovieID, PersonID, RoleID) VALUES (788, 2669, 5);

INSERT INTO Movies (MovieID, Series_Title, Released_Year, RuntimeMinutes, Overview, Poster_Link, IMDB_Rating, Meta_score, No_of_Votes, Gross_Revenue, CertificateID) VALUES (789, 'I Am Sam', 2001.0, 132, 'A mentally handicapped man fights for custody of his 7-year-old daughter and in the process teaches his cold-hearted lawyer the value of love and family.', 'https://m.media-amazon.com/images/M/MV5BYzEyNzc0NjctZjJiZC00MWI1LWJlOTMtYWZkZDAzNzQ0ZDNkXkEyXkFqcGdeQXVyMTQxNzMzNDI@._V1_UX67_CR0,0,67,98_AL_.jpg', 7.7, 28.0, 142863, 40311852.0, 7);
INSERT INTO MovieGenres (MovieID, GenreID) VALUES (789, 7);
INSERT INTO MoviePeople (MovieID, PersonID, RoleID) VALUES (789, 1379, 1);
INSERT INTO MoviePeople (MovieID, PersonID, RoleID) VALUES (789, 2697, 2);
INSERT INTO MoviePeople (MovieID, PersonID, RoleID) VALUES (789, 2087, 3);
INSERT INTO MoviePeople (MovieID, PersonID, RoleID) VALUES (789, 577, 4);
INSERT INTO MoviePeople (MovieID, PersonID, RoleID) VALUES (789, 686, 5);

INSERT INTO Movies (MovieID, Series_Title, Released_Year, RuntimeMinutes, Overview, Poster_Link, IMDB_Rating, Meta_score, No_of_Votes, Gross_Revenue, CertificateID) VALUES (790, 'Adaptation.', 2002.0, 115, 'A lovelorn screenwriter becomes desperate as he tries and fails to adapt ''The Orchid Thief'' by Susan Orlean for the screen.', 'https://m.media-amazon.com/images/M/MV5BZjIwZWU0ZDItNzBlNS00MDIwLWFlZjctZTJjODdjZWYxNzczL2ltYWdlXkEyXkFqcGdeQXVyMTMxODk2OTU@._V1_UX67_CR0,0,67,98_AL_.jpg', 7.7, 83.0, 178565, 22245861.0, 9);
INSERT INTO MovieGenres (MovieID, GenreID) VALUES (790, 5);
INSERT INTO MovieGenres (MovieID, GenreID) VALUES (790, 7);
INSERT INTO MoviePeople (MovieID, PersonID, RoleID) VALUES (790, 2783, 1);
INSERT INTO MoviePeople (MovieID, PersonID, RoleID) VALUES (790, 2200, 2);
INSERT INTO MoviePeople (MovieID, PersonID, RoleID) VALUES (790, 2036, 3);
INSERT INTO MoviePeople (MovieID, PersonID, RoleID) VALUES (790, 496, 4);
INSERT INTO MoviePeople (MovieID, PersonID, RoleID) VALUES (790, 2922, 5);

INSERT INTO Movies (MovieID, Series_Title, Released_Year, RuntimeMinutes, Overview, Poster_Link, IMDB_Rating, Meta_score, No_of_Votes, Gross_Revenue, CertificateID) VALUES (791, 'Black Hawk Down', 2001.0, 144, '160 elite U.S. soldiers drop into Somalia to capture two top lieutenants of a renegade warlord and find themselves in a desperate battle with a large force of heavily-armed Somalis.', 'https://m.media-amazon.com/images/M/MV5BYWMwMzQxZjQtODM1YS00YmFiLTk1YjQtNzNiYWY1MDE4NTdiXkEyXkFqcGdeQXVyNDYyMDk5MTU@._V1_UX67_CR0,0,67,98_AL_.jpg', 7.7, 74.0, 364254, 108638745.0, 2);
INSERT INTO MovieGenres (MovieID, GenreID) VALUES (791, 7);
INSERT INTO MovieGenres (MovieID, GenreID) VALUES (791, 11);
INSERT INTO MovieGenres (MovieID, GenreID) VALUES (791, 20);
INSERT INTO MoviePeople (MovieID, PersonID, RoleID) VALUES (791, 2498, 1);
INSERT INTO MoviePeople (MovieID, PersonID, RoleID) VALUES (791, 1532, 2);
INSERT INTO MoviePeople (MovieID, PersonID, RoleID) VALUES (791, 846, 3);
INSERT INTO MoviePeople (MovieID, PersonID, RoleID) VALUES (791, 2958, 4);
INSERT INTO MoviePeople (MovieID, PersonID, RoleID) VALUES (791, 821, 5);

INSERT INTO Movies (MovieID, Series_Title, Released_Year, RuntimeMinutes, Overview, Poster_Link, IMDB_Rating, Meta_score, No_of_Votes, Gross_Revenue, CertificateID) VALUES (792, 'Road to Perdition', 2002.0, 117, 'A mob enforcer''s son witnesses a murder, forcing him and his father to take to the road, and his father down a path of redemption and revenge.', 'https://m.media-amazon.com/images/M/MV5BNjcxMmQ0MmItYTkzYy00MmUyLTlhOTQtMmJmNjE3MDMwYjdlXkEyXkFqcGdeQXVyNzkwMjQ5NzM@._V1_UX67_CR0,0,67,98_AL_.jpg', 7.7, 72.0, 246840, 104454762.0, 2);
INSERT INTO MovieGenres (MovieID, GenreID) VALUES (792, 6);
INSERT INTO MovieGenres (MovieID, GenreID) VALUES (792, 7);
INSERT INTO MovieGenres (MovieID, GenreID) VALUES (792, 19);
INSERT INTO MoviePeople (MovieID, PersonID, RoleID) VALUES (792, 2640, 1);
INSERT INTO MoviePeople (MovieID, PersonID, RoleID) VALUES (792, 2949, 2);
INSERT INTO MoviePeople (MovieID, PersonID, RoleID) VALUES (792, 2997, 3);
INSERT INTO MoviePeople (MovieID, PersonID, RoleID) VALUES (792, 2506, 4);
INSERT INTO MoviePeople (MovieID, PersonID, RoleID) VALUES (792, 1787, 5);

INSERT INTO Movies (MovieID, Series_Title, Released_Year, RuntimeMinutes, Overview, Poster_Link, IMDB_Rating, Meta_score, No_of_Votes, Gross_Revenue, CertificateID) VALUES (793, 'Das Experiment', 2001.0, 120, 'For two weeks, 20 male participants are hired to play prisoners and guards in a prison. The "prisoners" have to follow seemingly mild rules, and the "guards" are told to retain order without using physical violence.', 'https://m.media-amazon.com/images/M/MV5BNThiMDc1YjUtYmE3Zi00MTM1LTkzM2MtNjdlNzQ4ZDlmYjRmXkEyXkFqcGdeQXVyMTQxNzMzNDI@._V1_UY98_CR1,0,67,98_AL_.jpg', 7.7, 60.0, 90842, 141072.0, 9);
INSERT INTO MovieGenres (MovieID, GenreID) VALUES (793, 7);
INSERT INTO MovieGenres (MovieID, GenreID) VALUES (793, 19);
INSERT INTO MoviePeople (MovieID, PersonID, RoleID) VALUES (793, 2244, 1);
INSERT INTO MoviePeople (MovieID, PersonID, RoleID) VALUES (793, 2145, 2);
INSERT INTO MoviePeople (MovieID, PersonID, RoleID) VALUES (793, 510, 3);
INSERT INTO MoviePeople (MovieID, PersonID, RoleID) VALUES (793, 2246, 4);
INSERT INTO MoviePeople (MovieID, PersonID, RoleID) VALUES (793, 3131, 5);

INSERT INTO Movies (MovieID, Series_Title, Released_Year, RuntimeMinutes, Overview, Poster_Link, IMDB_Rating, Meta_score, No_of_Votes, Gross_Revenue, CertificateID) VALUES (794, 'Billy Elliot', 2000.0, 110, 'A talented young boy becomes torn between his unexpected love of dance and the disintegration of his family.', 'https://m.media-amazon.com/images/M/MV5BNGY3NWYwNzctNWU5Yi00ZjljLTgyNDgtZjNhZjRlNjc0ZTU1XkEyXkFqcGdeQXVyMTQxNzMzNDI@._V1_UX67_CR0,0,67,98_AL_.jpg', 7.7, 74.0, 126770, 21995263.0, 9);
INSERT INTO MovieGenres (MovieID, GenreID) VALUES (794, 7);
INSERT INTO MovieGenres (MovieID, GenreID) VALUES (794, 13);
INSERT INTO MoviePeople (MovieID, PersonID, RoleID) VALUES (794, 2802, 1);
INSERT INTO MoviePeople (MovieID, PersonID, RoleID) VALUES (794, 1267, 2);
INSERT INTO MoviePeople (MovieID, PersonID, RoleID) VALUES (794, 1569, 3);
INSERT INTO MoviePeople (MovieID, PersonID, RoleID) VALUES (794, 1314, 4);
INSERT INTO MoviePeople (MovieID, PersonID, RoleID) VALUES (794, 1269, 5);

INSERT INTO Movies (MovieID, Series_Title, Released_Year, RuntimeMinutes, Overview, Poster_Link, IMDB_Rating, Meta_score, No_of_Votes, Gross_Revenue, CertificateID) VALUES (795, 'Hedwig and the Angry Inch', 2001.0, 95, 'A gender-queer punk-rock singer from East Berlin tours the U.S. with her band as she tells her life story and follows the former lover/band-mate who stole her songs.', 'https://m.media-amazon.com/images/M/MV5BZGY5NWUyNDUtZWJhZi00ZjMxLWFmMjMtYmJhZjVkZGZhNWQ4XkEyXkFqcGdeQXVyMTQxNzMzNDI@._V1_UX67_CR0,0,67,98_AL_.jpg', 7.7, 85.0, 31957, 3029081.0, 9);
INSERT INTO MovieGenres (MovieID, GenreID) VALUES (795, 5);
INSERT INTO MovieGenres (MovieID, GenreID) VALUES (795, 7);
INSERT INTO MovieGenres (MovieID, GenreID) VALUES (795, 13);
INSERT INTO MoviePeople (MovieID, PersonID, RoleID) VALUES (795, 1431, 1);
INSERT INTO MoviePeople (MovieID, PersonID, RoleID) VALUES (795, 1431, 2);
INSERT INTO MoviePeople (MovieID, PersonID, RoleID) VALUES (795, 2120, 3);
INSERT INTO MoviePeople (MovieID, PersonID, RoleID) VALUES (795, 2807, 4);
INSERT INTO MoviePeople (MovieID, PersonID, RoleID) VALUES (795, 2903, 5);

INSERT INTO Movies (MovieID, Series_Title, Released_Year, RuntimeMinutes, Overview, Poster_Link, IMDB_Rating, Meta_score, No_of_Votes, Gross_Revenue, CertificateID) VALUES (796, 'Ocean''s Eleven', 2001.0, 116, 'Danny Ocean and his ten accomplices plan to rob three Las Vegas casinos simultaneously.', 'https://m.media-amazon.com/images/M/MV5BYzVmYzVkMmUtOGRhMi00MTNmLThlMmUtZTljYjlkMjNkMjJkXkEyXkFqcGdeQXVyNDk3NzU2MTQ@._V1_UX67_CR0,0,67,98_AL_.jpg', 7.7, 74.0, 516372, 183417150.0, 15);
INSERT INTO MovieGenres (MovieID, GenreID) VALUES (796, 6);
INSERT INTO MovieGenres (MovieID, GenreID) VALUES (796, 19);
INSERT INTO MoviePeople (MovieID, PersonID, RoleID) VALUES (796, 2817, 1);
INSERT INTO MoviePeople (MovieID, PersonID, RoleID) VALUES (796, 971, 2);
INSERT INTO MoviePeople (MovieID, PersonID, RoleID) VALUES (796, 351, 3);
INSERT INTO MoviePeople (MovieID, PersonID, RoleID) VALUES (796, 1554, 4);
INSERT INTO MoviePeople (MovieID, PersonID, RoleID) VALUES (796, 1985, 5);

INSERT INTO Movies (MovieID, Series_Title, Released_Year, RuntimeMinutes, Overview, Poster_Link, IMDB_Rating, Meta_score, No_of_Votes, Gross_Revenue, CertificateID) VALUES (797, 'Vampire Hunter D: Bloodlust', 2000.0, 103, 'When a girl is abducted by a vampire, a legendary bounty hunter is hired to bring her back.', 'https://m.media-amazon.com/images/M/MV5BNTIyNThlMjMtMzUyMi00YmEyLTljMmYtMWRhN2Q3ZTllZjA4XkEyXkFqcGdeQXVyMzM4MjM0Nzg@._V1_UY98_CR1,0,67,98_AL_.jpg', 7.7, 62.0, 29210, 151086.0, 13);
INSERT INTO MovieGenres (MovieID, GenreID) VALUES (797, 3);
INSERT INTO MovieGenres (MovieID, GenreID) VALUES (797, 1);
INSERT INTO MovieGenres (MovieID, GenreID) VALUES (797, 9);
INSERT INTO MoviePeople (MovieID, PersonID, RoleID) VALUES (797, 3154, 1);
INSERT INTO MoviePeople (MovieID, PersonID, RoleID) VALUES (797, 143, 2);
INSERT INTO MoviePeople (MovieID, PersonID, RoleID) VALUES (797, 1477, 3);
INSERT INTO MoviePeople (MovieID, PersonID, RoleID) VALUES (797, 2273, 4);
INSERT INTO MoviePeople (MovieID, PersonID, RoleID) VALUES (797, 3082, 5);

INSERT INTO Movies (MovieID, Series_Title, Released_Year, RuntimeMinutes, Overview, Poster_Link, IMDB_Rating, Meta_score, No_of_Votes, Gross_Revenue, CertificateID) VALUES (798, 'O Brother, Where Art Thou?', 2000.0, 107, 'In the deep south during the 1930s, three escaped convicts search for hidden treasure while a relentless lawman pursues them.', 'https://m.media-amazon.com/images/M/MV5BMjZkOTdmMWItOTkyNy00MDdjLTlhNTQtYzU3MzdhZjA0ZDEyXkEyXkFqcGdeQXVyMTMxODk2OTU@._V1_UX67_CR0,0,67,98_AL_.jpg', 7.7, 69.0, 286742, 45512588.0, 13);
INSERT INTO MovieGenres (MovieID, GenreID) VALUES (798, 2);
INSERT INTO MovieGenres (MovieID, GenreID) VALUES (798, 5);
INSERT INTO MovieGenres (MovieID, GenreID) VALUES (798, 6);
INSERT INTO MoviePeople (MovieID, PersonID, RoleID) VALUES (798, 1418, 1);
INSERT INTO MoviePeople (MovieID, PersonID, RoleID) VALUES (798, 836, 2);
INSERT INTO MoviePeople (MovieID, PersonID, RoleID) VALUES (798, 971, 3);
INSERT INTO MoviePeople (MovieID, PersonID, RoleID) VALUES (798, 1491, 4);
INSERT INTO MoviePeople (MovieID, PersonID, RoleID) VALUES (798, 2924, 5);

INSERT INTO Movies (MovieID, Series_Title, Released_Year, RuntimeMinutes, Overview, Poster_Link, IMDB_Rating, Meta_score, No_of_Votes, Gross_Revenue, CertificateID) VALUES (799, 'Interstate 60: Episodes of the Road', 2002.0, 116, 'Neal Oliver, a very confused young man and an artist, takes a journey of a lifetime on a highway I60 that doesn''t exist on any of the maps, going to the places he never even heard of, searching for an answer and his dreamgirl.', 'https://m.media-amazon.com/images/M/MV5BZDYwYzlhOTAtNDAwMC00ZTBhLWI4M2QtMTA1NmJhYTdiNTkxXkEyXkFqcGdeQXVyNTM0NTU5Mg@@._V1_UX67_CR0,0,67,98_AL_.jpg', 7.7, NULL, 29999, NULL, 9);
INSERT INTO MovieGenres (MovieID, GenreID) VALUES (799, 2);
INSERT INTO MovieGenres (MovieID, GenreID) VALUES (799, 5);
INSERT INTO MovieGenres (MovieID, GenreID) VALUES (799, 7);
INSERT INTO MoviePeople (MovieID, PersonID, RoleID) VALUES (799, 328, 1);
INSERT INTO MoviePeople (MovieID, PersonID, RoleID) VALUES (799, 1255, 2);
INSERT INTO MoviePeople (MovieID, PersonID, RoleID) VALUES (799, 942, 3);
INSERT INTO MoviePeople (MovieID, PersonID, RoleID) VALUES (799, 1713, 4);
INSERT INTO MoviePeople (MovieID, PersonID, RoleID) VALUES (799, 1990, 5);

INSERT INTO Movies (MovieID, Series_Title, Released_Year, RuntimeMinutes, Overview, Poster_Link, IMDB_Rating, Meta_score, No_of_Votes, Gross_Revenue, CertificateID) VALUES (800, 'South Park: Bigger, Longer & Uncut', 1999.0, 81, 'When Stan Marsh and his friends go see an R-rated movie, they start cursing and their parents think that Canada is to blame.', 'https://m.media-amazon.com/images/M/MV5BOGE0ZWI0YzAtY2NkZi00YjkyLWIzYWEtNTJmMzJjODllNjdjXkEyXkFqcGdeQXVyMTQxNzMzNDI@._V1_UX67_CR0,0,67,98_AL_.jpg', 7.7, 73.0, 192112, 52037603.0, 2);
INSERT INTO MovieGenres (MovieID, GenreID) VALUES (800, 3);
INSERT INTO MovieGenres (MovieID, GenreID) VALUES (800, 5);
INSERT INTO MovieGenres (MovieID, GenreID) VALUES (800, 9);
INSERT INTO MoviePeople (MovieID, PersonID, RoleID) VALUES (800, 2987, 1);
INSERT INTO MoviePeople (MovieID, PersonID, RoleID) VALUES (800, 2987, 2);
INSERT INTO MoviePeople (MovieID, PersonID, RoleID) VALUES (800, 1988, 3);
INSERT INTO MoviePeople (MovieID, PersonID, RoleID) VALUES (800, 1964, 4);
INSERT INTO MoviePeople (MovieID, PersonID, RoleID) VALUES (800, 1185, 5);

INSERT INTO Movies (MovieID, Series_Title, Released_Year, RuntimeMinutes, Overview, Poster_Link, IMDB_Rating, Meta_score, No_of_Votes, Gross_Revenue, CertificateID) VALUES (801, 'Office Space', 1999.0, 89, 'Three company workers who hate their jobs decide to rebel against their greedy boss.', 'https://m.media-amazon.com/images/M/MV5BOTA5MzQ3MzI1NV5BMl5BanBnXkFtZTgwNTcxNTYxMTE@._V1_UX67_CR0,0,67,98_AL_.jpg', 7.7, 68.0, 241575, 10824921.0, 9);
INSERT INTO MovieGenres (MovieID, GenreID) VALUES (801, 5);
INSERT INTO MoviePeople (MovieID, PersonID, RoleID) VALUES (801, 2098, 1);
INSERT INTO MoviePeople (MovieID, PersonID, RoleID) VALUES (801, 2567, 2);
INSERT INTO MoviePeople (MovieID, PersonID, RoleID) VALUES (801, 1351, 3);
INSERT INTO MoviePeople (MovieID, PersonID, RoleID) VALUES (801, 633, 4);
INSERT INTO MoviePeople (MovieID, PersonID, RoleID) VALUES (801, 34, 5);

INSERT INTO Movies (MovieID, Series_Title, Released_Year, RuntimeMinutes, Overview, Poster_Link, IMDB_Rating, Meta_score, No_of_Votes, Gross_Revenue, CertificateID) VALUES (802, 'Happiness', 1998.0, 134, 'The lives of several individuals intertwine as they go about their lives in their own unique ways, engaging in acts society as a whole might find disturbing in a desperate search for human connection.', 'https://m.media-amazon.com/images/M/MV5BM2FlNzE0ZmUtMmVkZS00MWQ3LWE4OWQtYjQwZjdhNzRmNWE2XkEyXkFqcGdeQXVyMTAwMzUyOTc@._V1_UX67_CR0,0,67,98_AL_.jpg', 7.7, 81.0, 66408, 2807390.0, NULL);
INSERT INTO MovieGenres (MovieID, GenreID) VALUES (802, 5);
INSERT INTO MovieGenres (MovieID, GenreID) VALUES (802, 7);
INSERT INTO MoviePeople (MovieID, PersonID, RoleID) VALUES (802, 2944, 1);
INSERT INTO MoviePeople (MovieID, PersonID, RoleID) VALUES (802, 1276, 2);
INSERT INTO MoviePeople (MovieID, PersonID, RoleID) VALUES (802, 1502, 3);
INSERT INTO MoviePeople (MovieID, PersonID, RoleID) VALUES (802, 2361, 4);
INSERT INTO MoviePeople (MovieID, PersonID, RoleID) VALUES (802, 733, 5);

INSERT INTO Movies (MovieID, Series_Title, Released_Year, RuntimeMinutes, Overview, Poster_Link, IMDB_Rating, Meta_score, No_of_Votes, Gross_Revenue, CertificateID) VALUES (803, 'Training Day', 2001.0, 122, 'A rookie cop spends his first day as a Los Angeles narcotics officer with a rogue detective who isn''t what he appears to be.', 'https://m.media-amazon.com/images/M/MV5BMDZkMTUxYWEtMDY5NS00ZTA5LTg3MTItNTlkZWE1YWRjYjMwL2ltYWdlL2ltYWdlXkEyXkFqcGdeQXVyMTQxNzMzNDI@._V1_UX67_CR0,0,67,98_AL_.jpg', 7.7, 69.0, 390247, 76631907.0, 2);
INSERT INTO MovieGenres (MovieID, GenreID) VALUES (803, 6);
INSERT INTO MovieGenres (MovieID, GenreID) VALUES (803, 7);
INSERT INTO MovieGenres (MovieID, GenreID) VALUES (803, 19);
INSERT INTO MoviePeople (MovieID, PersonID, RoleID) VALUES (803, 198, 1);
INSERT INTO MoviePeople (MovieID, PersonID, RoleID) VALUES (803, 675, 2);
INSERT INTO MoviePeople (MovieID, PersonID, RoleID) VALUES (803, 837, 3);
INSERT INTO MoviePeople (MovieID, PersonID, RoleID) VALUES (803, 2685, 4);
INSERT INTO MoviePeople (MovieID, PersonID, RoleID) VALUES (803, 2946, 5);

INSERT INTO Movies (MovieID, Series_Title, Released_Year, RuntimeMinutes, Overview, Poster_Link, IMDB_Rating, Meta_score, No_of_Votes, Gross_Revenue, CertificateID) VALUES (804, 'Rushmore', 1998.0, 93, 'The extracurricular king of Rushmore Preparatory School is put on academic probation.', 'https://m.media-amazon.com/images/M/MV5BMjE2OTc3OTk2M15BMl5BanBnXkFtZTgwMjg2NjIyMDE@._V1_UX67_CR0,0,67,98_AL_.jpg', 7.7, 86.0, 169229, 17105219.0, 15);
INSERT INTO MovieGenres (MovieID, GenreID) VALUES (804, 5);
INSERT INTO MovieGenres (MovieID, GenreID) VALUES (804, 7);
INSERT INTO MovieGenres (MovieID, GenreID) VALUES (804, 16);
INSERT INTO MoviePeople (MovieID, PersonID, RoleID) VALUES (804, 3088, 1);
INSERT INTO MoviePeople (MovieID, PersonID, RoleID) VALUES (804, 1301, 2);
INSERT INTO MoviePeople (MovieID, PersonID, RoleID) VALUES (804, 305, 3);
INSERT INTO MoviePeople (MovieID, PersonID, RoleID) VALUES (804, 2250, 4);
INSERT INTO MoviePeople (MovieID, PersonID, RoleID) VALUES (804, 2714, 5);

INSERT INTO Movies (MovieID, Series_Title, Released_Year, RuntimeMinutes, Overview, Poster_Link, IMDB_Rating, Meta_score, No_of_Votes, Gross_Revenue, CertificateID) VALUES (805, 'Abre los ojos', 1997.0, 119, 'A very handsome man finds the love of his life, but he suffers an accident and needs to have his face rebuilt by surgery after it is severely disfigured.', 'https://m.media-amazon.com/images/M/MV5BYjA2MTA1MjUtYmUyNy00NGZiLTk2NTAtMDk3N2M3YmMwOTc1XkEyXkFqcGdeQXVyMjA0MzYwMDY@._V1_UY98_CR0,0,67,98_AL_.jpg', 7.7, NULL, 64082, 368234.0, 13);
INSERT INTO MovieGenres (MovieID, GenreID) VALUES (805, 7);
INSERT INTO MovieGenres (MovieID, GenreID) VALUES (805, 15);
INSERT INTO MovieGenres (MovieID, GenreID) VALUES (805, 17);
INSERT INTO MoviePeople (MovieID, PersonID, RoleID) VALUES (805, 69, 1);
INSERT INTO MoviePeople (MovieID, PersonID, RoleID) VALUES (805, 748, 2);
INSERT INTO MoviePeople (MovieID, PersonID, RoleID) VALUES (805, 2330, 3);
INSERT INTO MoviePeople (MovieID, PersonID, RoleID) VALUES (805, 481, 4);
INSERT INTO MoviePeople (MovieID, PersonID, RoleID) VALUES (805, 863, 5);

INSERT INTO Movies (MovieID, Series_Title, Released_Year, RuntimeMinutes, Overview, Poster_Link, IMDB_Rating, Meta_score, No_of_Votes, Gross_Revenue, CertificateID) VALUES (806, 'Being John Malkovich', 1999.0, 113, 'A puppeteer discovers a portal that leads literally into the head of movie star John Malkovich.', 'https://m.media-amazon.com/images/M/MV5BYmUxY2MyOTQtYjRlMi00ZWEwLTkzODctZDMxNDcyNTFhYjNjXkEyXkFqcGdeQXVyNDk3NzU2MTQ@._V1_UY98_CR1,0,67,98_AL_.jpg', 7.7, 90.0, 312542, 22858926.0, 9);
INSERT INTO MovieGenres (MovieID, GenreID) VALUES (806, 5);
INSERT INTO MovieGenres (MovieID, GenreID) VALUES (806, 7);
INSERT INTO MovieGenres (MovieID, GenreID) VALUES (806, 9);
INSERT INTO MoviePeople (MovieID, PersonID, RoleID) VALUES (806, 2783, 1);
INSERT INTO MoviePeople (MovieID, PersonID, RoleID) VALUES (806, 1441, 2);
INSERT INTO MoviePeople (MovieID, PersonID, RoleID) VALUES (806, 414, 3);
INSERT INTO MoviePeople (MovieID, PersonID, RoleID) VALUES (806, 446, 4);
INSERT INTO MoviePeople (MovieID, PersonID, RoleID) VALUES (806, 1470, 5);

INSERT INTO Movies (MovieID, Series_Title, Released_Year, RuntimeMinutes, Overview, Poster_Link, IMDB_Rating, Meta_score, No_of_Votes, Gross_Revenue, CertificateID) VALUES (807, 'As Good as It Gets', 1997.0, 139, 'A single mother and waitress, a misanthropic author, and a gay artist form an unlikely friendship after the artist is assaulted in a robbery.', 'https://m.media-amazon.com/images/M/MV5BNWMxZTgzMWEtMTU0Zi00NDc5LWFkZjctMzUxNDIyNzZiMmNjXkEyXkFqcGdeQXVyMTQxNzMzNDI@._V1_UX67_CR0,0,67,98_AL_.jpg', 7.7, 67.0, 275755, 148478011.0, 2);
INSERT INTO MovieGenres (MovieID, GenreID) VALUES (807, 5);
INSERT INTO MovieGenres (MovieID, GenreID) VALUES (807, 7);
INSERT INTO MovieGenres (MovieID, GenreID) VALUES (807, 16);
INSERT INTO MoviePeople (MovieID, PersonID, RoleID) VALUES (807, 1252, 1);
INSERT INTO MoviePeople (MovieID, PersonID, RoleID) VALUES (807, 1214, 2);
INSERT INTO MoviePeople (MovieID, PersonID, RoleID) VALUES (807, 1098, 3);
INSERT INTO MoviePeople (MovieID, PersonID, RoleID) VALUES (807, 1036, 4);
INSERT INTO MoviePeople (MovieID, PersonID, RoleID) VALUES (807, 566, 5);

INSERT INTO Movies (MovieID, Series_Title, Released_Year, RuntimeMinutes, Overview, Poster_Link, IMDB_Rating, Meta_score, No_of_Votes, Gross_Revenue, CertificateID) VALUES (808, 'The Fifth Element', 1997.0, 126, 'In the colorful future, a cab driver unwittingly becomes the central figure in the search for a legendary cosmic weapon to keep Evil and Mr. Zorg at bay.', 'https://m.media-amazon.com/images/M/MV5BZWFjYmZmZGQtYzg4YS00ZGE5LTgwYzAtZmQwZjQ2NDliMGVmXkEyXkFqcGdeQXVyNTUyMzE4Mzg@._V1_UY98_CR0,0,67,98_AL_.jpg', 7.7, 52.0, 434125, 63540020.0, 15);
INSERT INTO MovieGenres (MovieID, GenreID) VALUES (808, 1);
INSERT INTO MovieGenres (MovieID, GenreID) VALUES (808, 2);
INSERT INTO MovieGenres (MovieID, GenreID) VALUES (808, 17);
INSERT INTO MoviePeople (MovieID, PersonID, RoleID) VALUES (808, 1838, 1);
INSERT INTO MoviePeople (MovieID, PersonID, RoleID) VALUES (808, 385, 2);
INSERT INTO MoviePeople (MovieID, PersonID, RoleID) VALUES (808, 2110, 3);
INSERT INTO MoviePeople (MovieID, PersonID, RoleID) VALUES (808, 942, 4);
INSERT INTO MoviePeople (MovieID, PersonID, RoleID) VALUES (808, 1161, 5);

INSERT INTO Movies (MovieID, Series_Title, Released_Year, RuntimeMinutes, Overview, Poster_Link, IMDB_Rating, Meta_score, No_of_Votes, Gross_Revenue, CertificateID) VALUES (809, 'Le dîner de cons', 1998.0, 80, 'A few friends have a weekly fools'' dinner, where each brings a fool along. Pierre finds a champion fool for next dinner. Surprise.', 'https://m.media-amazon.com/images/M/MV5BZjFkOWM5NDUtODYwOS00ZDg0LWFkZGUtYzBkYzNjZjU3ODE3XkEyXkFqcGdeQXVyNzQzNzQxNzI@._V1_UX67_CR0,0,67,98_AL_.jpg', 7.7, 73.0, 37424, 4065116.0, 7);
INSERT INTO MovieGenres (MovieID, GenreID) VALUES (809, 5);
INSERT INTO MoviePeople (MovieID, PersonID, RoleID) VALUES (809, 895, 1);
INSERT INTO MoviePeople (MovieID, PersonID, RoleID) VALUES (809, 2906, 2);
INSERT INTO MoviePeople (MovieID, PersonID, RoleID) VALUES (809, 1228, 3);
INSERT INTO MoviePeople (MovieID, PersonID, RoleID) VALUES (809, 893, 4);
INSERT INTO MoviePeople (MovieID, PersonID, RoleID) VALUES (809, 599, 5);

INSERT INTO Movies (MovieID, Series_Title, Released_Year, RuntimeMinutes, Overview, Poster_Link, IMDB_Rating, Meta_score, No_of_Votes, Gross_Revenue, CertificateID) VALUES (810, 'Donnie Brasco', 1997.0, 127, 'An FBI undercover agent infiltrates the mob and finds himself identifying more with the mafia life, at the expense of his regular one.', 'https://m.media-amazon.com/images/M/MV5BYzMzMDZkYWEtODIzNS00YjI3LTkxNTktOWEyZGM3ZWI2MWM4XkEyXkFqcGdeQXVyNzkwMjQ5NzM@._V1_UX67_CR0,0,67,98_AL_.jpg', 7.7, 76.0, 279318, 41909762.0, 2);
INSERT INTO MovieGenres (MovieID, GenreID) VALUES (810, 4);
INSERT INTO MovieGenres (MovieID, GenreID) VALUES (810, 6);
INSERT INTO MovieGenres (MovieID, GenreID) VALUES (810, 7);
INSERT INTO MoviePeople (MovieID, PersonID, RoleID) VALUES (810, 2101, 1);
INSERT INTO MoviePeople (MovieID, PersonID, RoleID) VALUES (810, 45, 2);
INSERT INTO MoviePeople (MovieID, PersonID, RoleID) VALUES (810, 1496, 3);
INSERT INTO MoviePeople (MovieID, PersonID, RoleID) VALUES (810, 2060, 4);
INSERT INTO MoviePeople (MovieID, PersonID, RoleID) VALUES (810, 387, 5);

INSERT INTO Movies (MovieID, Series_Title, Released_Year, RuntimeMinutes, Overview, Poster_Link, IMDB_Rating, Meta_score, No_of_Votes, Gross_Revenue, CertificateID) VALUES (811, 'Shine', 1996.0, 105, 'Pianist David Helfgott, driven by his father and teachers, has a breakdown. Years later he returns to the piano, to popular if not critical acclaim.', 'https://m.media-amazon.com/images/M/MV5BMTQzMzcxMzUyMl5BMl5BanBnXkFtZTgwNDI1MjgxMTE@._V1_UX67_CR0,0,67,98_AL_.jpg', 7.7, 87.0, 51350, 35811509.0, 13);
INSERT INTO MovieGenres (MovieID, GenreID) VALUES (811, 4);
INSERT INTO MovieGenres (MovieID, GenreID) VALUES (811, 7);
INSERT INTO MovieGenres (MovieID, GenreID) VALUES (811, 13);
INSERT INTO MoviePeople (MovieID, PersonID, RoleID) VALUES (811, 2687, 1);
INSERT INTO MoviePeople (MovieID, PersonID, RoleID) VALUES (811, 968, 2);
INSERT INTO MoviePeople (MovieID, PersonID, RoleID) VALUES (811, 221, 3);
INSERT INTO MoviePeople (MovieID, PersonID, RoleID) VALUES (811, 1578, 4);
INSERT INTO MoviePeople (MovieID, PersonID, RoleID) VALUES (811, 2776, 5);

INSERT INTO Movies (MovieID, Series_Title, Released_Year, RuntimeMinutes, Overview, Poster_Link, IMDB_Rating, Meta_score, No_of_Votes, Gross_Revenue, CertificateID) VALUES (812, 'Primal Fear', 1996.0, 129, 'An altar boy is accused of murdering a priest, and the truth is buried several layers deep.', 'https://m.media-amazon.com/images/M/MV5BZTM2NWI2OGYtYWNhMi00ZTlmLTg2ZTAtMmI5NWRjODA5YTE1XkEyXkFqcGdeQXVyODE2OTYwNTg@._V1_UX67_CR0,0,67,98_AL_.jpg', 7.7, 47.0, 189716, 56116183.0, 2);
INSERT INTO MovieGenres (MovieID, GenreID) VALUES (812, 6);
INSERT INTO MovieGenres (MovieID, GenreID) VALUES (812, 7);
INSERT INTO MovieGenres (MovieID, GenreID) VALUES (812, 15);
INSERT INTO MoviePeople (MovieID, PersonID, RoleID) VALUES (812, 1038, 1);
INSERT INTO MoviePeople (MovieID, PersonID, RoleID) VALUES (812, 2481, 2);
INSERT INTO MoviePeople (MovieID, PersonID, RoleID) VALUES (812, 1735, 3);
INSERT INTO MoviePeople (MovieID, PersonID, RoleID) VALUES (812, 756, 4);
INSERT INTO MoviePeople (MovieID, PersonID, RoleID) VALUES (812, 1469, 5);

INSERT INTO Movies (MovieID, Series_Title, Released_Year, RuntimeMinutes, Overview, Poster_Link, IMDB_Rating, Meta_score, No_of_Votes, Gross_Revenue, CertificateID) VALUES (813, 'Hamlet', 1996.0, 242, 'Hamlet, Prince of Denmark, returns home to find his father murdered and his mother remarrying the murderer, his uncle. Meanwhile, war is brewing.', 'https://m.media-amazon.com/images/M/MV5BM2U5OWM5NWQtZDYwZS00NmI3LTk4NDktNzcwZjYzNmEzYWU1XkEyXkFqcGdeQXVyNjMwMjk0MTQ@._V1_UY98_CR0,0,67,98_AL_.jpg', 7.7, NULL, 35991, 4414535.0, 7);
INSERT INTO MovieGenres (MovieID, GenreID) VALUES (813, 7);
INSERT INTO MoviePeople (MovieID, PersonID, RoleID) VALUES (813, 1656, 1);
INSERT INTO MoviePeople (MovieID, PersonID, RoleID) VALUES (813, 1656, 2);
INSERT INTO MoviePeople (MovieID, PersonID, RoleID) VALUES (813, 1564, 3);
INSERT INTO MoviePeople (MovieID, PersonID, RoleID) VALUES (813, 676, 4);
INSERT INTO MoviePeople (MovieID, PersonID, RoleID) VALUES (813, 1619, 5);

INSERT INTO Movies (MovieID, Series_Title, Released_Year, RuntimeMinutes, Overview, Poster_Link, IMDB_Rating, Meta_score, No_of_Votes, Gross_Revenue, CertificateID) VALUES (814, 'A Little Princess', 1995.0, 97, 'A young girl is relegated to servitude at a boarding school when her father goes missing and is presumed dead.', 'https://m.media-amazon.com/images/M/MV5BZDQzMGE5ODYtZDdiNC00MzZjLTg2NjAtZTk0ODlkYmY4MTQzXkEyXkFqcGdeQXVyMTQxNzMzNDI@._V1_UX67_CR0,0,67,98_AL_.jpg', 7.7, 83.0, 32236, 10019307.0, 13);
INSERT INTO MovieGenres (MovieID, GenreID) VALUES (814, 7);
INSERT INTO MovieGenres (MovieID, GenreID) VALUES (814, 8);
INSERT INTO MovieGenres (MovieID, GenreID) VALUES (814, 9);
INSERT INTO MoviePeople (MovieID, PersonID, RoleID) VALUES (814, 90, 1);
INSERT INTO MoviePeople (MovieID, PersonID, RoleID) VALUES (814, 1791, 2);
INSERT INTO MoviePeople (MovieID, PersonID, RoleID) VALUES (814, 765, 3);
INSERT INTO MoviePeople (MovieID, PersonID, RoleID) VALUES (814, 1788, 4);
INSERT INTO MoviePeople (MovieID, PersonID, RoleID) VALUES (814, 2602, 5);

INSERT INTO Movies (MovieID, Series_Title, Released_Year, RuntimeMinutes, Overview, Poster_Link, IMDB_Rating, Meta_score, No_of_Votes, Gross_Revenue, CertificateID) VALUES (815, 'Do lok tin si', 1995.0, 99, 'This Hong Kong-set crime drama follows the lives of a hitman, hoping to get out of the business, and his elusive female partner.', 'https://m.media-amazon.com/images/M/MV5BZjM4NWRhYTQtYTJlNC00ZmMyLWEzNTAtZDA2MjJjYTQ5ZTVmXkEyXkFqcGdeQXVyMTQxNzMzNDI@._V1_UX67_CR0,0,67,98_AL_.jpg', 7.7, 71.0, 26429, NULL, 15);
INSERT INTO MovieGenres (MovieID, GenreID) VALUES (815, 5);
INSERT INTO MovieGenres (MovieID, GenreID) VALUES (815, 6);
INSERT INTO MovieGenres (MovieID, GenreID) VALUES (815, 7);
INSERT INTO MoviePeople (MovieID, PersonID, RoleID) VALUES (815, 1601, 1);
INSERT INTO MoviePeople (MovieID, PersonID, RoleID) VALUES (815, 1772, 2);
INSERT INTO MoviePeople (MovieID, PersonID, RoleID) VALUES (815, 2088, 3);
INSERT INTO MoviePeople (MovieID, PersonID, RoleID) VALUES (815, 2857, 4);
INSERT INTO MoviePeople (MovieID, PersonID, RoleID) VALUES (815, 474, 5);

INSERT INTO Movies (MovieID, Series_Title, Released_Year, RuntimeMinutes, Overview, Poster_Link, IMDB_Rating, Meta_score, No_of_Votes, Gross_Revenue, CertificateID) VALUES (816, 'Il postino', 1994.0, 108, 'A simple Italian postman learns to love poetry while delivering mail to a famous poet, and then uses this to woo local beauty Beatrice.', 'https://m.media-amazon.com/images/M/MV5BZmVhNWIzOTMtYmVlZC00ZDVmLWIyODEtODEzOTAxYjAwMzVlXkEyXkFqcGdeQXVyMzIwNDY4NDI@._V1_UY98_CR1,0,67,98_AL_.jpg', 7.7, 81.0, 33600, 21848932.0, 13);
INSERT INTO MovieGenres (MovieID, GenreID) VALUES (816, 4);
INSERT INTO MovieGenres (MovieID, GenreID) VALUES (816, 5);
INSERT INTO MovieGenres (MovieID, GenreID) VALUES (816, 7);
INSERT INTO MoviePeople (MovieID, PersonID, RoleID) VALUES (816, 2069, 1);
INSERT INTO MoviePeople (MovieID, PersonID, RoleID) VALUES (816, 1981, 2);
INSERT INTO MoviePeople (MovieID, PersonID, RoleID) VALUES (816, 1981, 3);
INSERT INTO MoviePeople (MovieID, PersonID, RoleID) VALUES (816, 2362, 4);
INSERT INTO MoviePeople (MovieID, PersonID, RoleID) VALUES (816, 1911, 5);

INSERT INTO Movies (MovieID, Series_Title, Released_Year, RuntimeMinutes, Overview, Poster_Link, IMDB_Rating, Meta_score, No_of_Votes, Gross_Revenue, CertificateID) VALUES (817, 'Clerks', 1994.0, 92, 'A day in the lives of two convenience clerks named Dante and Randal as they annoy customers, discuss movies, and play hockey on the store roof.', 'https://m.media-amazon.com/images/M/MV5BNzE1Njk0NmItNDhlMC00ZmFlLWI4ZTUtYTY4ZjgzNjkyMTU1XkEyXkFqcGdeQXVyMTQxNzMzNDI@._V1_UX67_CR0,0,67,98_AL_.jpg', 7.7, 70.0, 211450, 3151130.0, 9);
INSERT INTO MovieGenres (MovieID, GenreID) VALUES (817, 5);
INSERT INTO MoviePeople (MovieID, PersonID, RoleID) VALUES (817, 1671, 1);
INSERT INTO MoviePeople (MovieID, PersonID, RoleID) VALUES (817, 368, 2);
INSERT INTO MoviePeople (MovieID, PersonID, RoleID) VALUES (817, 1339, 3);
INSERT INTO MoviePeople (MovieID, PersonID, RoleID) VALUES (817, 1919, 4);
INSERT INTO MoviePeople (MovieID, PersonID, RoleID) VALUES (817, 1812, 5);

INSERT INTO Movies (MovieID, Series_Title, Released_Year, RuntimeMinutes, Overview, Poster_Link, IMDB_Rating, Meta_score, No_of_Votes, Gross_Revenue, CertificateID) VALUES (818, 'Short Cuts', 1993.0, 188, 'The day-to-day lives of several suburban Los Angeles residents.', 'https://m.media-amazon.com/images/M/MV5BZWY0ODc2NDktYmYxNS00MGZiLTk5YjktZjgwZWFhNDQ0MzNhXkEyXkFqcGdeQXVyNTI4MjkwNjA@._V1_UX67_CR0,0,67,98_AL_.jpg', 7.7, 79.0, 42275, 6110979.0, 9);
INSERT INTO MovieGenres (MovieID, GenreID) VALUES (818, 5);
INSERT INTO MovieGenres (MovieID, GenreID) VALUES (818, 7);
INSERT INTO MoviePeople (MovieID, PersonID, RoleID) VALUES (818, 2511, 1);
INSERT INTO MoviePeople (MovieID, PersonID, RoleID) VALUES (818, 129, 2);
INSERT INTO MoviePeople (MovieID, PersonID, RoleID) VALUES (818, 1561, 3);
INSERT INTO MoviePeople (MovieID, PersonID, RoleID) VALUES (818, 2929, 4);
INSERT INTO MoviePeople (MovieID, PersonID, RoleID) VALUES (818, 379, 5);

INSERT INTO Movies (MovieID, Series_Title, Released_Year, RuntimeMinutes, Overview, Poster_Link, IMDB_Rating, Meta_score, No_of_Votes, Gross_Revenue, CertificateID) VALUES (819, 'Philadelphia', 1993.0, 125, 'When a man with HIV is fired by his law firm because of his condition, he hires a homophobic small time lawyer as the only willing advocate for a wrongful dismissal suit.', 'https://m.media-amazon.com/images/M/MV5BNDE0MWE1ZTMtOWFkMS00YjdiLTkwZTItMDljYjY3MjM0NTk5XkEyXkFqcGdeQXVyNDYyMDk5MTU@._V1_UX67_CR0,0,67,98_AL_.jpg', 7.7, 66.0, 224169, 77324422.0, 15);
INSERT INTO MovieGenres (MovieID, GenreID) VALUES (819, 7);
INSERT INTO MoviePeople (MovieID, PersonID, RoleID) VALUES (819, 1506, 1);
INSERT INTO MoviePeople (MovieID, PersonID, RoleID) VALUES (819, 2949, 2);
INSERT INTO MoviePeople (MovieID, PersonID, RoleID) VALUES (819, 675, 3);
INSERT INTO MoviePeople (MovieID, PersonID, RoleID) VALUES (819, 2542, 4);
INSERT INTO MoviePeople (MovieID, PersonID, RoleID) VALUES (819, 402, 5);

INSERT INTO Movies (MovieID, Series_Title, Released_Year, RuntimeMinutes, Overview, Poster_Link, IMDB_Rating, Meta_score, No_of_Votes, Gross_Revenue, CertificateID) VALUES (820, 'The Muppet Christmas Carol', 1992.0, 85, 'The Muppet characters tell their version of the classic tale of an old and bitter miser''s redemption on Christmas Eve.', 'https://m.media-amazon.com/images/M/MV5BN2Y0NWRkNWItZWEwNi00MDNlLWJmZDYtNTkwYzI5Nzg4MjVjXkEyXkFqcGdeQXVyMTMxODk2OTU@._V1_UX67_CR0,0,67,98_AL_.jpg', 7.7, 64.0, 50298, 27281507.0, 4);
INSERT INTO MovieGenres (MovieID, GenreID) VALUES (820, 5);
INSERT INTO MovieGenres (MovieID, GenreID) VALUES (820, 7);
INSERT INTO MovieGenres (MovieID, GenreID) VALUES (820, 8);
INSERT INTO MoviePeople (MovieID, PersonID, RoleID) VALUES (820, 366, 1);
INSERT INTO MoviePeople (MovieID, PersonID, RoleID) VALUES (820, 2046, 2);
INSERT INTO MoviePeople (MovieID, PersonID, RoleID) VALUES (820, 1660, 3);
INSERT INTO MoviePeople (MovieID, PersonID, RoleID) VALUES (820, 622, 4);
INSERT INTO MoviePeople (MovieID, PersonID, RoleID) VALUES (820, 2124, 5);

INSERT INTO Movies (MovieID, Series_Title, Released_Year, RuntimeMinutes, Overview, Poster_Link, IMDB_Rating, Meta_score, No_of_Votes, Gross_Revenue, CertificateID) VALUES (821, 'Malcolm X', 1992.0, 202, 'Biographical epic of the controversial and influential Black Nationalist leader, from his early life and career as a small-time gangster, to his ministry as a member of the Nation of Islam.', 'https://m.media-amazon.com/images/M/MV5BZDkzOTFmMTUtMmI2OS00MDE4LTg5YTUtODMwNDMzNmI5OGYwL2ltYWdlXkEyXkFqcGdeQXVyMTQxNzMzNDI@._V1_UY98_CR3,0,67,98_AL_.jpg', 7.7, 73.0, 85819, 48169908.0, 13);
INSERT INTO MovieGenres (MovieID, GenreID) VALUES (821, 4);
INSERT INTO MovieGenres (MovieID, GenreID) VALUES (821, 7);
INSERT INTO MovieGenres (MovieID, GenreID) VALUES (821, 11);
INSERT INTO MoviePeople (MovieID, PersonID, RoleID) VALUES (821, 2784, 1);
INSERT INTO MoviePeople (MovieID, PersonID, RoleID) VALUES (821, 675, 2);
INSERT INTO MoviePeople (MovieID, PersonID, RoleID) VALUES (821, 157, 3);
INSERT INTO MoviePeople (MovieID, PersonID, RoleID) VALUES (821, 663, 4);
INSERT INTO MoviePeople (MovieID, PersonID, RoleID) VALUES (821, 2784, 5);

INSERT INTO Movies (MovieID, Series_Title, Released_Year, RuntimeMinutes, Overview, Poster_Link, IMDB_Rating, Meta_score, No_of_Votes, Gross_Revenue, CertificateID) VALUES (822, 'The Last of the Mohicans', 1992.0, 112, 'Three trappers protect the daughters of a British Colonel in the midst of the French and Indian War.', 'https://m.media-amazon.com/images/M/MV5BZDNiYmRkNDYtOWU1NC00NmMxLWFkNmUtMGI5NTJjOTJmYTM5XkEyXkFqcGdeQXVyNzQ1ODk3MTQ@._V1_UX67_CR0,0,67,98_AL_.jpg', 7.7, 76.0, 150409, 75505856.0, 15);
INSERT INTO MovieGenres (MovieID, GenreID) VALUES (822, 1);
INSERT INTO MovieGenres (MovieID, GenreID) VALUES (822, 2);
INSERT INTO MovieGenres (MovieID, GenreID) VALUES (822, 7);
INSERT INTO MoviePeople (MovieID, PersonID, RoleID) VALUES (822, 2061, 1);
INSERT INTO MoviePeople (MovieID, PersonID, RoleID) VALUES (822, 594, 2);
INSERT INTO MoviePeople (MovieID, PersonID, RoleID) VALUES (822, 1862, 3);
INSERT INTO MoviePeople (MovieID, PersonID, RoleID) VALUES (822, 2601, 4);
INSERT INTO MoviePeople (MovieID, PersonID, RoleID) VALUES (822, 826, 5);

INSERT INTO Movies (MovieID, Series_Title, Released_Year, RuntimeMinutes, Overview, Poster_Link, IMDB_Rating, Meta_score, No_of_Votes, Gross_Revenue, CertificateID) VALUES (823, 'Kurenai no buta', 1992.0, 94, 'In 1930s Italy, a veteran World War I pilot is cursed to look like an anthropomorphic pig.', 'https://m.media-amazon.com/images/M/MV5BZjVkYmFkZWQtZmNjYy00NmFhLTliMWYtNThlOTUxNjg5ODdhXkEyXkFqcGdeQXVyMTMxODk2OTU@._V1_UY98_CR4,0,67,98_AL_.jpg', 7.7, 83.0, 77798, NULL, 13);
INSERT INTO MovieGenres (MovieID, GenreID) VALUES (823, 3);
INSERT INTO MovieGenres (MovieID, GenreID) VALUES (823, 2);
INSERT INTO MovieGenres (MovieID, GenreID) VALUES (823, 5);
INSERT INTO MoviePeople (MovieID, PersonID, RoleID) VALUES (823, 1092, 1);
INSERT INTO MoviePeople (MovieID, PersonID, RoleID) VALUES (823, 2747, 2);
INSERT INTO MoviePeople (MovieID, PersonID, RoleID) VALUES (823, 2945, 3);
INSERT INTO MoviePeople (MovieID, PersonID, RoleID) VALUES (823, 395, 4);
INSERT INTO MoviePeople (MovieID, PersonID, RoleID) VALUES (823, 2990, 5);

INSERT INTO Movies (MovieID, Series_Title, Released_Year, RuntimeMinutes, Overview, Poster_Link, IMDB_Rating, Meta_score, No_of_Votes, Gross_Revenue, CertificateID) VALUES (824, 'Glengarry Glen Ross', 1992.0, 100, 'An examination of the machinations behind the scenes at a real estate office.', 'https://m.media-amazon.com/images/M/MV5BNTYzN2MxODMtMDBhOC00Y2M0LTgzMTItMzQ4NDIyYWIwMDEzL2ltYWdlL2ltYWdlXkEyXkFqcGdeQXVyNTc1NTQxODI@._V1_UX67_CR0,0,67,98_AL_.jpg', 7.7, 82.0, 95826, 10725228.0, 9);
INSERT INTO MovieGenres (MovieID, GenreID) VALUES (824, 6);
INSERT INTO MovieGenres (MovieID, GenreID) VALUES (824, 7);
INSERT INTO MovieGenres (MovieID, GenreID) VALUES (824, 15);
INSERT INTO MoviePeople (MovieID, PersonID, RoleID) VALUES (824, 1246, 1);
INSERT INTO MoviePeople (MovieID, PersonID, RoleID) VALUES (824, 45, 2);
INSERT INTO MoviePeople (MovieID, PersonID, RoleID) VALUES (824, 1212, 3);
INSERT INTO MoviePeople (MovieID, PersonID, RoleID) VALUES (824, 65, 4);
INSERT INTO MoviePeople (MovieID, PersonID, RoleID) VALUES (824, 50, 5);

INSERT INTO Movies (MovieID, Series_Title, Released_Year, RuntimeMinutes, Overview, Poster_Link, IMDB_Rating, Meta_score, No_of_Votes, Gross_Revenue, CertificateID) VALUES (825, 'A Few Good Men', 1992.0, 138, 'Military lawyer Lieutenant Daniel Kaffee defends Marines accused of murder. They contend they were acting under orders.', 'https://m.media-amazon.com/images/M/MV5BMmRlZDQ1MmUtMzE2Yi00YTkxLTk1MGMtYmIyYWQwODcxYzRlXkEyXkFqcGdeQXVyNTI4MjkwNjA@._V1_UX67_CR0,0,67,98_AL_.jpg', 7.7, 62.0, 235388, 141340178.0, 13);
INSERT INTO MovieGenres (MovieID, GenreID) VALUES (825, 7);
INSERT INTO MovieGenres (MovieID, GenreID) VALUES (825, 19);
INSERT INTO MoviePeople (MovieID, PersonID, RoleID) VALUES (825, 2508, 1);
INSERT INTO MoviePeople (MovieID, PersonID, RoleID) VALUES (825, 2947, 2);
INSERT INTO MoviePeople (MovieID, PersonID, RoleID) VALUES (825, 1214, 3);
INSERT INTO MoviePeople (MovieID, PersonID, RoleID) VALUES (825, 665, 4);
INSERT INTO MoviePeople (MovieID, PersonID, RoleID) VALUES (825, 1663, 5);

INSERT INTO Movies (MovieID, Series_Title, Released_Year, RuntimeMinutes, Overview, Poster_Link, IMDB_Rating, Meta_score, No_of_Votes, Gross_Revenue, CertificateID) VALUES (826, 'Fried Green Tomatoes', 1991.0, 130, 'A housewife who is unhappy with her life befriends an old lady in a nursing home and is enthralled by the tales she tells of people she used to know.', 'https://m.media-amazon.com/images/M/MV5BOWQ1ZWE0MTQtMmEwOS00YjA3LTgyZTAtNjY5ODEyZTJjNDI2XkEyXkFqcGdeQXVyNjE5MjUyOTM@._V1_UX67_CR0,0,67,98_AL_.jpg', 7.7, 64.0, 66941, 82418501.0, 7);
INSERT INTO MovieGenres (MovieID, GenreID) VALUES (826, 7);
INSERT INTO MoviePeople (MovieID, PersonID, RoleID) VALUES (826, 1498, 1);
INSERT INTO MoviePeople (MovieID, PersonID, RoleID) VALUES (826, 1625, 2);
INSERT INTO MoviePeople (MovieID, PersonID, RoleID) VALUES (826, 1378, 3);
INSERT INTO MoviePeople (MovieID, PersonID, RoleID) VALUES (826, 1967, 4);
INSERT INTO MoviePeople (MovieID, PersonID, RoleID) VALUES (826, 1970, 5);

INSERT INTO Movies (MovieID, Series_Title, Released_Year, RuntimeMinutes, Overview, Poster_Link, IMDB_Rating, Meta_score, No_of_Votes, Gross_Revenue, CertificateID) VALUES (827, 'Barton Fink', 1991.0, 116, 'A renowned New York playwright is enticed to California to write for the movies and discovers the hellish truth of Hollywood.', 'https://m.media-amazon.com/images/M/MV5BMTgxMDMxMTctNDY0Zi00ZmNlLWFlYmQtODA2YjY4MDk4MjU1XkEyXkFqcGdeQXVyNTc1NTQxODI@._V1_UX67_CR0,0,67,98_AL_.jpg', 7.7, 69.0, 113240, 6153939.0, 13);
INSERT INTO MovieGenres (MovieID, GenreID) VALUES (827, 5);
INSERT INTO MovieGenres (MovieID, GenreID) VALUES (827, 7);
INSERT INTO MovieGenres (MovieID, GenreID) VALUES (827, 19);
INSERT INTO MoviePeople (MovieID, PersonID, RoleID) VALUES (827, 1418, 1);
INSERT INTO MoviePeople (MovieID, PersonID, RoleID) VALUES (827, 836, 2);
INSERT INTO MoviePeople (MovieID, PersonID, RoleID) VALUES (827, 1491, 3);
INSERT INTO MoviePeople (MovieID, PersonID, RoleID) VALUES (827, 1452, 4);
INSERT INTO MoviePeople (MovieID, PersonID, RoleID) VALUES (827, 1549, 5);

INSERT INTO Movies (MovieID, Series_Title, Released_Year, RuntimeMinutes, Overview, Poster_Link, IMDB_Rating, Meta_score, No_of_Votes, Gross_Revenue, CertificateID) VALUES (828, 'Miller''s Crossing', 1990.0, 115, 'Tom Reagan, an advisor to a Prohibition-era crime boss, tries to keep the peace between warring mobs but gets caught in divided loyalties.', 'https://m.media-amazon.com/images/M/MV5BMTY2Njk3MTAzM15BMl5BanBnXkFtZTgwMTY5Mzk4NjE@._V1_UX67_CR0,0,67,98_AL_.jpg', 7.7, 66.0, 125822, 5080409.0, 9);
INSERT INTO MovieGenres (MovieID, GenreID) VALUES (828, 6);
INSERT INTO MovieGenres (MovieID, GenreID) VALUES (828, 7);
INSERT INTO MovieGenres (MovieID, GenreID) VALUES (828, 19);
INSERT INTO MoviePeople (MovieID, PersonID, RoleID) VALUES (828, 1418, 1);
INSERT INTO MoviePeople (MovieID, PersonID, RoleID) VALUES (828, 836, 2);
INSERT INTO MoviePeople (MovieID, PersonID, RoleID) VALUES (828, 928, 3);
INSERT INTO MoviePeople (MovieID, PersonID, RoleID) VALUES (828, 60, 4);
INSERT INTO MoviePeople (MovieID, PersonID, RoleID) VALUES (828, 1491, 5);

INSERT INTO Movies (MovieID, Series_Title, Released_Year, RuntimeMinutes, Overview, Poster_Link, IMDB_Rating, Meta_score, No_of_Votes, Gross_Revenue, CertificateID) VALUES (829, 'Who Framed Roger Rabbit', 1988.0, 104, 'A toon-hating detective is a cartoon rabbit''s only hope to prove his innocence when he is accused of murder.', 'https://m.media-amazon.com/images/M/MV5BMDhiOTM2OTctODk3Ny00NWI4LThhZDgtNGQ4NjRiYjFkZGQzXkEyXkFqcGdeQXVyMTA0MjU0Ng@@._V1_UX67_CR0,0,67,98_AL_.jpg', 7.7, 83.0, 182009, 156452370.0, 13);
INSERT INTO MovieGenres (MovieID, GenreID) VALUES (829, 3);
INSERT INTO MovieGenres (MovieID, GenreID) VALUES (829, 2);
INSERT INTO MovieGenres (MovieID, GenreID) VALUES (829, 5);
INSERT INTO MoviePeople (MovieID, PersonID, RoleID) VALUES (829, 2541, 1);
INSERT INTO MoviePeople (MovieID, PersonID, RoleID) VALUES (829, 331, 2);
INSERT INTO MoviePeople (MovieID, PersonID, RoleID) VALUES (829, 523, 3);
INSERT INTO MoviePeople (MovieID, PersonID, RoleID) VALUES (829, 1406, 4);
INSERT INTO MoviePeople (MovieID, PersonID, RoleID) VALUES (829, 462, 5);

INSERT INTO Movies (MovieID, Series_Title, Released_Year, RuntimeMinutes, Overview, Poster_Link, IMDB_Rating, Meta_score, No_of_Votes, Gross_Revenue, CertificateID) VALUES (830, 'Spoorloos', 1988.0, 107, 'Rex and Saskia, a young couple in love, are on vacation. They stop at a busy service station and Saskia is abducted. After three years and no sign of Saskia, Rex begins receiving letters from the abductor.', 'https://m.media-amazon.com/images/M/MV5BNDcwMTYzMjctN2M2Yy00ZDcxLWJhNTEtMGNhYzEwYzc2NDE4XkEyXkFqcGdeQXVyNTI4MjkwNjA@._V1_UY98_CR0,0,67,98_AL_.jpg', 7.7, NULL, 33982, NULL, NULL);
INSERT INTO MovieGenres (MovieID, GenreID) VALUES (830, 15);
INSERT INTO MovieGenres (MovieID, GenreID) VALUES (830, 19);
INSERT INTO MoviePeople (MovieID, PersonID, RoleID) VALUES (830, 987, 1);
INSERT INTO MoviePeople (MovieID, PersonID, RoleID) VALUES (830, 294, 2);
INSERT INTO MoviePeople (MovieID, PersonID, RoleID) VALUES (830, 959, 3);
INSERT INTO MoviePeople (MovieID, PersonID, RoleID) VALUES (830, 1423, 4);
INSERT INTO MoviePeople (MovieID, PersonID, RoleID) VALUES (830, 1058, 5);

INSERT INTO Movies (MovieID, Series_Title, Released_Year, RuntimeMinutes, Overview, Poster_Link, IMDB_Rating, Meta_score, No_of_Votes, Gross_Revenue, CertificateID) VALUES (831, 'Withnail & I', 1987.0, 107, 'In 1969, two substance-abusing, unemployed actors retreat to the countryside for a holiday that proves disastrous.', 'https://m.media-amazon.com/images/M/MV5BYjE3ODY5OWEtZmE0Mi00MjUxLTg5MmUtZmFkMzM1N2VjMmU5XkEyXkFqcGdeQXVyNTI4MjkwNjA@._V1_UX67_CR0,0,67,98_AL_.jpg', 7.7, 84.0, 40396, 1544889.0, 9);
INSERT INTO MovieGenres (MovieID, GenreID) VALUES (831, 5);
INSERT INTO MovieGenres (MovieID, GenreID) VALUES (831, 7);
INSERT INTO MoviePeople (MovieID, PersonID, RoleID) VALUES (831, 383, 1);
INSERT INTO MoviePeople (MovieID, PersonID, RoleID) VALUES (831, 2478, 2);
INSERT INTO MoviePeople (MovieID, PersonID, RoleID) VALUES (831, 2307, 3);
INSERT INTO MoviePeople (MovieID, PersonID, RoleID) VALUES (831, 2482, 4);
INSERT INTO MoviePeople (MovieID, PersonID, RoleID) VALUES (831, 2416, 5);

INSERT INTO Movies (MovieID, Series_Title, Released_Year, RuntimeMinutes, Overview, Poster_Link, IMDB_Rating, Meta_score, No_of_Votes, Gross_Revenue, CertificateID) VALUES (832, 'The Last Emperor', 1987.0, 163, 'The story of the final Emperor of China.', 'https://m.media-amazon.com/images/M/MV5BZTk0NDU4YmItOTk0ZS00ODc2LTkwNGItNWI5MDJkNTJiYWMxXkEyXkFqcGdeQXVyNjUwNzk3NDc@._V1_UX67_CR0,0,67,98_AL_.jpg', 7.7, 76.0, 94326, 43984230.0, 13);
INSERT INTO MovieGenres (MovieID, GenreID) VALUES (832, 4);
INSERT INTO MovieGenres (MovieID, GenreID) VALUES (832, 7);
INSERT INTO MovieGenres (MovieID, GenreID) VALUES (832, 11);
INSERT INTO MoviePeople (MovieID, PersonID, RoleID) VALUES (832, 295, 1);
INSERT INTO MoviePeople (MovieID, PersonID, RoleID) VALUES (832, 1467, 2);
INSERT INTO MoviePeople (MovieID, PersonID, RoleID) VALUES (832, 1401, 3);
INSERT INTO MoviePeople (MovieID, PersonID, RoleID) VALUES (832, 2348, 4);
INSERT INTO MoviePeople (MovieID, PersonID, RoleID) VALUES (832, 2595, 5);

INSERT INTO Movies (MovieID, Series_Title, Released_Year, RuntimeMinutes, Overview, Poster_Link, IMDB_Rating, Meta_score, No_of_Votes, Gross_Revenue, CertificateID) VALUES (833, 'Empire of the Sun', 1987.0, 153, 'A young English boy struggles to survive under Japanese occupation during World War II.', 'https://m.media-amazon.com/images/M/MV5BMmQwNzczZDItNmI0OS00MjRmLTliYWItZWIyMjk1MTU4ZTQ4L2ltYWdlXkEyXkFqcGdeQXVyNTAyODkwOQ@@._V1_UX67_CR0,0,67,98_AL_.jpg', 7.7, 62.0, 115677, 22238696.0, 13);
INSERT INTO MovieGenres (MovieID, GenreID) VALUES (833, 1);
INSERT INTO MovieGenres (MovieID, GenreID) VALUES (833, 7);
INSERT INTO MovieGenres (MovieID, GenreID) VALUES (833, 11);
INSERT INTO MoviePeople (MovieID, PersonID, RoleID) VALUES (833, 2818, 1);
INSERT INTO MoviePeople (MovieID, PersonID, RoleID) VALUES (833, 509, 2);
INSERT INTO MoviePeople (MovieID, PersonID, RoleID) VALUES (833, 1470, 3);
INSERT INTO MoviePeople (MovieID, PersonID, RoleID) VALUES (833, 2119, 4);
INSERT INTO MoviePeople (MovieID, PersonID, RoleID) VALUES (833, 2206, 5);

INSERT INTO Movies (MovieID, Series_Title, Released_Year, RuntimeMinutes, Overview, Poster_Link, IMDB_Rating, Meta_score, No_of_Votes, Gross_Revenue, CertificateID) VALUES (834, 'Der Name der Rose', 1986.0, 130, 'An intellectually nonconformist friar investigates a series of mysterious deaths in an isolated abbey.', 'https://m.media-amazon.com/images/M/MV5BZjEyZTdhNDMtMWFkMS00ZmRjLWEyNmEtZDU3MWFkNDEzMDYwXkEyXkFqcGdeQXVyNjc1NTYyMjg@._V1_UX67_CR0,0,67,98_AL_.jpg', 7.7, 54.0, 102031, 7153487.0, 9);
INSERT INTO MovieGenres (MovieID, GenreID) VALUES (834, 6);
INSERT INTO MovieGenres (MovieID, GenreID) VALUES (834, 7);
INSERT INTO MovieGenres (MovieID, GenreID) VALUES (834, 15);
INSERT INTO MoviePeople (MovieID, PersonID, RoleID) VALUES (834, 1325, 1);
INSERT INTO MoviePeople (MovieID, PersonID, RoleID) VALUES (834, 2695, 2);
INSERT INTO MoviePeople (MovieID, PersonID, RoleID) VALUES (834, 513, 3);
INSERT INTO MoviePeople (MovieID, PersonID, RoleID) VALUES (834, 1102, 4);
INSERT INTO MoviePeople (MovieID, PersonID, RoleID) VALUES (834, 797, 5);

INSERT INTO Movies (MovieID, Series_Title, Released_Year, RuntimeMinutes, Overview, Poster_Link, IMDB_Rating, Meta_score, No_of_Votes, Gross_Revenue, CertificateID) VALUES (835, 'Blue Velvet', 1986.0, 120, 'The discovery of a severed human ear found in a field leads a young man on an investigation related to a beautiful, mysterious nightclub singer and a group of psychopathic criminals who have kidnapped her child.', 'https://m.media-amazon.com/images/M/MV5BMzExOTczNTgtN2Q1Yy00MmI1LWE0NjgtNmIwMzdmZGNlODU1XkEyXkFqcGdeQXVyNDkzNTM2ODg@._V1_UX67_CR0,0,67,98_AL_.jpg', 7.7, 76.0, 181285, 8551228.0, 2);
INSERT INTO MovieGenres (MovieID, GenreID) VALUES (835, 7);
INSERT INTO MovieGenres (MovieID, GenreID) VALUES (835, 15);
INSERT INTO MovieGenres (MovieID, GenreID) VALUES (835, 19);
INSERT INTO MoviePeople (MovieID, PersonID, RoleID) VALUES (835, 638, 1);
INSERT INTO MoviePeople (MovieID, PersonID, RoleID) VALUES (835, 1186, 2);
INSERT INTO MoviePeople (MovieID, PersonID, RoleID) VALUES (835, 1715, 3);
INSERT INTO MoviePeople (MovieID, PersonID, RoleID) VALUES (835, 672, 4);
INSERT INTO MoviePeople (MovieID, PersonID, RoleID) VALUES (835, 1733, 5);

INSERT INTO Movies (MovieID, Series_Title, Released_Year, RuntimeMinutes, Overview, Poster_Link, IMDB_Rating, Meta_score, No_of_Votes, Gross_Revenue, CertificateID) VALUES (836, 'The Purple Rose of Cairo', 1985.0, 82, 'In New Jersey in 1935, a movie character walks off the screen and into the real world.', 'https://m.media-amazon.com/images/M/MV5BY2E1YWRlNzAtYzAwYy00MDg5LTlmYTUtYjdlZDI0NzFkNjNlL2ltYWdlL2ltYWdlXkEyXkFqcGdeQXVyNjQ2MjQ5NzM@._V1_UX67_CR0,0,67,98_AL_.jpg', 7.7, 75.0, 47102, 10631333.0, 13);
INSERT INTO MovieGenres (MovieID, GenreID) VALUES (836, 5);
INSERT INTO MovieGenres (MovieID, GenreID) VALUES (836, 9);
INSERT INTO MovieGenres (MovieID, GenreID) VALUES (836, 16);
INSERT INTO MoviePeople (MovieID, PersonID, RoleID) VALUES (836, 3129, 1);
INSERT INTO MoviePeople (MovieID, PersonID, RoleID) VALUES (836, 2038, 2);
INSERT INTO MoviePeople (MovieID, PersonID, RoleID) VALUES (836, 1342, 3);
INSERT INTO MoviePeople (MovieID, PersonID, RoleID) VALUES (836, 605, 4);
INSERT INTO MoviePeople (MovieID, PersonID, RoleID) VALUES (836, 1182, 5);

INSERT INTO Movies (MovieID, Series_Title, Released_Year, RuntimeMinutes, Overview, Poster_Link, IMDB_Rating, Meta_score, No_of_Votes, Gross_Revenue, CertificateID) VALUES (837, 'After Hours', 1985.0, 97, 'An ordinary word processor has the worst night of his life after he agrees to visit a girl in Soho who he met that evening at a coffee shop.', 'https://m.media-amazon.com/images/M/MV5BMTUxMjEzMzI2MV5BMl5BanBnXkFtZTgwNTU3ODAxMDE@._V1_UX67_CR0,0,67,98_AL_.jpg', 7.7, 90.0, 59635, 10600000.0, 15);
INSERT INTO MovieGenres (MovieID, GenreID) VALUES (837, 5);
INSERT INTO MovieGenres (MovieID, GenreID) VALUES (837, 6);
INSERT INTO MovieGenres (MovieID, GenreID) VALUES (837, 7);
INSERT INTO MoviePeople (MovieID, PersonID, RoleID) VALUES (837, 1955, 1);
INSERT INTO MoviePeople (MovieID, PersonID, RoleID) VALUES (837, 1042, 2);
INSERT INTO MoviePeople (MovieID, PersonID, RoleID) VALUES (837, 2576, 3);
INSERT INTO MoviePeople (MovieID, PersonID, RoleID) VALUES (837, 3021, 4);
INSERT INTO MoviePeople (MovieID, PersonID, RoleID) VALUES (837, 2965, 5);

INSERT INTO Movies (MovieID, Series_Title, Released_Year, RuntimeMinutes, Overview, Poster_Link, IMDB_Rating, Meta_score, No_of_Votes, Gross_Revenue, CertificateID) VALUES (838, 'Zelig', 1983.0, 79, '"Documentary" about a man who can look and act like whoever he''s around, and meets various famous people.', 'https://m.media-amazon.com/images/M/MV5BMGUwMjM0MTEtOGY2NS00MjJmLWEyMDAtYmNkMWJjOWJlNGM0XkEyXkFqcGdeQXVyMTQxNzMzNDI@._V1_UX67_CR0,0,67,98_AL_.jpg', 7.7, NULL, 39881, 11798616.0, 6);
INSERT INTO MovieGenres (MovieID, GenreID) VALUES (838, 5);
INSERT INTO MoviePeople (MovieID, PersonID, RoleID) VALUES (838, 3129, 1);
INSERT INTO MoviePeople (MovieID, PersonID, RoleID) VALUES (838, 3129, 2);
INSERT INTO MoviePeople (MovieID, PersonID, RoleID) VALUES (838, 2038, 3);
INSERT INTO MoviePeople (MovieID, PersonID, RoleID) VALUES (838, 2286, 4);
INSERT INTO MoviePeople (MovieID, PersonID, RoleID) VALUES (838, 1429, 5);

INSERT INTO Movies (MovieID, Series_Title, Released_Year, RuntimeMinutes, Overview, Poster_Link, IMDB_Rating, Meta_score, No_of_Votes, Gross_Revenue, CertificateID) VALUES (839, 'The Verdict', 1982.0, 129, 'A lawyer sees the chance to salvage his career and self-respect by taking a medical malpractice case to trial rather than settling.', 'https://m.media-amazon.com/images/M/MV5BMTU5MzMwMzAzM15BMl5BanBnXkFtZTcwNjYyMjA0Mg@@._V1_UX67_CR0,0,67,98_AL_.jpg', 7.7, 77.0, 36096, 54000000.0, 13);
INSERT INTO MovieGenres (MovieID, GenreID) VALUES (839, 7);
INSERT INTO MoviePeople (MovieID, PersonID, RoleID) VALUES (839, 2752, 1);
INSERT INTO MoviePeople (MovieID, PersonID, RoleID) VALUES (839, 2311, 2);
INSERT INTO MoviePeople (MovieID, PersonID, RoleID) VALUES (839, 476, 3);
INSERT INTO MoviePeople (MovieID, PersonID, RoleID) VALUES (839, 1218, 4);
INSERT INTO MoviePeople (MovieID, PersonID, RoleID) VALUES (839, 1257, 5);

INSERT INTO Movies (MovieID, Series_Title, Released_Year, RuntimeMinutes, Overview, Poster_Link, IMDB_Rating, Meta_score, No_of_Votes, Gross_Revenue, CertificateID) VALUES (840, 'Star Trek II: The Wrath of Khan', 1982.0, 113, 'With the assistance of the Enterprise crew, Admiral Kirk must stop an old nemesis, Khan Noonien Singh, from using the life-generating Genesis Device as the ultimate weapon.', 'https://m.media-amazon.com/images/M/MV5BMzcyYWE5YmQtNDE1Yi00ZjlmLWFlZTAtMzRjODBiYjM3OTA3XkEyXkFqcGdeQXVyMTQxNzMzNDI@._V1_UX67_CR0,0,67,98_AL_.jpg', 7.7, 67.0, 112704, 78912963.0, 13);
INSERT INTO MovieGenres (MovieID, GenreID) VALUES (840, 1);
INSERT INTO MovieGenres (MovieID, GenreID) VALUES (840, 2);
INSERT INTO MovieGenres (MovieID, GenreID) VALUES (840, 17);
INSERT INTO MoviePeople (MovieID, PersonID, RoleID) VALUES (840, 2192, 1);
INSERT INTO MoviePeople (MovieID, PersonID, RoleID) VALUES (840, 3116, 2);
INSERT INTO MoviePeople (MovieID, PersonID, RoleID) VALUES (840, 1774, 3);
INSERT INTO MoviePeople (MovieID, PersonID, RoleID) VALUES (840, 651, 4);
INSERT INTO MoviePeople (MovieID, PersonID, RoleID) VALUES (840, 1243, 5);

INSERT INTO Movies (MovieID, Series_Title, Released_Year, RuntimeMinutes, Overview, Poster_Link, IMDB_Rating, Meta_score, No_of_Votes, Gross_Revenue, CertificateID) VALUES (841, 'First Blood', 1982.0, 93, 'A veteran Green Beret is forced by a cruel Sheriff and his deputies to flee into the mountains and wage an escalating one-man war against his pursuers.', 'https://m.media-amazon.com/images/M/MV5BODBmOWU2YWMtZGUzZi00YzRhLWJjNDAtYTUwNWVkNDcyZmU5XkEyXkFqcGdeQXVyNDk3NzU2MTQ@._V1_UX67_CR0,0,67,98_AL_.jpg', 7.7, 61.0, 226541, 47212904.0, 2);
INSERT INTO MovieGenres (MovieID, GenreID) VALUES (841, 1);
INSERT INTO MovieGenres (MovieID, GenreID) VALUES (841, 2);
INSERT INTO MoviePeople (MovieID, PersonID, RoleID) VALUES (841, 2879, 1);
INSERT INTO MoviePeople (MovieID, PersonID, RoleID) VALUES (841, 2840, 2);
INSERT INTO MoviePeople (MovieID, PersonID, RoleID) VALUES (841, 364, 3);
INSERT INTO MoviePeople (MovieID, PersonID, RoleID) VALUES (841, 2473, 4);
INSERT INTO MoviePeople (MovieID, PersonID, RoleID) VALUES (841, 304, 5);

INSERT INTO Movies (MovieID, Series_Title, Released_Year, RuntimeMinutes, Overview, Poster_Link, IMDB_Rating, Meta_score, No_of_Votes, Gross_Revenue, CertificateID) VALUES (842, 'Ordinary People', 1980.0, 124, 'The accidental death of the older son of an affluent family deeply strains the relationships among the bitter mother, the good-natured father, and the guilt-ridden younger son.', 'https://m.media-amazon.com/images/M/MV5BNWU3MDFkYWQtMWQ5YS00YTcwLThmNDItODY4OWE2ZTdhZmIwXkEyXkFqcGdeQXVyMjUzOTY1NTc@._V1_UX67_CR0,0,67,98_AL_.jpg', 7.7, 86.0, 47099, 54800000.0, 13);
INSERT INTO MovieGenres (MovieID, GenreID) VALUES (842, 7);
INSERT INTO MoviePeople (MovieID, PersonID, RoleID) VALUES (842, 2529, 1);
INSERT INTO MoviePeople (MovieID, PersonID, RoleID) VALUES (842, 714, 2);
INSERT INTO MoviePeople (MovieID, PersonID, RoleID) VALUES (842, 1968, 3);
INSERT INTO MoviePeople (MovieID, PersonID, RoleID) VALUES (842, 1543, 4);
INSERT INTO MoviePeople (MovieID, PersonID, RoleID) VALUES (842, 2932, 5);

INSERT INTO Movies (MovieID, Series_Title, Released_Year, RuntimeMinutes, Overview, Poster_Link, IMDB_Rating, Meta_score, No_of_Votes, Gross_Revenue, CertificateID) VALUES (843, 'Airplane!', 1980.0, 88, 'A man afraid to fly must ensure that a plane lands safely after the pilots become sick.', 'https://m.media-amazon.com/images/M/MV5BZjA3YjdhMWEtYjc2Ni00YzVlLWI0MTUtMGZmNTJjNmU0Yzk2XkEyXkFqcGdeQXVyNzkwMjQ5NzM@._V1_UX67_CR0,0,67,98_AL_.jpg', 7.7, 78.0, 214882, 83400000.0, 13);
INSERT INTO MovieGenres (MovieID, GenreID) VALUES (843, 5);
INSERT INTO MoviePeople (MovieID, PersonID, RoleID) VALUES (843, 1383, 1);
INSERT INTO MoviePeople (MovieID, PersonID, RoleID) VALUES (843, 649, 2);
INSERT INTO MoviePeople (MovieID, PersonID, RoleID) VALUES (843, 1370, 3);
INSERT INTO MoviePeople (MovieID, PersonID, RoleID) VALUES (843, 2523, 4);
INSERT INTO MoviePeople (MovieID, PersonID, RoleID) VALUES (843, 1566, 5);

INSERT INTO Movies (MovieID, Series_Title, Released_Year, RuntimeMinutes, Overview, Poster_Link, IMDB_Rating, Meta_score, No_of_Votes, Gross_Revenue, CertificateID) VALUES (844, 'Rupan sansei: Kariosutoro no shiro', 1979.0, 100, 'A dashing thief, his gang of desperadoes and an intrepid policeman struggle to free a princess from an evil count''s clutches, and learn the hidden secret to a fabulous treasure that she holds part of a key to.', 'https://m.media-amazon.com/images/M/MV5BYzYyNjg3OTctNzA2ZS00NjkzLWE4MmYtZDAzZWQ0NzkyMTJhXkEyXkFqcGdeQXVyMTMxODk2OTU@._V1_UX67_CR0,0,67,98_AL_.jpg', 7.7, 71.0, 27014, NULL, 13);
INSERT INTO MovieGenres (MovieID, GenreID) VALUES (844, 3);
INSERT INTO MovieGenres (MovieID, GenreID) VALUES (844, 2);
INSERT INTO MovieGenres (MovieID, GenreID) VALUES (844, 8);
INSERT INTO MoviePeople (MovieID, PersonID, RoleID) VALUES (844, 1092, 1);
INSERT INTO MoviePeople (MovieID, PersonID, RoleID) VALUES (844, 3141, 2);
INSERT INTO MoviePeople (MovieID, PersonID, RoleID) VALUES (844, 762, 3);
INSERT INTO MoviePeople (MovieID, PersonID, RoleID) VALUES (844, 1699, 4);
INSERT INTO MoviePeople (MovieID, PersonID, RoleID) VALUES (844, 1878, 5);

INSERT INTO Movies (MovieID, Series_Title, Released_Year, RuntimeMinutes, Overview, Poster_Link, IMDB_Rating, Meta_score, No_of_Votes, Gross_Revenue, CertificateID) VALUES (845, 'Halloween', 1978.0, 91, 'Fifteen years after murdering his sister on Halloween night 1963, Michael Myers escapes from a mental hospital and returns to the small town of Haddonfield, Illinois to kill again.', 'https://m.media-amazon.com/images/M/MV5BNzk1OGU2NmMtNTdhZC00NjdlLWE5YTMtZTQ0MGExZTQzOGQyXkEyXkFqcGdeQXVyMTQxNzMzNDI@._V1_UX67_CR0,0,67,98_AL_.jpg', 7.7, 87.0, 233106, 47000000.0, 2);
INSERT INTO MovieGenres (MovieID, GenreID) VALUES (845, 12);
INSERT INTO MovieGenres (MovieID, GenreID) VALUES (845, 19);
INSERT INTO MoviePeople (MovieID, PersonID, RoleID) VALUES (845, 1434, 1);
INSERT INTO MoviePeople (MovieID, PersonID, RoleID) VALUES (845, 713, 2);
INSERT INTO MoviePeople (MovieID, PersonID, RoleID) VALUES (845, 1271, 3);
INSERT INTO MoviePeople (MovieID, PersonID, RoleID) VALUES (845, 2976, 4);
INSERT INTO MoviePeople (MovieID, PersonID, RoleID) VALUES (845, 2161, 5);

INSERT INTO Movies (MovieID, Series_Title, Released_Year, RuntimeMinutes, Overview, Poster_Link, IMDB_Rating, Meta_score, No_of_Votes, Gross_Revenue, CertificateID) VALUES (846, 'Le locataire', 1976.0, 126, 'A bureaucrat rents a Paris apartment where he finds himself drawn into a rabbit hole of dangerous paranoia.', 'https://m.media-amazon.com/images/M/MV5BYmVhMDQ1YWUtYjgxOS00NzYyLWI0ZGItNTg3ZjM0MmQ4NmIwXkEyXkFqcGdeQXVyMjQzMzQzODY@._V1_UY98_CR3,0,67,98_AL_.jpg', 7.7, 71.0, 39889, 1924733.0, 9);
INSERT INTO MovieGenres (MovieID, GenreID) VALUES (846, 7);
INSERT INTO MovieGenres (MovieID, GenreID) VALUES (846, 19);
INSERT INTO MoviePeople (MovieID, PersonID, RoleID) VALUES (846, 2563, 1);
INSERT INTO MoviePeople (MovieID, PersonID, RoleID) VALUES (846, 2563, 2);
INSERT INTO MoviePeople (MovieID, PersonID, RoleID) VALUES (846, 1187, 3);
INSERT INTO MoviePeople (MovieID, PersonID, RoleID) VALUES (846, 2030, 4);
INSERT INTO MoviePeople (MovieID, PersonID, RoleID) VALUES (846, 1399, 5);

INSERT INTO Movies (MovieID, Series_Title, Released_Year, RuntimeMinutes, Overview, Poster_Link, IMDB_Rating, Meta_score, No_of_Votes, Gross_Revenue, CertificateID) VALUES (847, 'Love and Death', 1975.0, 85, 'In czarist Russia, a neurotic soldier and his distant cousin formulate a plot to assassinate Napoleon.', 'https://m.media-amazon.com/images/M/MV5BMTYxMDk1NTA5NF5BMl5BanBnXkFtZTcwNDkzNzA2NA@@._V1_UX67_CR0,0,67,98_AL_.jpg', 7.7, 89.0, 36037, NULL, 6);
INSERT INTO MovieGenres (MovieID, GenreID) VALUES (847, 5);
INSERT INTO MovieGenres (MovieID, GenreID) VALUES (847, 20);
INSERT INTO MoviePeople (MovieID, PersonID, RoleID) VALUES (847, 3129, 1);
INSERT INTO MoviePeople (MovieID, PersonID, RoleID) VALUES (847, 3129, 2);
INSERT INTO MoviePeople (MovieID, PersonID, RoleID) VALUES (847, 682, 3);
INSERT INTO MoviePeople (MovieID, PersonID, RoleID) VALUES (847, 989, 4);
INSERT INTO MoviePeople (MovieID, PersonID, RoleID) VALUES (847, 896, 5);

INSERT INTO Movies (MovieID, Series_Title, Released_Year, RuntimeMinutes, Overview, Poster_Link, IMDB_Rating, Meta_score, No_of_Votes, Gross_Revenue, CertificateID) VALUES (848, 'The Taking of Pelham One Two Three', 1974.0, 104, 'In New York, armed men hijack a subway car and demand a ransom for the passengers. Even if it''s paid, how could they get away?', 'https://m.media-amazon.com/images/M/MV5BMjE1NDY0NDk3Ml5BMl5BanBnXkFtZTcwMTAzMTM3NA@@._V1_UX67_CR0,0,67,98_AL_.jpg', 7.7, 68.0, 26729, NULL, 13);
INSERT INTO MovieGenres (MovieID, GenreID) VALUES (848, 1);
INSERT INTO MovieGenres (MovieID, GenreID) VALUES (848, 6);
INSERT INTO MovieGenres (MovieID, GenreID) VALUES (848, 19);
INSERT INTO MoviePeople (MovieID, PersonID, RoleID) VALUES (848, 1526, 1);
INSERT INTO MoviePeople (MovieID, PersonID, RoleID) VALUES (848, 3074, 2);
INSERT INTO MoviePeople (MovieID, PersonID, RoleID) VALUES (848, 2534, 3);
INSERT INTO MoviePeople (MovieID, PersonID, RoleID) VALUES (848, 1947, 4);
INSERT INTO MoviePeople (MovieID, PersonID, RoleID) VALUES (848, 1095, 5);

INSERT INTO Movies (MovieID, Series_Title, Released_Year, RuntimeMinutes, Overview, Poster_Link, IMDB_Rating, Meta_score, No_of_Votes, Gross_Revenue, CertificateID) VALUES (849, 'Blazing Saddles', 1974.0, 93, 'In order to ruin a western town, a corrupt politician appoints a black Sheriff, who promptly becomes his most formidable adversary.', 'https://m.media-amazon.com/images/M/MV5BZGZmMWE1MDYtNzAyNC00MDMzLTgzZjQtNTQ5NjYzN2E4MzkzXkEyXkFqcGdeQXVyNDk3NzU2MTQ@._V1_UX67_CR0,0,67,98_AL_.jpg', 7.7, 73.0, 125993, 119500000.0, 2);
INSERT INTO MovieGenres (MovieID, GenreID) VALUES (849, 5);
INSERT INTO MovieGenres (MovieID, GenreID) VALUES (849, 21);
INSERT INTO MoviePeople (MovieID, PersonID, RoleID) VALUES (849, 2022, 1);
INSERT INTO MoviePeople (MovieID, PersonID, RoleID) VALUES (849, 544, 2);
INSERT INTO MoviePeople (MovieID, PersonID, RoleID) VALUES (849, 965, 3);
INSERT INTO MoviePeople (MovieID, PersonID, RoleID) VALUES (849, 2765, 4);
INSERT INTO MoviePeople (MovieID, PersonID, RoleID) VALUES (849, 1090, 5);

INSERT INTO Movies (MovieID, Series_Title, Released_Year, RuntimeMinutes, Overview, Poster_Link, IMDB_Rating, Meta_score, No_of_Votes, Gross_Revenue, CertificateID) VALUES (850, 'Serpico', 1973.0, 130, 'An honest New York cop named Frank Serpico blows the whistle on rampant corruption in the force only to have his comrades turn against him.', 'https://m.media-amazon.com/images/M/MV5BYTU4ZTI0NzAtYzMwNi00YmMxLThmZWItNTY5NzgyMDAwYWVhXkEyXkFqcGdeQXVyNjUwNzk3NDc@._V1_UX67_CR0,0,67,98_AL_.jpg', 7.7, 87.0, 109941, 29800000.0, 2);
INSERT INTO MovieGenres (MovieID, GenreID) VALUES (850, 4);
INSERT INTO MovieGenres (MovieID, GenreID) VALUES (850, 6);
INSERT INTO MovieGenres (MovieID, GenreID) VALUES (850, 7);
INSERT INTO MoviePeople (MovieID, PersonID, RoleID) VALUES (850, 2752, 1);
INSERT INTO MoviePeople (MovieID, PersonID, RoleID) VALUES (850, 45, 2);
INSERT INTO MoviePeople (MovieID, PersonID, RoleID) VALUES (850, 1478, 3);
INSERT INTO MoviePeople (MovieID, PersonID, RoleID) VALUES (850, 1211, 4);
INSERT INTO MoviePeople (MovieID, PersonID, RoleID) VALUES (850, 301, 5);

INSERT INTO Movies (MovieID, Series_Title, Released_Year, RuntimeMinutes, Overview, Poster_Link, IMDB_Rating, Meta_score, No_of_Votes, Gross_Revenue, CertificateID) VALUES (851, 'Enter the Dragon', 1973.0, 102, 'A secret agent comes to an opium lord''s island fortress with other fighters for a martial-arts tournament.', 'https://m.media-amazon.com/images/M/MV5BNGZiMTkyNzQtMDdmZi00ZDNkLWE4YTAtZGNlNTIzYzQyMGM2XkEyXkFqcGdeQXVyNjc1NTYyMjg@._V1_UX67_CR0,0,67,98_AL_.jpg', 7.7, 83.0, 96561, 25000000.0, 2);
INSERT INTO MovieGenres (MovieID, GenreID) VALUES (851, 1);
INSERT INTO MovieGenres (MovieID, GenreID) VALUES (851, 6);
INSERT INTO MovieGenres (MovieID, GenreID) VALUES (851, 7);
INSERT INTO MoviePeople (MovieID, PersonID, RoleID) VALUES (851, 2515, 1);
INSERT INTO MoviePeople (MovieID, PersonID, RoleID) VALUES (851, 381, 2);
INSERT INTO MoviePeople (MovieID, PersonID, RoleID) VALUES (851, 1485, 3);
INSERT INTO MoviePeople (MovieID, PersonID, RoleID) VALUES (851, 1389, 4);
INSERT INTO MoviePeople (MovieID, PersonID, RoleID) VALUES (851, 29, 5);

INSERT INTO Movies (MovieID, Series_Title, Released_Year, RuntimeMinutes, Overview, Poster_Link, IMDB_Rating, Meta_score, No_of_Votes, Gross_Revenue, CertificateID) VALUES (852, 'Deliverance', 1972.0, 109, 'Intent on seeing the Cahulawassee River before it''s dammed and turned into a lake, outdoor fanatic Lewis Medlock takes his friends on a canoeing trip they''ll never forget into the dangerous American back-country.', 'https://m.media-amazon.com/images/M/MV5BZjBhYzU3NWItOWZjMy00NjI5LWFmYmItZmIyOWFlMDIxMWNiXkEyXkFqcGdeQXVyMTQxNzMzNDI@._V1_UX67_CR0,0,67,98_AL_.jpg', 7.7, 80.0, 98740, 7056013.0, 13);
INSERT INTO MovieGenres (MovieID, GenreID) VALUES (852, 2);
INSERT INTO MovieGenres (MovieID, GenreID) VALUES (852, 7);
INSERT INTO MovieGenres (MovieID, GenreID) VALUES (852, 19);
INSERT INTO MoviePeople (MovieID, PersonID, RoleID) VALUES (852, 1427, 1);
INSERT INTO MoviePeople (MovieID, PersonID, RoleID) VALUES (852, 1503, 2);
INSERT INTO MoviePeople (MovieID, PersonID, RoleID) VALUES (852, 399, 3);
INSERT INTO MoviePeople (MovieID, PersonID, RoleID) VALUES (852, 2181, 4);
INSERT INTO MoviePeople (MovieID, PersonID, RoleID) VALUES (852, 2570, 5);

INSERT INTO Movies (MovieID, Series_Title, Released_Year, RuntimeMinutes, Overview, Poster_Link, IMDB_Rating, Meta_score, No_of_Votes, Gross_Revenue, CertificateID) VALUES (853, 'The French Connection', 1971.0, 104, 'A pair of NYC cops in the Narcotics Bureau stumble onto a drug smuggling job with a French connection.', 'https://m.media-amazon.com/images/M/MV5BOTZhY2E3NmItMGIwNi00OTA2LThkYmEtODFiZTM0NGI0ZWU5XkEyXkFqcGdeQXVyNTc1NTQxODI@._V1_UY98_CR1,0,67,98_AL_.jpg', 7.7, 94.0, 110075, 15630710.0, 2);
INSERT INTO MovieGenres (MovieID, GenreID) VALUES (853, 1);
INSERT INTO MovieGenres (MovieID, GenreID) VALUES (853, 6);
INSERT INTO MovieGenres (MovieID, GenreID) VALUES (853, 7);
INSERT INTO MoviePeople (MovieID, PersonID, RoleID) VALUES (853, 3106, 1);
INSERT INTO MoviePeople (MovieID, PersonID, RoleID) VALUES (853, 960, 2);
INSERT INTO MoviePeople (MovieID, PersonID, RoleID) VALUES (853, 2587, 3);
INSERT INTO MoviePeople (MovieID, PersonID, RoleID) VALUES (853, 871, 4);
INSERT INTO MoviePeople (MovieID, PersonID, RoleID) VALUES (853, 2975, 5);

INSERT INTO Movies (MovieID, Series_Title, Released_Year, RuntimeMinutes, Overview, Poster_Link, IMDB_Rating, Meta_score, No_of_Votes, Gross_Revenue, CertificateID) VALUES (854, 'Dirty Harry', 1971.0, 102, 'When a madman calling himself "the Scorpio Killer" menaces the city, tough-as-nails San Francisco Police Inspector "Dirty" Harry Callahan is assigned to track down and ferret out the crazed psychopath.', 'https://m.media-amazon.com/images/M/MV5BMzdhMTM2YTItOWU2YS00MTM0LTgyNDYtMDM1OWM3NzkzNTM2XkEyXkFqcGdeQXVyNjc1NTYyMjg@._V1_UX67_CR0,0,67,98_AL_.jpg', 7.7, 90.0, 143292, 35900000.0, 2);
INSERT INTO MovieGenres (MovieID, GenreID) VALUES (854, 1);
INSERT INTO MovieGenres (MovieID, GenreID) VALUES (854, 6);
INSERT INTO MovieGenres (MovieID, GenreID) VALUES (854, 19);
INSERT INTO MoviePeople (MovieID, PersonID, RoleID) VALUES (854, 710, 1);
INSERT INTO MoviePeople (MovieID, PersonID, RoleID) VALUES (854, 547, 2);
INSERT INTO MoviePeople (MovieID, PersonID, RoleID) VALUES (854, 144, 3);
INSERT INTO MoviePeople (MovieID, PersonID, RoleID) VALUES (854, 1083, 4);
INSERT INTO MoviePeople (MovieID, PersonID, RoleID) VALUES (854, 2455, 5);

INSERT INTO Movies (MovieID, Series_Title, Released_Year, RuntimeMinutes, Overview, Poster_Link, IMDB_Rating, Meta_score, No_of_Votes, Gross_Revenue, CertificateID) VALUES (855, 'Where Eagles Dare', 1968.0, 158, 'Allied agents stage a daring raid on a castle where the Nazis are holding American brigadier general George Carnaby prisoner, but that''s not all that''s really going on.', 'https://m.media-amazon.com/images/M/MV5BNGE3ZWZiNzktMDIyOC00ZmVhLThjZTktZjQ5NjI4NGVhMDBlXkEyXkFqcGdeQXVyMjI4MjA5MzA@._V1_UX67_CR0,0,67,98_AL_.jpg', 7.7, 63.0, 51913, NULL, 13);
INSERT INTO MovieGenres (MovieID, GenreID) VALUES (855, 1);
INSERT INTO MovieGenres (MovieID, GenreID) VALUES (855, 2);
INSERT INTO MovieGenres (MovieID, GenreID) VALUES (855, 20);
INSERT INTO MoviePeople (MovieID, PersonID, RoleID) VALUES (855, 365, 1);
INSERT INTO MoviePeople (MovieID, PersonID, RoleID) VALUES (855, 2472, 2);
INSERT INTO MoviePeople (MovieID, PersonID, RoleID) VALUES (855, 547, 3);
INSERT INTO MoviePeople (MovieID, PersonID, RoleID) VALUES (855, 1969, 4);
INSERT INTO MoviePeople (MovieID, PersonID, RoleID) VALUES (855, 2293, 5);

INSERT INTO Movies (MovieID, Series_Title, Released_Year, RuntimeMinutes, Overview, Poster_Link, IMDB_Rating, Meta_score, No_of_Votes, Gross_Revenue, CertificateID) VALUES (856, 'The Odd Couple', 1968.0, 105, 'Two friends try sharing an apartment, but their ideas of housekeeping and lifestyles are as different as night and day.', 'https://m.media-amazon.com/images/M/MV5BZDVhNzQxZDEtMzcyZC00ZDg1LWFkZDctOWYxZTY0ZmYzYjc2XkEyXkFqcGdeQXVyMjA0MDQ0Mjc@._V1_UX67_CR0,0,67,98_AL_.jpg', 7.7, 86.0, 31572, 44527234.0, 4);
INSERT INTO MovieGenres (MovieID, GenreID) VALUES (856, 5);
INSERT INTO MoviePeople (MovieID, PersonID, RoleID) VALUES (856, 963, 1);
INSERT INTO MoviePeople (MovieID, PersonID, RoleID) VALUES (856, 1212, 2);
INSERT INTO MoviePeople (MovieID, PersonID, RoleID) VALUES (856, 3074, 3);
INSERT INTO MoviePeople (MovieID, PersonID, RoleID) VALUES (856, 1443, 4);
INSERT INTO MoviePeople (MovieID, PersonID, RoleID) VALUES (856, 1117, 5);

INSERT INTO Movies (MovieID, Series_Title, Released_Year, RuntimeMinutes, Overview, Poster_Link, IMDB_Rating, Meta_score, No_of_Votes, Gross_Revenue, CertificateID) VALUES (857, 'The Dirty Dozen', 1967.0, 150, 'During World War II, a rebellious U.S. Army Major is assigned a dozen convicted murderers to train and lead them into a mass assassination mission of German officers.', 'https://m.media-amazon.com/images/M/MV5BM2Y1ZTI0NzktYzU3MS00YmE1LThkY2EtMDc0NGYxNTNlZDA5XkEyXkFqcGdeQXVyNTAyODkwOQ@@._V1_UX67_CR0,0,67,98_AL_.jpg', 7.7, 73.0, 67183, 45300000.0, NULL);
INSERT INTO MovieGenres (MovieID, GenreID) VALUES (857, 1);
INSERT INTO MovieGenres (MovieID, GenreID) VALUES (857, 2);
INSERT INTO MovieGenres (MovieID, GenreID) VALUES (857, 20);
INSERT INTO MoviePeople (MovieID, PersonID, RoleID) VALUES (857, 2510, 1);
INSERT INTO MoviePeople (MovieID, PersonID, RoleID) VALUES (857, 1751, 2);
INSERT INTO MoviePeople (MovieID, PersonID, RoleID) VALUES (857, 831, 3);
INSERT INTO MoviePeople (MovieID, PersonID, RoleID) VALUES (857, 459, 4);
INSERT INTO MoviePeople (MovieID, PersonID, RoleID) VALUES (857, 1436, 5);

INSERT INTO Movies (MovieID, Series_Title, Released_Year, RuntimeMinutes, Overview, Poster_Link, IMDB_Rating, Meta_score, No_of_Votes, Gross_Revenue, CertificateID) VALUES (858, 'Belle de jour', 1967.0, 100, 'A frigid young housewife decides to spend her midweek afternoons as a prostitute.', 'https://m.media-amazon.com/images/M/MV5BZjNkNGJjYWEtM2IyNi00ZjM5LWFlYjYtYjQ4NTU5MGFlMTI2XkEyXkFqcGdeQXVyMTMxMTY0OTQ@._V1_UY98_CR3,0,67,98_AL_.jpg', 7.7, NULL, 40274, 26331.0, 2);
INSERT INTO MovieGenres (MovieID, GenreID) VALUES (858, 7);
INSERT INTO MovieGenres (MovieID, GenreID) VALUES (858, 16);
INSERT INTO MoviePeople (MovieID, PersonID, RoleID) VALUES (858, 1845, 1);
INSERT INTO MoviePeople (MovieID, PersonID, RoleID) VALUES (858, 445, 2);
INSERT INTO MoviePeople (MovieID, PersonID, RoleID) VALUES (858, 1321, 3);
INSERT INTO MoviePeople (MovieID, PersonID, RoleID) VALUES (858, 2081, 4);
INSERT INTO MoviePeople (MovieID, PersonID, RoleID) VALUES (858, 966, 5);

INSERT INTO Movies (MovieID, Series_Title, Released_Year, RuntimeMinutes, Overview, Poster_Link, IMDB_Rating, Meta_score, No_of_Votes, Gross_Revenue, CertificateID) VALUES (859, 'A Man for All Seasons', 1966.0, 120, 'The story of Sir Thomas More, who stood up to King Henry VIII when the King rejected the Roman Catholic Church to obtain a divorce and remarry.', 'https://m.media-amazon.com/images/M/MV5BMTRjOTA1NzctNzFmMy00ZjcwLWExYjgtYWQyZDM5ZWY1Y2JlXkEyXkFqcGdeQXVyMDI2NDg0NQ@@._V1_UX67_CR0,0,67,98_AL_.jpg', 7.7, 72.0, 31222, 28350000.0, 13);
INSERT INTO MovieGenres (MovieID, GenreID) VALUES (859, 4);
INSERT INTO MovieGenres (MovieID, GenreID) VALUES (859, 7);
INSERT INTO MovieGenres (MovieID, GenreID) VALUES (859, 11);
INSERT INTO MoviePeople (MovieID, PersonID, RoleID) VALUES (859, 920, 1);
INSERT INTO MoviePeople (MovieID, PersonID, RoleID) VALUES (859, 2316, 2);
INSERT INTO MoviePeople (MovieID, PersonID, RoleID) VALUES (859, 3085, 3);
INSERT INTO MoviePeople (MovieID, PersonID, RoleID) VALUES (859, 2534, 4);
INSERT INTO MoviePeople (MovieID, PersonID, RoleID) VALUES (859, 1771, 5);

INSERT INTO Movies (MovieID, Series_Title, Released_Year, RuntimeMinutes, Overview, Poster_Link, IMDB_Rating, Meta_score, No_of_Votes, Gross_Revenue, CertificateID) VALUES (860, 'Repulsion', 1965.0, 105, 'A sex-repulsed woman who disapproves of her sister''s boyfriend sinks into depression and has horrific visions of rape and violence.', 'https://m.media-amazon.com/images/M/MV5BZTU5ZThjNzAtNjc4NC00OTViLWIxYTYtODFmMTk5Y2NjZjZiL2ltYWdlL2ltYWdlXkEyXkFqcGdeQXVyNjc1NTYyMjg@._V1_UX67_CR0,0,67,98_AL_.jpg', 7.7, 91.0, 48883, NULL, NULL);
INSERT INTO MovieGenres (MovieID, GenreID) VALUES (860, 7);
INSERT INTO MovieGenres (MovieID, GenreID) VALUES (860, 12);
INSERT INTO MovieGenres (MovieID, GenreID) VALUES (860, 19);
INSERT INTO MoviePeople (MovieID, PersonID, RoleID) VALUES (860, 2563, 1);
INSERT INTO MoviePeople (MovieID, PersonID, RoleID) VALUES (860, 445, 2);
INSERT INTO MoviePeople (MovieID, PersonID, RoleID) VALUES (860, 1160, 3);
INSERT INTO MoviePeople (MovieID, PersonID, RoleID) VALUES (860, 1446, 4);
INSERT INTO MoviePeople (MovieID, PersonID, RoleID) VALUES (860, 3169, 5);

INSERT INTO Movies (MovieID, Series_Title, Released_Year, RuntimeMinutes, Overview, Poster_Link, IMDB_Rating, Meta_score, No_of_Votes, Gross_Revenue, CertificateID) VALUES (861, 'Zulu', 1964.0, 138, 'Outnumbered British soldiers do battle with Zulu warriors at Rorke''s Drift.', 'https://m.media-amazon.com/images/M/MV5BYzdlYmQ3MWMtMDY3My00MzVmLTg0YmMtYjRlZDUzNjBlMmE0L2ltYWdlL2ltYWdlXkEyXkFqcGdeQXVyNjc1NTYyMjg@._V1_UX67_CR0,0,67,98_AL_.jpg', 7.7, 77.0, 35999, NULL, 13);
INSERT INTO MovieGenres (MovieID, GenreID) VALUES (861, 7);
INSERT INTO MovieGenres (MovieID, GenreID) VALUES (861, 11);
INSERT INTO MovieGenres (MovieID, GenreID) VALUES (861, 20);
INSERT INTO MoviePeople (MovieID, PersonID, RoleID) VALUES (861, 570, 1);
INSERT INTO MoviePeople (MovieID, PersonID, RoleID) VALUES (861, 2790, 2);
INSERT INTO MoviePeople (MovieID, PersonID, RoleID) VALUES (861, 1210, 3);
INSERT INTO MoviePeople (MovieID, PersonID, RoleID) VALUES (861, 3004, 4);
INSERT INTO MoviePeople (MovieID, PersonID, RoleID) VALUES (861, 1236, 5);

INSERT INTO Movies (MovieID, Series_Title, Released_Year, RuntimeMinutes, Overview, Poster_Link, IMDB_Rating, Meta_score, No_of_Votes, Gross_Revenue, CertificateID) VALUES (862, 'Goldfinger', 1964.0, 110, 'While investigating a gold magnate''s smuggling, James Bond uncovers a plot to contaminate the Fort Knox gold reserve.', 'https://m.media-amazon.com/images/M/MV5BMTQ2MzE0OTU3NV5BMl5BanBnXkFtZTcwNjQxNTgzNA@@._V1_UX67_CR0,0,67,98_AL_.jpg', 7.7, 87.0, 174119, 51081062.0, 2);
INSERT INTO MovieGenres (MovieID, GenreID) VALUES (862, 1);
INSERT INTO MovieGenres (MovieID, GenreID) VALUES (862, 2);
INSERT INTO MovieGenres (MovieID, GenreID) VALUES (862, 19);
INSERT INTO MoviePeople (MovieID, PersonID, RoleID) VALUES (862, 1054, 1);
INSERT INTO MoviePeople (MovieID, PersonID, RoleID) VALUES (862, 2695, 2);
INSERT INTO MoviePeople (MovieID, PersonID, RoleID) VALUES (862, 999, 3);
INSERT INTO MoviePeople (MovieID, PersonID, RoleID) VALUES (862, 1134, 4);
INSERT INTO MoviePeople (MovieID, PersonID, RoleID) VALUES (862, 2739, 5);

INSERT INTO Movies (MovieID, Series_Title, Released_Year, RuntimeMinutes, Overview, Poster_Link, IMDB_Rating, Meta_score, No_of_Votes, Gross_Revenue, CertificateID) VALUES (863, 'The Birds', 1963.0, 119, 'A wealthy San Francisco socialite pursues a potential boyfriend to a small Northern California town that slowly takes a turn for the bizarre when birds of all kinds suddenly begin to attack people.', 'https://m.media-amazon.com/images/M/MV5BMTAxNDA1ODc5MDleQTJeQWpwZ15BbWU4MDg2MDA4OTEx._V1_UX67_CR0,0,67,98_AL_.jpg', 7.7, 90.0, 171739, 11403529.0, 2);
INSERT INTO MovieGenres (MovieID, GenreID) VALUES (863, 7);
INSERT INTO MovieGenres (MovieID, GenreID) VALUES (863, 12);
INSERT INTO MovieGenres (MovieID, GenreID) VALUES (863, 15);
INSERT INTO MoviePeople (MovieID, PersonID, RoleID) VALUES (863, 93, 1);
INSERT INTO MoviePeople (MovieID, PersonID, RoleID) VALUES (863, 2549, 2);
INSERT INTO MoviePeople (MovieID, PersonID, RoleID) VALUES (863, 2937, 3);
INSERT INTO MoviePeople (MovieID, PersonID, RoleID) VALUES (863, 1378, 4);
INSERT INTO MoviePeople (MovieID, PersonID, RoleID) VALUES (863, 2838, 5);

INSERT INTO Movies (MovieID, Series_Title, Released_Year, RuntimeMinutes, Overview, Poster_Link, IMDB_Rating, Meta_score, No_of_Votes, Gross_Revenue, CertificateID) VALUES (864, 'Cape Fear', 1962.0, 106, 'A lawyer''s family is stalked by a man he once helped put in jail.', 'https://m.media-amazon.com/images/M/MV5BOWNlMTJmMWUtYjk0MC00M2U4LWI1ODItZDgxNDZiODFmNjc5XkEyXkFqcGdeQXVyMTAwMzUyOTc@._V1_UX67_CR0,0,67,98_AL_.jpg', 7.7, 76.0, 26457, NULL, 8);
INSERT INTO MovieGenres (MovieID, GenreID) VALUES (864, 7);
INSERT INTO MovieGenres (MovieID, GenreID) VALUES (864, 19);
INSERT INTO MoviePeople (MovieID, PersonID, RoleID) VALUES (864, 1199, 1);
INSERT INTO MoviePeople (MovieID, PersonID, RoleID) VALUES (864, 1039, 2);
INSERT INTO MoviePeople (MovieID, PersonID, RoleID) VALUES (864, 2525, 3);
INSERT INTO MoviePeople (MovieID, PersonID, RoleID) VALUES (864, 2374, 4);
INSERT INTO MoviePeople (MovieID, PersonID, RoleID) VALUES (864, 1824, 5);

INSERT INTO Movies (MovieID, Series_Title, Released_Year, RuntimeMinutes, Overview, Poster_Link, IMDB_Rating, Meta_score, No_of_Votes, Gross_Revenue, CertificateID) VALUES (865, 'Peeping Tom', 1960.0, 101, 'A young man murders women, using a movie camera to film their dying expressions of terror.', 'https://m.media-amazon.com/images/M/MV5BZjM3ZTAzZDYtZmFjZS00YmQ1LWJlOWEtN2I4MDRmYzY5YmRlL2ltYWdlXkEyXkFqcGdeQXVyMjgyNjk3MzE@._V1_UX67_CR0,0,67,98_AL_.jpg', 7.7, NULL, 31354, 83957.0, NULL);
INSERT INTO MovieGenres (MovieID, GenreID) VALUES (865, 7);
INSERT INTO MovieGenres (MovieID, GenreID) VALUES (865, 12);
INSERT INTO MovieGenres (MovieID, GenreID) VALUES (865, 19);
INSERT INTO MoviePeople (MovieID, PersonID, RoleID) VALUES (865, 2067, 1);
INSERT INTO MoviePeople (MovieID, PersonID, RoleID) VALUES (865, 1612, 2);
INSERT INTO MoviePeople (MovieID, PersonID, RoleID) VALUES (865, 173, 3);
INSERT INTO MoviePeople (MovieID, PersonID, RoleID) VALUES (865, 2134, 4);
INSERT INTO MoviePeople (MovieID, PersonID, RoleID) VALUES (865, 2007, 5);

INSERT INTO Movies (MovieID, Series_Title, Released_Year, RuntimeMinutes, Overview, Poster_Link, IMDB_Rating, Meta_score, No_of_Votes, Gross_Revenue, CertificateID) VALUES (866, 'The Magnificent Seven', 1960.0, 128, 'Seven gunfighters are hired by Mexican peasants to liberate their village from oppressive bandits.', 'https://m.media-amazon.com/images/M/MV5BMzYyNzU0MTM1OF5BMl5BanBnXkFtZTcwMzE1ODE1NA@@._V1_UX67_CR0,0,67,98_AL_.jpg', 7.7, 74.0, 87719, 4905000.0, 3);
INSERT INTO MovieGenres (MovieID, GenreID) VALUES (866, 1);
INSERT INTO MovieGenres (MovieID, GenreID) VALUES (866, 2);
INSERT INTO MovieGenres (MovieID, GenreID) VALUES (866, 21);
INSERT INTO MoviePeople (MovieID, PersonID, RoleID) VALUES (866, 1489, 1);
INSERT INTO MoviePeople (MovieID, PersonID, RoleID) VALUES (866, 3163, 2);
INSERT INTO MoviePeople (MovieID, PersonID, RoleID) VALUES (866, 2814, 3);
INSERT INTO MoviePeople (MovieID, PersonID, RoleID) VALUES (866, 459, 4);
INSERT INTO MoviePeople (MovieID, PersonID, RoleID) VALUES (866, 774, 5);

INSERT INTO Movies (MovieID, Series_Title, Released_Year, RuntimeMinutes, Overview, Poster_Link, IMDB_Rating, Meta_score, No_of_Votes, Gross_Revenue, CertificateID) VALUES (867, 'Les yeux sans visage', 1960.0, 90, 'A surgeon causes an accident which leaves his daughter disfigured, and goes to extremes to give her a new face.', 'https://m.media-amazon.com/images/M/MV5BNzBiMWRhNzQtMjZhZS00NzFmLWE5YWMtOWY4NzIxMjYzZTEyXkEyXkFqcGdeQXVyMzg2MzE2OTE@._V1_UY98_CR3,0,67,98_AL_.jpg', 7.7, 90.0, 27620, 52709.0, NULL);
INSERT INTO MovieGenres (MovieID, GenreID) VALUES (867, 7);
INSERT INTO MovieGenres (MovieID, GenreID) VALUES (867, 12);
INSERT INTO MoviePeople (MovieID, PersonID, RoleID) VALUES (867, 990, 1);
INSERT INTO MoviePeople (MovieID, PersonID, RoleID) VALUES (867, 2368, 2);
INSERT INTO MoviePeople (MovieID, PersonID, RoleID) VALUES (867, 97, 3);
INSERT INTO MoviePeople (MovieID, PersonID, RoleID) VALUES (867, 1572, 4);
INSERT INTO MoviePeople (MovieID, PersonID, RoleID) VALUES (867, 86, 5);

INSERT INTO Movies (MovieID, Series_Title, Released_Year, RuntimeMinutes, Overview, Poster_Link, IMDB_Rating, Meta_score, No_of_Votes, Gross_Revenue, CertificateID) VALUES (868, 'Invasion of the Body Snatchers', 1956.0, 80, 'A small-town doctor learns that the population of his community is being replaced by emotionless alien duplicates.', 'https://m.media-amazon.com/images/M/MV5BYTExYjM3MDYtMzg4MC00MjU4LTljZjAtYzdlMTFmYTJmYTE4XkEyXkFqcGdeQXVyNTAyODkwOQ@@._V1_UX67_CR0,0,67,98_AL_.jpg', 7.7, 92.0, 44839, NULL, 3);
INSERT INTO MovieGenres (MovieID, GenreID) VALUES (868, 7);
INSERT INTO MovieGenres (MovieID, GenreID) VALUES (868, 12);
INSERT INTO MovieGenres (MovieID, GenreID) VALUES (868, 17);
INSERT INTO MoviePeople (MovieID, PersonID, RoleID) VALUES (868, 710, 1);
INSERT INTO MoviePeople (MovieID, PersonID, RoleID) VALUES (868, 1667, 2);
INSERT INTO MoviePeople (MovieID, PersonID, RoleID) VALUES (868, 589, 3);
INSERT INTO MoviePeople (MovieID, PersonID, RoleID) VALUES (868, 1728, 4);
INSERT INTO MoviePeople (MovieID, PersonID, RoleID) VALUES (868, 1688, 5);

INSERT INTO Movies (MovieID, Series_Title, Released_Year, RuntimeMinutes, Overview, Poster_Link, IMDB_Rating, Meta_score, No_of_Votes, Gross_Revenue, CertificateID) VALUES (869, 'Rebel Without a Cause', 1955.0, 111, 'A rebellious young man with a troubled past comes to a new town, finding friends and enemies.', 'https://m.media-amazon.com/images/M/MV5BMTg2ODcxOTU1OV5BMl5BanBnXkFtZTgwNzA3ODI1MDE@._V1_UX67_CR0,0,67,98_AL_.jpg', 7.7, 89.0, 83363, NULL, 7);
INSERT INTO MovieGenres (MovieID, GenreID) VALUES (869, 7);
INSERT INTO MoviePeople (MovieID, PersonID, RoleID) VALUES (869, 2193, 1);
INSERT INTO MoviePeople (MovieID, PersonID, RoleID) VALUES (869, 1242, 2);
INSERT INTO MoviePeople (MovieID, PersonID, RoleID) VALUES (869, 2173, 3);
INSERT INTO MoviePeople (MovieID, PersonID, RoleID) VALUES (869, 2632, 4);
INSERT INTO MoviePeople (MovieID, PersonID, RoleID) VALUES (869, 1384, 5);

INSERT INTO Movies (MovieID, Series_Title, Released_Year, RuntimeMinutes, Overview, Poster_Link, IMDB_Rating, Meta_score, No_of_Votes, Gross_Revenue, CertificateID) VALUES (870, 'The Ladykillers', 1955.0, 91, 'Five oddball criminals planning a bank robbery rent rooms on a cul-de-sac from an octogenarian widow under the pretext that they are classical musicians.', 'https://m.media-amazon.com/images/M/MV5BYTVlM2JmOGQtNWEwYy00NDQzLWIyZmEtOGZhMzgxZGRjZDA0XkEyXkFqcGdeQXVyMDI2NDg0NQ@@._V1_UX67_CR0,0,67,98_AL_.jpg', 7.7, 91.0, 26464, NULL, NULL);
INSERT INTO MovieGenres (MovieID, GenreID) VALUES (870, 5);
INSERT INTO MovieGenres (MovieID, GenreID) VALUES (870, 6);
INSERT INTO MoviePeople (MovieID, PersonID, RoleID) VALUES (870, 83, 1);
INSERT INTO MoviePeople (MovieID, PersonID, RoleID) VALUES (870, 67, 2);
INSERT INTO MoviePeople (MovieID, PersonID, RoleID) VALUES (870, 2351, 3);
INSERT INTO MoviePeople (MovieID, PersonID, RoleID) VALUES (870, 452, 4);
INSERT INTO MoviePeople (MovieID, PersonID, RoleID) VALUES (870, 1120, 5);

INSERT INTO Movies (MovieID, Series_Title, Released_Year, RuntimeMinutes, Overview, Poster_Link, IMDB_Rating, Meta_score, No_of_Votes, Gross_Revenue, CertificateID) VALUES (871, 'Sabrina', 1954.0, 113, 'A playboy becomes interested in the daughter of his family''s chauffeur, but it''s his more serious brother who would be the better man for her.', 'https://m.media-amazon.com/images/M/MV5BYmFlNTA1NWItODQxNC00YjFmLWE3ZWYtMzg3YTkwYmMxMjY2XkEyXkFqcGdeQXVyMTMxMTY0OTQ@._V1_UX67_CR0,0,67,98_AL_.jpg', 7.7, 72.0, 59415, NULL, 8);
INSERT INTO MovieGenres (MovieID, GenreID) VALUES (871, 5);
INSERT INTO MovieGenres (MovieID, GenreID) VALUES (871, 7);
INSERT INTO MovieGenres (MovieID, GenreID) VALUES (871, 16);
INSERT INTO MoviePeople (MovieID, PersonID, RoleID) VALUES (871, 316, 1);
INSERT INTO MoviePeople (MovieID, PersonID, RoleID) VALUES (871, 1152, 2);
INSERT INTO MoviePeople (MovieID, PersonID, RoleID) VALUES (871, 241, 3);
INSERT INTO MoviePeople (MovieID, PersonID, RoleID) VALUES (871, 3111, 4);
INSERT INTO MoviePeople (MovieID, PersonID, RoleID) VALUES (871, 3071, 5);

INSERT INTO Movies (MovieID, Series_Title, Released_Year, RuntimeMinutes, Overview, Poster_Link, IMDB_Rating, Meta_score, No_of_Votes, Gross_Revenue, CertificateID) VALUES (872, 'The Quiet Man', 1952.0, 129, 'A retired American boxer returns to the village of his birth in Ireland, where he falls for a spirited redhead whose brother is contemptuous of their union.', 'https://m.media-amazon.com/images/M/MV5BMWM1ZDhlM2MtNDNmMi00MDk4LTg5MjgtODE4ODk1MjYxOTIwXkEyXkFqcGdeQXVyNjc0MzMzNjA@._V1_UX67_CR0,0,67,98_AL_.jpg', 7.7, NULL, 34677, 10550000.0, 8);
INSERT INTO MovieGenres (MovieID, GenreID) VALUES (872, 5);
INSERT INTO MovieGenres (MovieID, GenreID) VALUES (872, 7);
INSERT INTO MovieGenres (MovieID, GenreID) VALUES (872, 16);
INSERT INTO MoviePeople (MovieID, PersonID, RoleID) VALUES (872, 1444, 1);
INSERT INTO MoviePeople (MovieID, PersonID, RoleID) VALUES (872, 1492, 2);
INSERT INTO MoviePeople (MovieID, PersonID, RoleID) VALUES (872, 1998, 3);
INSERT INTO MoviePeople (MovieID, PersonID, RoleID) VALUES (872, 269, 4);
INSERT INTO MoviePeople (MovieID, PersonID, RoleID) VALUES (872, 3078, 5);

INSERT INTO Movies (MovieID, Series_Title, Released_Year, RuntimeMinutes, Overview, Poster_Link, IMDB_Rating, Meta_score, No_of_Votes, Gross_Revenue, CertificateID) VALUES (873, 'The Day the Earth Stood Still', 1951.0, 92, 'An alien lands and tells the people of Earth that they must live peacefully or be destroyed as a danger to other planets.', 'https://m.media-amazon.com/images/M/MV5BMTU5NTBmYTAtOTgyYi00NGM0LWE0ODctZjNiYWM5MmIxYzE4XkEyXkFqcGdeQXVyNTAyODkwOQ@@._V1_UX67_CR0,0,67,98_AL_.jpg', 7.7, NULL, 76315, NULL, 13);
INSERT INTO MovieGenres (MovieID, GenreID) VALUES (873, 7);
INSERT INTO MovieGenres (MovieID, GenreID) VALUES (873, 17);
INSERT INTO MoviePeople (MovieID, PersonID, RoleID) VALUES (873, 2540, 1);
INSERT INTO MoviePeople (MovieID, PersonID, RoleID) VALUES (873, 2071, 2);
INSERT INTO MoviePeople (MovieID, PersonID, RoleID) VALUES (873, 2284, 3);
INSERT INTO MoviePeople (MovieID, PersonID, RoleID) VALUES (873, 1147, 4);
INSERT INTO MoviePeople (MovieID, PersonID, RoleID) VALUES (873, 2639, 5);

INSERT INTO Movies (MovieID, Series_Title, Released_Year, RuntimeMinutes, Overview, Poster_Link, IMDB_Rating, Meta_score, No_of_Votes, Gross_Revenue, CertificateID) VALUES (874, 'The African Queen', 1951.0, 105, 'In WWI Africa, a gin-swilling riverboat captain is persuaded by a strait-laced missionary to use his boat to attack an enemy warship.', 'https://m.media-amazon.com/images/M/MV5BYzM3YjE2NGMtODY3Zi00NTY0LWE4Y2EtMTE5YzNmM2U1NTg2XkEyXkFqcGdeQXVyMTY5Nzc4MDY@._V1_UX67_CR0,0,67,98_AL_.jpg', 7.7, 91.0, 71481, 536118.0, 6);
INSERT INTO MovieGenres (MovieID, GenreID) VALUES (874, 2);
INSERT INTO MovieGenres (MovieID, GenreID) VALUES (874, 7);
INSERT INTO MovieGenres (MovieID, GenreID) VALUES (874, 16);
INSERT INTO MoviePeople (MovieID, PersonID, RoleID) VALUES (874, 1461, 1);
INSERT INTO MoviePeople (MovieID, PersonID, RoleID) VALUES (874, 1152, 2);
INSERT INTO MoviePeople (MovieID, PersonID, RoleID) VALUES (874, 1620, 3);
INSERT INTO MoviePeople (MovieID, PersonID, RoleID) VALUES (874, 2526, 4);
INSERT INTO MoviePeople (MovieID, PersonID, RoleID) VALUES (874, 2340, 5);

INSERT INTO Movies (MovieID, Series_Title, Released_Year, RuntimeMinutes, Overview, Poster_Link, IMDB_Rating, Meta_score, No_of_Votes, Gross_Revenue, CertificateID) VALUES (875, 'Gilda', 1946.0, 110, 'A small-time gambler hired to work in a Buenos Aires casino discovers his employer''s new wife is his former lover.', 'https://m.media-amazon.com/images/M/MV5BYWUxMzViZTUtNTYxNy00YjY4LWJmMjYtMzNlOThjNjhiZmZkXkEyXkFqcGdeQXVyMDI2NDg0NQ@@._V1_UX67_CR0,0,67,98_AL_.jpg', 7.7, NULL, 27991, NULL, 3);
INSERT INTO MovieGenres (MovieID, GenreID) VALUES (875, 7);
INSERT INTO MovieGenres (MovieID, GenreID) VALUES (875, 10);
INSERT INTO MovieGenres (MovieID, GenreID) VALUES (875, 16);
INSERT INTO MoviePeople (MovieID, PersonID, RoleID) VALUES (875, 467, 1);
INSERT INTO MoviePeople (MovieID, PersonID, RoleID) VALUES (875, 2502, 2);
INSERT INTO MoviePeople (MovieID, PersonID, RoleID) VALUES (875, 1016, 3);
INSERT INTO MoviePeople (MovieID, PersonID, RoleID) VALUES (875, 977, 4);
INSERT INTO MoviePeople (MovieID, PersonID, RoleID) VALUES (875, 1518, 5);

INSERT INTO Movies (MovieID, Series_Title, Released_Year, RuntimeMinutes, Overview, Poster_Link, IMDB_Rating, Meta_score, No_of_Votes, Gross_Revenue, CertificateID) VALUES (876, 'Fantasia', 1940.0, 125, 'A collection of animated interpretations of great works of Western classical music.', 'https://m.media-amazon.com/images/M/MV5BMjAxMTI1Njk3OF5BMl5BanBnXkFtZTgwNjkzODk4NTE@._V1_UX67_CR0,0,67,98_AL_.jpg', 7.7, 96.0, 88662, 76408097.0, 4);
INSERT INTO MovieGenres (MovieID, GenreID) VALUES (876, 3);
INSERT INTO MovieGenres (MovieID, GenreID) VALUES (876, 8);
INSERT INTO MovieGenres (MovieID, GenreID) VALUES (876, 9);
INSERT INTO MoviePeople (MovieID, PersonID, RoleID) VALUES (876, 1235, 1);
INSERT INTO MoviePeople (MovieID, PersonID, RoleID) VALUES (876, 2653, 2);
INSERT INTO MoviePeople (MovieID, PersonID, RoleID) VALUES (876, 884, 3);
INSERT INTO MoviePeople (MovieID, PersonID, RoleID) VALUES (876, 2227, 4);
INSERT INTO MoviePeople (MovieID, PersonID, RoleID) VALUES (876, 631, 5);

INSERT INTO Movies (MovieID, Series_Title, Released_Year, RuntimeMinutes, Overview, Poster_Link, IMDB_Rating, Meta_score, No_of_Votes, Gross_Revenue, CertificateID) VALUES (877, 'The Invisible Man', 1933.0, 71, 'A scientist finds a way of becoming invisible, but in doing so, he becomes murderously insane.', 'https://m.media-amazon.com/images/M/MV5BYjllMmE0Y2YtYWIwZi00OWY1LWJhNWItYzM2MmNiYmFiZmRmXkEyXkFqcGdeQXVyNjc1NTYyMjg@._V1_UX67_CR0,0,67,98_AL_.jpg', 7.7, 87.0, 30683, NULL, 12);
INSERT INTO MovieGenres (MovieID, GenreID) VALUES (877, 12);
INSERT INTO MovieGenres (MovieID, GenreID) VALUES (877, 17);
INSERT INTO MoviePeople (MovieID, PersonID, RoleID) VALUES (877, 1265, 1);
INSERT INTO MoviePeople (MovieID, PersonID, RoleID) VALUES (877, 541, 2);
INSERT INTO MoviePeople (MovieID, PersonID, RoleID) VALUES (877, 1018, 3);
INSERT INTO MoviePeople (MovieID, PersonID, RoleID) VALUES (877, 3109, 4);
INSERT INTO MoviePeople (MovieID, PersonID, RoleID) VALUES (877, 1116, 5);

INSERT INTO Movies (MovieID, Series_Title, Released_Year, RuntimeMinutes, Overview, Poster_Link, IMDB_Rating, Meta_score, No_of_Votes, Gross_Revenue, CertificateID) VALUES (878, 'Dark Waters', 2019.0, 126, 'A corporate defense attorney takes on an environmental lawsuit against a chemical company that exposes a lengthy history of pollution.', 'https://m.media-amazon.com/images/M/MV5BODQ0M2Y5M2QtZGIwMC00MzJjLThlMzYtNmE3ZTMzZTYzOGEwXkEyXkFqcGdeQXVyMTkxNjUyNQ@@._V1_UX67_CR0,0,67,98_AL_.jpg', 7.6, 73.0, 60408, NULL, 7);
INSERT INTO MovieGenres (MovieID, GenreID) VALUES (878, 4);
INSERT INTO MovieGenres (MovieID, GenreID) VALUES (878, 7);
INSERT INTO MovieGenres (MovieID, GenreID) VALUES (878, 11);
INSERT INTO MoviePeople (MovieID, PersonID, RoleID) VALUES (878, 2942, 1);
INSERT INTO MoviePeople (MovieID, PersonID, RoleID) VALUES (878, 1936, 2);
INSERT INTO MoviePeople (MovieID, PersonID, RoleID) VALUES (878, 178, 3);
INSERT INTO MoviePeople (MovieID, PersonID, RoleID) VALUES (878, 2929, 4);
INSERT INTO MoviePeople (MovieID, PersonID, RoleID) VALUES (878, 309, 5);

INSERT INTO Movies (MovieID, Series_Title, Released_Year, RuntimeMinutes, Overview, Poster_Link, IMDB_Rating, Meta_score, No_of_Votes, Gross_Revenue, CertificateID) VALUES (879, 'Searching', 2018.0, 102, 'After his teenage daughter goes missing, a desperate father tries to find clues on her laptop.', 'https://m.media-amazon.com/images/M/MV5BMjIwOTA3NDI3MF5BMl5BanBnXkFtZTgwNzIzMzA5NTM@._V1_UX67_CR0,0,67,98_AL_.jpg', 7.6, 71.0, 140840, 26020957.0, 14);
INSERT INTO MovieGenres (MovieID, GenreID) VALUES (879, 7);
INSERT INTO MovieGenres (MovieID, GenreID) VALUES (879, 15);
INSERT INTO MovieGenres (MovieID, GenreID) VALUES (879, 19);
INSERT INTO MoviePeople (MovieID, PersonID, RoleID) VALUES (879, 155, 1);
INSERT INTO MoviePeople (MovieID, PersonID, RoleID) VALUES (879, 1439, 2);
INSERT INTO MoviePeople (MovieID, PersonID, RoleID) VALUES (879, 659, 3);
INSERT INTO MoviePeople (MovieID, PersonID, RoleID) VALUES (879, 1524, 4);
INSERT INTO MoviePeople (MovieID, PersonID, RoleID) VALUES (879, 2085, 5);

INSERT INTO Movies (MovieID, Series_Title, Released_Year, RuntimeMinutes, Overview, Poster_Link, IMDB_Rating, Meta_score, No_of_Votes, Gross_Revenue, CertificateID) VALUES (880, 'Once Upon a Time... in Hollywood', 2019.0, 161, 'A faded television actor and his stunt double strive to achieve fame and success in the final years of Hollywood''s Golden Age in 1969 Los Angeles.', 'https://m.media-amazon.com/images/M/MV5BOTg4ZTNkZmUtMzNlZi00YmFjLTk1MmUtNWQwNTM0YjcyNTNkXkEyXkFqcGdeQXVyNjg2NjQwMDQ@._V1_UX67_CR0,0,67,98_AL_.jpg', 7.6, 83.0, 551309, 142502728.0, 2);
INSERT INTO MovieGenres (MovieID, GenreID) VALUES (880, 5);
INSERT INTO MovieGenres (MovieID, GenreID) VALUES (880, 7);
INSERT INTO MoviePeople (MovieID, PersonID, RoleID) VALUES (880, 2391, 1);
INSERT INTO MoviePeople (MovieID, PersonID, RoleID) VALUES (880, 1775, 2);
INSERT INTO MoviePeople (MovieID, PersonID, RoleID) VALUES (880, 351, 3);
INSERT INTO MoviePeople (MovieID, PersonID, RoleID) VALUES (880, 1908, 4);
INSERT INTO MoviePeople (MovieID, PersonID, RoleID) VALUES (880, 800, 5);

INSERT INTO Movies (MovieID, Series_Title, Released_Year, RuntimeMinutes, Overview, Poster_Link, IMDB_Rating, Meta_score, No_of_Votes, Gross_Revenue, CertificateID) VALUES (881, 'Nelyubov', 2017.0, 127, 'A couple going through a divorce must team up to find their son who has disappeared during one of their bitter arguments.', 'https://m.media-amazon.com/images/M/MV5BNzk2NmU3NmEtMTVhNS00NzJhLWE1M2ItMThjZjI5NWM3YmFmXkEyXkFqcGdeQXVyMjA1MzUyODk@._V1_UY98_CR1,0,67,98_AL_.jpg', 7.6, 86.0, 29765, 566356.0, 9);
INSERT INTO MovieGenres (MovieID, GenreID) VALUES (881, 7);
INSERT INTO MoviePeople (MovieID, PersonID, RoleID) VALUES (881, 147, 1);
INSERT INTO MoviePeople (MovieID, PersonID, RoleID) VALUES (881, 1971, 2);
INSERT INTO MoviePeople (MovieID, PersonID, RoleID) VALUES (881, 75, 3);
INSERT INTO MoviePeople (MovieID, PersonID, RoleID) VALUES (881, 1997, 4);
INSERT INTO MoviePeople (MovieID, PersonID, RoleID) VALUES (881, 1921, 5);

INSERT INTO Movies (MovieID, Series_Title, Released_Year, RuntimeMinutes, Overview, Poster_Link, IMDB_Rating, Meta_score, No_of_Votes, Gross_Revenue, CertificateID) VALUES (882, 'The Florida Project', 2017.0, 111, 'Set over one summer, the film follows precocious six-year-old Moonee as she courts mischief and adventure with her ragtag playmates and bonds with her rebellious but caring mother, all while living in the shadows of Walt Disney World.', 'https://m.media-amazon.com/images/M/MV5BMjg4ZmY1MmItMjFjOS00ZTg2LWJjNDYtNDM2YmM2NzhiNmZhXkEyXkFqcGdeQXVyNTAzMTY4MDA@._V1_UX67_CR0,0,67,98_AL_.jpg', 7.6, 92.0, 95181, 5904366.0, 2);
INSERT INTO MovieGenres (MovieID, GenreID) VALUES (882, 7);
INSERT INTO MoviePeople (MovieID, PersonID, RoleID) VALUES (882, 2692, 1);
INSERT INTO MoviePeople (MovieID, PersonID, RoleID) VALUES (882, 375, 2);
INSERT INTO MoviePeople (MovieID, PersonID, RoleID) VALUES (882, 361, 3);
INSERT INTO MoviePeople (MovieID, PersonID, RoleID) VALUES (882, 3102, 4);
INSERT INTO MoviePeople (MovieID, PersonID, RoleID) VALUES (882, 530, 5);

INSERT INTO Movies (MovieID, Series_Title, Released_Year, RuntimeMinutes, Overview, Poster_Link, IMDB_Rating, Meta_score, No_of_Votes, Gross_Revenue, CertificateID) VALUES (883, 'Just Mercy', 2019.0, 137, 'World-renowned civil rights defense attorney Bryan Stevenson works to free a wrongly condemned death row prisoner.', 'https://m.media-amazon.com/images/M/MV5BYmM4YzA5NjUtZGEyOS00YzllLWJmM2UtZjhhNmJhM2E1NjUxXkEyXkFqcGdeQXVyMTkxNjUyNQ@@._V1_UX67_CR0,0,67,98_AL_.jpg', 7.6, 68.0, 46739, NULL, 2);
INSERT INTO MovieGenres (MovieID, GenreID) VALUES (883, 4);
INSERT INTO MovieGenres (MovieID, GenreID) VALUES (883, 6);
INSERT INTO MovieGenres (MovieID, GenreID) VALUES (883, 7);
INSERT INTO MoviePeople (MovieID, PersonID, RoleID) VALUES (883, 677, 1);
INSERT INTO MoviePeople (MovieID, PersonID, RoleID) VALUES (883, 2041, 2);
INSERT INTO MoviePeople (MovieID, PersonID, RoleID) VALUES (883, 1270, 3);
INSERT INTO MoviePeople (MovieID, PersonID, RoleID) VALUES (883, 371, 4);
INSERT INTO MoviePeople (MovieID, PersonID, RoleID) VALUES (883, 472, 5);

INSERT INTO Movies (MovieID, Series_Title, Released_Year, RuntimeMinutes, Overview, Poster_Link, IMDB_Rating, Meta_score, No_of_Votes, Gross_Revenue, CertificateID) VALUES (884, 'Gifted', 2017.0, 101, 'Frank, a single man raising his child prodigy niece Mary, is drawn into a custody battle with his mother.', 'https://m.media-amazon.com/images/M/MV5BMjQ2NDU3NDE0M15BMl5BanBnXkFtZTgwMjA3OTg0MDI@._V1_UX67_CR0,0,67,98_AL_.jpg', 7.6, 60.0, 99643, 24801212.0, 7);
INSERT INTO MovieGenres (MovieID, GenreID) VALUES (884, 7);
INSERT INTO MoviePeople (MovieID, PersonID, RoleID) VALUES (884, 1894, 1);
INSERT INTO MoviePeople (MovieID, PersonID, RoleID) VALUES (884, 498, 2);
INSERT INTO MoviePeople (MovieID, PersonID, RoleID) VALUES (884, 2012, 3);
INSERT INTO MoviePeople (MovieID, PersonID, RoleID) VALUES (884, 1807, 4);
INSERT INTO MoviePeople (MovieID, PersonID, RoleID) VALUES (884, 2238, 5);

INSERT INTO Movies (MovieID, Series_Title, Released_Year, RuntimeMinutes, Overview, Poster_Link, IMDB_Rating, Meta_score, No_of_Votes, Gross_Revenue, CertificateID) VALUES (885, 'The Peanut Butter Falcon', 2019.0, 97, 'Zak runs away from his care home to make his dream of becoming a wrestler come true.', 'https://m.media-amazon.com/images/M/MV5BOWVmZGQ0MGYtMDI1Yy00MDkxLWJiYjQtMmZjZmQ0NDFmMDRhXkEyXkFqcGdeQXVyNjg3MDMxNzU@._V1_UX67_CR0,0,67,98_AL_.jpg', 7.6, 70.0, 66346, 13122642.0, 7);
INSERT INTO MovieGenres (MovieID, GenreID) VALUES (885, 2);
INSERT INTO MovieGenres (MovieID, GenreID) VALUES (885, 5);
INSERT INTO MovieGenres (MovieID, GenreID) VALUES (885, 7);
INSERT INTO MoviePeople (MovieID, PersonID, RoleID) VALUES (885, 2998, 1);
INSERT INTO MoviePeople (MovieID, PersonID, RoleID) VALUES (885, 2072, 2);
INSERT INTO MoviePeople (MovieID, PersonID, RoleID) VALUES (885, 3182, 3);
INSERT INTO MoviePeople (MovieID, PersonID, RoleID) VALUES (885, 167, 4);
INSERT INTO MoviePeople (MovieID, PersonID, RoleID) VALUES (885, 578, 5);

INSERT INTO Movies (MovieID, Series_Title, Released_Year, RuntimeMinutes, Overview, Poster_Link, IMDB_Rating, Meta_score, No_of_Votes, Gross_Revenue, CertificateID) VALUES (886, 'Victoria', 2015.0, 138, 'A young Spanish woman who has recently moved to Berlin finds her flirtation with a local guy turn potentially deadly as their night out with his friends reveals a dangerous secret.', 'https://m.media-amazon.com/images/M/MV5BMTc5NzQzNjk2NF5BMl5BanBnXkFtZTgwODU0MjI5NjE@._V1_UY98_CR0,0,67,98_AL_.jpg', 7.6, 77.0, 52903, NULL, NULL);
INSERT INTO MovieGenres (MovieID, GenreID) VALUES (886, 6);
INSERT INTO MovieGenres (MovieID, GenreID) VALUES (886, 7);
INSERT INTO MovieGenres (MovieID, GenreID) VALUES (886, 16);
INSERT INTO MoviePeople (MovieID, PersonID, RoleID) VALUES (886, 2702, 1);
INSERT INTO MoviePeople (MovieID, PersonID, RoleID) VALUES (886, 1722, 2);
INSERT INTO MoviePeople (MovieID, PersonID, RoleID) VALUES (886, 922, 3);
INSERT INTO MoviePeople (MovieID, PersonID, RoleID) VALUES (886, 913, 4);
INSERT INTO MoviePeople (MovieID, PersonID, RoleID) VALUES (886, 396, 5);

INSERT INTO Movies (MovieID, Series_Title, Released_Year, RuntimeMinutes, Overview, Poster_Link, IMDB_Rating, Meta_score, No_of_Votes, Gross_Revenue, CertificateID) VALUES (887, 'Mustang', 2015.0, 97, 'When five orphan girls are seen innocently playing with boys on a beach, their scandalized conservative guardians confine them while forced marriages are arranged.', 'https://m.media-amazon.com/images/M/MV5BMTkwODUzODA0OV5BMl5BanBnXkFtZTgwMTA3ODkxNzE@._V1_UY98_CR0,0,67,98_AL_.jpg', 7.6, 83.0, 35785, 845464.0, 7);
INSERT INTO MovieGenres (MovieID, GenreID) VALUES (887, 7);
INSERT INTO MoviePeople (MovieID, PersonID, RoleID) VALUES (887, 669, 1);
INSERT INTO MoviePeople (MovieID, PersonID, RoleID) VALUES (887, 1062, 2);
INSERT INTO MoviePeople (MovieID, PersonID, RoleID) VALUES (887, 698, 3);
INSERT INTO MoviePeople (MovieID, PersonID, RoleID) VALUES (887, 2994, 4);
INSERT INTO MoviePeople (MovieID, PersonID, RoleID) VALUES (887, 780, 5);

INSERT INTO Movies (MovieID, Series_Title, Released_Year, RuntimeMinutes, Overview, Poster_Link, IMDB_Rating, Meta_score, No_of_Votes, Gross_Revenue, CertificateID) VALUES (888, 'Guardians of the Galaxy Vol. 2', 2017.0, 136, 'The Guardians struggle to keep together as a team while dealing with their personal family issues, notably Star-Lord''s encounter with his father the ambitious celestial being Ego.', 'https://m.media-amazon.com/images/M/MV5BNjM0NTc0NzItM2FlYS00YzEwLWE0YmUtNTA2ZWIzODc2OTgxXkEyXkFqcGdeQXVyNTgwNzIyNzg@._V1_UX67_CR0,0,67,98_AL_.jpg', 7.6, 67.0, 569974, 389813101.0, 15);
INSERT INTO MovieGenres (MovieID, GenreID) VALUES (888, 1);
INSERT INTO MovieGenres (MovieID, GenreID) VALUES (888, 2);
INSERT INTO MovieGenres (MovieID, GenreID) VALUES (888, 5);
INSERT INTO MoviePeople (MovieID, PersonID, RoleID) VALUES (888, 1250, 1);
INSERT INTO MoviePeople (MovieID, PersonID, RoleID) VALUES (888, 504, 2);
INSERT INTO MoviePeople (MovieID, PersonID, RoleID) VALUES (888, 3192, 3);
INSERT INTO MoviePeople (MovieID, PersonID, RoleID) VALUES (888, 621, 4);
INSERT INTO MoviePeople (MovieID, PersonID, RoleID) VALUES (888, 3041, 5);

INSERT INTO Movies (MovieID, Series_Title, Released_Year, RuntimeMinutes, Overview, Poster_Link, IMDB_Rating, Meta_score, No_of_Votes, Gross_Revenue, CertificateID) VALUES (889, 'Baby Driver', 2017.0, 113, 'After being coerced into working for a crime boss, a young getaway driver finds himself taking part in a heist doomed to fail.', 'https://m.media-amazon.com/images/M/MV5BMjM3MjQ1MzkxNl5BMl5BanBnXkFtZTgwODk1ODgyMjI@._V1_UX67_CR0,0,67,98_AL_.jpg', 7.6, 86.0, 439406, 107825862.0, 15);
INSERT INTO MovieGenres (MovieID, GenreID) VALUES (889, 1);
INSERT INTO MovieGenres (MovieID, GenreID) VALUES (889, 6);
INSERT INTO MovieGenres (MovieID, GenreID) VALUES (889, 7);
INSERT INTO MoviePeople (MovieID, PersonID, RoleID) VALUES (889, 741, 1);
INSERT INTO MoviePeople (MovieID, PersonID, RoleID) VALUES (889, 187, 2);
INSERT INTO MoviePeople (MovieID, PersonID, RoleID) VALUES (889, 1499, 3);
INSERT INTO MoviePeople (MovieID, PersonID, RoleID) VALUES (889, 1501, 4);
INSERT INTO MoviePeople (MovieID, PersonID, RoleID) VALUES (889, 764, 5);

INSERT INTO Movies (MovieID, Series_Title, Released_Year, RuntimeMinutes, Overview, Poster_Link, IMDB_Rating, Meta_score, No_of_Votes, Gross_Revenue, CertificateID) VALUES (890, 'Only the Brave', 2017.0, 134, 'Based on the true story of the Granite Mountain Hotshots, a group of elite firefighters who risk everything to protect a town from a historic wildfire.', 'https://m.media-amazon.com/images/M/MV5BYWFlOWI3YTMtYTk3NS00YWQ2LTlmYTMtZjk0ZDk4Y2NjODI0XkEyXkFqcGdeQXVyNTQxNTQ4Mg@@._V1_UX67_CR0,0,67,98_AL_.jpg', 7.6, 72.0, 58371, 18340051.0, 15);
INSERT INTO MovieGenres (MovieID, GenreID) VALUES (890, 1);
INSERT INTO MovieGenres (MovieID, GenreID) VALUES (890, 4);
INSERT INTO MovieGenres (MovieID, GenreID) VALUES (890, 7);
INSERT INTO MoviePeople (MovieID, PersonID, RoleID) VALUES (890, 1522, 1);
INSERT INTO MoviePeople (MovieID, PersonID, RoleID) VALUES (890, 1529, 2);
INSERT INTO MoviePeople (MovieID, PersonID, RoleID) VALUES (890, 2108, 3);
INSERT INTO MoviePeople (MovieID, PersonID, RoleID) VALUES (890, 1340, 4);
INSERT INTO MoviePeople (MovieID, PersonID, RoleID) VALUES (890, 1352, 5);

INSERT INTO Movies (MovieID, Series_Title, Released_Year, RuntimeMinutes, Overview, Poster_Link, IMDB_Rating, Meta_score, No_of_Votes, Gross_Revenue, CertificateID) VALUES (891, 'Bridge of Spies', 2015.0, 142, 'During the Cold War, an American lawyer is recruited to defend an arrested Soviet spy in court, and then help the CIA facilitate an exchange of the spy for the Soviet captured American U2 spy plane pilot, Francis Gary Powers.', 'https://m.media-amazon.com/images/M/MV5BMjIxOTI0MjU5NV5BMl5BanBnXkFtZTgwNzM4OTk4NTE@._V1_UX67_CR0,0,67,98_AL_.jpg', 7.6, 81.0, 287659, 72313754.0, 15);
INSERT INTO MovieGenres (MovieID, GenreID) VALUES (891, 7);
INSERT INTO MovieGenres (MovieID, GenreID) VALUES (891, 11);
INSERT INTO MovieGenres (MovieID, GenreID) VALUES (891, 19);
INSERT INTO MoviePeople (MovieID, PersonID, RoleID) VALUES (891, 2818, 1);
INSERT INTO MoviePeople (MovieID, PersonID, RoleID) VALUES (891, 2949, 2);
INSERT INTO MoviePeople (MovieID, PersonID, RoleID) VALUES (891, 1938, 3);
INSERT INTO MoviePeople (MovieID, PersonID, RoleID) VALUES (891, 49, 4);
INSERT INTO MoviePeople (MovieID, PersonID, RoleID) VALUES (891, 119, 5);

INSERT INTO Movies (MovieID, Series_Title, Released_Year, RuntimeMinutes, Overview, Poster_Link, IMDB_Rating, Meta_score, No_of_Votes, Gross_Revenue, CertificateID) VALUES (892, 'Incredibles 2', 2018.0, 118, 'The Incredibles family takes on a new mission which involves a change in family roles: Bob Parr (Mr. Incredible) must manage the house while his wife Helen (Elastigirl) goes out to save the world.', 'https://m.media-amazon.com/images/M/MV5BMTEzNzY0OTg0NTdeQTJeQWpwZ15BbWU4MDU3OTg3MjUz._V1_UX67_CR0,0,67,98_AL_.jpg', 7.6, 80.0, 250057, 608581744.0, 15);
INSERT INTO MovieGenres (MovieID, GenreID) VALUES (892, 3);
INSERT INTO MovieGenres (MovieID, GenreID) VALUES (892, 1);
INSERT INTO MovieGenres (MovieID, GenreID) VALUES (892, 2);
INSERT INTO MoviePeople (MovieID, PersonID, RoleID) VALUES (892, 347, 1);
INSERT INTO MoviePeople (MovieID, PersonID, RoleID) VALUES (892, 563, 2);
INSERT INTO MoviePeople (MovieID, PersonID, RoleID) VALUES (892, 1131, 3);
INSERT INTO MoviePeople (MovieID, PersonID, RoleID) VALUES (892, 2675, 4);
INSERT INTO MoviePeople (MovieID, PersonID, RoleID) VALUES (892, 1142, 5);

INSERT INTO Movies (MovieID, Series_Title, Released_Year, RuntimeMinutes, Overview, Poster_Link, IMDB_Rating, Meta_score, No_of_Votes, Gross_Revenue, CertificateID) VALUES (893, 'Moana', 2016.0, 107, 'In Ancient Polynesia, when a terrible curse incurred by the Demigod Maui reaches Moana''s island, she answers the Ocean''s call to seek out the Demigod to set things right.', 'https://m.media-amazon.com/images/M/MV5BMjI4MzU5NTExNF5BMl5BanBnXkFtZTgwNzY1MTEwMDI@._V1_UX67_CR0,0,67,98_AL_.jpg', 7.6, 81.0, 272784, 248757044.0, 13);
INSERT INTO MovieGenres (MovieID, GenreID) VALUES (893, 3);
INSERT INTO MovieGenres (MovieID, GenreID) VALUES (893, 2);
INSERT INTO MovieGenres (MovieID, GenreID) VALUES (893, 5);
INSERT INTO MoviePeople (MovieID, PersonID, RoleID) VALUES (893, 2565, 1);
INSERT INTO MoviePeople (MovieID, PersonID, RoleID) VALUES (893, 1475, 2);
INSERT INTO MoviePeople (MovieID, PersonID, RoleID) VALUES (893, 708, 3);
INSERT INTO MoviePeople (MovieID, PersonID, RoleID) VALUES (893, 508, 4);
INSERT INTO MoviePeople (MovieID, PersonID, RoleID) VALUES (893, 243, 5);

INSERT INTO Movies (MovieID, Series_Title, Released_Year, RuntimeMinutes, Overview, Poster_Link, IMDB_Rating, Meta_score, No_of_Votes, Gross_Revenue, CertificateID) VALUES (894, 'Sicario', 2015.0, 121, 'An idealistic FBI agent is enlisted by a government task force to aid in the escalating war against drugs at the border area between the U.S. and Mexico.', 'https://m.media-amazon.com/images/M/MV5BMjA5NjM3NTk1M15BMl5BanBnXkFtZTgwMzg1MzU2NjE@._V1_UX67_CR0,0,67,98_AL_.jpg', 7.6, 82.0, 371291, 46889293.0, 2);
INSERT INTO MovieGenres (MovieID, GenreID) VALUES (894, 1);
INSERT INTO MovieGenres (MovieID, GenreID) VALUES (894, 6);
INSERT INTO MovieGenres (MovieID, GenreID) VALUES (894, 7);
INSERT INTO MoviePeople (MovieID, PersonID, RoleID) VALUES (894, 667, 1);
INSERT INTO MoviePeople (MovieID, PersonID, RoleID) VALUES (894, 804, 2);
INSERT INTO MoviePeople (MovieID, PersonID, RoleID) VALUES (894, 1529, 3);
INSERT INTO MoviePeople (MovieID, PersonID, RoleID) VALUES (894, 289, 4);
INSERT INTO MoviePeople (MovieID, PersonID, RoleID) VALUES (894, 1499, 5);

INSERT INTO Movies (MovieID, Series_Title, Released_Year, RuntimeMinutes, Overview, Poster_Link, IMDB_Rating, Meta_score, No_of_Votes, Gross_Revenue, CertificateID) VALUES (895, 'Creed', 2015.0, 133, 'The former World Heavyweight Champion Rocky Balboa serves as a trainer and mentor to Adonis Johnson, the son of his late friend and former rival Apollo Creed.', 'https://m.media-amazon.com/images/M/MV5BNmZkYjQzY2QtNjdkNC00YjkzLTk5NjUtY2MyNDNiYTBhN2M2XkEyXkFqcGdeQXVyMjMwNDgzNjc@._V1_UX67_CR0,0,67,98_AL_.jpg', 7.6, 82.0, 247666, 109767581.0, 2);
INSERT INTO MovieGenres (MovieID, GenreID) VALUES (895, 7);
INSERT INTO MovieGenres (MovieID, GenreID) VALUES (895, 18);
INSERT INTO MoviePeople (MovieID, PersonID, RoleID) VALUES (895, 2609, 1);
INSERT INTO MoviePeople (MovieID, PersonID, RoleID) VALUES (895, 2041, 2);
INSERT INTO MoviePeople (MovieID, PersonID, RoleID) VALUES (895, 2840, 3);
INSERT INTO MoviePeople (MovieID, PersonID, RoleID) VALUES (895, 2897, 4);
INSERT INTO MoviePeople (MovieID, PersonID, RoleID) VALUES (895, 2365, 5);

INSERT INTO Movies (MovieID, Series_Title, Released_Year, RuntimeMinutes, Overview, Poster_Link, IMDB_Rating, Meta_score, No_of_Votes, Gross_Revenue, CertificateID) VALUES (896, 'Leviafan', 2014.0, 140, 'In a Russian coastal town, Kolya is forced to fight the corrupt mayor when he is told that his house will be demolished. He recruits a lawyer friend to help, but the man''s arrival brings further misfortune for Kolya and his family.', 'https://m.media-amazon.com/images/M/MV5BYTYxZjQ2YTktNmVkMC00ZTY4LThkZmItMDc4MTJiYjVhZjM0L2ltYWdlXkEyXkFqcGdeQXVyMjgyNjk3MzE@._V1_UY98_CR1,0,67,98_AL_.jpg', 7.6, 92.0, 49397, 1092800.0, 9);
INSERT INTO MovieGenres (MovieID, GenreID) VALUES (896, 6);
INSERT INTO MovieGenres (MovieID, GenreID) VALUES (896, 7);
INSERT INTO MoviePeople (MovieID, PersonID, RoleID) VALUES (896, 147, 1);
INSERT INTO MoviePeople (MovieID, PersonID, RoleID) VALUES (896, 76, 2);
INSERT INTO MoviePeople (MovieID, PersonID, RoleID) VALUES (896, 771, 3);
INSERT INTO MoviePeople (MovieID, PersonID, RoleID) VALUES (896, 2562, 4);
INSERT INTO MoviePeople (MovieID, PersonID, RoleID) VALUES (896, 3061, 5);

INSERT INTO Movies (MovieID, Series_Title, Released_Year, RuntimeMinutes, Overview, Poster_Link, IMDB_Rating, Meta_score, No_of_Votes, Gross_Revenue, CertificateID) VALUES (897, 'Hell or High Water', 2016.0, 102, 'A divorced father and his ex-con older brother resort to a desperate scheme in order to save their family''s ranch in West Texas.', 'https://m.media-amazon.com/images/M/MV5BMTg4NDA1OTA5NF5BMl5BanBnXkFtZTgwMDQ2MDM5ODE@._V1_UX67_CR0,0,67,98_AL_.jpg', 7.6, 88.0, 204175, 26862450.0, 9);
INSERT INTO MovieGenres (MovieID, GenreID) VALUES (897, 1);
INSERT INTO MovieGenres (MovieID, GenreID) VALUES (897, 6);
INSERT INTO MovieGenres (MovieID, GenreID) VALUES (897, 7);
INSERT INTO MoviePeople (MovieID, PersonID, RoleID) VALUES (897, 639, 1);
INSERT INTO MoviePeople (MovieID, PersonID, RoleID) VALUES (897, 503, 2);
INSERT INTO MoviePeople (MovieID, PersonID, RoleID) VALUES (897, 280, 3);
INSERT INTO MoviePeople (MovieID, PersonID, RoleID) VALUES (897, 1340, 4);
INSERT INTO MoviePeople (MovieID, PersonID, RoleID) VALUES (897, 1001, 5);

INSERT INTO Movies (MovieID, Series_Title, Released_Year, RuntimeMinutes, Overview, Poster_Link, IMDB_Rating, Meta_score, No_of_Votes, Gross_Revenue, CertificateID) VALUES (898, 'Philomena', 2013.0, 98, 'A world-weary political journalist picks up the story of a woman''s search for her son, who was taken away from her decades ago after she became pregnant and was forced to live in a convent.', 'https://m.media-amazon.com/images/M/MV5BMjA5ODgyNzcxMV5BMl5BanBnXkFtZTgwMzkzOTYzMDE@._V1_UX67_CR0,0,67,98_AL_.jpg', 7.6, 77.0, 94212, 37707719.0, 7);
INSERT INTO MovieGenres (MovieID, GenreID) VALUES (898, 4);
INSERT INTO MovieGenres (MovieID, GenreID) VALUES (898, 5);
INSERT INTO MovieGenres (MovieID, GenreID) VALUES (898, 7);
INSERT INTO MoviePeople (MovieID, PersonID, RoleID) VALUES (898, 2803, 1);
INSERT INTO MoviePeople (MovieID, PersonID, RoleID) VALUES (898, 1546, 2);
INSERT INTO MoviePeople (MovieID, PersonID, RoleID) VALUES (898, 2812, 3);
INSERT INTO MoviePeople (MovieID, PersonID, RoleID) VALUES (898, 2778, 4);
INSERT INTO MoviePeople (MovieID, PersonID, RoleID) VALUES (898, 1900, 5);

INSERT INTO Movies (MovieID, Series_Title, Released_Year, RuntimeMinutes, Overview, Poster_Link, IMDB_Rating, Meta_score, No_of_Votes, Gross_Revenue, CertificateID) VALUES (899, 'Dawn of the Planet of the Apes', 2014.0, 130, 'A growing nation of genetically evolved apes led by Caesar is threatened by a band of human survivors of the devastating virus unleashed a decade earlier.', 'https://m.media-amazon.com/images/M/MV5BMTgwODk3NDc1N15BMl5BanBnXkFtZTgwNTc1NjQwMjE@._V1_UX67_CR0,0,67,98_AL_.jpg', 7.6, 79.0, 411599, 208545589.0, 15);
INSERT INTO MovieGenres (MovieID, GenreID) VALUES (899, 1);
INSERT INTO MovieGenres (MovieID, GenreID) VALUES (899, 2);
INSERT INTO MovieGenres (MovieID, GenreID) VALUES (899, 7);
INSERT INTO MoviePeople (MovieID, PersonID, RoleID) VALUES (899, 1986, 1);
INSERT INTO MoviePeople (MovieID, PersonID, RoleID) VALUES (899, 942, 2);
INSERT INTO MoviePeople (MovieID, PersonID, RoleID) VALUES (899, 1659, 3);
INSERT INTO MoviePeople (MovieID, PersonID, RoleID) VALUES (899, 154, 4);
INSERT INTO MoviePeople (MovieID, PersonID, RoleID) VALUES (899, 1702, 5);

INSERT INTO Movies (MovieID, Series_Title, Released_Year, RuntimeMinutes, Overview, Poster_Link, IMDB_Rating, Meta_score, No_of_Votes, Gross_Revenue, CertificateID) VALUES (900, 'El cuerpo', 2012.0, 112, 'A detective searches for the body of a femme fatale which has gone missing from a morgue.', 'https://m.media-amazon.com/images/M/MV5BNGMxZjFkN2EtMDRiMS00ZTBjLWI0M2MtZWUyYjFhZGViZDJlXkEyXkFqcGdeQXVyMTMxODk2OTU@._V1_UX67_CR0,0,67,98_AL_.jpg', 7.6, NULL, 57549, NULL, NULL);
INSERT INTO MovieGenres (MovieID, GenreID) VALUES (900, 15);
INSERT INTO MovieGenres (MovieID, GenreID) VALUES (900, 19);
INSERT INTO MoviePeople (MovieID, PersonID, RoleID) VALUES (900, 2257, 1);
INSERT INTO MoviePeople (MovieID, PersonID, RoleID) VALUES (900, 1515, 2);
INSERT INTO MoviePeople (MovieID, PersonID, RoleID) VALUES (900, 1150, 3);
INSERT INTO MoviePeople (MovieID, PersonID, RoleID) VALUES (900, 277, 4);
INSERT INTO MoviePeople (MovieID, PersonID, RoleID) VALUES (900, 244, 5);

INSERT INTO Movies (MovieID, Series_Title, Released_Year, RuntimeMinutes, Overview, Poster_Link, IMDB_Rating, Meta_score, No_of_Votes, Gross_Revenue, CertificateID) VALUES (901, 'Serbuan maut', 2011.0, 101, 'A S.W.A.T. team becomes trapped in a tenement run by a ruthless mobster and his army of killers and thugs.', 'https://m.media-amazon.com/images/M/MV5BZGIxODNjM2YtZjA5Mi00MjA5LTk2YjItODE0OWI5NThjNTBmXkEyXkFqcGdeQXVyNzQ1ODk3MTQ@._V1_UX67_CR0,0,67,98_AL_.jpg', 7.6, 73.0, 190531, 4105123.0, 2);
INSERT INTO MovieGenres (MovieID, GenreID) VALUES (901, 1);
INSERT INTO MovieGenres (MovieID, GenreID) VALUES (901, 19);
INSERT INTO MoviePeople (MovieID, PersonID, RoleID) VALUES (901, 935, 1);
INSERT INTO MoviePeople (MovieID, PersonID, RoleID) VALUES (901, 1166, 2);
INSERT INTO MoviePeople (MovieID, PersonID, RoleID) VALUES (901, 126, 3);
INSERT INTO MoviePeople (MovieID, PersonID, RoleID) VALUES (901, 2440, 4);
INSERT INTO MoviePeople (MovieID, PersonID, RoleID) VALUES (901, 719, 5);

INSERT INTO Movies (MovieID, Series_Title, Released_Year, RuntimeMinutes, Overview, Poster_Link, IMDB_Rating, Meta_score, No_of_Votes, Gross_Revenue, CertificateID) VALUES (902, 'End of Watch', 2012.0, 109, 'Shot documentary-style, this film follows the daily grind of two young police officers in LA who are partners and friends, and what happens when they meet criminal forces greater than themselves.', 'https://m.media-amazon.com/images/M/MV5BMjMxNjU0ODU5Ml5BMl5BanBnXkFtZTcwNjI4MzAyOA@@._V1_UX67_CR0,0,67,98_AL_.jpg', 7.6, 68.0, 228132, 41003371.0, 2);
INSERT INTO MovieGenres (MovieID, GenreID) VALUES (902, 1);
INSERT INTO MovieGenres (MovieID, GenreID) VALUES (902, 6);
INSERT INTO MovieGenres (MovieID, GenreID) VALUES (902, 7);
INSERT INTO MoviePeople (MovieID, PersonID, RoleID) VALUES (902, 625, 1);
INSERT INTO MoviePeople (MovieID, PersonID, RoleID) VALUES (902, 1233, 2);
INSERT INTO MoviePeople (MovieID, PersonID, RoleID) VALUES (902, 2066, 3);
INSERT INTO MoviePeople (MovieID, PersonID, RoleID) VALUES (902, 172, 4);
INSERT INTO MoviePeople (MovieID, PersonID, RoleID) VALUES (902, 107, 5);

INSERT INTO Movies (MovieID, Series_Title, Released_Year, RuntimeMinutes, Overview, Poster_Link, IMDB_Rating, Meta_score, No_of_Votes, Gross_Revenue, CertificateID) VALUES (903, 'Kari-gurashi no Arietti', 2010.0, 94, 'The Clock family are four-inch-tall people who live anonymously in another family''s residence, borrowing simple items to make their home. Life changes for the Clocks when their teenage daughter, Arrietty, is discovered.', 'https://m.media-amazon.com/images/M/MV5BZDY3ZGI0ZDAtMThlNy00MzAxLTg4YjAtNjkwYTkxNmQ4MjdlXkEyXkFqcGdeQXVyMTMxODk2OTU@._V1_UX67_CR0,0,67,98_AL_.jpg', 7.6, 80.0, 80939, 19202743.0, 13);
INSERT INTO MovieGenres (MovieID, GenreID) VALUES (903, 3);
INSERT INTO MovieGenres (MovieID, GenreID) VALUES (903, 2);
INSERT INTO MovieGenres (MovieID, GenreID) VALUES (903, 8);
INSERT INTO MoviePeople (MovieID, PersonID, RoleID) VALUES (903, 1126, 1);
INSERT INTO MoviePeople (MovieID, PersonID, RoleID) VALUES (903, 118, 2);
INSERT INTO MoviePeople (MovieID, PersonID, RoleID) VALUES (903, 2118, 3);
INSERT INTO MoviePeople (MovieID, PersonID, RoleID) VALUES (903, 2618, 4);
INSERT INTO MoviePeople (MovieID, PersonID, RoleID) VALUES (903, 2872, 5);

INSERT INTO Movies (MovieID, Series_Title, Released_Year, RuntimeMinutes, Overview, Poster_Link, IMDB_Rating, Meta_score, No_of_Votes, Gross_Revenue, CertificateID) VALUES (904, 'A Star Is Born', 2018.0, 136, 'A musician helps a young singer find fame as age and alcoholism send his own career into a downward spiral.', 'https://m.media-amazon.com/images/M/MV5BNmE5ZmE3OGItNTdlNC00YmMxLWEzNjctYzAwOGQ5ODg0OTI0XkEyXkFqcGdeQXVyMTMxODk2OTU@._V1_UX67_CR0,0,67,98_AL_.jpg', 7.6, 88.0, 334312, 215288866.0, 15);
INSERT INTO MovieGenres (MovieID, GenreID) VALUES (904, 7);
INSERT INTO MovieGenres (MovieID, GenreID) VALUES (904, 13);
INSERT INTO MovieGenres (MovieID, GenreID) VALUES (904, 16);
INSERT INTO MoviePeople (MovieID, PersonID, RoleID) VALUES (904, 352, 1);
INSERT INTO MoviePeople (MovieID, PersonID, RoleID) VALUES (904, 1721, 2);
INSERT INTO MoviePeople (MovieID, PersonID, RoleID) VALUES (904, 352, 3);
INSERT INTO MoviePeople (MovieID, PersonID, RoleID) VALUES (904, 2638, 4);
INSERT INTO MoviePeople (MovieID, PersonID, RoleID) VALUES (904, 1035, 5);

INSERT INTO Movies (MovieID, Series_Title, Released_Year, RuntimeMinutes, Overview, Poster_Link, IMDB_Rating, Meta_score, No_of_Votes, Gross_Revenue, CertificateID) VALUES (905, 'True Grit', 2010.0, 110, 'A stubborn teenager enlists the help of a tough U.S. Marshal to track down her father''s murderer.', 'https://m.media-amazon.com/images/M/MV5BODhkZDIzNjgtOTA5ZS00MmMzLWFkNjYtM2Y2MzFjN2FkNjAzL2ltYWdlXkEyXkFqcGdeQXVyNTAyODkwOQ@@._V1_UY98_CR1,0,67,98_AL_.jpg', 7.6, 80.0, 311822, 171243005.0, 7);
INSERT INTO MovieGenres (MovieID, GenreID) VALUES (905, 7);
INSERT INTO MovieGenres (MovieID, GenreID) VALUES (905, 21);
INSERT INTO MoviePeople (MovieID, PersonID, RoleID) VALUES (905, 836, 1);
INSERT INTO MoviePeople (MovieID, PersonID, RoleID) VALUES (905, 1418, 2);
INSERT INTO MoviePeople (MovieID, PersonID, RoleID) VALUES (905, 1340, 3);
INSERT INTO MoviePeople (MovieID, PersonID, RoleID) VALUES (905, 1985, 4);
INSERT INTO MoviePeople (MovieID, PersonID, RoleID) VALUES (905, 1065, 5);

INSERT INTO Movies (MovieID, Series_Title, Released_Year, RuntimeMinutes, Overview, Poster_Link, IMDB_Rating, Meta_score, No_of_Votes, Gross_Revenue, CertificateID) VALUES (906, 'Hævnen', 2010.0, 118, 'The lives of two Danish families cross each other, and an extraordinary but risky friendship comes into bud. But loneliness, frailty and sorrow lie in wait.', 'https://m.media-amazon.com/images/M/MV5BNDY2OTE5MzE0Nl5BMl5BanBnXkFtZTcwNDAyOTc2NA@@._V1_UX67_CR0,0,67,98_AL_.jpg', 7.6, 65.0, 38491, 1008098.0, 9);
INSERT INTO MovieGenres (MovieID, GenreID) VALUES (906, 7);
INSERT INTO MovieGenres (MovieID, GenreID) VALUES (906, 16);
INSERT INTO MoviePeople (MovieID, PersonID, RoleID) VALUES (906, 2833, 1);
INSERT INTO MoviePeople (MovieID, PersonID, RoleID) VALUES (906, 2097, 2);
INSERT INTO MoviePeople (MovieID, PersonID, RoleID) VALUES (906, 2988, 3);
INSERT INTO MoviePeople (MovieID, PersonID, RoleID) VALUES (906, 1941, 4);
INSERT INTO MoviePeople (MovieID, PersonID, RoleID) VALUES (906, 3092, 5);

INSERT INTO Movies (MovieID, Series_Title, Released_Year, RuntimeMinutes, Overview, Poster_Link, IMDB_Rating, Meta_score, No_of_Votes, Gross_Revenue, CertificateID) VALUES (907, 'Despicable Me', 2010.0, 95, 'When a criminal mastermind uses a trio of orphan girls as pawns for a grand scheme, he finds their love is profoundly changing him for the better.', 'https://m.media-amazon.com/images/M/MV5BMTY3NjY0MTQ0Nl5BMl5BanBnXkFtZTcwMzQ2MTc0Mw@@._V1_UX67_CR0,0,67,98_AL_.jpg', 7.6, 72.0, 500851, 251513985.0, 13);
INSERT INTO MovieGenres (MovieID, GenreID) VALUES (907, 3);
INSERT INTO MovieGenres (MovieID, GenreID) VALUES (907, 5);
INSERT INTO MovieGenres (MovieID, GenreID) VALUES (907, 6);
INSERT INTO MoviePeople (MovieID, PersonID, RoleID) VALUES (907, 2369, 1);
INSERT INTO MoviePeople (MovieID, PersonID, RoleID) VALUES (907, 505, 2);
INSERT INTO MoviePeople (MovieID, PersonID, RoleID) VALUES (907, 2811, 3);
INSERT INTO MoviePeople (MovieID, PersonID, RoleID) VALUES (907, 1302, 4);
INSERT INTO MoviePeople (MovieID, PersonID, RoleID) VALUES (907, 2599, 5);

INSERT INTO Movies (MovieID, Series_Title, Released_Year, RuntimeMinutes, Overview, Poster_Link, IMDB_Rating, Meta_score, No_of_Votes, Gross_Revenue, CertificateID) VALUES (908, '50/50', 2011.0, 100, 'Inspired by a true story, a comedy centered on a 27-year-old guy who learns of his cancer diagnosis and his subsequent struggle to beat the disease.', 'https://m.media-amazon.com/images/M/MV5BNjg3ODQyNTIyN15BMl5BanBnXkFtZTcwMjUzNzM5NQ@@._V1_UX67_CR0,0,67,98_AL_.jpg', 7.6, 72.0, 315426, 35014192.0, 9);
INSERT INTO MovieGenres (MovieID, GenreID) VALUES (908, 5);
INSERT INTO MovieGenres (MovieID, GenreID) VALUES (908, 7);
INSERT INTO MovieGenres (MovieID, GenreID) VALUES (908, 16);
INSERT INTO MoviePeople (MovieID, PersonID, RoleID) VALUES (908, 1507, 1);
INSERT INTO MoviePeople (MovieID, PersonID, RoleID) VALUES (908, 1521, 2);
INSERT INTO MoviePeople (MovieID, PersonID, RoleID) VALUES (908, 2711, 3);
INSERT INTO MoviePeople (MovieID, PersonID, RoleID) VALUES (908, 172, 4);
INSERT INTO MoviePeople (MovieID, PersonID, RoleID) VALUES (908, 391, 5);

INSERT INTO Movies (MovieID, Series_Title, Released_Year, RuntimeMinutes, Overview, Poster_Link, IMDB_Rating, Meta_score, No_of_Votes, Gross_Revenue, CertificateID) VALUES (909, 'Kick-Ass', 2010.0, 117, 'Dave Lizewski is an unnoticed high school student and comic book fan who one day decides to become a superhero, even though he has no powers, training or meaningful reason to do so.', 'https://m.media-amazon.com/images/M/MV5BMTMzNzEzMDYxM15BMl5BanBnXkFtZTcwMTc0NTMxMw@@._V1_UX67_CR0,0,67,98_AL_.jpg', 7.6, 66.0, 524081, 48071303.0, 15);
INSERT INTO MovieGenres (MovieID, GenreID) VALUES (909, 1);
INSERT INTO MovieGenres (MovieID, GenreID) VALUES (909, 5);
INSERT INTO MovieGenres (MovieID, GenreID) VALUES (909, 6);
INSERT INTO MoviePeople (MovieID, PersonID, RoleID) VALUES (909, 1995, 1);
INSERT INTO MoviePeople (MovieID, PersonID, RoleID) VALUES (909, 5, 2);
INSERT INTO MoviePeople (MovieID, PersonID, RoleID) VALUES (909, 2200, 3);
INSERT INTO MoviePeople (MovieID, PersonID, RoleID) VALUES (909, 490, 4);
INSERT INTO MoviePeople (MovieID, PersonID, RoleID) VALUES (909, 936, 5);

INSERT INTO Movies (MovieID, Series_Title, Released_Year, RuntimeMinutes, Overview, Poster_Link, IMDB_Rating, Meta_score, No_of_Votes, Gross_Revenue, CertificateID) VALUES (910, 'Celda 211', 2009.0, 113, 'The story of two men on different sides of a prison riot -- the inmate leading the rebellion and the young guard trapped in the revolt, who poses as a prisoner in a desperate attempt to survive the ordeal.', 'https://m.media-amazon.com/images/M/MV5BMjI2ODE4ODAtMDA3MS00ODNkLTg4N2EtOGU0YjZmNGY4NjZlXkEyXkFqcGdeQXVyMTY5MDE5NA@@._V1_UY98_CR0,0,67,98_AL_.jpg', 7.6, NULL, 63882, NULL, NULL);
INSERT INTO MovieGenres (MovieID, GenreID) VALUES (910, 1);
INSERT INTO MovieGenres (MovieID, GenreID) VALUES (910, 2);
INSERT INTO MovieGenres (MovieID, GenreID) VALUES (910, 6);
INSERT INTO MoviePeople (MovieID, PersonID, RoleID) VALUES (910, 598, 1);
INSERT INTO MoviePeople (MovieID, PersonID, RoleID) VALUES (910, 1847, 2);
INSERT INTO MoviePeople (MovieID, PersonID, RoleID) VALUES (910, 62, 3);
INSERT INTO MoviePeople (MovieID, PersonID, RoleID) VALUES (910, 205, 4);
INSERT INTO MoviePeople (MovieID, PersonID, RoleID) VALUES (910, 1890, 5);

INSERT INTO Movies (MovieID, Series_Title, Released_Year, RuntimeMinutes, Overview, Poster_Link, IMDB_Rating, Meta_score, No_of_Votes, Gross_Revenue, CertificateID) VALUES (911, 'Moneyball', 2011.0, 133, 'Oakland A''s general manager Billy Beane''s successful attempt to assemble a baseball team on a lean budget by employing computer-generated analysis to acquire new players.', 'https://m.media-amazon.com/images/M/MV5BMjAxOTU3Mzc1M15BMl5BanBnXkFtZTcwMzk1ODUzNg@@._V1_UX67_CR0,0,67,98_AL_.jpg', 7.6, 87.0, 369529, 75605492.0, 7);
INSERT INTO MovieGenres (MovieID, GenreID) VALUES (911, 4);
INSERT INTO MovieGenres (MovieID, GenreID) VALUES (911, 7);
INSERT INTO MovieGenres (MovieID, GenreID) VALUES (911, 18);
INSERT INTO MoviePeople (MovieID, PersonID, RoleID) VALUES (911, 291, 1);
INSERT INTO MoviePeople (MovieID, PersonID, RoleID) VALUES (911, 351, 2);
INSERT INTO MoviePeople (MovieID, PersonID, RoleID) VALUES (911, 2546, 3);
INSERT INTO MoviePeople (MovieID, PersonID, RoleID) VALUES (911, 1504, 4);
INSERT INTO MoviePeople (MovieID, PersonID, RoleID) VALUES (911, 2361, 5);

INSERT INTO Movies (MovieID, Series_Title, Released_Year, RuntimeMinutes, Overview, Poster_Link, IMDB_Rating, Meta_score, No_of_Votes, Gross_Revenue, CertificateID) VALUES (912, 'La piel que habito', 2011.0, 120, 'A brilliant plastic surgeon, haunted by past tragedies, creates a type of synthetic skin that withstands any kind of damage. His guinea pig: a mysterious and volatile woman who holds the key to his obsession.', 'https://m.media-amazon.com/images/M/MV5BYmFmNjY5NDYtZjlhNi00YjQ5LTgzNzctNWRiNWUzNmIyNjc4XkEyXkFqcGdeQXVyMTMxODk2OTU@._V1_UY98_CR0,0,67,98_AL_.jpg', 7.6, 70.0, 138959, 3185812.0, 9);
INSERT INTO MovieGenres (MovieID, GenreID) VALUES (912, 7);
INSERT INTO MovieGenres (MovieID, GenreID) VALUES (912, 12);
INSERT INTO MovieGenres (MovieID, GenreID) VALUES (912, 19);
INSERT INTO MoviePeople (MovieID, PersonID, RoleID) VALUES (912, 2326, 1);
INSERT INTO MoviePeople (MovieID, PersonID, RoleID) VALUES (912, 204, 2);
INSERT INTO MoviePeople (MovieID, PersonID, RoleID) VALUES (912, 770, 3);
INSERT INTO MoviePeople (MovieID, PersonID, RoleID) VALUES (912, 1272, 4);
INSERT INTO MoviePeople (MovieID, PersonID, RoleID) VALUES (912, 1927, 5);

INSERT INTO Movies (MovieID, Series_Title, Released_Year, RuntimeMinutes, Overview, Poster_Link, IMDB_Rating, Meta_score, No_of_Votes, Gross_Revenue, CertificateID) VALUES (913, 'Zombieland', 2009.0, 88, 'A shy student trying to reach his family in Ohio, a gun-toting tough guy trying to find the last Twinkie, and a pair of sisters trying to get to an amusement park join forces to travel across a zombie-filled America.', 'https://m.media-amazon.com/images/M/MV5BMTU5MDg0NTQ1N15BMl5BanBnXkFtZTcwMjA4Mjg3Mg@@._V1_UY98_CR1,0,67,98_AL_.jpg', 7.6, 73.0, 520041, 75590286.0, 2);
INSERT INTO MovieGenres (MovieID, GenreID) VALUES (913, 2);
INSERT INTO MovieGenres (MovieID, GenreID) VALUES (913, 5);
INSERT INTO MovieGenres (MovieID, GenreID) VALUES (913, 9);
INSERT INTO MoviePeople (MovieID, PersonID, RoleID) VALUES (913, 2588, 1);
INSERT INTO MoviePeople (MovieID, PersonID, RoleID) VALUES (913, 1374, 2);
INSERT INTO MoviePeople (MovieID, PersonID, RoleID) VALUES (913, 808, 3);
INSERT INTO MoviePeople (MovieID, PersonID, RoleID) VALUES (913, 3130, 4);
INSERT INTO MoviePeople (MovieID, PersonID, RoleID) VALUES (913, 11, 5);

INSERT INTO Movies (MovieID, Series_Title, Released_Year, RuntimeMinutes, Overview, Poster_Link, IMDB_Rating, Meta_score, No_of_Votes, Gross_Revenue, CertificateID) VALUES (914, 'Die Welle', 2008.0, 107, 'A high school teacher''s experiment to demonstrate to his students what life is like under a dictatorship spins horribly out of control when he forms a social unit with a life of its own.', 'https://m.media-amazon.com/images/M/MV5BMzc0ZmUyZjAtZThkMi00ZDY5LTg5YjctYmUwM2FiYjMyMDI5XkEyXkFqcGdeQXVyMTMxODk2OTU@._V1_UX67_CR0,0,67,98_AL_.jpg', 7.6, NULL, 102742, NULL, NULL);
INSERT INTO MovieGenres (MovieID, GenreID) VALUES (914, 7);
INSERT INTO MovieGenres (MovieID, GenreID) VALUES (914, 19);
INSERT INTO MoviePeople (MovieID, PersonID, RoleID) VALUES (914, 671, 1);
INSERT INTO MoviePeople (MovieID, PersonID, RoleID) VALUES (914, 1585, 2);
INSERT INTO MoviePeople (MovieID, PersonID, RoleID) VALUES (914, 922, 3);
INSERT INTO MoviePeople (MovieID, PersonID, RoleID) VALUES (914, 2003, 4);
INSERT INTO MoviePeople (MovieID, PersonID, RoleID) VALUES (914, 1360, 5);

INSERT INTO Movies (MovieID, Series_Title, Released_Year, RuntimeMinutes, Overview, Poster_Link, IMDB_Rating, Meta_score, No_of_Votes, Gross_Revenue, CertificateID) VALUES (915, 'Sherlock Holmes', 2009.0, 128, 'Detective Sherlock Holmes and his stalwart partner Watson engage in a battle of wits and brawn with a nemesis whose plot is a threat to all of England.', 'https://m.media-amazon.com/images/M/MV5BMTg0NjEwNjUxM15BMl5BanBnXkFtZTcwMzk0MjQ5Mg@@._V1_UX67_CR0,0,67,98_AL_.jpg', 7.6, 57.0, 583158, 209028679.0, 7);
INSERT INTO MovieGenres (MovieID, GenreID) VALUES (915, 1);
INSERT INTO MovieGenres (MovieID, GenreID) VALUES (915, 2);
INSERT INTO MovieGenres (MovieID, GenreID) VALUES (915, 15);
INSERT INTO MoviePeople (MovieID, PersonID, RoleID) VALUES (915, 1056, 1);
INSERT INTO MoviePeople (MovieID, PersonID, RoleID) VALUES (915, 2519, 2);
INSERT INTO MoviePeople (MovieID, PersonID, RoleID) VALUES (915, 1545, 3);
INSERT INTO MoviePeople (MovieID, PersonID, RoleID) VALUES (915, 2397, 4);
INSERT INTO MoviePeople (MovieID, PersonID, RoleID) VALUES (915, 1939, 5);

INSERT INTO Movies (MovieID, Series_Title, Released_Year, RuntimeMinutes, Overview, Poster_Link, IMDB_Rating, Meta_score, No_of_Votes, Gross_Revenue, CertificateID) VALUES (916, 'The Blind Side', 2009.0, 129, 'The story of Michael Oher, a homeless and traumatized boy who became an All-American football player and first-round NFL draft pick with the help of a caring woman and her family.', 'https://m.media-amazon.com/images/M/MV5BMjEzOTE3ODM3OF5BMl5BanBnXkFtZTcwMzYyODI4Mg@@._V1_UX67_CR0,0,67,98_AL_.jpg', 7.6, 53.0, 293266, 255959475.0, 15);
INSERT INTO MovieGenres (MovieID, GenreID) VALUES (916, 4);
INSERT INTO MovieGenres (MovieID, GenreID) VALUES (916, 7);
INSERT INTO MovieGenres (MovieID, GenreID) VALUES (916, 18);
INSERT INTO MoviePeople (MovieID, PersonID, RoleID) VALUES (916, 1464, 1);
INSERT INTO MoviePeople (MovieID, PersonID, RoleID) VALUES (916, 2392, 2);
INSERT INTO MoviePeople (MovieID, PersonID, RoleID) VALUES (916, 2657, 3);
INSERT INTO MoviePeople (MovieID, PersonID, RoleID) VALUES (916, 2927, 4);
INSERT INTO MoviePeople (MovieID, PersonID, RoleID) VALUES (916, 1230, 5);

INSERT INTO Movies (MovieID, Series_Title, Released_Year, RuntimeMinutes, Overview, Poster_Link, IMDB_Rating, Meta_score, No_of_Votes, Gross_Revenue, CertificateID) VALUES (917, 'The Visitor', 2007.0, 104, 'A college professor travels to New York City to attend a conference and finds a young couple living in his apartment.', 'https://m.media-amazon.com/images/M/MV5BMTIzNTg3NzkzNV5BMl5BanBnXkFtZTcwNzMwMjU2MQ@@._V1_UX67_CR0,0,67,98_AL_.jpg', 7.6, 79.0, 41544, 9422422.0, 7);
INSERT INTO MovieGenres (MovieID, GenreID) VALUES (917, 7);
INSERT INTO MoviePeople (MovieID, PersonID, RoleID) VALUES (917, 2955, 1);
INSERT INTO MoviePeople (MovieID, PersonID, RoleID) VALUES (917, 2486, 2);
INSERT INTO MoviePeople (MovieID, PersonID, RoleID) VALUES (917, 1064, 3);
INSERT INTO MoviePeople (MovieID, PersonID, RoleID) VALUES (917, 590, 4);
INSERT INTO MoviePeople (MovieID, PersonID, RoleID) VALUES (917, 1121, 5);

INSERT INTO Movies (MovieID, Series_Title, Released_Year, RuntimeMinutes, Overview, Poster_Link, IMDB_Rating, Meta_score, No_of_Votes, Gross_Revenue, CertificateID) VALUES (918, 'Seven Pounds', 2008.0, 123, 'A man with a fateful secret embarks on an extraordinary journey of redemption by forever changing the lives of seven strangers.', 'https://m.media-amazon.com/images/M/MV5BMTU0NzY0MTY5OF5BMl5BanBnXkFtZTcwODY3MDEwMg@@._V1_UY98_CR3,0,67,98_AL_.jpg', 7.6, 36.0, 286770, 69951824.0, 15);
INSERT INTO MovieGenres (MovieID, GenreID) VALUES (918, 7);
INSERT INTO MoviePeople (MovieID, PersonID, RoleID) VALUES (918, 930, 1);
INSERT INTO MoviePeople (MovieID, PersonID, RoleID) VALUES (918, 3101, 2);
INSERT INTO MoviePeople (MovieID, PersonID, RoleID) VALUES (918, 2577, 3);
INSERT INTO MoviePeople (MovieID, PersonID, RoleID) VALUES (918, 3130, 4);
INSERT INTO MoviePeople (MovieID, PersonID, RoleID) VALUES (918, 2051, 5);

INSERT INTO Movies (MovieID, Series_Title, Released_Year, RuntimeMinutes, Overview, Poster_Link, IMDB_Rating, Meta_score, No_of_Votes, Gross_Revenue, CertificateID) VALUES (919, 'Eastern Promises', 2007.0, 100, 'A teenager who dies during childbirth leaves clues in her journal that could tie her child to a rape involving a violent Russian mob family.', 'https://m.media-amazon.com/images/M/MV5BMTcwMzU0OTY3NF5BMl5BanBnXkFtZTYwNzkwNjg2._V1_UX67_CR0,0,67,98_AL_.jpg', 7.6, 82.0, 227760, 17114882.0, 9);
INSERT INTO MovieGenres (MovieID, GenreID) VALUES (919, 1);
INSERT INTO MovieGenres (MovieID, GenreID) VALUES (919, 6);
INSERT INTO MovieGenres (MovieID, GenreID) VALUES (919, 7);
INSERT INTO MoviePeople (MovieID, PersonID, RoleID) VALUES (919, 627, 1);
INSERT INTO MoviePeople (MovieID, PersonID, RoleID) VALUES (919, 2164, 2);
INSERT INTO MoviePeople (MovieID, PersonID, RoleID) VALUES (919, 3035, 3);
INSERT INTO MoviePeople (MovieID, PersonID, RoleID) VALUES (919, 221, 4);
INSERT INTO MoviePeople (MovieID, PersonID, RoleID) VALUES (919, 1516, 5);

INSERT INTO Movies (MovieID, Series_Title, Released_Year, RuntimeMinutes, Overview, Poster_Link, IMDB_Rating, Meta_score, No_of_Votes, Gross_Revenue, CertificateID) VALUES (920, 'Stardust', 2007.0, 127, 'In a countryside town bordering on a magical land, a young man makes a promise to his beloved that he''ll retrieve a fallen star by venturing into the magical realm.', 'https://m.media-amazon.com/images/M/MV5BMjkyMTE1OTYwNF5BMl5BanBnXkFtZTcwMDIxODYzMw@@._V1_UX67_CR0,0,67,98_AL_.jpg', 7.6, 66.0, 255036, 38634938.0, 13);
INSERT INTO MovieGenres (MovieID, GenreID) VALUES (920, 2);
INSERT INTO MovieGenres (MovieID, GenreID) VALUES (920, 8);
INSERT INTO MovieGenres (MovieID, GenreID) VALUES (920, 9);
INSERT INTO MoviePeople (MovieID, PersonID, RoleID) VALUES (920, 1995, 1);
INSERT INTO MoviePeople (MovieID, PersonID, RoleID) VALUES (920, 469, 2);
INSERT INTO MoviePeople (MovieID, PersonID, RoleID) VALUES (920, 536, 3);
INSERT INTO MoviePeople (MovieID, PersonID, RoleID) VALUES (920, 2755, 4);
INSERT INTO MoviePeople (MovieID, PersonID, RoleID) VALUES (920, 1162, 5);

INSERT INTO Movies (MovieID, Series_Title, Released_Year, RuntimeMinutes, Overview, Poster_Link, IMDB_Rating, Meta_score, No_of_Votes, Gross_Revenue, CertificateID) VALUES (921, 'The Secret of Kells', 2009.0, 71, 'A young boy in a remote medieval outpost under siege from barbarian raids is beckoned to adventure when a celebrated master illuminator arrives with an ancient book, brimming with secret wisdom and powers.', 'https://m.media-amazon.com/images/M/MV5BMjEzMjEzNTIzOF5BMl5BanBnXkFtZTcwMTg2MjAyMw@@._V1_UY98_CR0,0,67,98_AL_.jpg', 7.6, 81.0, 31779, 686383.0, NULL);
INSERT INTO MovieGenres (MovieID, GenreID) VALUES (921, 3);
INSERT INTO MovieGenres (MovieID, GenreID) VALUES (921, 2);
INSERT INTO MovieGenres (MovieID, GenreID) VALUES (921, 8);
INSERT INTO MoviePeople (MovieID, PersonID, RoleID) VALUES (921, 2964, 1);
INSERT INTO MoviePeople (MovieID, PersonID, RoleID) VALUES (921, 2223, 2);
INSERT INTO MoviePeople (MovieID, PersonID, RoleID) VALUES (921, 842, 3);
INSERT INTO MoviePeople (MovieID, PersonID, RoleID) VALUES (921, 360, 4);
INSERT INTO MoviePeople (MovieID, PersonID, RoleID) VALUES (921, 2093, 5);

INSERT INTO Movies (MovieID, Series_Title, Released_Year, RuntimeMinutes, Overview, Poster_Link, IMDB_Rating, Meta_score, No_of_Votes, Gross_Revenue, CertificateID) VALUES (922, 'Inside Man', 2006.0, 129, 'A police detective, a bank robber, and a high-power broker enter high-stakes negotiations after the criminal''s brilliant heist spirals into a hostage situation.', 'https://m.media-amazon.com/images/M/MV5BYjc4MjA2ZDgtOGY3YS00NDYzLTlmNTEtYWMxMzcwZjgzYWNjXkEyXkFqcGdeQXVyMTQxNzMzNDI@._V1_UX67_CR0,0,67,98_AL_.jpg', 7.6, 76.0, 339757, 88513495.0, 9);
INSERT INTO MovieGenres (MovieID, GenreID) VALUES (922, 6);
INSERT INTO MovieGenres (MovieID, GenreID) VALUES (922, 7);
INSERT INTO MovieGenres (MovieID, GenreID) VALUES (922, 15);
INSERT INTO MoviePeople (MovieID, PersonID, RoleID) VALUES (922, 2784, 1);
INSERT INTO MoviePeople (MovieID, PersonID, RoleID) VALUES (922, 675, 2);
INSERT INTO MoviePeople (MovieID, PersonID, RoleID) VALUES (922, 548, 3);
INSERT INTO MoviePeople (MovieID, PersonID, RoleID) VALUES (922, 1410, 4);
INSERT INTO MoviePeople (MovieID, PersonID, RoleID) VALUES (922, 528, 5);

INSERT INTO Movies (MovieID, Series_Title, Released_Year, RuntimeMinutes, Overview, Poster_Link, IMDB_Rating, Meta_score, No_of_Votes, Gross_Revenue, CertificateID) VALUES (923, 'Gone Baby Gone', 2007.0, 114, 'Two Boston area detectives investigate a little girl''s kidnapping, which ultimately turns into a crisis both professionally and personally.', 'https://m.media-amazon.com/images/M/MV5BYmM2NDNiNGItMTRhMi00ZDA2LTgzOWMtZTE2ZjFhMDQ2M2U5XkEyXkFqcGdeQXVyNTAyODkwOQ@@._V1_UX67_CR0,0,67,98_AL_.jpg', 7.6, 72.0, 250590, 20300218.0, 9);
INSERT INTO MovieGenres (MovieID, GenreID) VALUES (923, 6);
INSERT INTO MovieGenres (MovieID, GenreID) VALUES (923, 7);
INSERT INTO MovieGenres (MovieID, GenreID) VALUES (923, 15);
INSERT INTO MoviePeople (MovieID, PersonID, RoleID) VALUES (923, 278, 1);
INSERT INTO MoviePeople (MovieID, PersonID, RoleID) VALUES (923, 2144, 2);
INSERT INTO MoviePeople (MovieID, PersonID, RoleID) VALUES (923, 734, 3);
INSERT INTO MoviePeople (MovieID, PersonID, RoleID) VALUES (923, 443, 4);
INSERT INTO MoviePeople (MovieID, PersonID, RoleID) VALUES (923, 2086, 5);

INSERT INTO Movies (MovieID, Series_Title, Released_Year, RuntimeMinutes, Overview, Poster_Link, IMDB_Rating, Meta_score, No_of_Votes, Gross_Revenue, CertificateID) VALUES (924, 'La Vie En Rose', 2007.0, 140, 'Biopic of the iconic French singer Édith Piaf. Raised by her grandmother in a brothel, she was discovered while singing on a street corner at the age of 19. Despite her success, Piaf''s life was filled with tragedy.', 'https://m.media-amazon.com/images/M/MV5BOTBmZDZkNWYtODIzYi00N2Y4LWFjMmMtNmM1OGYyNGVhYzUzXkEyXkFqcGdeQXVyNTAyODkwOQ@@._V1_UX67_CR0,0,67,98_AL_.jpg', 7.6, 66.0, 82781, 10301706.0, 7);
INSERT INTO MovieGenres (MovieID, GenreID) VALUES (924, 4);
INSERT INTO MovieGenres (MovieID, GenreID) VALUES (924, 7);
INSERT INTO MovieGenres (MovieID, GenreID) VALUES (924, 13);
INSERT INTO MoviePeople (MovieID, PersonID, RoleID) VALUES (924, 2252, 1);
INSERT INTO MoviePeople (MovieID, PersonID, RoleID) VALUES (924, 1924, 2);
INSERT INTO MoviePeople (MovieID, PersonID, RoleID) VALUES (924, 2843, 3);
INSERT INTO MoviePeople (MovieID, PersonID, RoleID) VALUES (924, 2281, 4);
INSERT INTO MoviePeople (MovieID, PersonID, RoleID) VALUES (924, 813, 5);

INSERT INTO Movies (MovieID, Series_Title, Released_Year, RuntimeMinutes, Overview, Poster_Link, IMDB_Rating, Meta_score, No_of_Votes, Gross_Revenue, CertificateID) VALUES (925, 'Huo Yuan Jia', 2006.0, 104, 'A biography of Chinese Martial Arts Master Huo Yuanjia, who is the founder and spiritual guru of the Jin Wu Sports Federation.', 'https://m.media-amazon.com/images/M/MV5BMTI5MjA2Mzk2M15BMl5BanBnXkFtZTcwODY1MDUzMQ@@._V1_UX67_CR0,0,67,98_AL_.jpg', 7.6, 70.0, 72863, 24633730.0, 7);
INSERT INTO MovieGenres (MovieID, GenreID) VALUES (925, 1);
INSERT INTO MovieGenres (MovieID, GenreID) VALUES (925, 4);
INSERT INTO MovieGenres (MovieID, GenreID) VALUES (925, 7);
INSERT INTO MoviePeople (MovieID, PersonID, RoleID) VALUES (925, 2571, 1);
INSERT INTO MoviePeople (MovieID, PersonID, RoleID) VALUES (925, 1381, 2);
INSERT INTO MoviePeople (MovieID, PersonID, RoleID) VALUES (925, 1786, 3);
INSERT INTO MoviePeople (MovieID, PersonID, RoleID) VALUES (925, 3150, 4);
INSERT INTO MoviePeople (MovieID, PersonID, RoleID) VALUES (925, 3164, 5);

INSERT INTO Movies (MovieID, Series_Title, Released_Year, RuntimeMinutes, Overview, Poster_Link, IMDB_Rating, Meta_score, No_of_Votes, Gross_Revenue, CertificateID) VALUES (926, 'The Illusionist', 2006.0, 110, 'In turn-of-the-century Vienna, a magician uses his abilities to secure the love of a woman far above his social standing.', 'https://m.media-amazon.com/images/M/MV5BY2VkMzZlZDAtNTkzNS00MDIzLWFmOTctMWQwZjQ1OWJiYzQ1XkEyXkFqcGdeQXVyNTIzOTk5ODM@._V1_UY98_CR1,0,67,98_AL_.jpg', 7.6, 68.0, 354728, 39868642.0, 13);
INSERT INTO MovieGenres (MovieID, GenreID) VALUES (926, 7);
INSERT INTO MovieGenres (MovieID, GenreID) VALUES (926, 9);
INSERT INTO MovieGenres (MovieID, GenreID) VALUES (926, 15);
INSERT INTO MoviePeople (MovieID, PersonID, RoleID) VALUES (926, 2187, 1);
INSERT INTO MoviePeople (MovieID, PersonID, RoleID) VALUES (926, 756, 2);
INSERT INTO MoviePeople (MovieID, PersonID, RoleID) VALUES (926, 1375, 3);
INSERT INTO MoviePeople (MovieID, PersonID, RoleID) VALUES (926, 2300, 4);
INSERT INTO MoviePeople (MovieID, PersonID, RoleID) VALUES (926, 2593, 5);

INSERT INTO Movies (MovieID, Series_Title, Released_Year, RuntimeMinutes, Overview, Poster_Link, IMDB_Rating, Meta_score, No_of_Votes, Gross_Revenue, CertificateID) VALUES (927, 'Dead Man''s Shoes', 2004.0, 90, 'A disaffected soldier returns to his hometown to get even with the thugs who brutalized his mentally-challenged brother years ago.', 'https://m.media-amazon.com/images/M/MV5BMTI5Mzk1MDc2M15BMl5BanBnXkFtZTcwMjIzMDA0MQ@@._V1_UX67_CR0,0,67,98_AL_.jpg', 7.6, 52.0, 49728, 6013.0, NULL);
INSERT INTO MovieGenres (MovieID, GenreID) VALUES (927, 6);
INSERT INTO MovieGenres (MovieID, GenreID) VALUES (927, 7);
INSERT INTO MovieGenres (MovieID, GenreID) VALUES (927, 19);
INSERT INTO MoviePeople (MovieID, PersonID, RoleID) VALUES (927, 2721, 1);
INSERT INTO MoviePeople (MovieID, PersonID, RoleID) VALUES (927, 2271, 2);
INSERT INTO MoviePeople (MovieID, PersonID, RoleID) VALUES (927, 944, 3);
INSERT INTO MoviePeople (MovieID, PersonID, RoleID) VALUES (927, 2940, 4);
INSERT INTO MoviePeople (MovieID, PersonID, RoleID) VALUES (927, 2821, 5);

INSERT INTO Movies (MovieID, Series_Title, Released_Year, RuntimeMinutes, Overview, Poster_Link, IMDB_Rating, Meta_score, No_of_Votes, Gross_Revenue, CertificateID) VALUES (928, 'Harry Potter and the Half-Blood Prince', 2009.0, 153, 'As Harry Potter begins his sixth year at Hogwarts, he discovers an old book marked as "the property of the Half-Blood Prince" and begins to learn more about Lord Voldemort''s dark past.', 'https://m.media-amazon.com/images/M/MV5BNzU3NDg4NTAyNV5BMl5BanBnXkFtZTcwOTg2ODg1Mg@@._V1_UX67_CR0,0,67,98_AL_.jpg', 7.6, 78.0, 474827, 301959197.0, 15);
INSERT INTO MovieGenres (MovieID, GenreID) VALUES (928, 1);
INSERT INTO MovieGenres (MovieID, GenreID) VALUES (928, 2);
INSERT INTO MovieGenres (MovieID, GenreID) VALUES (928, 8);
INSERT INTO MoviePeople (MovieID, PersonID, RoleID) VALUES (928, 648, 1);
INSERT INTO MoviePeople (MovieID, PersonID, RoleID) VALUES (928, 600, 2);
INSERT INTO MoviePeople (MovieID, PersonID, RoleID) VALUES (928, 810, 3);
INSERT INTO MoviePeople (MovieID, PersonID, RoleID) VALUES (928, 2598, 4);
INSERT INTO MoviePeople (MovieID, PersonID, RoleID) VALUES (928, 2053, 5);

INSERT INTO Movies (MovieID, Series_Title, Released_Year, RuntimeMinutes, Overview, Poster_Link, IMDB_Rating, Meta_score, No_of_Votes, Gross_Revenue, CertificateID) VALUES (929, '300', 2006.0, 117, 'King Leonidas of Sparta and a force of 300 men fight the Persians at Thermopylae in 480 B.C.', 'https://m.media-amazon.com/images/M/MV5BNWMxYTZlOTUtZDExMi00YzZmLTkwYTMtZmM2MmRjZmQ3OGY4XkEyXkFqcGdeQXVyMTAwMzUyMzUy._V1_UX67_CR0,0,67,98_AL_.jpg', 7.6, 52.0, 732876, 210614939.0, 2);
INSERT INTO MovieGenres (MovieID, GenreID) VALUES (929, 1);
INSERT INTO MovieGenres (MovieID, GenreID) VALUES (929, 7);
INSERT INTO MoviePeople (MovieID, PersonID, RoleID) VALUES (929, 3183, 1);
INSERT INTO MoviePeople (MovieID, PersonID, RoleID) VALUES (929, 994, 2);
INSERT INTO MoviePeople (MovieID, PersonID, RoleID) VALUES (929, 1766, 3);
INSERT INTO MoviePeople (MovieID, PersonID, RoleID) VALUES (929, 647, 4);
INSERT INTO MoviePeople (MovieID, PersonID, RoleID) VALUES (929, 702, 5);

INSERT INTO Movies (MovieID, Series_Title, Released_Year, RuntimeMinutes, Overview, Poster_Link, IMDB_Rating, Meta_score, No_of_Votes, Gross_Revenue, CertificateID) VALUES (930, 'Match Point', 2005.0, 124, 'At a turning point in his life, a former tennis pro falls for an actress who happens to be dating his friend and soon-to-be brother-in-law.', 'https://m.media-amazon.com/images/M/MV5BMjRjOTMwMDEtNTY4NS00OWRjLWI4ZWItZDgwYmZhMzlkYzgxXkEyXkFqcGdeQXVyODIxOTg5MTc@._V1_UY98_CR1,0,67,98_AL_.jpg', 7.6, 72.0, 206294, 23089926.0, 9);
INSERT INTO MovieGenres (MovieID, GenreID) VALUES (930, 7);
INSERT INTO MovieGenres (MovieID, GenreID) VALUES (930, 16);
INSERT INTO MovieGenres (MovieID, GenreID) VALUES (930, 19);
INSERT INTO MoviePeople (MovieID, PersonID, RoleID) VALUES (930, 3129, 1);
INSERT INTO MoviePeople (MovieID, PersonID, RoleID) VALUES (930, 2682, 2);
INSERT INTO MoviePeople (MovieID, PersonID, RoleID) VALUES (930, 1510, 3);
INSERT INTO MoviePeople (MovieID, PersonID, RoleID) VALUES (930, 805, 4);
INSERT INTO MoviePeople (MovieID, PersonID, RoleID) VALUES (930, 1991, 5);

INSERT INTO Movies (MovieID, Series_Title, Released_Year, RuntimeMinutes, Overview, Poster_Link, IMDB_Rating, Meta_score, No_of_Votes, Gross_Revenue, CertificateID) VALUES (931, 'Watchmen', 2009.0, 162, 'In 1985 where former superheroes exist, the murder of a colleague sends active vigilante Rorschach into his own sprawling investigation, uncovering something that could completely change the course of history as we know it.', 'https://m.media-amazon.com/images/M/MV5BY2IzNGNiODgtOWYzOS00OTI0LTgxZTUtOTA5OTQ5YmI3NGUzXkEyXkFqcGdeQXVyNjU0OTQ0OTY@._V1_UX67_CR0,0,67,98_AL_.jpg', 7.6, 56.0, 500799, 107509799.0, 2);
INSERT INTO MovieGenres (MovieID, GenreID) VALUES (931, 1);
INSERT INTO MovieGenres (MovieID, GenreID) VALUES (931, 7);
INSERT INTO MovieGenres (MovieID, GenreID) VALUES (931, 15);
INSERT INTO MoviePeople (MovieID, PersonID, RoleID) VALUES (931, 3183, 1);
INSERT INTO MoviePeople (MovieID, PersonID, RoleID) VALUES (931, 1221, 2);
INSERT INTO MoviePeople (MovieID, PersonID, RoleID) VALUES (931, 2292, 3);
INSERT INTO MoviePeople (MovieID, PersonID, RoleID) VALUES (931, 424, 4);
INSERT INTO MoviePeople (MovieID, PersonID, RoleID) VALUES (931, 1881, 5);

INSERT INTO Movies (MovieID, Series_Title, Released_Year, RuntimeMinutes, Overview, Poster_Link, IMDB_Rating, Meta_score, No_of_Votes, Gross_Revenue, CertificateID) VALUES (932, 'Lord of War', 2005.0, 122, 'An arms dealer confronts the morality of his work as he is being chased by an INTERPOL Agent.', 'https://m.media-amazon.com/images/M/MV5BMTYzZWE3MDAtZjZkMi00MzhlLTlhZDUtNmI2Zjg3OWVlZWI0XkEyXkFqcGdeQXVyNDk3NzU2MTQ@._V1_UX67_CR0,0,67,98_AL_.jpg', 7.6, 62.0, 294140, 24149632.0, 9);
INSERT INTO MovieGenres (MovieID, GenreID) VALUES (932, 1);
INSERT INTO MovieGenres (MovieID, GenreID) VALUES (932, 6);
INSERT INTO MovieGenres (MovieID, GenreID) VALUES (932, 7);
INSERT INTO MoviePeople (MovieID, PersonID, RoleID) VALUES (932, 142, 1);
INSERT INTO MoviePeople (MovieID, PersonID, RoleID) VALUES (932, 2200, 2);
INSERT INTO MoviePeople (MovieID, PersonID, RoleID) VALUES (932, 837, 3);
INSERT INTO MoviePeople (MovieID, PersonID, RoleID) VALUES (932, 1292, 4);
INSERT INTO MoviePeople (MovieID, PersonID, RoleID) VALUES (932, 370, 5);

INSERT INTO Movies (MovieID, Series_Title, Released_Year, RuntimeMinutes, Overview, Poster_Link, IMDB_Rating, Meta_score, No_of_Votes, Gross_Revenue, CertificateID) VALUES (933, 'Saw', 2004.0, 103, 'Two strangers awaken in a room with no recollection of how they got there, and soon discover they''re pawns in a deadly game perpetrated by a notorious serial killer.', 'https://m.media-amazon.com/images/M/MV5BMzQ2ZTBhNmEtZDBmYi00ODU0LTgzZmQtNmMxM2M4NzM1ZjE4XkEyXkFqcGdeQXVyNjE5MjUyOTM@._V1_UX67_CR0,0,67,98_AL_.jpg', 7.6, 46.0, 379020, 56000369.0, 15);
INSERT INTO MovieGenres (MovieID, GenreID) VALUES (933, 12);
INSERT INTO MovieGenres (MovieID, GenreID) VALUES (933, 15);
INSERT INTO MovieGenres (MovieID, GenreID) VALUES (933, 19);
INSERT INTO MoviePeople (MovieID, PersonID, RoleID) VALUES (933, 1264, 1);
INSERT INTO MoviePeople (MovieID, PersonID, RoleID) VALUES (933, 439, 2);
INSERT INTO MoviePeople (MovieID, PersonID, RoleID) VALUES (933, 1759, 3);
INSERT INTO MoviePeople (MovieID, PersonID, RoleID) VALUES (933, 609, 4);
INSERT INTO MoviePeople (MovieID, PersonID, RoleID) VALUES (933, 1650, 5);

INSERT INTO Movies (MovieID, Series_Title, Released_Year, RuntimeMinutes, Overview, Poster_Link, IMDB_Rating, Meta_score, No_of_Votes, Gross_Revenue, CertificateID) VALUES (934, 'Synecdoche, New York', 2008.0, 124, 'A theatre director struggles with his work, and the women in his life, as he creates a life-size replica of New York City inside a warehouse as part of his new play.', 'https://m.media-amazon.com/images/M/MV5BMjA0MjIyOTI3MF5BMl5BanBnXkFtZTcwODM5NTY5MQ@@._V1_UX67_CR0,0,67,98_AL_.jpg', 7.6, 67.0, 83158, 3081925.0, 9);
INSERT INTO MovieGenres (MovieID, GenreID) VALUES (934, 7);
INSERT INTO MoviePeople (MovieID, PersonID, RoleID) VALUES (934, 471, 1);
INSERT INTO MoviePeople (MovieID, PersonID, RoleID) VALUES (934, 2361, 2);
INSERT INTO MoviePeople (MovieID, PersonID, RoleID) VALUES (934, 2651, 3);
INSERT INTO MoviePeople (MovieID, PersonID, RoleID) VALUES (934, 2090, 4);
INSERT INTO MoviePeople (MovieID, PersonID, RoleID) VALUES (934, 446, 5);

INSERT INTO Movies (MovieID, Series_Title, Released_Year, RuntimeMinutes, Overview, Poster_Link, IMDB_Rating, Meta_score, No_of_Votes, Gross_Revenue, CertificateID) VALUES (935, 'Mysterious Skin', 2004.0, 105, 'A teenage hustler and a young man obsessed with alien abductions cross paths, together discovering a horrible, liberating truth.', 'https://m.media-amazon.com/images/M/MV5BMTgxMjQ4NzE5OF5BMl5BanBnXkFtZTcwNzkwOTkyMQ@@._V1_UX67_CR0,0,67,98_AL_.jpg', 7.6, 73.0, 65939, 697181.0, 9);
INSERT INTO MovieGenres (MovieID, GenreID) VALUES (935, 7);
INSERT INTO MoviePeople (MovieID, PersonID, RoleID) VALUES (935, 1037, 1);
INSERT INTO MoviePeople (MovieID, PersonID, RoleID) VALUES (935, 354, 2);
INSERT INTO MoviePeople (MovieID, PersonID, RoleID) VALUES (935, 1521, 3);
INSERT INTO MoviePeople (MovieID, PersonID, RoleID) VALUES (935, 778, 4);
INSERT INTO MoviePeople (MovieID, PersonID, RoleID) VALUES (935, 478, 5);

INSERT INTO Movies (MovieID, Series_Title, Released_Year, RuntimeMinutes, Overview, Poster_Link, IMDB_Rating, Meta_score, No_of_Votes, Gross_Revenue, CertificateID) VALUES (936, 'Jeux d''enfants', 2003.0, 93, 'As adults, best friends Julien and Sophie continue the odd game they started as children -- a fearless competition to outdo one another with daring and outrageous stunts. While they often act out to relieve one another''s pain, their game might be a way to avoid the fact that they are truly meant for one another.', 'https://m.media-amazon.com/images/M/MV5BNjIwOGJhY2QtMTA5Yi00MDhlLWE5OTgtYmIzZDNlM2UwZjMyXkEyXkFqcGdeQXVyNTA4NzY1MzY@._V1_UX67_CR0,0,67,98_AL_.jpg', 7.6, 45.0, 67360, 548707.0, 9);
INSERT INTO MovieGenres (MovieID, GenreID) VALUES (936, 5);
INSERT INTO MovieGenres (MovieID, GenreID) VALUES (936, 7);
INSERT INTO MovieGenres (MovieID, GenreID) VALUES (936, 16);
INSERT INTO MoviePeople (MovieID, PersonID, RoleID) VALUES (936, 3137, 1);
INSERT INTO MoviePeople (MovieID, PersonID, RoleID) VALUES (936, 1045, 2);
INSERT INTO MoviePeople (MovieID, PersonID, RoleID) VALUES (936, 1924, 3);
INSERT INTO MoviePeople (MovieID, PersonID, RoleID) VALUES (936, 2905, 4);
INSERT INTO MoviePeople (MovieID, PersonID, RoleID) VALUES (936, 1539, 5);

INSERT INTO Movies (MovieID, Series_Title, Released_Year, RuntimeMinutes, Overview, Poster_Link, IMDB_Rating, Meta_score, No_of_Votes, Gross_Revenue, CertificateID) VALUES (937, 'Un long dimanche de fiançailles', 2004.0, 133, 'Tells the story of a young woman''s relentless search for her fiancé, who has disappeared from the trenches of the Somme during World War One.', 'https://m.media-amazon.com/images/M/MV5BZWI4ZTgwMzktNjk3Yy00OTlhLTg3YTAtMTA1MWVlMWJiOTRiXkEyXkFqcGdeQXVyMTAwMzUyOTc@._V1_UX67_CR0,0,67,98_AL_.jpg', 7.6, 76.0, 70925, 6167817.0, 13);
INSERT INTO MovieGenres (MovieID, GenreID) VALUES (937, 7);
INSERT INTO MovieGenres (MovieID, GenreID) VALUES (937, 15);
INSERT INTO MovieGenres (MovieID, GenreID) VALUES (937, 16);
INSERT INTO MoviePeople (MovieID, PersonID, RoleID) VALUES (937, 1331, 1);
INSERT INTO MoviePeople (MovieID, PersonID, RoleID) VALUES (937, 242, 2);
INSERT INTO MoviePeople (MovieID, PersonID, RoleID) VALUES (937, 947, 3);
INSERT INTO MoviePeople (MovieID, PersonID, RoleID) VALUES (937, 1410, 4);
INSERT INTO MoviePeople (MovieID, PersonID, RoleID) VALUES (937, 705, 5);

INSERT INTO Movies (MovieID, Series_Title, Released_Year, RuntimeMinutes, Overview, Poster_Link, IMDB_Rating, Meta_score, No_of_Votes, Gross_Revenue, CertificateID) VALUES (938, 'The Station Agent', 2003.0, 89, 'When his only friend dies, a man born with dwarfism moves to rural New Jersey to live a life of solitude, only to meet a chatty hot dog vendor and a woman dealing with her own personal loss.', 'https://m.media-amazon.com/images/M/MV5BMTUzNDgyMzg3Ml5BMl5BanBnXkFtZTcwMzIxNTAwMQ@@._V1_UX67_CR0,0,67,98_AL_.jpg', 7.6, 81.0, 67370, 5739376.0, 9);
INSERT INTO MovieGenres (MovieID, GenreID) VALUES (938, 5);
INSERT INTO MovieGenres (MovieID, GenreID) VALUES (938, 7);
INSERT INTO MoviePeople (MovieID, PersonID, RoleID) VALUES (938, 2955, 1);
INSERT INTO MoviePeople (MovieID, PersonID, RoleID) VALUES (938, 2342, 2);
INSERT INTO MoviePeople (MovieID, PersonID, RoleID) VALUES (938, 2283, 3);
INSERT INTO MoviePeople (MovieID, PersonID, RoleID) VALUES (938, 335, 4);
INSERT INTO MoviePeople (MovieID, PersonID, RoleID) VALUES (938, 2295, 5);

INSERT INTO Movies (MovieID, Series_Title, Released_Year, RuntimeMinutes, Overview, Poster_Link, IMDB_Rating, Meta_score, No_of_Votes, Gross_Revenue, CertificateID) VALUES (939, '21 Grams', 2003.0, 124, 'A freak accident brings together a critically ill mathematician, a grieving mother, and a born-again ex-con.', 'https://m.media-amazon.com/images/M/MV5BMjA4MjI2OTM5N15BMl5BanBnXkFtZTcwNDA1NjUzMw@@._V1_UX67_CR0,0,67,98_AL_.jpg', 7.6, 70.0, 224545, 16290476.0, 15);
INSERT INTO MovieGenres (MovieID, GenreID) VALUES (939, 6);
INSERT INTO MovieGenres (MovieID, GenreID) VALUES (939, 7);
INSERT INTO MovieGenres (MovieID, GenreID) VALUES (939, 19);
INSERT INTO MoviePeople (MovieID, PersonID, RoleID) VALUES (939, 70, 1);
INSERT INTO MoviePeople (MovieID, PersonID, RoleID) VALUES (939, 2697, 2);
INSERT INTO MoviePeople (MovieID, PersonID, RoleID) VALUES (939, 289, 3);
INSERT INTO MoviePeople (MovieID, PersonID, RoleID) VALUES (939, 2164, 4);
INSERT INTO MoviePeople (MovieID, PersonID, RoleID) VALUES (939, 610, 5);

INSERT INTO Movies (MovieID, Series_Title, Released_Year, RuntimeMinutes, Overview, Poster_Link, IMDB_Rating, Meta_score, No_of_Votes, Gross_Revenue, CertificateID) VALUES (940, 'Boksuneun naui geot', 2002.0, 129, 'A recently laid off factory worker kidnaps his former boss'' friend''s daughter, hoping to use the ransom money to pay for his sister''s kidney transplant.', 'https://m.media-amazon.com/images/M/MV5BYmNlNDVjMWUtZDZjNS00YTBmLWE3NGUtNDcxMzE0YTQ2ODMxXkEyXkFqcGdeQXVyMTMxODk2OTU@._V1_UX67_CR0,0,67,98_AL_.jpg', 7.6, 56.0, 62659, 45289.0, 9);
INSERT INTO MovieGenres (MovieID, GenreID) VALUES (940, 6);
INSERT INTO MovieGenres (MovieID, GenreID) VALUES (940, 7);
INSERT INTO MovieGenres (MovieID, GenreID) VALUES (940, 19);
INSERT INTO MoviePeople (MovieID, PersonID, RoleID) VALUES (940, 458, 1);
INSERT INTO MoviePeople (MovieID, PersonID, RoleID) VALUES (940, 1598, 2);
INSERT INTO MoviePeople (MovieID, PersonID, RoleID) VALUES (940, 2735, 3);
INSERT INTO MoviePeople (MovieID, PersonID, RoleID) VALUES (940, 256, 4);
INSERT INTO MoviePeople (MovieID, PersonID, RoleID) VALUES (940, 1382, 5);

INSERT INTO Movies (MovieID, Series_Title, Released_Year, RuntimeMinutes, Overview, Poster_Link, IMDB_Rating, Meta_score, No_of_Votes, Gross_Revenue, CertificateID) VALUES (941, 'Finding Neverland', 2004.0, 106, 'The story of Sir J.M. Barrie''s friendship with a family who inspired him to create Peter Pan.', 'https://m.media-amazon.com/images/M/MV5BMTMxNzYzNzUzMV5BMl5BanBnXkFtZTYwNjcwMjE3._V1_UX67_CR0,0,67,98_AL_.jpg', 7.6, 67.0, 198677, 51680613.0, 13);
INSERT INTO MovieGenres (MovieID, GenreID) VALUES (941, 4);
INSERT INTO MovieGenres (MovieID, GenreID) VALUES (941, 7);
INSERT INTO MovieGenres (MovieID, GenreID) VALUES (941, 8);
INSERT INTO MoviePeople (MovieID, PersonID, RoleID) VALUES (941, 1893, 1);
INSERT INTO MoviePeople (MovieID, PersonID, RoleID) VALUES (941, 1496, 2);
INSERT INTO MoviePeople (MovieID, PersonID, RoleID) VALUES (941, 1619, 3);
INSERT INTO MoviePeople (MovieID, PersonID, RoleID) VALUES (941, 1564, 4);
INSERT INTO MoviePeople (MovieID, PersonID, RoleID) VALUES (941, 2401, 5);

INSERT INTO Movies (MovieID, Series_Title, Released_Year, RuntimeMinutes, Overview, Poster_Link, IMDB_Rating, Meta_score, No_of_Votes, Gross_Revenue, CertificateID) VALUES (942, '25th Hour', 2002.0, 135, 'Cornered by the DEA, convicted New York drug dealer Montgomery Brogan reevaluates his life in the 24 remaining hours before facing a seven-year jail term.', 'https://m.media-amazon.com/images/M/MV5BNmE0YjdlYTktMTU4Ni00Mjk2LWI3NWMtM2RjNmFiOTk4YjYxL2ltYWdlXkEyXkFqcGdeQXVyNTAyODkwOQ@@._V1_UY98_CR1,0,67,98_AL_.jpg', 7.6, 68.0, 169708, 13060843.0, 9);
INSERT INTO MovieGenres (MovieID, GenreID) VALUES (942, 7);
INSERT INTO MoviePeople (MovieID, PersonID, RoleID) VALUES (942, 2784, 1);
INSERT INTO MoviePeople (MovieID, PersonID, RoleID) VALUES (942, 756, 2);
INSERT INTO MoviePeople (MovieID, PersonID, RoleID) VALUES (942, 273, 3);
INSERT INTO MoviePeople (MovieID, PersonID, RoleID) VALUES (942, 2361, 4);
INSERT INTO MoviePeople (MovieID, PersonID, RoleID) VALUES (942, 2577, 5);

INSERT INTO Movies (MovieID, Series_Title, Released_Year, RuntimeMinutes, Overview, Poster_Link, IMDB_Rating, Meta_score, No_of_Votes, Gross_Revenue, CertificateID) VALUES (943, 'The Butterfly Effect', 2004.0, 113, 'Evan Treborn suffers blackouts during significant events of his life. As he grows up, he finds a way to remember these lost memories and a supernatural way to alter his life by reading his journal.', 'https://m.media-amazon.com/images/M/MV5BODNiZmY2MWUtMjFhMy00ZmM2LTg2MjYtNWY1OTY5NGU2MjdjL2ltYWdlXkEyXkFqcGdeQXVyNTAyODkwOQ@@._V1_UY98_CR0,0,67,98_AL_.jpg', 7.6, 30.0, 451479, 57938693.0, 13);
INSERT INTO MovieGenres (MovieID, GenreID) VALUES (943, 7);
INSERT INTO MovieGenres (MovieID, GenreID) VALUES (943, 17);
INSERT INTO MovieGenres (MovieID, GenreID) VALUES (943, 19);
INSERT INTO MoviePeople (MovieID, PersonID, RoleID) VALUES (943, 823, 1);
INSERT INTO MoviePeople (MovieID, PersonID, RoleID) VALUES (943, 1200, 2);
INSERT INTO MoviePeople (MovieID, PersonID, RoleID) VALUES (943, 238, 3);
INSERT INTO MoviePeople (MovieID, PersonID, RoleID) VALUES (943, 120, 4);
INSERT INTO MoviePeople (MovieID, PersonID, RoleID) VALUES (943, 2029, 5);

INSERT INTO Movies (MovieID, Series_Title, Released_Year, RuntimeMinutes, Overview, Poster_Link, IMDB_Rating, Meta_score, No_of_Votes, Gross_Revenue, CertificateID) VALUES (944, '28 Days Later...', 2002.0, 113, 'Four weeks after a mysterious, incurable virus spreads throughout the UK, a handful of survivors try to find sanctuary.', 'https://m.media-amazon.com/images/M/MV5BYTFkM2ViMmQtZmI5NS00MjQ2LWEyN2EtMTI1ZmNlZDU3MTZjXkEyXkFqcGdeQXVyNjU0OTQ0OTY@._V1_UX67_CR0,0,67,98_AL_.jpg', 7.6, 73.0, 376853, 45064915.0, 2);
INSERT INTO MovieGenres (MovieID, GenreID) VALUES (944, 7);
INSERT INTO MovieGenres (MovieID, GenreID) VALUES (944, 12);
INSERT INTO MovieGenres (MovieID, GenreID) VALUES (944, 17);
INSERT INTO MoviePeople (MovieID, PersonID, RoleID) VALUES (944, 606, 1);
INSERT INTO MoviePeople (MovieID, PersonID, RoleID) VALUES (944, 534, 2);
INSERT INTO MoviePeople (MovieID, PersonID, RoleID) VALUES (944, 2165, 3);
INSERT INTO MoviePeople (MovieID, PersonID, RoleID) VALUES (944, 520, 4);
INSERT INTO MoviePeople (MovieID, PersonID, RoleID) VALUES (944, 78, 5);

INSERT INTO Movies (MovieID, Series_Title, Released_Year, RuntimeMinutes, Overview, Poster_Link, IMDB_Rating, Meta_score, No_of_Votes, Gross_Revenue, CertificateID) VALUES (945, 'Batoru rowaiaru', 2000.0, 114, 'In the future, the Japanese government captures a class of ninth-grade students and forces them to kill each other under the revolutionary "Battle Royale" act.', 'https://m.media-amazon.com/images/M/MV5BMDc2MGYwYzAtNzE2Yi00YmU3LTkxMDUtODk2YjhiNDM5NDIyXkEyXkFqcGdeQXVyMTEwNDU1MzEy._V1_UX67_CR0,0,67,98_AL_.jpg', 7.6, 81.0, 169091, NULL, NULL);
INSERT INTO MovieGenres (MovieID, GenreID) VALUES (945, 1);
INSERT INTO MovieGenres (MovieID, GenreID) VALUES (945, 2);
INSERT INTO MovieGenres (MovieID, GenreID) VALUES (945, 7);
INSERT INTO MoviePeople (MovieID, PersonID, RoleID) VALUES (945, 1689, 1);
INSERT INTO MoviePeople (MovieID, PersonID, RoleID) VALUES (945, 2872, 2);
INSERT INTO MoviePeople (MovieID, PersonID, RoleID) VALUES (945, 36, 3);
INSERT INTO MoviePeople (MovieID, PersonID, RoleID) VALUES (945, 2870, 4);
INSERT INTO MoviePeople (MovieID, PersonID, RoleID) VALUES (945, 2858, 5);

INSERT INTO Movies (MovieID, Series_Title, Released_Year, RuntimeMinutes, Overview, Poster_Link, IMDB_Rating, Meta_score, No_of_Votes, Gross_Revenue, CertificateID) VALUES (946, 'The Royal Tenenbaums', 2001.0, 110, 'The eccentric members of a dysfunctional family reluctantly gather under the same roof for various reasons.', 'https://m.media-amazon.com/images/M/MV5BYmUzODQ5MGItZTZlNy00MDBhLWIxMmItMjg4Y2QyNDFlMWQ2XkEyXkFqcGdeQXVyMTMxODk2OTU@._V1_UX67_CR0,0,67,98_AL_.jpg', 7.6, 76.0, 266842, 52364010.0, 2);
INSERT INTO MovieGenres (MovieID, GenreID) VALUES (946, 5);
INSERT INTO MovieGenres (MovieID, GenreID) VALUES (946, 7);
INSERT INTO MoviePeople (MovieID, PersonID, RoleID) VALUES (946, 3088, 1);
INSERT INTO MoviePeople (MovieID, PersonID, RoleID) VALUES (946, 960, 2);
INSERT INTO MoviePeople (MovieID, PersonID, RoleID) VALUES (946, 1060, 3);
INSERT INTO MoviePeople (MovieID, PersonID, RoleID) VALUES (946, 165, 4);
INSERT INTO MoviePeople (MovieID, PersonID, RoleID) VALUES (946, 285, 5);

INSERT INTO Movies (MovieID, Series_Title, Released_Year, RuntimeMinutes, Overview, Poster_Link, IMDB_Rating, Meta_score, No_of_Votes, Gross_Revenue, CertificateID) VALUES (947, 'Y tu mamá también', 2001.0, 106, 'In Mexico, two teenage boys and an attractive older woman embark on a road trip and learn a thing or two about life, friendship, sex, and each other.', 'https://m.media-amazon.com/images/M/MV5BNDhjMzc3ZTgtY2Y4MC00Y2U3LWFiMDctZGM3MmM4N2YzNDQ5XkEyXkFqcGdeQXVyMTQxNzMzNDI@._V1_UX67_CR0,0,67,98_AL_.jpg', 7.6, 88.0, 115827, 13622333.0, 2);
INSERT INTO MovieGenres (MovieID, GenreID) VALUES (947, 7);
INSERT INTO MoviePeople (MovieID, PersonID, RoleID) VALUES (947, 90, 1);
INSERT INTO MoviePeople (MovieID, PersonID, RoleID) VALUES (947, 1914, 2);
INSERT INTO MoviePeople (MovieID, PersonID, RoleID) VALUES (947, 932, 3);
INSERT INTO MoviePeople (MovieID, PersonID, RoleID) VALUES (947, 595, 4);
INSERT INTO MoviePeople (MovieID, PersonID, RoleID) VALUES (947, 121, 5);

INSERT INTO Movies (MovieID, Series_Title, Released_Year, RuntimeMinutes, Overview, Poster_Link, IMDB_Rating, Meta_score, No_of_Votes, Gross_Revenue, CertificateID) VALUES (948, 'Harry Potter and the Sorcerer''s Stone', 2001.0, 152, 'An orphaned boy enrolls in a school of wizardry, where he learns the truth about himself, his family and the terrible evil that haunts the magical world.', 'https://m.media-amazon.com/images/M/MV5BNjQ3NWNlNmQtMTE5ZS00MDdmLTlkZjUtZTBlM2UxMGFiMTU3XkEyXkFqcGdeQXVyNjUwNzk3NDc@._V1_UX67_CR0,0,67,98_AL_.jpg', 7.6, 64.0, 658185, 317575550.0, 13);
INSERT INTO MovieGenres (MovieID, GenreID) VALUES (948, 2);
INSERT INTO MovieGenres (MovieID, GenreID) VALUES (948, 8);
INSERT INTO MovieGenres (MovieID, GenreID) VALUES (948, 9);
INSERT INTO MoviePeople (MovieID, PersonID, RoleID) VALUES (948, 495, 1);
INSERT INTO MoviePeople (MovieID, PersonID, RoleID) VALUES (948, 600, 2);
INSERT INTO MoviePeople (MovieID, PersonID, RoleID) VALUES (948, 2598, 3);
INSERT INTO MoviePeople (MovieID, PersonID, RoleID) VALUES (948, 2483, 4);
INSERT INTO MoviePeople (MovieID, PersonID, RoleID) VALUES (948, 1871, 5);

INSERT INTO Movies (MovieID, Series_Title, Released_Year, RuntimeMinutes, Overview, Poster_Link, IMDB_Rating, Meta_score, No_of_Votes, Gross_Revenue, CertificateID) VALUES (949, 'The Others', 2001.0, 101, 'A woman who lives in her darkened old family house with her two photosensitive children becomes convinced that the home is haunted.', 'https://m.media-amazon.com/images/M/MV5BMTAxMDE4Mzc3ODNeQTJeQWpwZ15BbWU4MDY2Mjg4MDcx._V1_UX67_CR0,0,67,98_AL_.jpg', 7.6, 74.0, 337651, 96522687.0, 7);
INSERT INTO MovieGenres (MovieID, GenreID) VALUES (949, 12);
INSERT INTO MovieGenres (MovieID, GenreID) VALUES (949, 15);
INSERT INTO MovieGenres (MovieID, GenreID) VALUES (949, 19);
INSERT INTO MoviePeople (MovieID, PersonID, RoleID) VALUES (949, 69, 1);
INSERT INTO MoviePeople (MovieID, PersonID, RoleID) VALUES (949, 2202, 2);
INSERT INTO MoviePeople (MovieID, PersonID, RoleID) VALUES (949, 520, 3);
INSERT INTO MoviePeople (MovieID, PersonID, RoleID) VALUES (949, 877, 4);
INSERT INTO MoviePeople (MovieID, PersonID, RoleID) VALUES (949, 48, 5);

INSERT INTO Movies (MovieID, Series_Title, Released_Year, RuntimeMinutes, Overview, Poster_Link, IMDB_Rating, Meta_score, No_of_Votes, Gross_Revenue, CertificateID) VALUES (950, 'Blow', 2001.0, 124, 'The story of how George Jung, along with the Medellín Cartel headed by Pablo Escobar, established the American cocaine market in the 1970s in the United States.', 'https://m.media-amazon.com/images/M/MV5BYjg5ZDkzZWEtZDQ2ZC00Y2ViLThhMzYtMmIxZDYzYTY2Y2Y2XkEyXkFqcGdeQXVyODAwMTU1MTE@._V1_UY98_CR1,0,67,98_AL_.jpg', 7.6, 52.0, 240714, 52990775.0, 9);
INSERT INTO MovieGenres (MovieID, GenreID) VALUES (950, 4);
INSERT INTO MovieGenres (MovieID, GenreID) VALUES (950, 6);
INSERT INTO MovieGenres (MovieID, GenreID) VALUES (950, 7);
INSERT INTO MoviePeople (MovieID, PersonID, RoleID) VALUES (950, 2878, 1);
INSERT INTO MoviePeople (MovieID, PersonID, RoleID) VALUES (950, 1496, 2);
INSERT INTO MoviePeople (MovieID, PersonID, RoleID) VALUES (950, 2330, 3);
INSERT INTO MoviePeople (MovieID, PersonID, RoleID) VALUES (950, 910, 4);
INSERT INTO MoviePeople (MovieID, PersonID, RoleID) VALUES (950, 2395, 5);

INSERT INTO Movies (MovieID, Series_Title, Released_Year, RuntimeMinutes, Overview, Poster_Link, IMDB_Rating, Meta_score, No_of_Votes, Gross_Revenue, CertificateID) VALUES (951, 'Enemy at the Gates', 2001.0, 131, 'A Russian and a German sniper play a game of cat-and-mouse during the Battle of Stalingrad.', 'https://m.media-amazon.com/images/M/MV5BYWFlY2E3ODQtZWNiNi00ZGU4LTkzNWEtZTQ2ZTViMWRhYjIzL2ltYWdlXkEyXkFqcGdeQXVyNTAyODkwOQ@@._V1_UX67_CR0,0,67,98_AL_.jpg', 7.6, 53.0, 243729, 51401758.0, 2);
INSERT INTO MovieGenres (MovieID, GenreID) VALUES (951, 7);
INSERT INTO MovieGenres (MovieID, GenreID) VALUES (951, 11);
INSERT INTO MovieGenres (MovieID, GenreID) VALUES (951, 20);
INSERT INTO MoviePeople (MovieID, PersonID, RoleID) VALUES (951, 1325, 1);
INSERT INTO MoviePeople (MovieID, PersonID, RoleID) VALUES (951, 1545, 2);
INSERT INTO MoviePeople (MovieID, PersonID, RoleID) VALUES (951, 734, 3);
INSERT INTO MoviePeople (MovieID, PersonID, RoleID) VALUES (951, 1520, 4);
INSERT INTO MoviePeople (MovieID, PersonID, RoleID) VALUES (951, 2400, 5);

INSERT INTO Movies (MovieID, Series_Title, Released_Year, RuntimeMinutes, Overview, Poster_Link, IMDB_Rating, Meta_score, No_of_Votes, Gross_Revenue, CertificateID) VALUES (952, 'Minority Report', 2002.0, 145, 'In a future where a special police unit is able to arrest murderers before they commit their crimes, an officer from that unit is himself accused of a future murder.', 'https://m.media-amazon.com/images/M/MV5BZTI3YzZjZjEtMDdjOC00OWVjLTk0YmYtYzI2MGMwZjFiMzBlXkEyXkFqcGdeQXVyMTQxNzMzNDI@._V1_UX67_CR0,0,67,98_AL_.jpg', 7.6, 80.0, 508417, 132072926.0, 2);
INSERT INTO MovieGenres (MovieID, GenreID) VALUES (952, 1);
INSERT INTO MovieGenres (MovieID, GenreID) VALUES (952, 6);
INSERT INTO MovieGenres (MovieID, GenreID) VALUES (952, 15);
INSERT INTO MoviePeople (MovieID, PersonID, RoleID) VALUES (952, 2818, 1);
INSERT INTO MoviePeople (MovieID, PersonID, RoleID) VALUES (952, 2947, 2);
INSERT INTO MoviePeople (MovieID, PersonID, RoleID) VALUES (952, 552, 3);
INSERT INTO MoviePeople (MovieID, PersonID, RoleID) VALUES (952, 2651, 4);
INSERT INTO MoviePeople (MovieID, PersonID, RoleID) VALUES (952, 2005, 5);

INSERT INTO Movies (MovieID, Series_Title, Released_Year, RuntimeMinutes, Overview, Poster_Link, IMDB_Rating, Meta_score, No_of_Votes, Gross_Revenue, CertificateID) VALUES (953, 'The Hurricane', 1999.0, 146, 'The story of Rubin ''Hurricane'' Carter, a boxer wrongly imprisoned for murder, and the people who aided in his fight to prove his innocence.', 'https://m.media-amazon.com/images/M/MV5BMTA3OTYxMzg0MDFeQTJeQWpwZ15BbWU4MDY1MjY0MTEx._V1_UX67_CR0,0,67,98_AL_.jpg', 7.6, 74.0, 91557, 50668906.0, 9);
INSERT INTO MovieGenres (MovieID, GenreID) VALUES (953, 4);
INSERT INTO MovieGenres (MovieID, GenreID) VALUES (953, 7);
INSERT INTO MovieGenres (MovieID, GenreID) VALUES (953, 18);
INSERT INTO MoviePeople (MovieID, PersonID, RoleID) VALUES (953, 2228, 1);
INSERT INTO MoviePeople (MovieID, PersonID, RoleID) VALUES (953, 675, 2);
INSERT INTO MoviePeople (MovieID, PersonID, RoleID) VALUES (953, 3024, 3);
INSERT INTO MoviePeople (MovieID, PersonID, RoleID) VALUES (953, 657, 4);
INSERT INTO MoviePeople (MovieID, PersonID, RoleID) VALUES (953, 1792, 5);

INSERT INTO Movies (MovieID, Series_Title, Released_Year, RuntimeMinutes, Overview, Poster_Link, IMDB_Rating, Meta_score, No_of_Votes, Gross_Revenue, CertificateID) VALUES (954, 'American Psycho', 2000.0, 101, 'A wealthy New York City investment banking executive, Patrick Bateman, hides his alternate psychopathic ego from his co-workers and friends as he delves deeper into his violent, hedonistic fantasies.', 'https://m.media-amazon.com/images/M/MV5BZTM2ZGJmNjQtN2UyOS00NjcxLWFjMDktMDE2NzMyNTZlZTBiXkEyXkFqcGdeQXVyNzkwMjQ5NzM@._V1_UX67_CR0,0,67,98_AL_.jpg', 7.6, 64.0, 490062, 15070285.0, 2);
INSERT INTO MovieGenres (MovieID, GenreID) VALUES (954, 5);
INSERT INTO MovieGenres (MovieID, GenreID) VALUES (954, 6);
INSERT INTO MovieGenres (MovieID, GenreID) VALUES (954, 7);
INSERT INTO MoviePeople (MovieID, PersonID, RoleID) VALUES (954, 1963, 1);
INSERT INTO MoviePeople (MovieID, PersonID, RoleID) VALUES (954, 509, 2);
INSERT INTO MoviePeople (MovieID, PersonID, RoleID) VALUES (954, 1580, 3);
INSERT INTO MoviePeople (MovieID, PersonID, RoleID) VALUES (954, 1533, 4);
INSERT INTO MoviePeople (MovieID, PersonID, RoleID) VALUES (954, 310, 5);

INSERT INTO Movies (MovieID, Series_Title, Released_Year, RuntimeMinutes, Overview, Poster_Link, IMDB_Rating, Meta_score, No_of_Votes, Gross_Revenue, CertificateID) VALUES (955, 'Lola rennt', 1998.0, 81, 'After a botched money delivery, Lola has 20 minutes to come up with 100,000 Deutschmarks.', 'https://m.media-amazon.com/images/M/MV5BMmU5ZjFmYjQtYmNjZC00Yjk4LWI1ZTQtZDJiMjM0YjQyNDU0L2ltYWdlL2ltYWdlXkEyXkFqcGdeQXVyMTQxNzMzNDI@._V1_UX67_CR0,0,67,98_AL_.jpg', 7.6, 77.0, 188317, 7267585.0, 15);
INSERT INTO MovieGenres (MovieID, GenreID) VALUES (955, 6);
INSERT INTO MovieGenres (MovieID, GenreID) VALUES (955, 7);
INSERT INTO MovieGenres (MovieID, GenreID) VALUES (955, 19);
INSERT INTO MoviePeople (MovieID, PersonID, RoleID) VALUES (955, 2960, 1);
INSERT INTO MoviePeople (MovieID, PersonID, RoleID) VALUES (955, 910, 2);
INSERT INTO MoviePeople (MovieID, PersonID, RoleID) VALUES (955, 2145, 3);
INSERT INTO MoviePeople (MovieID, PersonID, RoleID) VALUES (955, 1119, 4);
INSERT INTO MoviePeople (MovieID, PersonID, RoleID) VALUES (955, 2213, 5);

INSERT INTO Movies (MovieID, Series_Title, Released_Year, RuntimeMinutes, Overview, Poster_Link, IMDB_Rating, Meta_score, No_of_Votes, Gross_Revenue, CertificateID) VALUES (956, 'The Thin Red Line', 1998.0, 170, 'Adaptation of James Jones'' autobiographical 1962 novel, focusing on the conflict at Guadalcanal during the second World War.', 'https://m.media-amazon.com/images/M/MV5BYjEzMTM2NjAtNWFmZC00MTVlLTgyMmQtMGQyNTFjZDk5N2NmXkEyXkFqcGdeQXVyNzQ1ODk3MTQ@._V1_UX67_CR0,0,67,98_AL_.jpg', 7.6, 78.0, 172710, 36400491.0, 2);
INSERT INTO MovieGenres (MovieID, GenreID) VALUES (956, 7);
INSERT INTO MovieGenres (MovieID, GenreID) VALUES (956, 20);
INSERT INTO MoviePeople (MovieID, PersonID, RoleID) VALUES (956, 2892, 1);
INSERT INTO MoviePeople (MovieID, PersonID, RoleID) VALUES (956, 1386, 2);
INSERT INTO MoviePeople (MovieID, PersonID, RoleID) VALUES (956, 2697, 3);
INSERT INTO MoviePeople (MovieID, PersonID, RoleID) VALUES (956, 2197, 4);
INSERT INTO MoviePeople (MovieID, PersonID, RoleID) VALUES (956, 1691, 5);

INSERT INTO Movies (MovieID, Series_Title, Released_Year, RuntimeMinutes, Overview, Poster_Link, IMDB_Rating, Meta_score, No_of_Votes, Gross_Revenue, CertificateID) VALUES (957, 'Mulan', 1998.0, 88, 'To save her father from death in the army, a young maiden secretly goes in his place and becomes one of China''s greatest heroines in the process.', 'https://m.media-amazon.com/images/M/MV5BODkxNGQ1NWYtNzg0Ny00Yjg3LThmZTItMjE2YjhmZTQ0ODY5XkEyXkFqcGdeQXVyMTQxNzMzNDI@._V1_UX67_CR0,0,67,98_AL_.jpg', 7.6, 71.0, 256906, 120620254.0, 13);
INSERT INTO MovieGenres (MovieID, GenreID) VALUES (957, 3);
INSERT INTO MovieGenres (MovieID, GenreID) VALUES (957, 2);
INSERT INTO MovieGenres (MovieID, GenreID) VALUES (957, 8);
INSERT INTO MoviePeople (MovieID, PersonID, RoleID) VALUES (957, 2970, 1);
INSERT INTO MoviePeople (MovieID, PersonID, RoleID) VALUES (957, 268, 2);
INSERT INTO MoviePeople (MovieID, PersonID, RoleID) VALUES (957, 2114, 3);
INSERT INTO MoviePeople (MovieID, PersonID, RoleID) VALUES (957, 738, 4);
INSERT INTO MoviePeople (MovieID, PersonID, RoleID) VALUES (957, 254, 5);

INSERT INTO Movies (MovieID, Series_Title, Released_Year, RuntimeMinutes, Overview, Poster_Link, IMDB_Rating, Meta_score, No_of_Votes, Gross_Revenue, CertificateID) VALUES (958, 'Fear and Loathing in Las Vegas', 1998.0, 118, 'An oddball journalist and his psychopathic lawyer travel to Las Vegas for a series of psychedelic escapades.', 'https://m.media-amazon.com/images/M/MV5BNjA2ZDY3ZjYtZmNiMC00MDU5LTgxMWEtNzk1YmI3NzdkMTU0XkEyXkFqcGdeQXVyNjQyMjcwNDM@._V1_UX67_CR0,0,67,98_AL_.jpg', 7.6, 41.0, 259753, 10680275.0, 9);
INSERT INTO MovieGenres (MovieID, GenreID) VALUES (958, 2);
INSERT INTO MovieGenres (MovieID, GenreID) VALUES (958, 5);
INSERT INTO MovieGenres (MovieID, GenreID) VALUES (958, 7);
INSERT INTO MoviePeople (MovieID, PersonID, RoleID) VALUES (958, 2894, 1);
INSERT INTO MoviePeople (MovieID, PersonID, RoleID) VALUES (958, 1496, 2);
INSERT INTO MoviePeople (MovieID, PersonID, RoleID) VALUES (958, 289, 3);
INSERT INTO MoviePeople (MovieID, PersonID, RoleID) VALUES (958, 2939, 4);
INSERT INTO MoviePeople (MovieID, PersonID, RoleID) VALUES (958, 2059, 5);

INSERT INTO Movies (MovieID, Series_Title, Released_Year, RuntimeMinutes, Overview, Poster_Link, IMDB_Rating, Meta_score, No_of_Votes, Gross_Revenue, CertificateID) VALUES (959, 'Funny Games', 1997.0, 108, 'Two violent young men take a mother, father, and son hostage in their vacation cabin and force them to play sadistic "games" with one another for their own amusement.', 'https://m.media-amazon.com/images/M/MV5BMTkyNTAzZDYtNWUzYi00ODVjLTliZjYtNjc2YzJmODZhNTg3XkEyXkFqcGdeQXVyNjUxMDQ0MTg@._V1_UY98_CR6,0,67,98_AL_.jpg', 7.6, 69.0, 65058, NULL, 2);
INSERT INTO MovieGenres (MovieID, GenreID) VALUES (959, 6);
INSERT INTO MovieGenres (MovieID, GenreID) VALUES (959, 7);
INSERT INTO MovieGenres (MovieID, GenreID) VALUES (959, 19);
INSERT INTO MoviePeople (MovieID, PersonID, RoleID) VALUES (959, 2054, 1);
INSERT INTO MoviePeople (MovieID, PersonID, RoleID) VALUES (959, 2834, 2);
INSERT INTO MoviePeople (MovieID, PersonID, RoleID) VALUES (959, 3006, 3);
INSERT INTO MoviePeople (MovieID, PersonID, RoleID) VALUES (959, 222, 4);
INSERT INTO MoviePeople (MovieID, PersonID, RoleID) VALUES (959, 900, 5);

INSERT INTO Movies (MovieID, Series_Title, Released_Year, RuntimeMinutes, Overview, Poster_Link, IMDB_Rating, Meta_score, No_of_Votes, Gross_Revenue, CertificateID) VALUES (960, 'Dark City', 1998.0, 100, 'A man struggles with memories of his past, which include a wife he cannot remember and a nightmarish world no one else ever seems to wake up from.', 'https://m.media-amazon.com/images/M/MV5BMGExOGExM2UtNWM5ZS00OWEzLTllNzYtM2NlMTJlYjBlZTJkXkEyXkFqcGdeQXVyMTQxNzMzNDI@._V1_UX67_CR0,0,67,98_AL_.jpg', 7.6, 66.0, 187927, 14378331.0, 2);
INSERT INTO MovieGenres (MovieID, GenreID) VALUES (960, 15);
INSERT INTO MovieGenres (MovieID, GenreID) VALUES (960, 17);
INSERT INTO MovieGenres (MovieID, GenreID) VALUES (960, 19);
INSERT INTO MoviePeople (MovieID, PersonID, RoleID) VALUES (960, 79, 1);
INSERT INTO MoviePeople (MovieID, PersonID, RoleID) VALUES (960, 2593, 2);
INSERT INTO MoviePeople (MovieID, PersonID, RoleID) VALUES (960, 1675, 3);
INSERT INTO MoviePeople (MovieID, PersonID, RoleID) VALUES (960, 1352, 4);
INSERT INTO MoviePeople (MovieID, PersonID, RoleID) VALUES (960, 3112, 5);

INSERT INTO Movies (MovieID, Series_Title, Released_Year, RuntimeMinutes, Overview, Poster_Link, IMDB_Rating, Meta_score, No_of_Votes, Gross_Revenue, CertificateID) VALUES (961, 'Sleepers', 1996.0, 147, 'After a prank goes disastrously wrong, a group of boys are sent to a detention center where they are brutalized. Thirteen years later, an unexpected random encounter with a former guard gives them a chance for revenge.', 'https://m.media-amazon.com/images/M/MV5BMzk1MmI4NzAtOGRiNS00YjY1LTllNmEtZDhiZDM4MjU2NTMxXkEyXkFqcGdeQXVyNjc3MjQzNTI@._V1_UY98_CR1,0,67,98_AL_.jpg', 7.6, 49.0, 186734, 49100000.0, 15);
INSERT INTO MovieGenres (MovieID, GenreID) VALUES (961, 6);
INSERT INTO MovieGenres (MovieID, GenreID) VALUES (961, 7);
INSERT INTO MovieGenres (MovieID, GenreID) VALUES (961, 19);
INSERT INTO MoviePeople (MovieID, PersonID, RoleID) VALUES (961, 272, 1);
INSERT INTO MoviePeople (MovieID, PersonID, RoleID) VALUES (961, 2517, 2);
INSERT INTO MoviePeople (MovieID, PersonID, RoleID) VALUES (961, 1663, 3);
INSERT INTO MoviePeople (MovieID, PersonID, RoleID) VALUES (961, 351, 4);
INSERT INTO MoviePeople (MovieID, PersonID, RoleID) VALUES (961, 1299, 5);

INSERT INTO Movies (MovieID, Series_Title, Released_Year, RuntimeMinutes, Overview, Poster_Link, IMDB_Rating, Meta_score, No_of_Votes, Gross_Revenue, CertificateID) VALUES (962, 'Lost Highway', 1997.0, 134, 'Anonymous videotapes presage a musician''s murder conviction, and a gangster''s girlfriend leads a mechanic astray.', 'https://m.media-amazon.com/images/M/MV5BYWUxOWY4NDctMDFmMS00ZTQwLWExMGEtODg0ZWNhOTE5NzZmXkEyXkFqcGdeQXVyMTQxNzMzNDI@._V1_UY98_CR0,0,67,98_AL_.jpg', 7.6, 52.0, 131101, 3796699.0, 2);
INSERT INTO MovieGenres (MovieID, GenreID) VALUES (962, 15);
INSERT INTO MovieGenres (MovieID, GenreID) VALUES (962, 19);
INSERT INTO MoviePeople (MovieID, PersonID, RoleID) VALUES (962, 638, 1);
INSERT INTO MoviePeople (MovieID, PersonID, RoleID) VALUES (962, 309, 2);
INSERT INTO MoviePeople (MovieID, PersonID, RoleID) VALUES (962, 2282, 3);
INSERT INTO MoviePeople (MovieID, PersonID, RoleID) VALUES (962, 1483, 4);
INSERT INTO MoviePeople (MovieID, PersonID, RoleID) VALUES (962, 1829, 5);

INSERT INTO Movies (MovieID, Series_Title, Released_Year, RuntimeMinutes, Overview, Poster_Link, IMDB_Rating, Meta_score, No_of_Votes, Gross_Revenue, CertificateID) VALUES (963, 'Sense and Sensibility', 1995.0, 136, 'Rich Mr. Dashwood dies, leaving his second wife and her three daughters poor by the rules of inheritance. The two eldest daughters are the title opposites.', 'https://m.media-amazon.com/images/M/MV5BNzk1MjU3MDQyMl5BMl5BanBnXkFtZTcwNjc1OTM2MQ@@._V1_UX67_CR0,0,67,98_AL_.jpg', 7.6, 84.0, 102598, 43182776.0, 13);
INSERT INTO MovieGenres (MovieID, GenreID) VALUES (963, 7);
INSERT INTO MovieGenres (MovieID, GenreID) VALUES (963, 16);
INSERT INTO MoviePeople (MovieID, PersonID, RoleID) VALUES (963, 156, 1);
INSERT INTO MoviePeople (MovieID, PersonID, RoleID) VALUES (963, 809, 2);
INSERT INTO MoviePeople (MovieID, PersonID, RoleID) VALUES (963, 1619, 3);
INSERT INTO MoviePeople (MovieID, PersonID, RoleID) VALUES (963, 1245, 4);
INSERT INTO MoviePeople (MovieID, PersonID, RoleID) VALUES (963, 2962, 5);

INSERT INTO Movies (MovieID, Series_Title, Released_Year, RuntimeMinutes, Overview, Poster_Link, IMDB_Rating, Meta_score, No_of_Votes, Gross_Revenue, CertificateID) VALUES (964, 'Die Hard: With a Vengeance', 1995.0, 128, 'John McClane and a Harlem store owner are targeted by German terrorist Simon in New York City, where he plans to rob the Federal Reserve Building.', 'https://m.media-amazon.com/images/M/MV5BZjI0ZWFiMmQtMjRlZi00ZmFhLWI4NmYtMjQ5YmY0MzIyMzRiXkEyXkFqcGdeQXVyMTQxNzMzNDI@._V1_UX67_CR0,0,67,98_AL_.jpg', 7.6, 58.0, 364420, 100012499.0, 2);
INSERT INTO MovieGenres (MovieID, GenreID) VALUES (964, 1);
INSERT INTO MovieGenres (MovieID, GenreID) VALUES (964, 2);
INSERT INTO MovieGenres (MovieID, GenreID) VALUES (964, 19);
INSERT INTO MoviePeople (MovieID, PersonID, RoleID) VALUES (964, 1473, 1);
INSERT INTO MoviePeople (MovieID, PersonID, RoleID) VALUES (964, 385, 2);
INSERT INTO MoviePeople (MovieID, PersonID, RoleID) VALUES (964, 1363, 3);
INSERT INTO MoviePeople (MovieID, PersonID, RoleID) VALUES (964, 2655, 4);
INSERT INTO MoviePeople (MovieID, PersonID, RoleID) VALUES (964, 1032, 5);

INSERT INTO Movies (MovieID, Series_Title, Released_Year, RuntimeMinutes, Overview, Poster_Link, IMDB_Rating, Meta_score, No_of_Votes, Gross_Revenue, CertificateID) VALUES (965, 'Dead Man', 1995.0, 121, 'On the run after murdering a man, accountant William Blake encounters a strange aboriginal American man named Nobody who prepares him for his journey into the spiritual world.', 'https://m.media-amazon.com/images/M/MV5BYTJlZmQ1OTAtODQzZi00NGIzLWI1MmEtZGE4NjFlOWRhODIyXkEyXkFqcGdeQXVyNTc1NTQxODI@._V1_UY98_CR0,0,67,98_AL_.jpg', 7.6, 62.0, 90442, 1037847.0, 9);
INSERT INTO MovieGenres (MovieID, GenreID) VALUES (965, 2);
INSERT INTO MovieGenres (MovieID, GenreID) VALUES (965, 7);
INSERT INTO MovieGenres (MovieID, GenreID) VALUES (965, 9);
INSERT INTO MoviePeople (MovieID, PersonID, RoleID) VALUES (965, 1388, 1);
INSERT INTO MoviePeople (MovieID, PersonID, RoleID) VALUES (965, 1496, 2);
INSERT INTO MoviePeople (MovieID, PersonID, RoleID) VALUES (965, 940, 3);
INSERT INTO MoviePeople (MovieID, PersonID, RoleID) VALUES (965, 564, 4);
INSERT INTO MoviePeople (MovieID, PersonID, RoleID) VALUES (965, 1726, 5);

INSERT INTO Movies (MovieID, Series_Title, Released_Year, RuntimeMinutes, Overview, Poster_Link, IMDB_Rating, Meta_score, No_of_Votes, Gross_Revenue, CertificateID) VALUES (966, 'The Bridges of Madison County', 1995.0, 135, 'Photographer Robert Kincaid wanders into the life of housewife Francesca Johnson for four days in the 1960s.', 'https://m.media-amazon.com/images/M/MV5BNmRiZDZkN2EtNWI5ZS00ZDg3LTgyNDItMWI5NjVlNmE5ODJiXkEyXkFqcGdeQXVyMjQwMjk0NjI@._V1_UX67_CR0,0,67,98_AL_.jpg', 7.6, 69.0, 73172, 71516617.0, 2);
INSERT INTO MovieGenres (MovieID, GenreID) VALUES (966, 7);
INSERT INTO MovieGenres (MovieID, GenreID) VALUES (966, 16);
INSERT INTO MoviePeople (MovieID, PersonID, RoleID) VALUES (966, 547, 1);
INSERT INTO MoviePeople (MovieID, PersonID, RoleID) VALUES (966, 547, 2);
INSERT INTO MoviePeople (MovieID, PersonID, RoleID) VALUES (966, 2036, 3);
INSERT INTO MoviePeople (MovieID, PersonID, RoleID) VALUES (966, 182, 4);
INSERT INTO MoviePeople (MovieID, PersonID, RoleID) VALUES (966, 3031, 5);

INSERT INTO Movies (MovieID, Series_Title, Released_Year, RuntimeMinutes, Overview, Poster_Link, IMDB_Rating, Meta_score, No_of_Votes, Gross_Revenue, CertificateID) VALUES (967, 'Apollo 13', NULL, 140, 'NASA must devise a strategy to return Apollo 13 to Earth safely after the spacecraft undergoes massive internal damage putting the lives of the three astronauts on board in jeopardy.', 'https://m.media-amazon.com/images/M/MV5BNjEzYjJmNzgtNDkwNy00MTQ4LTlmMWMtNzA4YjE2NjI0ZDg4XkEyXkFqcGdeQXVyNjU0OTQ0OTY@._V1_UX67_CR0,0,67,98_AL_.jpg', 7.6, 77.0, 269197, 173837933.0, 13);
INSERT INTO MovieGenres (MovieID, GenreID) VALUES (967, 2);
INSERT INTO MovieGenres (MovieID, GenreID) VALUES (967, 7);
INSERT INTO MovieGenres (MovieID, GenreID) VALUES (967, 11);
INSERT INTO MoviePeople (MovieID, PersonID, RoleID) VALUES (967, 2566, 1);
INSERT INTO MoviePeople (MovieID, PersonID, RoleID) VALUES (967, 2949, 2);
INSERT INTO MoviePeople (MovieID, PersonID, RoleID) VALUES (967, 308, 3);
INSERT INTO MoviePeople (MovieID, PersonID, RoleID) VALUES (967, 1663, 4);
INSERT INTO MoviePeople (MovieID, PersonID, RoleID) VALUES (967, 943, 5);

INSERT INTO Movies (MovieID, Series_Title, Released_Year, RuntimeMinutes, Overview, Poster_Link, IMDB_Rating, Meta_score, No_of_Votes, Gross_Revenue, CertificateID) VALUES (968, 'Trois couleurs: Blanc', 1994.0, 92, 'After his wife divorces him, a Polish immigrant plots to get even with her.', 'https://m.media-amazon.com/images/M/MV5BNTliYTI1YTctMTE0Mi00NDM0LThjZDgtYmY3NGNiODBjZjAwXkEyXkFqcGdeQXVyMTAwMzUyOTc@._V1_UX67_CR0,0,67,98_AL_.jpg', 7.6, 88.0, 64390, 1464625.0, 13);
INSERT INTO MovieGenres (MovieID, GenreID) VALUES (968, 5);
INSERT INTO MovieGenres (MovieID, GenreID) VALUES (968, 7);
INSERT INTO MovieGenres (MovieID, GenreID) VALUES (968, 16);
INSERT INTO MoviePeople (MovieID, PersonID, RoleID) VALUES (968, 1710, 1);
INSERT INTO MoviePeople (MovieID, PersonID, RoleID) VALUES (968, 3189, 2);
INSERT INTO MoviePeople (MovieID, PersonID, RoleID) VALUES (968, 1565, 3);
INSERT INTO MoviePeople (MovieID, PersonID, RoleID) VALUES (968, 1289, 4);
INSERT INTO MoviePeople (MovieID, PersonID, RoleID) VALUES (968, 1371, 5);

INSERT INTO Movies (MovieID, Series_Title, Released_Year, RuntimeMinutes, Overview, Poster_Link, IMDB_Rating, Meta_score, No_of_Votes, Gross_Revenue, CertificateID) VALUES (969, 'Falling Down', 1993.0, 113, 'An ordinary man frustrated with the various flaws he sees in society begins to psychotically and violently lash out against them.', 'https://m.media-amazon.com/images/M/MV5BYjcxMzM3OWMtNmM3Yy00YzBkLTkxMmQtMDk4MmM3Y2Y4MDliL2ltYWdlXkEyXkFqcGdeQXVyMTQxNzMzNDI@._V1_UX67_CR0,0,67,98_AL_.jpg', 7.6, 56.0, 171640, 40903593.0, 9);
INSERT INTO MovieGenres (MovieID, GenreID) VALUES (969, 1);
INSERT INTO MovieGenres (MovieID, GenreID) VALUES (969, 6);
INSERT INTO MovieGenres (MovieID, GenreID) VALUES (969, 7);
INSERT INTO MoviePeople (MovieID, PersonID, RoleID) VALUES (969, 1421, 1);
INSERT INTO MoviePeople (MovieID, PersonID, RoleID) VALUES (969, 2050, 2);
INSERT INTO MoviePeople (MovieID, PersonID, RoleID) VALUES (969, 2520, 3);
INSERT INTO MoviePeople (MovieID, PersonID, RoleID) VALUES (969, 262, 4);
INSERT INTO MoviePeople (MovieID, PersonID, RoleID) VALUES (969, 2399, 5);

INSERT INTO Movies (MovieID, Series_Title, Released_Year, RuntimeMinutes, Overview, Poster_Link, IMDB_Rating, Meta_score, No_of_Votes, Gross_Revenue, CertificateID) VALUES (970, 'Dazed and Confused', 1993.0, 102, 'The adventures of high school and junior high students on the last day of school in May 1976.', 'https://m.media-amazon.com/images/M/MV5BMTM5MDY5MDQyOV5BMl5BanBnXkFtZTgwMzM3NzMxMDE@._V1_UX67_CR0,0,67,98_AL_.jpg', 7.6, 78.0, 165465, 7993039.0, 13);
INSERT INTO MovieGenres (MovieID, GenreID) VALUES (970, 5);
INSERT INTO MoviePeople (MovieID, PersonID, RoleID) VALUES (970, 2489, 1);
INSERT INTO MoviePeople (MovieID, PersonID, RoleID) VALUES (970, 1297, 2);
INSERT INTO MoviePeople (MovieID, PersonID, RoleID) VALUES (970, 3094, 3);
INSERT INTO MoviePeople (MovieID, PersonID, RoleID) VALUES (970, 1993, 4);
INSERT INTO MoviePeople (MovieID, PersonID, RoleID) VALUES (970, 2573, 5);

INSERT INTO Movies (MovieID, Series_Title, Released_Year, RuntimeMinutes, Overview, Poster_Link, IMDB_Rating, Meta_score, No_of_Votes, Gross_Revenue, CertificateID) VALUES (971, 'My Cousin Vinny', 1992.0, 120, 'Two New Yorkers accused of murder in rural Alabama while on their way back to college call in the help of one of their cousins, a loudmouth lawyer with no trial experience.', 'https://m.media-amazon.com/images/M/MV5BMTQxNDYzMTg1M15BMl5BanBnXkFtZTgwNzk4MDgxMTE@._V1_UX67_CR0,0,67,98_AL_.jpg', 7.6, 68.0, 107325, 52929168.0, 15);
INSERT INTO MovieGenres (MovieID, GenreID) VALUES (971, 5);
INSERT INTO MovieGenres (MovieID, GenreID) VALUES (971, 6);
INSERT INTO MoviePeople (MovieID, PersonID, RoleID) VALUES (971, 1508, 1);
INSERT INTO MoviePeople (MovieID, PersonID, RoleID) VALUES (971, 1414, 2);
INSERT INTO MoviePeople (MovieID, PersonID, RoleID) VALUES (971, 1928, 3);
INSERT INTO MoviePeople (MovieID, PersonID, RoleID) VALUES (971, 2418, 4);
INSERT INTO MoviePeople (MovieID, PersonID, RoleID) VALUES (971, 2126, 5);

INSERT INTO Movies (MovieID, Series_Title, Released_Year, RuntimeMinutes, Overview, Poster_Link, IMDB_Rating, Meta_score, No_of_Votes, Gross_Revenue, CertificateID) VALUES (972, 'Omohide poro poro', 1991.0, 118, 'A twenty-seven-year-old office worker travels to the countryside while reminiscing about her childhood in Tokyo.', 'https://m.media-amazon.com/images/M/MV5BMTY5NjI2MjQxMl5BMl5BanBnXkFtZTgwMDA2MzM2NzE@._V1_UY98_CR0,0,67,98_AL_.jpg', 7.6, 90.0, 27071, 453243.0, 13);
INSERT INTO MovieGenres (MovieID, GenreID) VALUES (972, 3);
INSERT INTO MovieGenres (MovieID, GenreID) VALUES (972, 7);
INSERT INTO MovieGenres (MovieID, GenreID) VALUES (972, 16);
INSERT INTO MoviePeople (MovieID, PersonID, RoleID) VALUES (972, 1189, 1);
INSERT INTO MoviePeople (MovieID, PersonID, RoleID) VALUES (972, 2104, 2);
INSERT INTO MoviePeople (MovieID, PersonID, RoleID) VALUES (972, 2982, 3);
INSERT INTO MoviePeople (MovieID, PersonID, RoleID) VALUES (972, 3149, 4);
INSERT INTO MoviePeople (MovieID, PersonID, RoleID) VALUES (972, 2010, 5);

INSERT INTO Movies (MovieID, Series_Title, Released_Year, RuntimeMinutes, Overview, Poster_Link, IMDB_Rating, Meta_score, No_of_Votes, Gross_Revenue, CertificateID) VALUES (973, 'Delicatessen', 1991.0, 99, 'Post-apocalyptic surrealist black comedy about the landlord of an apartment building who occasionally prepares a delicacy for his odd tenants.', 'https://m.media-amazon.com/images/M/MV5BNjg5ZDM0MTEtYTZmNC00NDJiLWI5MTktYzk4N2QxY2IxZTc2L2ltYWdlXkEyXkFqcGdeQXVyNTAyODkwOQ@@._V1_UY98_CR3,0,67,98_AL_.jpg', 7.6, 66.0, 80487, 1794187.0, 9);
INSERT INTO MovieGenres (MovieID, GenreID) VALUES (973, 5);
INSERT INTO MovieGenres (MovieID, GenreID) VALUES (973, 6);
INSERT INTO MoviePeople (MovieID, PersonID, RoleID) VALUES (973, 1892, 1);
INSERT INTO MoviePeople (MovieID, PersonID, RoleID) VALUES (973, 1331, 2);
INSERT INTO MoviePeople (MovieID, PersonID, RoleID) VALUES (973, 1916, 3);
INSERT INTO MoviePeople (MovieID, PersonID, RoleID) VALUES (973, 705, 4);
INSERT INTO MoviePeople (MovieID, PersonID, RoleID) VALUES (973, 2280, 5);

INSERT INTO Movies (MovieID, Series_Title, Released_Year, RuntimeMinutes, Overview, Poster_Link, IMDB_Rating, Meta_score, No_of_Votes, Gross_Revenue, CertificateID) VALUES (974, 'Home Alone', 1990.0, 103, 'An eight-year-old troublemaker must protect his house from a pair of burglars when he is accidentally left home alone by his family during Christmas vacation.', 'https://m.media-amazon.com/images/M/MV5BMzFkM2YwOTQtYzk2Mi00N2VlLWE3NTItN2YwNDg1YmY0ZDNmXkEyXkFqcGdeQXVyMTMxODk2OTU@._V1_UX67_CR0,0,67,98_AL_.jpg', 7.6, 63.0, 488817, 285761243.0, 13);
INSERT INTO MovieGenres (MovieID, GenreID) VALUES (974, 5);
INSERT INTO MovieGenres (MovieID, GenreID) VALUES (974, 8);
INSERT INTO MoviePeople (MovieID, PersonID, RoleID) VALUES (974, 495, 1);
INSERT INTO MoviePeople (MovieID, PersonID, RoleID) VALUES (974, 1856, 2);
INSERT INTO MoviePeople (MovieID, PersonID, RoleID) VALUES (974, 1414, 3);
INSERT INTO MoviePeople (MovieID, PersonID, RoleID) VALUES (974, 602, 4);
INSERT INTO MoviePeople (MovieID, PersonID, RoleID) VALUES (974, 1454, 5);

INSERT INTO Movies (MovieID, Series_Title, Released_Year, RuntimeMinutes, Overview, Poster_Link, IMDB_Rating, Meta_score, No_of_Votes, Gross_Revenue, CertificateID) VALUES (975, 'The Godfather: Part III', 1990.0, 162, 'Follows Michael Corleone, now in his 60s, as he seeks to free his family from crime and find a suitable successor to his empire.', 'https://m.media-amazon.com/images/M/MV5BNWFlYWY2YjYtNjdhNi00MzVlLTg2MTMtMWExNzg4NmM5NmEzXkEyXkFqcGdeQXVyMDk5Mzc5MQ@@._V1_UX67_CR0,0,67,98_AL_.jpg', 7.6, 60.0, 359809, 66666062.0, 2);
INSERT INTO MovieGenres (MovieID, GenreID) VALUES (975, 6);
INSERT INTO MovieGenres (MovieID, GenreID) VALUES (975, 7);
INSERT INTO MoviePeople (MovieID, PersonID, RoleID) VALUES (975, 892, 1);
INSERT INTO MoviePeople (MovieID, PersonID, RoleID) VALUES (975, 45, 2);
INSERT INTO MoviePeople (MovieID, PersonID, RoleID) VALUES (975, 682, 3);
INSERT INTO MoviePeople (MovieID, PersonID, RoleID) VALUES (975, 152, 4);
INSERT INTO MoviePeople (MovieID, PersonID, RoleID) VALUES (975, 2861, 5);

INSERT INTO Movies (MovieID, Series_Title, Released_Year, RuntimeMinutes, Overview, Poster_Link, IMDB_Rating, Meta_score, No_of_Votes, Gross_Revenue, CertificateID) VALUES (976, 'When Harry Met Sally...', 1989.0, 95, 'Harry and Sally have known each other for years, and are very good friends, but they fear sex would ruin the friendship.', 'https://m.media-amazon.com/images/M/MV5BMjE0ODEwNjM2NF5BMl5BanBnXkFtZTcwMjU2Mzg3NA@@._V1_UX67_CR0,0,67,98_AL_.jpg', 7.6, 76.0, 195663, 92823600.0, 15);
INSERT INTO MovieGenres (MovieID, GenreID) VALUES (976, 5);
INSERT INTO MovieGenres (MovieID, GenreID) VALUES (976, 7);
INSERT INTO MovieGenres (MovieID, GenreID) VALUES (976, 16);
INSERT INTO MoviePeople (MovieID, PersonID, RoleID) VALUES (976, 2508, 1);
INSERT INTO MoviePeople (MovieID, PersonID, RoleID) VALUES (976, 314, 2);
INSERT INTO MoviePeople (MovieID, PersonID, RoleID) VALUES (976, 2015, 3);
INSERT INTO MoviePeople (MovieID, PersonID, RoleID) VALUES (976, 434, 4);
INSERT INTO MoviePeople (MovieID, PersonID, RoleID) VALUES (976, 387, 5);

INSERT INTO Movies (MovieID, Series_Title, Released_Year, RuntimeMinutes, Overview, Poster_Link, IMDB_Rating, Meta_score, No_of_Votes, Gross_Revenue, CertificateID) VALUES (977, 'The Little Mermaid', 1989.0, 83, 'A mermaid princess makes a Faustian bargain in an attempt to become human and win a prince''s love.', 'https://m.media-amazon.com/images/M/MV5BN2JlZTBhYTEtZDE3OC00NTA3LTk5NTQtNjg5M2RjODllM2M0XkEyXkFqcGdeQXVyNjk1Njg5NTA@._V1_UX67_CR0,0,67,98_AL_.jpg', 7.6, 88.0, 237696, 111543479.0, 13);
INSERT INTO MovieGenres (MovieID, GenreID) VALUES (977, 3);
INSERT INTO MovieGenres (MovieID, GenreID) VALUES (977, 8);
INSERT INTO MovieGenres (MovieID, GenreID) VALUES (977, 9);
INSERT INTO MoviePeople (MovieID, PersonID, RoleID) VALUES (977, 2565, 1);
INSERT INTO MoviePeople (MovieID, PersonID, RoleID) VALUES (977, 1475, 2);
INSERT INTO MoviePeople (MovieID, PersonID, RoleID) VALUES (977, 1409, 3);
INSERT INTO MoviePeople (MovieID, PersonID, RoleID) VALUES (977, 2654, 4);
INSERT INTO MoviePeople (MovieID, PersonID, RoleID) VALUES (977, 2452, 5);

INSERT INTO Movies (MovieID, Series_Title, Released_Year, RuntimeMinutes, Overview, Poster_Link, IMDB_Rating, Meta_score, No_of_Votes, Gross_Revenue, CertificateID) VALUES (978, 'The Naked Gun: From the Files of Police Squad!', 1988.0, 85, 'Incompetent police Detective Frank Drebin must foil an attempt to assassinate Queen Elizabeth II.', 'https://m.media-amazon.com/images/M/MV5BODk1ZWM4ZjItMjFhZi00MDMxLTgxNmYtODFhNWZlZTkwM2UwXkEyXkFqcGdeQXVyMTQxNzMzNDI@._V1_UX67_CR0,0,67,98_AL_.jpg', 7.6, 76.0, 152871, 78756177.0, 13);
INSERT INTO MovieGenres (MovieID, GenreID) VALUES (978, 5);
INSERT INTO MovieGenres (MovieID, GenreID) VALUES (978, 6);
INSERT INTO MoviePeople (MovieID, PersonID, RoleID) VALUES (978, 649, 1);
INSERT INTO MoviePeople (MovieID, PersonID, RoleID) VALUES (978, 1780, 2);
INSERT INTO MoviePeople (MovieID, PersonID, RoleID) VALUES (978, 2383, 3);
INSERT INTO MoviePeople (MovieID, PersonID, RoleID) VALUES (978, 2237, 4);
INSERT INTO MoviePeople (MovieID, PersonID, RoleID) VALUES (978, 2464, 5);

INSERT INTO Movies (MovieID, Series_Title, Released_Year, RuntimeMinutes, Overview, Poster_Link, IMDB_Rating, Meta_score, No_of_Votes, Gross_Revenue, CertificateID) VALUES (979, 'Planes, Trains & Automobiles', 1987.0, 93, 'A man must struggle to travel home for Thanksgiving with a lovable oaf of a shower curtain ring salesman as his only companion.', 'https://m.media-amazon.com/images/M/MV5BM2I1ZWNkYjEtYWY3ZS00MmMwLWI5OTEtNWNkZjNiYjIwNzY0XkEyXkFqcGdeQXVyNTI4MjkwNjA@._V1_UX67_CR0,0,67,98_AL_.jpg', 7.6, 72.0, 124773, 49530280.0, 13);
INSERT INTO MovieGenres (MovieID, GenreID) VALUES (979, 5);
INSERT INTO MovieGenres (MovieID, GenreID) VALUES (979, 7);
INSERT INTO MoviePeople (MovieID, PersonID, RoleID) VALUES (979, 1459, 1);
INSERT INTO MoviePeople (MovieID, PersonID, RoleID) VALUES (979, 2813, 2);
INSERT INTO MoviePeople (MovieID, PersonID, RoleID) VALUES (979, 1432, 3);
INSERT INTO MoviePeople (MovieID, PersonID, RoleID) VALUES (979, 1723, 4);
INSERT INTO MoviePeople (MovieID, PersonID, RoleID) VALUES (979, 2062, 5);

INSERT INTO Movies (MovieID, Series_Title, Released_Year, RuntimeMinutes, Overview, Poster_Link, IMDB_Rating, Meta_score, No_of_Votes, Gross_Revenue, CertificateID) VALUES (980, 'Lethal Weapon', 1987.0, 109, 'Two newly paired cops who are complete opposites must put aside their differences in order to catch a gang of drug smugglers.', 'https://m.media-amazon.com/images/M/MV5BZTllNWNlZjctMWQwMS00ZDc3LTg5ZjMtNzhmNzhjMmVhYTFlXkEyXkFqcGdeQXVyNTc1NTQxODI@._V1_UX67_CR0,0,67,98_AL_.jpg', 7.6, 68.0, 236894, 65207127.0, 2);
INSERT INTO MovieGenres (MovieID, GenreID) VALUES (980, 1);
INSERT INTO MovieGenres (MovieID, GenreID) VALUES (980, 6);
INSERT INTO MovieGenres (MovieID, GenreID) VALUES (980, 19);
INSERT INTO MoviePeople (MovieID, PersonID, RoleID) VALUES (980, 2475, 1);
INSERT INTO MoviePeople (MovieID, PersonID, RoleID) VALUES (980, 2023, 2);
INSERT INTO MoviePeople (MovieID, PersonID, RoleID) VALUES (980, 609, 3);
INSERT INTO MoviePeople (MovieID, PersonID, RoleID) VALUES (980, 938, 4);
INSERT INTO MoviePeople (MovieID, PersonID, RoleID) VALUES (980, 2125, 5);

INSERT INTO Movies (MovieID, Series_Title, Released_Year, RuntimeMinutes, Overview, Poster_Link, IMDB_Rating, Meta_score, No_of_Votes, Gross_Revenue, CertificateID) VALUES (981, 'Blood Simple', 1984.0, 99, 'The owner of a seedy small-town Texas bar discovers that one of his employees is having an affair with his wife. A chaotic chain of misunderstandings, lies and mischief ensues after he devises a plot to have them murdered.', 'https://m.media-amazon.com/images/M/MV5BZmI5YzM1MjItMzFmNy00NGFkLThlMDUtZjZmYTZkM2QxMjU3XkEyXkFqcGdeQXVyNzkwMjQ5NzM@._V1_UX67_CR0,0,67,98_AL_.jpg', 7.6, 82.0, 87745, 2150000.0, 2);
INSERT INTO MovieGenres (MovieID, GenreID) VALUES (981, 6);
INSERT INTO MovieGenres (MovieID, GenreID) VALUES (981, 7);
INSERT INTO MovieGenres (MovieID, GenreID) VALUES (981, 19);
INSERT INTO MoviePeople (MovieID, PersonID, RoleID) VALUES (981, 1418, 1);
INSERT INTO MoviePeople (MovieID, PersonID, RoleID) VALUES (981, 836, 2);
INSERT INTO MoviePeople (MovieID, PersonID, RoleID) VALUES (981, 1450, 3);
INSERT INTO MoviePeople (MovieID, PersonID, RoleID) VALUES (981, 888, 4);
INSERT INTO MoviePeople (MovieID, PersonID, RoleID) VALUES (981, 585, 5);

INSERT INTO Movies (MovieID, Series_Title, Released_Year, RuntimeMinutes, Overview, Poster_Link, IMDB_Rating, Meta_score, No_of_Votes, Gross_Revenue, CertificateID) VALUES (982, 'On Golden Pond', 1981.0, 109, 'Norman is a curmudgeon with an estranged relationship with his daughter Chelsea. At Golden Pond, he and his wife nevertheless agree to care for Billy, the son of Chelsea''s new boyfriend, and a most unexpected relationship blooms.', 'https://m.media-amazon.com/images/M/MV5BNWQ4MGZlZmYtZjY0MS00N2JhLWE0NmMtOTMwMTk4NDQ4NjE2XkEyXkFqcGdeQXVyNTI4MjkwNjA@._V1_UX67_CR0,0,67,98_AL_.jpg', 7.6, 68.0, 27650, 119285432.0, 15);
INSERT INTO MovieGenres (MovieID, GenreID) VALUES (982, 7);
INSERT INTO MoviePeople (MovieID, PersonID, RoleID) VALUES (982, 1937, 1);
INSERT INTO MoviePeople (MovieID, PersonID, RoleID) VALUES (982, 1620, 2);
INSERT INTO MoviePeople (MovieID, PersonID, RoleID) VALUES (982, 1112, 3);
INSERT INTO MoviePeople (MovieID, PersonID, RoleID) VALUES (982, 1279, 4);
INSERT INTO MoviePeople (MovieID, PersonID, RoleID) VALUES (982, 726, 5);

INSERT INTO Movies (MovieID, Series_Title, Released_Year, RuntimeMinutes, Overview, Poster_Link, IMDB_Rating, Meta_score, No_of_Votes, Gross_Revenue, CertificateID) VALUES (983, 'Mad Max 2', 1981.0, 96, 'In the post-apocalyptic Australian wasteland, a cynical drifter agrees to help a small, gasoline-rich community escape a horde of bandits.', 'https://m.media-amazon.com/images/M/MV5BN2VlNjNhZWQtMTY2OC00Y2E1LWJkNGUtMDU4M2ViNzliMGYwXkEyXkFqcGdeQXVyNTAyODkwOQ@@._V1_UX67_CR0,0,67,98_AL_.jpg', 7.6, 77.0, 166588, 12465371.0, 2);
INSERT INTO MovieGenres (MovieID, GenreID) VALUES (983, 1);
INSERT INTO MovieGenres (MovieID, GenreID) VALUES (983, 2);
INSERT INTO MovieGenres (MovieID, GenreID) VALUES (983, 17);
INSERT INTO MoviePeople (MovieID, PersonID, RoleID) VALUES (983, 978, 1);
INSERT INTO MoviePeople (MovieID, PersonID, RoleID) VALUES (983, 2023, 2);
INSERT INTO MoviePeople (MovieID, PersonID, RoleID) VALUES (983, 384, 3);
INSERT INTO MoviePeople (MovieID, PersonID, RoleID) VALUES (983, 2068, 4);
INSERT INTO MoviePeople (MovieID, PersonID, RoleID) VALUES (983, 2002, 5);

INSERT INTO Movies (MovieID, Series_Title, Released_Year, RuntimeMinutes, Overview, Poster_Link, IMDB_Rating, Meta_score, No_of_Votes, Gross_Revenue, CertificateID) VALUES (984, 'The Warriors', 1979.0, 92, 'In the near future, a charismatic leader summons the street gangs of New York City in a bid to take it over. When he is killed, The Warriors are falsely blamed and now must fight their way home while every other gang is hunting them down.', 'https://m.media-amazon.com/images/M/MV5BYTU2MWRiMTMtYzAzZi00NGYzLTlkMDEtNWQ3MzZlNTJlNzZkL2ltYWdlL2ltYWdlXkEyXkFqcGdeQXVyNjc1NTYyMjg@._V1_UX67_CR0,0,67,98_AL_.jpg', 7.6, 65.0, 93878, 22490039.0, 15);
INSERT INTO MovieGenres (MovieID, GenreID) VALUES (984, 1);
INSERT INTO MovieGenres (MovieID, GenreID) VALUES (984, 6);
INSERT INTO MovieGenres (MovieID, GenreID) VALUES (984, 19);
INSERT INTO MoviePeople (MovieID, PersonID, RoleID) VALUES (984, 3072, 1);
INSERT INTO MoviePeople (MovieID, PersonID, RoleID) VALUES (984, 2043, 2);
INSERT INTO MoviePeople (MovieID, PersonID, RoleID) VALUES (984, 1261, 3);
INSERT INTO MoviePeople (MovieID, PersonID, RoleID) VALUES (984, 724, 4);
INSERT INTO MoviePeople (MovieID, PersonID, RoleID) VALUES (984, 369, 5);

INSERT INTO Movies (MovieID, Series_Title, Released_Year, RuntimeMinutes, Overview, Poster_Link, IMDB_Rating, Meta_score, No_of_Votes, Gross_Revenue, CertificateID) VALUES (985, 'The Muppet Movie', 1979.0, 95, 'Kermit and his newfound friends trek across America to find success in Hollywood, but a frog legs merchant is after Kermit.', 'https://m.media-amazon.com/images/M/MV5BMGQ0OGM5YjItYzYyMi00NmVmLWI3ODMtMTY2NGRkZmI5MWU2XkEyXkFqcGdeQXVyMzI0NDc4ODY@._V1_UX67_CR0,0,67,98_AL_.jpg', 7.6, 74.0, 32802, 76657000.0, 13);
INSERT INTO MovieGenres (MovieID, GenreID) VALUES (985, 2);
INSERT INTO MovieGenres (MovieID, GenreID) VALUES (985, 5);
INSERT INTO MovieGenres (MovieID, GenreID) VALUES (985, 8);
INSERT INTO MoviePeople (MovieID, PersonID, RoleID) VALUES (985, 1247, 1);
INSERT INTO MoviePeople (MovieID, PersonID, RoleID) VALUES (985, 1387, 2);
INSERT INTO MoviePeople (MovieID, PersonID, RoleID) VALUES (985, 906, 3);
INSERT INTO MoviePeople (MovieID, PersonID, RoleID) VALUES (985, 1368, 4);
INSERT INTO MoviePeople (MovieID, PersonID, RoleID) VALUES (985, 2485, 5);

INSERT INTO Movies (MovieID, Series_Title, Released_Year, RuntimeMinutes, Overview, Poster_Link, IMDB_Rating, Meta_score, No_of_Votes, Gross_Revenue, CertificateID) VALUES (986, 'Escape from Alcatraz', 1979.0, 112, 'Alcatraz is the most secure prison of its time. It is believed that no one can ever escape from it, until three daring men make a possible successful attempt at escaping from one of the most infamous prisons in the world.', 'https://m.media-amazon.com/images/M/MV5BNDQ3MzNjMDItZjE0ZS00ZTYxLTgxNTAtM2I4YjZjNWFjYjJlL2ltYWdlXkEyXkFqcGdeQXVyNTAyODkwOQ@@._V1_UX67_CR0,0,67,98_AL_.jpg', 7.6, 76.0, 121731, 43000000.0, 2);
INSERT INTO MovieGenres (MovieID, GenreID) VALUES (986, 1);
INSERT INTO MovieGenres (MovieID, GenreID) VALUES (986, 4);
INSERT INTO MovieGenres (MovieID, GenreID) VALUES (986, 6);
INSERT INTO MoviePeople (MovieID, PersonID, RoleID) VALUES (986, 710, 1);
INSERT INTO MoviePeople (MovieID, PersonID, RoleID) VALUES (986, 547, 2);
INSERT INTO MoviePeople (MovieID, PersonID, RoleID) VALUES (986, 2289, 3);
INSERT INTO MoviePeople (MovieID, PersonID, RoleID) VALUES (986, 2544, 4);
INSERT INTO MoviePeople (MovieID, PersonID, RoleID) VALUES (986, 1217, 5);

INSERT INTO Movies (MovieID, Series_Title, Released_Year, RuntimeMinutes, Overview, Poster_Link, IMDB_Rating, Meta_score, No_of_Votes, Gross_Revenue, CertificateID) VALUES (987, 'Watership Down', 1978.0, 91, 'Hoping to escape destruction by human developers and save their community, a colony of rabbits, led by Hazel and Fiver, seek out a safe place to set up a new warren.', 'https://m.media-amazon.com/images/M/MV5BMzZiODUwNzktNzBiZi00MDc4LThkMGMtZmE3MTE0M2E1MTM3L2ltYWdlXkEyXkFqcGdeQXVyNTAyODkwOQ@@._V1_UX67_CR0,0,67,98_AL_.jpg', 7.6, 64.0, 33656, NULL, 13);
INSERT INTO MovieGenres (MovieID, GenreID) VALUES (987, 3);
INSERT INTO MovieGenres (MovieID, GenreID) VALUES (987, 2);
INSERT INTO MovieGenres (MovieID, GenreID) VALUES (987, 7);
INSERT INTO MoviePeople (MovieID, PersonID, RoleID) VALUES (987, 1954, 1);
INSERT INTO MoviePeople (MovieID, PersonID, RoleID) VALUES (987, 1458, 2);
INSERT INTO MoviePeople (MovieID, PersonID, RoleID) VALUES (987, 1460, 3);
INSERT INTO MoviePeople (MovieID, PersonID, RoleID) VALUES (987, 2470, 4);
INSERT INTO MoviePeople (MovieID, PersonID, RoleID) VALUES (987, 2420, 5);

INSERT INTO Movies (MovieID, Series_Title, Released_Year, RuntimeMinutes, Overview, Poster_Link, IMDB_Rating, Meta_score, No_of_Votes, Gross_Revenue, CertificateID) VALUES (988, 'Midnight Express', 1978.0, 121, 'Billy Hayes, an American college student, is caught smuggling drugs out of Turkey and thrown into prison.', 'https://m.media-amazon.com/images/M/MV5BNDU1MjQ0YWMtMWQ2MS00NTdmLTg1MGItNDA5NTNkNTRhOTIyXkEyXkFqcGdeQXVyNTIzOTk5ODM@._V1_UX67_CR0,0,67,98_AL_.jpg', 7.6, 59.0, 73662, 35000000.0, 2);
INSERT INTO MovieGenres (MovieID, GenreID) VALUES (988, 4);
INSERT INTO MovieGenres (MovieID, GenreID) VALUES (988, 6);
INSERT INTO MovieGenres (MovieID, GenreID) VALUES (988, 7);
INSERT INTO MoviePeople (MovieID, PersonID, RoleID) VALUES (988, 54, 1);
INSERT INTO MoviePeople (MovieID, PersonID, RoleID) VALUES (988, 348, 2);
INSERT INTO MoviePeople (MovieID, PersonID, RoleID) VALUES (988, 1178, 3);
INSERT INTO MoviePeople (MovieID, PersonID, RoleID) VALUES (988, 323, 4);
INSERT INTO MoviePeople (MovieID, PersonID, RoleID) VALUES (988, 2274, 5);

INSERT INTO Movies (MovieID, Series_Title, Released_Year, RuntimeMinutes, Overview, Poster_Link, IMDB_Rating, Meta_score, No_of_Votes, Gross_Revenue, CertificateID) VALUES (989, 'Close Encounters of the Third Kind', 1977.0, 138, 'Roy Neary, an electric lineman, watches how his quiet and ordinary daily life turns upside down after a close encounter with a UFO.', 'https://m.media-amazon.com/images/M/MV5BMjM1NjE5NjQxN15BMl5BanBnXkFtZTgwMjYzMzQxMDE@._V1_UX67_CR0,0,67,98_AL_.jpg', 7.6, 90.0, 184966, 132088635.0, 13);
INSERT INTO MovieGenres (MovieID, GenreID) VALUES (989, 7);
INSERT INTO MovieGenres (MovieID, GenreID) VALUES (989, 17);
INSERT INTO MoviePeople (MovieID, PersonID, RoleID) VALUES (989, 2818, 1);
INSERT INTO MoviePeople (MovieID, PersonID, RoleID) VALUES (989, 2477, 2);
INSERT INTO MoviePeople (MovieID, PersonID, RoleID) VALUES (989, 917, 3);
INSERT INTO MoviePeople (MovieID, PersonID, RoleID) VALUES (989, 2889, 4);
INSERT INTO MoviePeople (MovieID, PersonID, RoleID) VALUES (989, 2025, 5);

INSERT INTO Movies (MovieID, Series_Title, Released_Year, RuntimeMinutes, Overview, Poster_Link, IMDB_Rating, Meta_score, No_of_Votes, Gross_Revenue, CertificateID) VALUES (990, 'The Long Goodbye', 1973.0, 112, 'Private investigator Philip Marlowe helps a friend out of a jam, but in doing so gets implicated in his wife''s murder.', 'https://m.media-amazon.com/images/M/MV5BYzZhODNiOWYtMmNkNS00OTFhLTkzYzktYTQ4ZmNmZWMyN2ZiL2ltYWdlL2ltYWdlXkEyXkFqcGdeQXVyNjc1NTYyMjg@._V1_UX67_CR0,0,67,98_AL_.jpg', 7.6, 87.0, 26337, 959000.0, 2);
INSERT INTO MovieGenres (MovieID, GenreID) VALUES (990, 5);
INSERT INTO MovieGenres (MovieID, GenreID) VALUES (990, 6);
INSERT INTO MovieGenres (MovieID, GenreID) VALUES (990, 7);
INSERT INTO MoviePeople (MovieID, PersonID, RoleID) VALUES (990, 2511, 1);
INSERT INTO MoviePeople (MovieID, PersonID, RoleID) VALUES (990, 793, 2);
INSERT INTO MoviePeople (MovieID, PersonID, RoleID) VALUES (990, 2214, 3);
INSERT INTO MoviePeople (MovieID, PersonID, RoleID) VALUES (990, 2809, 4);
INSERT INTO MoviePeople (MovieID, PersonID, RoleID) VALUES (990, 1937, 5);

INSERT INTO Movies (MovieID, Series_Title, Released_Year, RuntimeMinutes, Overview, Poster_Link, IMDB_Rating, Meta_score, No_of_Votes, Gross_Revenue, CertificateID) VALUES (991, 'Giù la testa', 1971.0, 157, 'A low-life bandit and an I.R.A. explosives expert rebel against the government and become heroes of the Mexican Revolution.', 'https://m.media-amazon.com/images/M/MV5BYjRmY2VjN2ItMzBmYy00YTRjLWFiMTgtNGZhNWJjMjk3YjZjXkEyXkFqcGdeQXVyNjc1NTYyMjg@._V1_UX67_CR0,0,67,98_AL_.jpg', 7.6, 77.0, 30144, 696690.0, 6);
INSERT INTO MovieGenres (MovieID, GenreID) VALUES (991, 7);
INSERT INTO MovieGenres (MovieID, GenreID) VALUES (991, 20);
INSERT INTO MovieGenres (MovieID, GenreID) VALUES (991, 21);
INSERT INTO MoviePeople (MovieID, PersonID, RoleID) VALUES (991, 2707, 1);
INSERT INTO MoviePeople (MovieID, PersonID, RoleID) VALUES (991, 2548, 2);
INSERT INTO MoviePeople (MovieID, PersonID, RoleID) VALUES (991, 1240, 3);
INSERT INTO MoviePeople (MovieID, PersonID, RoleID) VALUES (991, 2564, 4);
INSERT INTO MoviePeople (MovieID, PersonID, RoleID) VALUES (991, 1912, 5);

INSERT INTO Movies (MovieID, Series_Title, Released_Year, RuntimeMinutes, Overview, Poster_Link, IMDB_Rating, Meta_score, No_of_Votes, Gross_Revenue, CertificateID) VALUES (992, 'Kelly''s Heroes', 1970.0, 144, 'A group of U.S. soldiers sneaks across enemy lines to get their hands on a secret stash of Nazi treasure.', 'https://m.media-amazon.com/images/M/MV5BMzAyNDUwYzUtN2NlMC00ODliLWExMjgtMGMzNmYzZmUwYTg1XkEyXkFqcGdeQXVyNjc1NTYyMjg@._V1_UX67_CR0,0,67,98_AL_.jpg', 7.6, 50.0, 45338, 1378435.0, 5);
INSERT INTO MovieGenres (MovieID, GenreID) VALUES (992, 2);
INSERT INTO MovieGenres (MovieID, GenreID) VALUES (992, 5);
INSERT INTO MovieGenres (MovieID, GenreID) VALUES (992, 20);
INSERT INTO MoviePeople (MovieID, PersonID, RoleID) VALUES (992, 365, 1);
INSERT INTO MoviePeople (MovieID, PersonID, RoleID) VALUES (992, 547, 2);
INSERT INTO MoviePeople (MovieID, PersonID, RoleID) VALUES (992, 2880, 3);
INSERT INTO MoviePeople (MovieID, PersonID, RoleID) VALUES (992, 709, 4);
INSERT INTO MoviePeople (MovieID, PersonID, RoleID) VALUES (992, 438, 5);

INSERT INTO Movies (MovieID, Series_Title, Released_Year, RuntimeMinutes, Overview, Poster_Link, IMDB_Rating, Meta_score, No_of_Votes, Gross_Revenue, CertificateID) VALUES (993, 'The Jungle Book', 1967.0, 78, 'Bagheera the Panther and Baloo the Bear have a difficult time trying to convince a boy to leave the jungle for human civilization.', 'https://m.media-amazon.com/images/M/MV5BMjAwMTExODExNl5BMl5BanBnXkFtZTgwMjM2MDgyMTE@._V1_UX67_CR0,0,67,98_AL_.jpg', 7.6, 65.0, 166409, 141843612.0, 13);
INSERT INTO MovieGenres (MovieID, GenreID) VALUES (993, 3);
INSERT INTO MovieGenres (MovieID, GenreID) VALUES (993, 2);
INSERT INTO MovieGenres (MovieID, GenreID) VALUES (993, 8);
INSERT INTO MoviePeople (MovieID, PersonID, RoleID) VALUES (993, 3126, 1);
INSERT INTO MoviePeople (MovieID, PersonID, RoleID) VALUES (993, 2356, 2);
INSERT INTO MoviePeople (MovieID, PersonID, RoleID) VALUES (993, 2699, 3);
INSERT INTO MoviePeople (MovieID, PersonID, RoleID) VALUES (993, 1832, 4);
INSERT INTO MoviePeople (MovieID, PersonID, RoleID) VALUES (993, 382, 5);

INSERT INTO Movies (MovieID, Series_Title, Released_Year, RuntimeMinutes, Overview, Poster_Link, IMDB_Rating, Meta_score, No_of_Votes, Gross_Revenue, CertificateID) VALUES (994, 'Blowup', 1966.0, 111, 'A fashion photographer unknowingly captures a death on film after following two lovers in a park.', 'https://m.media-amazon.com/images/M/MV5BYTE4YWU0NjAtMjNiYi00MTNiLTgwYzctZjk0YjY5NGVhNWQwXkEyXkFqcGdeQXVyMTY5Nzc4MDY@._V1_UY98_CR0,0,67,98_AL_.jpg', 7.6, 82.0, 56513, NULL, 2);
INSERT INTO MovieGenres (MovieID, GenreID) VALUES (994, 7);
INSERT INTO MovieGenres (MovieID, GenreID) VALUES (994, 15);
INSERT INTO MovieGenres (MovieID, GenreID) VALUES (994, 19);
INSERT INTO MoviePeople (MovieID, PersonID, RoleID) VALUES (994, 2083, 1);
INSERT INTO MoviePeople (MovieID, PersonID, RoleID) VALUES (994, 632, 2);
INSERT INTO MoviePeople (MovieID, PersonID, RoleID) VALUES (994, 3016, 3);
INSERT INTO MoviePeople (MovieID, PersonID, RoleID) VALUES (994, 2671, 4);
INSERT INTO MoviePeople (MovieID, PersonID, RoleID) VALUES (994, 1437, 5);

INSERT INTO Movies (MovieID, Series_Title, Released_Year, RuntimeMinutes, Overview, Poster_Link, IMDB_Rating, Meta_score, No_of_Votes, Gross_Revenue, CertificateID) VALUES (995, 'A Hard Day''s Night', 1964.0, 87, 'Over two "typical" days in the life of The Beatles, the boys struggle to keep themselves and Sir Paul McCartney''s mischievous grandfather in check while preparing for a live television performance.', 'https://m.media-amazon.com/images/M/MV5BZjQyMGUwNzAtNTc2MC00Y2FjLThlM2ItZGRjNzM0OWVmZGYyXkEyXkFqcGdeQXVyNjc1NTYyMjg@._V1_UX67_CR0,0,67,98_AL_.jpg', 7.6, 96.0, 40351, 13780024.0, 13);
INSERT INTO MovieGenres (MovieID, GenreID) VALUES (995, 5);
INSERT INTO MovieGenres (MovieID, GenreID) VALUES (995, 13);
INSERT INTO MovieGenres (MovieID, GenreID) VALUES (995, 14);
INSERT INTO MoviePeople (MovieID, PersonID, RoleID) VALUES (995, 2488, 1);
INSERT INTO MoviePeople (MovieID, PersonID, RoleID) VALUES (995, 1466, 2);
INSERT INTO MoviePeople (MovieID, PersonID, RoleID) VALUES (995, 2306, 3);
INSERT INTO MoviePeople (MovieID, PersonID, RoleID) VALUES (995, 973, 4);
INSERT INTO MoviePeople (MovieID, PersonID, RoleID) VALUES (995, 2501, 5);

INSERT INTO Movies (MovieID, Series_Title, Released_Year, RuntimeMinutes, Overview, Poster_Link, IMDB_Rating, Meta_score, No_of_Votes, Gross_Revenue, CertificateID) VALUES (996, 'Breakfast at Tiffany''s', 1961.0, 115, 'A young New York socialite becomes interested in a young man who has moved into her apartment building, but her past threatens to get in the way.', 'https://m.media-amazon.com/images/M/MV5BNGEwMTRmZTQtMDY4Ni00MTliLTk5ZmMtOWMxYWMyMTllMDg0L2ltYWdlL2ltYWdlXkEyXkFqcGdeQXVyNjc1NTYyMjg@._V1_UX67_CR0,0,67,98_AL_.jpg', 7.6, 76.0, 166544, NULL, 2);
INSERT INTO MovieGenres (MovieID, GenreID) VALUES (996, 5);
INSERT INTO MovieGenres (MovieID, GenreID) VALUES (996, 7);
INSERT INTO MovieGenres (MovieID, GenreID) VALUES (996, 16);
INSERT INTO MoviePeople (MovieID, PersonID, RoleID) VALUES (996, 322, 1);
INSERT INTO MoviePeople (MovieID, PersonID, RoleID) VALUES (996, 241, 2);
INSERT INTO MoviePeople (MovieID, PersonID, RoleID) VALUES (996, 981, 3);
INSERT INTO MoviePeople (MovieID, PersonID, RoleID) VALUES (996, 2284, 4);
INSERT INTO MoviePeople (MovieID, PersonID, RoleID) VALUES (996, 393, 5);

INSERT INTO Movies (MovieID, Series_Title, Released_Year, RuntimeMinutes, Overview, Poster_Link, IMDB_Rating, Meta_score, No_of_Votes, Gross_Revenue, CertificateID) VALUES (997, 'Giant', 1956.0, 201, 'Sprawling epic covering the life of a Texas cattle rancher and his family and associates.', 'https://m.media-amazon.com/images/M/MV5BODk3YjdjZTItOGVhYi00Mjc2LTgzMDAtMThmYTVkNTBlMWVkXkEyXkFqcGdeQXVyNDY2MTk1ODk@._V1_UX67_CR0,0,67,98_AL_.jpg', 7.6, 84.0, 34075, NULL, 4);
INSERT INTO MovieGenres (MovieID, GenreID) VALUES (997, 7);
INSERT INTO MovieGenres (MovieID, GenreID) VALUES (997, 21);
INSERT INTO MoviePeople (MovieID, PersonID, RoleID) VALUES (997, 988, 1);
INSERT INTO MoviePeople (MovieID, PersonID, RoleID) VALUES (997, 786, 2);
INSERT INTO MoviePeople (MovieID, PersonID, RoleID) VALUES (997, 2547, 3);
INSERT INTO MoviePeople (MovieID, PersonID, RoleID) VALUES (997, 1242, 4);
INSERT INTO MoviePeople (MovieID, PersonID, RoleID) VALUES (997, 437, 5);

INSERT INTO Movies (MovieID, Series_Title, Released_Year, RuntimeMinutes, Overview, Poster_Link, IMDB_Rating, Meta_score, No_of_Votes, Gross_Revenue, CertificateID) VALUES (998, 'From Here to Eternity', 1953.0, 118, 'In Hawaii in 1941, a private is cruelly punished for not boxing on his unit''s team, while his captain''s wife and second-in-command are falling in love.', 'https://m.media-amazon.com/images/M/MV5BM2U3YzkxNGMtYWE0YS00ODk0LTk1ZGEtNjk3ZTE0MTk4MzJjXkEyXkFqcGdeQXVyNDk0MDg4NDk@._V1_UX67_CR0,0,67,98_AL_.jpg', 7.6, 85.0, 43374, 30500000.0, 8);
INSERT INTO MovieGenres (MovieID, GenreID) VALUES (998, 7);
INSERT INTO MovieGenres (MovieID, GenreID) VALUES (998, 16);
INSERT INTO MovieGenres (MovieID, GenreID) VALUES (998, 20);
INSERT INTO MoviePeople (MovieID, PersonID, RoleID) VALUES (998, 920, 1);
INSERT INTO MoviePeople (MovieID, PersonID, RoleID) VALUES (998, 398, 2);
INSERT INTO MoviePeople (MovieID, PersonID, RoleID) VALUES (998, 2141, 3);
INSERT INTO MoviePeople (MovieID, PersonID, RoleID) VALUES (998, 658, 4);
INSERT INTO MoviePeople (MovieID, PersonID, RoleID) VALUES (998, 717, 5);

INSERT INTO Movies (MovieID, Series_Title, Released_Year, RuntimeMinutes, Overview, Poster_Link, IMDB_Rating, Meta_score, No_of_Votes, Gross_Revenue, CertificateID) VALUES (999, 'Lifeboat', 1944.0, 97, 'Several survivors of a torpedoed merchant ship in World War II find themselves in the same lifeboat with one of the crew members of the U-boat that sank their ship.', 'https://m.media-amazon.com/images/M/MV5BZTBmMjUyMjItYTM4ZS00MjAwLWEyOGYtYjMyZTUxN2I3OTMxXkEyXkFqcGdeQXVyNjc1NTYyMjg@._V1_UX67_CR0,0,67,98_AL_.jpg', 7.6, 78.0, 26471, NULL, NULL);
INSERT INTO MovieGenres (MovieID, GenreID) VALUES (999, 7);
INSERT INTO MovieGenres (MovieID, GenreID) VALUES (999, 20);
INSERT INTO MoviePeople (MovieID, PersonID, RoleID) VALUES (999, 93, 1);
INSERT INTO MoviePeople (MovieID, PersonID, RoleID) VALUES (999, 2862, 2);
INSERT INTO MoviePeople (MovieID, PersonID, RoleID) VALUES (999, 1457, 3);
INSERT INTO MoviePeople (MovieID, PersonID, RoleID) VALUES (999, 3076, 4);
INSERT INTO MoviePeople (MovieID, PersonID, RoleID) VALUES (999, 3104, 5);

INSERT INTO Movies (MovieID, Series_Title, Released_Year, RuntimeMinutes, Overview, Poster_Link, IMDB_Rating, Meta_score, No_of_Votes, Gross_Revenue, CertificateID) VALUES (1000, 'The 39 Steps', 1935.0, 86, 'A man in London tries to help a counter-espionage Agent. But when the Agent is killed, and the man stands accused, he must go on the run to save himself and stop a spy ring which is trying to steal top secret information.', 'https://m.media-amazon.com/images/M/MV5BMTY5ODAzMTcwOF5BMl5BanBnXkFtZTcwMzYxNDYyNA@@._V1_UX67_CR0,0,67,98_AL_.jpg', 7.6, 93.0, 51853, NULL, NULL);
INSERT INTO MovieGenres (MovieID, GenreID) VALUES (1000, 6);
INSERT INTO MovieGenres (MovieID, GenreID) VALUES (1000, 15);
INSERT INTO MovieGenres (MovieID, GenreID) VALUES (1000, 19);
INSERT INTO MoviePeople (MovieID, PersonID, RoleID) VALUES (1000, 93, 1);
INSERT INTO MoviePeople (MovieID, PersonID, RoleID) VALUES (1000, 2518, 2);
INSERT INTO MoviePeople (MovieID, PersonID, RoleID) VALUES (1000, 1861, 3);
INSERT INTO MoviePeople (MovieID, PersonID, RoleID) VALUES (1000, 1841, 4);
INSERT INTO MoviePeople (MovieID, PersonID, RoleID) VALUES (1000, 1021, 5);

